like_count,place_id,review_id,review_index,star_rating,topic_id
9,agaplesion-ev-bathildiskrankenhaus,agaplesion-ev-bathildiskrankenhaus:5,5,5,-1
11,agaplesion-ev-bathildiskrankenhaus,agaplesion-ev-bathildiskrankenhaus:12,12,5,-1
5,agaplesion-ev-bathildiskrankenhaus,agaplesion-ev-bathildiskrankenhaus:19,19,5,0
3,agaplesion-ev-bathildiskrankenhaus,agaplesion-ev-bathildiskrankenhaus:37,37,5,0
3,agaplesion-ev-bathildiskrankenhaus,agaplesion-ev-bathildiskrankenhaus:44,44,5,-1
3,agaplesion-ev-bathildiskrankenhaus,agaplesion-ev-bathildiskrankenhaus:47,47,5,8
5,agaplesion-ev-bathildiskrankenhaus,agaplesion-ev-bathildiskrankenhaus:54,54,3,8
4,agaplesion-ev-bathildiskrankenhaus,agaplesion-ev-bathildiskrankenhaus:56,56,5,-1
3,agaplesion-ev-bathildiskrankenhaus,agaplesion-ev-bathildiskrankenhaus:61,61,5,0
7,agaplesion-ev-bathildiskrankenhaus,agaplesion-ev-bathildiskrankenhaus:65,65,1,-1
4,agaplesion-ev-bathildiskrankenhaus,agaplesion-ev-bathildiskrankenhaus:66,66,5,3
4,agaplesion-ev-bathildiskrankenhaus,agaplesion-ev-bathildiskrankenhaus:67,67,5,0
8,agaplesion-ev-bathildiskrankenhaus,agaplesion-ev-bathildiskrankenhaus:71,71,5,-1
4,agaplesion-ev-bathildiskrankenhaus,agaplesion-ev-bathildiskrankenhaus:76,76,5,-1
8,agaplesion-ev-bathildiskrankenhaus,agaplesion-ev-bathildiskrankenhaus:78,78,5,0
11,agaplesion-ev-bathildiskrankenhaus,agaplesion-ev-bathildiskrankenhaus:79,79,1,1
4,agaplesion-ev-bathildiskrankenhaus,agaplesion-ev-bathildiskrankenhaus:80,80,5,-1
4,agaplesion-ev-bathildiskrankenhaus,agaplesion-ev-bathildiskrankenhaus:82,82,5,0
5,agaplesion-ev-bathildiskrankenhaus,agaplesion-ev-bathildiskrankenhaus:83,83,5,-1
4,agaplesion-ev-bathildiskrankenhaus,agaplesion-ev-bathildiskrankenhaus:88,88,4,8
5,agaplesion-ev-bathildiskrankenhaus,agaplesion-ev-bathildiskrankenhaus:90,90,5,0
3,agaplesion-ev-bathildiskrankenhaus,agaplesion-ev-bathildiskrankenhaus:92,92,5,0
4,agaplesion-ev-bathildiskrankenhaus,agaplesion-ev-bathildiskrankenhaus:93,93,5,13
5,agaplesion-ev-bathildiskrankenhaus,agaplesion-ev-bathildiskrankenhaus:95,95,3,-1
3,agaplesion-ev-bathildiskrankenhaus,agaplesion-ev-bathildiskrankenhaus:97,97,3,3
3,agaplesion-ev-bathildiskrankenhaus,agaplesion-ev-bathildiskrankenhaus:99,99,2,-1
5,agaplesion-ev-bathildiskrankenhaus,agaplesion-ev-bathildiskrankenhaus:101,101,1,-1
3,agaplesion-ev-bathildiskrankenhaus,agaplesion-ev-bathildiskrankenhaus:103,103,5,0
5,agaplesion-ev-bathildiskrankenhaus,agaplesion-ev-bathildiskrankenhaus:105,105,5,0
3,agaplesion-ev-bathildiskrankenhaus,agaplesion-ev-bathildiskrankenhaus:106,106,5,-1
3,agaplesion-ev-bathildiskrankenhaus,agaplesion-ev-bathildiskrankenhaus:109,109,5,0
4,agaplesion-ev-bathildiskrankenhaus,agaplesion-ev-bathildiskrankenhaus:114,114,5,0
4,agaplesion-ev-bathildiskrankenhaus,agaplesion-ev-bathildiskrankenhaus:132,132,5,0
3,agaplesion-ev-bathildiskrankenhaus,agaplesion-ev-bathildiskrankenhaus:149,149,5,0
5,agaplesion-ev-klinikum-schaumburg,agaplesion-ev-klinikum-schaumburg:25,25,5,0
7,agaplesion-ev-klinikum-schaumburg,agaplesion-ev-klinikum-schaumburg:33,33,5,-1
5,agaplesion-ev-klinikum-schaumburg,agaplesion-ev-klinikum-schaumburg:41,41,5,22
19,agaplesion-ev-klinikum-schaumburg,agaplesion-ev-klinikum-schaumburg:60,60,1,24
4,agaplesion-ev-klinikum-schaumburg,agaplesion-ev-klinikum-schaumburg:68,68,5,0
3,agaplesion-ev-klinikum-schaumburg,agaplesion-ev-klinikum-schaumburg:87,87,5,11
5,agaplesion-ev-klinikum-schaumburg,agaplesion-ev-klinikum-schaumburg:88,88,5,0
3,agaplesion-ev-klinikum-schaumburg,agaplesion-ev-klinikum-schaumburg:112,112,5,-1
3,agaplesion-ev-klinikum-schaumburg,agaplesion-ev-klinikum-schaumburg:124,124,5,-1
3,agaplesion-ev-klinikum-schaumburg,agaplesion-ev-klinikum-schaumburg:126,126,3,0
3,agaplesion-ev-klinikum-schaumburg,agaplesion-ev-klinikum-schaumburg:133,133,5,0
4,agaplesion-ev-klinikum-schaumburg,agaplesion-ev-klinikum-schaumburg:134,134,5,0
10,agaplesion-ev-klinikum-schaumburg,agaplesion-ev-klinikum-schaumburg:143,143,5,0
5,agaplesion-ev-klinikum-schaumburg,agaplesion-ev-klinikum-schaumburg:145,145,3,20
6,agaplesion-ev-klinikum-schaumburg,agaplesion-ev-klinikum-schaumburg:146,146,4,-1
4,agaplesion-ev-klinikum-schaumburg,agaplesion-ev-klinikum-schaumburg:150,150,5,-1
3,agaplesion-ev-klinikum-schaumburg,agaplesion-ev-klinikum-schaumburg:151,151,5,12
4,agaplesion-ev-klinikum-schaumburg,agaplesion-ev-klinikum-schaumburg:154,154,1,-1
4,agaplesion-ev-klinikum-schaumburg,agaplesion-ev-klinikum-schaumburg:160,160,4,4
3,agaplesion-ev-klinikum-schaumburg,agaplesion-ev-klinikum-schaumburg:170,170,4,-1
7,agaplesion-ev-klinikum-schaumburg,agaplesion-ev-klinikum-schaumburg:174,174,5,-1
3,agaplesion-ev-klinikum-schaumburg,agaplesion-ev-klinikum-schaumburg:178,178,4,0
4,agaplesion-ev-klinikum-schaumburg,agaplesion-ev-klinikum-schaumburg:193,193,5,-1
3,agaplesion-ev-klinikum-schaumburg,agaplesion-ev-klinikum-schaumburg:197,197,4,-1
3,agaplesion-ev-klinikum-schaumburg,agaplesion-ev-klinikum-schaumburg:209,209,5,11
3,agaplesion-ev-klinikum-schaumburg,agaplesion-ev-klinikum-schaumburg:213,213,5,12
6,agaplesion-ev-klinikum-schaumburg,agaplesion-ev-klinikum-schaumburg:215,215,5,11
8,agaplesion-ev-klinikum-schaumburg,agaplesion-ev-klinikum-schaumburg:236,236,4,-1
7,agaplesion-ev-klinikum-schaumburg,agaplesion-ev-klinikum-schaumburg:237,237,5,0
12,agaplesion-ev-klinikum-schaumburg,agaplesion-ev-klinikum-schaumburg:238,238,3,-1
5,agaplesion-ev-klinikum-schaumburg,agaplesion-ev-klinikum-schaumburg:253,253,5,-1
27,agaplesion-ev-klinikum-schaumburg,agaplesion-ev-klinikum-schaumburg:261,261,1,10
4,agaplesion-ev-klinikum-schaumburg,agaplesion-ev-klinikum-schaumburg:269,269,5,0
3,agaplesion-ev-klinikum-schaumburg,agaplesion-ev-klinikum-schaumburg:270,270,5,0
3,agaplesion-ev-klinikum-schaumburg,agaplesion-ev-klinikum-schaumburg:273,273,5,0
3,agaplesion-ev-klinikum-schaumburg,agaplesion-ev-klinikum-schaumburg:277,277,5,0
6,agaplesion-ev-klinikum-schaumburg,agaplesion-ev-klinikum-schaumburg:304,304,5,1
4,agaplesion-ev-klinikum-schaumburg,agaplesion-ev-klinikum-schaumburg:306,306,5,13
3,agaplesion-ev-klinikum-schaumburg,agaplesion-ev-klinikum-schaumburg:318,318,5,-1
7,agaplesion-ev-klinikum-schaumburg,agaplesion-ev-klinikum-schaumburg:357,357,5,0
3,agaplesion-ev-klinikum-schaumburg,agaplesion-ev-klinikum-schaumburg:386,386,5,0
7,agaplesion-ev-klinikum-schaumburg,agaplesion-ev-klinikum-schaumburg:399,399,4,0
4,agaplesion-ev-klinikum-schaumburg,agaplesion-ev-klinikum-schaumburg:436,436,5,0
5,agaplesion-evangelisches-krankenhaus-holzminden-ggmbh,agaplesion-evangelisches-krankenhaus-holzminden-ggmbh:0,0,5,-1
3,agaplesion-evangelisches-krankenhaus-holzminden-ggmbh,agaplesion-evangelisches-krankenhaus-holzminden-ggmbh:4,4,5,0
14,agaplesion-evangelisches-krankenhaus-holzminden-ggmbh,agaplesion-evangelisches-krankenhaus-holzminden-ggmbh:5,5,2,-1
4,agaplesion-evangelisches-krankenhaus-holzminden-ggmbh,agaplesion-evangelisches-krankenhaus-holzminden-ggmbh:6,6,5,11
3,agaplesion-evangelisches-krankenhaus-holzminden-ggmbh,agaplesion-evangelisches-krankenhaus-holzminden-ggmbh:7,7,5,11
3,agaplesion-evangelisches-krankenhaus-holzminden-ggmbh,agaplesion-evangelisches-krankenhaus-holzminden-ggmbh:8,8,5,-1
12,agaplesion-evangelisches-krankenhaus-holzminden-ggmbh,agaplesion-evangelisches-krankenhaus-holzminden-ggmbh:9,9,1,16
10,agaplesion-evangelisches-krankenhaus-holzminden-ggmbh,agaplesion-evangelisches-krankenhaus-holzminden-ggmbh:11,11,2,-1
3,agaplesion-evangelisches-krankenhaus-holzminden-ggmbh,agaplesion-evangelisches-krankenhaus-holzminden-ggmbh:13,13,1,7
3,agaplesion-evangelisches-krankenhaus-holzminden-ggmbh,agaplesion-evangelisches-krankenhaus-holzminden-ggmbh:14,14,5,11
3,agaplesion-evangelisches-krankenhaus-holzminden-ggmbh,agaplesion-evangelisches-krankenhaus-holzminden-ggmbh:15,15,4,0
3,agaplesion-evangelisches-krankenhaus-holzminden-ggmbh,agaplesion-evangelisches-krankenhaus-holzminden-ggmbh:16,16,5,11
3,agaplesion-evangelisches-krankenhaus-holzminden-ggmbh,agaplesion-evangelisches-krankenhaus-holzminden-ggmbh:18,18,5,0
5,agaplesion-evangelisches-krankenhaus-holzminden-ggmbh,agaplesion-evangelisches-krankenhaus-holzminden-ggmbh:19,19,1,0
4,agaplesion-evangelisches-krankenhaus-holzminden-ggmbh,agaplesion-evangelisches-krankenhaus-holzminden-ggmbh:20,20,3,0
6,agaplesion-evangelisches-krankenhaus-holzminden-ggmbh,agaplesion-evangelisches-krankenhaus-holzminden-ggmbh:21,21,1,1
13,agaplesion-evangelisches-krankenhaus-holzminden-ggmbh,agaplesion-evangelisches-krankenhaus-holzminden-ggmbh:22,22,1,13
4,agaplesion-evangelisches-krankenhaus-holzminden-ggmbh,agaplesion-evangelisches-krankenhaus-holzminden-ggmbh:24,24,5,0
4,agaplesion-evangelisches-krankenhaus-holzminden-ggmbh,agaplesion-evangelisches-krankenhaus-holzminden-ggmbh:25,25,5,11
3,agaplesion-evangelisches-krankenhaus-holzminden-ggmbh,agaplesion-evangelisches-krankenhaus-holzminden-ggmbh:26,26,5,11
3,agaplesion-evangelisches-krankenhaus-holzminden-ggmbh,agaplesion-evangelisches-krankenhaus-holzminden-ggmbh:27,27,5,-1
12,agaplesion-evangelisches-krankenhaus-holzminden-ggmbh,agaplesion-evangelisches-krankenhaus-holzminden-ggmbh:28,28,1,2
7,agaplesion-evangelisches-krankenhaus-holzminden-ggmbh,agaplesion-evangelisches-krankenhaus-holzminden-ggmbh:29,29,1,19
3,agaplesion-evangelisches-krankenhaus-holzminden-ggmbh,agaplesion-evangelisches-krankenhaus-holzminden-ggmbh:31,31,4,8
18,agaplesion-evangelisches-krankenhaus-holzminden-ggmbh,agaplesion-evangelisches-krankenhaus-holzminden-ggmbh:32,32,1,-1
12,agaplesion-evangelisches-krankenhaus-holzminden-ggmbh,agaplesion-evangelisches-krankenhaus-holzminden-ggmbh:34,34,1,-1
14,agaplesion-evangelisches-krankenhaus-holzminden-ggmbh,agaplesion-evangelisches-krankenhaus-holzminden-ggmbh:35,35,1,8
7,agaplesion-evangelisches-krankenhaus-holzminden-ggmbh,agaplesion-evangelisches-krankenhaus-holzminden-ggmbh:36,36,1,3
14,agaplesion-evangelisches-krankenhaus-holzminden-ggmbh,agaplesion-evangelisches-krankenhaus-holzminden-ggmbh:37,37,1,8
3,agaplesion-evangelisches-krankenhaus-holzminden-ggmbh,agaplesion-evangelisches-krankenhaus-holzminden-ggmbh:38,38,5,0
6,agaplesion-evangelisches-krankenhaus-holzminden-ggmbh,agaplesion-evangelisches-krankenhaus-holzminden-ggmbh:40,40,1,1
11,agaplesion-evangelisches-krankenhaus-holzminden-ggmbh,agaplesion-evangelisches-krankenhaus-holzminden-ggmbh:42,42,1,6
7,agaplesion-evangelisches-krankenhaus-holzminden-ggmbh,agaplesion-evangelisches-krankenhaus-holzminden-ggmbh:43,43,1,6
9,agaplesion-evangelisches-krankenhaus-holzminden-ggmbh,agaplesion-evangelisches-krankenhaus-holzminden-ggmbh:44,44,1,3
11,agaplesion-evangelisches-krankenhaus-holzminden-ggmbh,agaplesion-evangelisches-krankenhaus-holzminden-ggmbh:45,45,1,-1
7,agaplesion-evangelisches-krankenhaus-holzminden-ggmbh,agaplesion-evangelisches-krankenhaus-holzminden-ggmbh:46,46,1,-1
10,agaplesion-evangelisches-krankenhaus-holzminden-ggmbh,agaplesion-evangelisches-krankenhaus-holzminden-ggmbh:47,47,1,4
10,agaplesion-evangelisches-krankenhaus-holzminden-ggmbh,agaplesion-evangelisches-krankenhaus-holzminden-ggmbh:50,50,1,4
6,agaplesion-evangelisches-krankenhaus-holzminden-ggmbh,agaplesion-evangelisches-krankenhaus-holzminden-ggmbh:51,51,5,24
6,agaplesion-evangelisches-krankenhaus-holzminden-ggmbh,agaplesion-evangelisches-krankenhaus-holzminden-ggmbh:53,53,1,15
16,agaplesion-evangelisches-krankenhaus-holzminden-ggmbh,agaplesion-evangelisches-krankenhaus-holzminden-ggmbh:56,56,1,-1
17,agaplesion-evangelisches-krankenhaus-holzminden-ggmbh,agaplesion-evangelisches-krankenhaus-holzminden-ggmbh:57,57,1,10
9,agaplesion-evangelisches-krankenhaus-holzminden-ggmbh,agaplesion-evangelisches-krankenhaus-holzminden-ggmbh:58,58,1,-1
8,agaplesion-evangelisches-krankenhaus-holzminden-ggmbh,agaplesion-evangelisches-krankenhaus-holzminden-ggmbh:60,60,1,-1
5,agaplesion-evangelisches-krankenhaus-holzminden-ggmbh,agaplesion-evangelisches-krankenhaus-holzminden-ggmbh:61,61,1,-1
9,agaplesion-evangelisches-krankenhaus-holzminden-ggmbh,agaplesion-evangelisches-krankenhaus-holzminden-ggmbh:63,63,1,-1
10,agaplesion-evangelisches-krankenhaus-holzminden-ggmbh,agaplesion-evangelisches-krankenhaus-holzminden-ggmbh:65,65,1,-1
7,agaplesion-evangelisches-krankenhaus-holzminden-ggmbh,agaplesion-evangelisches-krankenhaus-holzminden-ggmbh:66,66,1,4
6,agaplesion-evangelisches-krankenhaus-holzminden-ggmbh,agaplesion-evangelisches-krankenhaus-holzminden-ggmbh:67,67,5,0
3,agaplesion-evangelisches-krankenhaus-holzminden-ggmbh,agaplesion-evangelisches-krankenhaus-holzminden-ggmbh:70,70,3,-1
10,agaplesion-evangelisches-krankenhaus-holzminden-ggmbh,agaplesion-evangelisches-krankenhaus-holzminden-ggmbh:71,71,1,14
7,agaplesion-evangelisches-krankenhaus-holzminden-ggmbh,agaplesion-evangelisches-krankenhaus-holzminden-ggmbh:72,72,1,3
10,agaplesion-evangelisches-krankenhaus-holzminden-ggmbh,agaplesion-evangelisches-krankenhaus-holzminden-ggmbh:74,74,1,18
5,agaplesion-evangelisches-krankenhaus-holzminden-ggmbh,agaplesion-evangelisches-krankenhaus-holzminden-ggmbh:75,75,1,-1
4,agaplesion-evangelisches-krankenhaus-holzminden-ggmbh,agaplesion-evangelisches-krankenhaus-holzminden-ggmbh:76,76,1,4
8,agaplesion-evangelisches-krankenhaus-holzminden-ggmbh,agaplesion-evangelisches-krankenhaus-holzminden-ggmbh:79,79,1,-1
6,agaplesion-evangelisches-krankenhaus-holzminden-ggmbh,agaplesion-evangelisches-krankenhaus-holzminden-ggmbh:80,80,1,1
7,agaplesion-evangelisches-krankenhaus-holzminden-ggmbh,agaplesion-evangelisches-krankenhaus-holzminden-ggmbh:84,84,1,16
6,agaplesion-evangelisches-krankenhaus-holzminden-ggmbh,agaplesion-evangelisches-krankenhaus-holzminden-ggmbh:87,87,1,10
7,agaplesion-evangelisches-krankenhaus-holzminden-ggmbh,agaplesion-evangelisches-krankenhaus-holzminden-ggmbh:88,88,1,-1
3,agaplesion-evangelisches-krankenhaus-holzminden-ggmbh,agaplesion-evangelisches-krankenhaus-holzminden-ggmbh:89,89,1,23
6,agaplesion-evangelisches-krankenhaus-holzminden-ggmbh,agaplesion-evangelisches-krankenhaus-holzminden-ggmbh:93,93,1,4
3,agaplesion-evangelisches-krankenhaus-holzminden-ggmbh,agaplesion-evangelisches-krankenhaus-holzminden-ggmbh:94,94,5,0
6,agaplesion-evangelisches-krankenhaus-holzminden-ggmbh,agaplesion-evangelisches-krankenhaus-holzminden-ggmbh:96,96,1,7
4,agaplesion-evangelisches-krankenhaus-holzminden-ggmbh,agaplesion-evangelisches-krankenhaus-holzminden-ggmbh:102,102,1,-1
7,agaplesion-evangelisches-krankenhaus-holzminden-ggmbh,agaplesion-evangelisches-krankenhaus-holzminden-ggmbh:104,104,1,19
4,agaplesion-evangelisches-krankenhaus-holzminden-ggmbh,agaplesion-evangelisches-krankenhaus-holzminden-ggmbh:107,107,4,0
4,agaplesion-evangelisches-krankenhaus-holzminden-ggmbh,agaplesion-evangelisches-krankenhaus-holzminden-ggmbh:109,109,1,14
5,agaplesion-evangelisches-krankenhaus-holzminden-ggmbh,agaplesion-evangelisches-krankenhaus-holzminden-ggmbh:113,113,1,17
3,agaplesion-evangelisches-krankenhaus-holzminden-ggmbh,agaplesion-evangelisches-krankenhaus-holzminden-ggmbh:114,114,1,5
5,agaplesion-krankenhaus-neu-bethlehem-ggmbh,agaplesion-krankenhaus-neu-bethlehem-ggmbh:8,8,5,0
5,agaplesion-krankenhaus-neu-bethlehem-ggmbh,agaplesion-krankenhaus-neu-bethlehem-ggmbh:11,11,5,0
5,agaplesion-krankenhaus-neu-bethlehem-ggmbh,agaplesion-krankenhaus-neu-bethlehem-ggmbh:32,32,5,11
3,agaplesion-krankenhaus-neu-bethlehem-ggmbh,agaplesion-krankenhaus-neu-bethlehem-ggmbh:38,38,4,11
6,agaplesion-krankenhaus-neu-bethlehem-ggmbh,agaplesion-krankenhaus-neu-bethlehem-ggmbh:42,42,5,11
7,agaplesion-krankenhaus-neu-bethlehem-ggmbh,agaplesion-krankenhaus-neu-bethlehem-ggmbh:54,54,5,11
4,agaplesion-krankenhaus-neu-bethlehem-ggmbh,agaplesion-krankenhaus-neu-bethlehem-ggmbh:55,55,5,11
3,agaplesion-krankenhaus-neu-bethlehem-ggmbh,agaplesion-krankenhaus-neu-bethlehem-ggmbh:57,57,5,11
3,agaplesion-krankenhaus-neu-bethlehem-ggmbh,agaplesion-krankenhaus-neu-bethlehem-ggmbh:58,58,5,11
3,agaplesion-krankenhaus-neu-bethlehem-ggmbh,agaplesion-krankenhaus-neu-bethlehem-ggmbh:60,60,5,11
4,agaplesion-krankenhaus-neu-bethlehem-ggmbh,agaplesion-krankenhaus-neu-bethlehem-ggmbh:61,61,4,0
4,agaplesion-krankenhaus-neu-bethlehem-ggmbh,agaplesion-krankenhaus-neu-bethlehem-ggmbh:63,63,5,11
7,agaplesion-krankenhaus-neu-bethlehem-ggmbh,agaplesion-krankenhaus-neu-bethlehem-ggmbh:64,64,5,11
5,agaplesion-krankenhaus-neu-bethlehem-ggmbh,agaplesion-krankenhaus-neu-bethlehem-ggmbh:66,66,5,11
3,agaplesion-krankenhaus-neu-bethlehem-ggmbh,agaplesion-krankenhaus-neu-bethlehem-ggmbh:77,77,5,11
4,agaplesion-krankenhaus-neu-bethlehem-ggmbh,agaplesion-krankenhaus-neu-bethlehem-ggmbh:81,81,5,-1
4,agaplesion-krankenhaus-neu-bethlehem-ggmbh,agaplesion-krankenhaus-neu-bethlehem-ggmbh:86,86,3,-1
4,agaplesion-krankenhaus-neu-bethlehem-ggmbh,agaplesion-krankenhaus-neu-bethlehem-ggmbh:125,125,5,0
7,allgemeines-krankenhaus-celle,allgemeines-krankenhaus-celle:31,31,5,-1
3,allgemeines-krankenhaus-celle,allgemeines-krankenhaus-celle:58,58,5,-1
6,allgemeines-krankenhaus-celle,allgemeines-krankenhaus-celle:93,93,5,0
7,allgemeines-krankenhaus-celle,allgemeines-krankenhaus-celle:99,99,1,3
6,allgemeines-krankenhaus-celle,allgemeines-krankenhaus-celle:104,104,1,7
3,allgemeines-krankenhaus-celle,allgemeines-krankenhaus-celle:105,105,5,22
3,allgemeines-krankenhaus-celle,allgemeines-krankenhaus-celle:107,107,5,0
16,allgemeines-krankenhaus-celle,allgemeines-krankenhaus-celle:108,108,1,-1
5,allgemeines-krankenhaus-celle,allgemeines-krankenhaus-celle:111,111,5,-1
3,allgemeines-krankenhaus-celle,allgemeines-krankenhaus-celle:113,113,5,0
25,allgemeines-krankenhaus-celle,allgemeines-krankenhaus-celle:116,116,1,4
3,allgemeines-krankenhaus-celle,allgemeines-krankenhaus-celle:117,117,1,17
5,allgemeines-krankenhaus-celle,allgemeines-krankenhaus-celle:118,118,1,16
5,allgemeines-krankenhaus-celle,allgemeines-krankenhaus-celle:119,119,5,0
3,allgemeines-krankenhaus-celle,allgemeines-krankenhaus-celle:121,121,5,-1
5,allgemeines-krankenhaus-celle,allgemeines-krankenhaus-celle:125,125,1,2
3,allgemeines-krankenhaus-celle,allgemeines-krankenhaus-celle:126,126,5,-1
6,allgemeines-krankenhaus-celle,allgemeines-krankenhaus-celle:128,128,5,11
5,allgemeines-krankenhaus-celle,allgemeines-krankenhaus-celle:131,131,1,1
5,allgemeines-krankenhaus-celle,allgemeines-krankenhaus-celle:132,132,5,-1
5,allgemeines-krankenhaus-celle,allgemeines-krankenhaus-celle:141,141,1,1
3,allgemeines-krankenhaus-celle,allgemeines-krankenhaus-celle:142,142,5,11
3,allgemeines-krankenhaus-celle,allgemeines-krankenhaus-celle:147,147,2,-1
16,allgemeines-krankenhaus-celle,allgemeines-krankenhaus-celle:148,148,1,1
6,allgemeines-krankenhaus-celle,allgemeines-krankenhaus-celle:149,149,1,-1
3,allgemeines-krankenhaus-celle,allgemeines-krankenhaus-celle:152,152,1,-1
5,allgemeines-krankenhaus-celle,allgemeines-krankenhaus-celle:153,153,3,12
3,allgemeines-krankenhaus-celle,allgemeines-krankenhaus-celle:155,155,1,-1
16,allgemeines-krankenhaus-celle,allgemeines-krankenhaus-celle:156,156,5,-1
7,allgemeines-krankenhaus-celle,allgemeines-krankenhaus-celle:160,160,1,-1
5,allgemeines-krankenhaus-celle,allgemeines-krankenhaus-celle:161,161,3,1
14,allgemeines-krankenhaus-celle,allgemeines-krankenhaus-celle:162,162,1,-1
18,allgemeines-krankenhaus-celle,allgemeines-krankenhaus-celle:163,163,1,1
9,allgemeines-krankenhaus-celle,allgemeines-krankenhaus-celle:165,165,1,2
4,allgemeines-krankenhaus-celle,allgemeines-krankenhaus-celle:167,167,1,-1
4,allgemeines-krankenhaus-celle,allgemeines-krankenhaus-celle:168,168,5,0
7,allgemeines-krankenhaus-celle,allgemeines-krankenhaus-celle:169,169,5,-1
5,allgemeines-krankenhaus-celle,allgemeines-krankenhaus-celle:172,172,1,27
3,allgemeines-krankenhaus-celle,allgemeines-krankenhaus-celle:174,174,5,0
10,allgemeines-krankenhaus-celle,allgemeines-krankenhaus-celle:178,178,1,6
4,allgemeines-krankenhaus-celle,allgemeines-krankenhaus-celle:179,179,5,12
13,allgemeines-krankenhaus-celle,allgemeines-krankenhaus-celle:181,181,1,2
3,allgemeines-krankenhaus-celle,allgemeines-krankenhaus-celle:185,185,5,3
3,allgemeines-krankenhaus-celle,allgemeines-krankenhaus-celle:187,187,1,-1
12,allgemeines-krankenhaus-celle,allgemeines-krankenhaus-celle:189,189,1,1
5,allgemeines-krankenhaus-celle,allgemeines-krankenhaus-celle:191,191,5,0
4,allgemeines-krankenhaus-celle,allgemeines-krankenhaus-celle:192,192,5,0
5,allgemeines-krankenhaus-celle,allgemeines-krankenhaus-celle:193,193,4,11
4,allgemeines-krankenhaus-celle,allgemeines-krankenhaus-celle:194,194,5,12
4,allgemeines-krankenhaus-celle,allgemeines-krankenhaus-celle:195,195,1,10
8,allgemeines-krankenhaus-celle,allgemeines-krankenhaus-celle:198,198,5,-1
16,allgemeines-krankenhaus-celle,allgemeines-krankenhaus-celle:204,204,1,-1
19,allgemeines-krankenhaus-celle,allgemeines-krankenhaus-celle:208,208,1,-1
11,allgemeines-krankenhaus-celle,allgemeines-krankenhaus-celle:212,212,1,12
13,allgemeines-krankenhaus-celle,allgemeines-krankenhaus-celle:215,215,1,6
13,allgemeines-krankenhaus-celle,allgemeines-krankenhaus-celle:216,216,1,-1
8,allgemeines-krankenhaus-celle,allgemeines-krankenhaus-celle:217,217,5,0
8,allgemeines-krankenhaus-celle,allgemeines-krankenhaus-celle:220,220,1,1
3,allgemeines-krankenhaus-celle,allgemeines-krankenhaus-celle:222,222,4,-1
5,allgemeines-krankenhaus-celle,allgemeines-krankenhaus-celle:223,223,1,-1
13,allgemeines-krankenhaus-celle,allgemeines-krankenhaus-celle:224,224,1,10
8,allgemeines-krankenhaus-celle,allgemeines-krankenhaus-celle:225,225,1,21
4,allgemeines-krankenhaus-celle,allgemeines-krankenhaus-celle:226,226,1,4
5,allgemeines-krankenhaus-celle,allgemeines-krankenhaus-celle:228,228,5,1
4,allgemeines-krankenhaus-celle,allgemeines-krankenhaus-celle:231,231,1,4
10,allgemeines-krankenhaus-celle,allgemeines-krankenhaus-celle:232,232,1,-1
24,allgemeines-krankenhaus-celle,allgemeines-krankenhaus-celle:233,233,1,-1
15,allgemeines-krankenhaus-celle,allgemeines-krankenhaus-celle:236,236,1,9
3,allgemeines-krankenhaus-celle,allgemeines-krankenhaus-celle:242,242,5,0
15,allgemeines-krankenhaus-celle,allgemeines-krankenhaus-celle:243,243,1,21
8,allgemeines-krankenhaus-celle,allgemeines-krankenhaus-celle:244,244,1,10
3,allgemeines-krankenhaus-celle,allgemeines-krankenhaus-celle:245,245,2,20
14,allgemeines-krankenhaus-celle,allgemeines-krankenhaus-celle:250,250,1,-1
3,allgemeines-krankenhaus-celle,allgemeines-krankenhaus-celle:252,252,5,0
7,allgemeines-krankenhaus-celle,allgemeines-krankenhaus-celle:253,253,1,2
22,allgemeines-krankenhaus-celle,allgemeines-krankenhaus-celle:254,254,1,26
11,allgemeines-krankenhaus-celle,allgemeines-krankenhaus-celle:258,258,1,1
10,allgemeines-krankenhaus-celle,allgemeines-krankenhaus-celle:260,260,1,6
3,allgemeines-krankenhaus-celle,allgemeines-krankenhaus-celle:262,262,2,-1
17,allgemeines-krankenhaus-celle,allgemeines-krankenhaus-celle:263,263,1,-1
14,allgemeines-krankenhaus-celle,allgemeines-krankenhaus-celle:266,266,1,2
15,allgemeines-krankenhaus-celle,allgemeines-krankenhaus-celle:267,267,1,13
3,allgemeines-krankenhaus-celle,allgemeines-krankenhaus-celle:268,268,5,-1
4,allgemeines-krankenhaus-celle,allgemeines-krankenhaus-celle:270,270,5,-1
3,allgemeines-krankenhaus-celle,allgemeines-krankenhaus-celle:272,272,3,21
11,allgemeines-krankenhaus-celle,allgemeines-krankenhaus-celle:274,274,1,-1
4,allgemeines-krankenhaus-celle,allgemeines-krankenhaus-celle:277,277,1,6
11,allgemeines-krankenhaus-celle,allgemeines-krankenhaus-celle:279,279,1,-1
7,allgemeines-krankenhaus-celle,allgemeines-krankenhaus-celle:281,281,1,2
3,allgemeines-krankenhaus-celle,allgemeines-krankenhaus-celle:282,282,1,-1
9,allgemeines-krankenhaus-celle,allgemeines-krankenhaus-celle:284,284,1,2
8,allgemeines-krankenhaus-celle,allgemeines-krankenhaus-celle:285,285,1,-1
3,allgemeines-krankenhaus-celle,allgemeines-krankenhaus-celle:286,286,1,3
10,allgemeines-krankenhaus-celle,allgemeines-krankenhaus-celle:288,288,1,24
8,allgemeines-krankenhaus-celle,allgemeines-krankenhaus-celle:289,289,1,6
3,allgemeines-krankenhaus-celle,allgemeines-krankenhaus-celle:293,293,5,0
13,allgemeines-krankenhaus-celle,allgemeines-krankenhaus-celle:294,294,1,3
7,allgemeines-krankenhaus-celle,allgemeines-krankenhaus-celle:295,295,1,2
10,allgemeines-krankenhaus-celle,allgemeines-krankenhaus-celle:297,297,5,-1
5,allgemeines-krankenhaus-celle,allgemeines-krankenhaus-celle:305,305,2,-1
3,allgemeines-krankenhaus-celle,allgemeines-krankenhaus-celle:312,312,5,0
5,allgemeines-krankenhaus-celle,allgemeines-krankenhaus-celle:319,319,1,1
3,allgemeines-krankenhaus-celle,allgemeines-krankenhaus-celle:320,320,4,-1
5,allgemeines-krankenhaus-celle,allgemeines-krankenhaus-celle:321,321,2,1
3,allgemeines-krankenhaus-celle,allgemeines-krankenhaus-celle:322,322,3,17
9,allgemeines-krankenhaus-celle,allgemeines-krankenhaus-celle:324,324,1,2
15,allgemeines-krankenhaus-celle,allgemeines-krankenhaus-celle:343,343,1,-1
12,allgemeines-krankenhaus-celle,allgemeines-krankenhaus-celle:344,344,1,-1
4,allgemeines-krankenhaus-celle,allgemeines-krankenhaus-celle:348,348,1,3
4,allgemeines-krankenhaus-celle,allgemeines-krankenhaus-celle:351,351,1,-1
7,allgemeines-krankenhaus-celle,allgemeines-krankenhaus-celle:353,353,1,-1
6,allgemeines-krankenhaus-celle,allgemeines-krankenhaus-celle:355,355,1,7
4,allgemeines-krankenhaus-celle,allgemeines-krankenhaus-celle:363,363,1,-1
11,allgemeines-krankenhaus-celle,allgemeines-krankenhaus-celle:368,368,1,-1
5,allgemeines-krankenhaus-celle,allgemeines-krankenhaus-celle:373,373,5,0
10,allgemeines-krankenhaus-celle,allgemeines-krankenhaus-celle:378,378,1,0
3,allgemeines-krankenhaus-celle,allgemeines-krankenhaus-celle:379,379,1,4
6,allgemeines-krankenhaus-celle,allgemeines-krankenhaus-celle:384,384,1,19
6,allgemeines-krankenhaus-celle,allgemeines-krankenhaus-celle:385,385,1,-1
11,allgemeines-krankenhaus-celle,allgemeines-krankenhaus-celle:386,386,1,-1
4,allgemeines-krankenhaus-celle,allgemeines-krankenhaus-celle:395,395,1,5
9,allgemeines-krankenhaus-celle,allgemeines-krankenhaus-celle:398,398,1,-1
3,allgemeines-krankenhaus-celle,allgemeines-krankenhaus-celle:401,401,3,0
4,allgemeines-krankenhaus-celle,allgemeines-krankenhaus-celle:419,419,1,7
4,allgemeines-krankenhaus-celle,allgemeines-krankenhaus-celle:420,420,5,12
7,allgemeines-krankenhaus-celle,allgemeines-krankenhaus-celle:423,423,1,14
8,allgemeines-krankenhaus-celle,allgemeines-krankenhaus-celle:425,425,1,-1
5,allgemeines-krankenhaus-celle,allgemeines-krankenhaus-celle:427,427,1,17
3,allgemeines-krankenhaus-celle,allgemeines-krankenhaus-celle:430,430,1,17
9,allgemeines-krankenhaus-celle,allgemeines-krankenhaus-celle:432,432,1,3
5,allgemeines-krankenhaus-celle,allgemeines-krankenhaus-celle:443,443,1,5
11,allgemeines-krankenhaus-celle,allgemeines-krankenhaus-celle:449,449,1,5
4,allgemeines-krankenhaus-celle,allgemeines-krankenhaus-celle:468,468,5,0
3,allgemeines-krankenhaus-celle,allgemeines-krankenhaus-celle:475,475,5,0
9,allgemeines-krankenhaus-celle,allgemeines-krankenhaus-celle:478,478,1,7
6,ameos-klinikum-alfeld,ameos-klinikum-alfeld:6,6,1,9
3,ameos-klinikum-alfeld,ameos-klinikum-alfeld:8,8,4,11
11,ameos-klinikum-alfeld,ameos-klinikum-alfeld:9,9,1,1
6,ameos-klinikum-alfeld,ameos-klinikum-alfeld:10,10,5,11
11,ameos-klinikum-alfeld,ameos-klinikum-alfeld:11,11,5,-1
12,ameos-klinikum-alfeld,ameos-klinikum-alfeld:13,13,1,-1
6,ameos-klinikum-alfeld,ameos-klinikum-alfeld:14,14,5,0
5,ameos-klinikum-alfeld,ameos-klinikum-alfeld:15,15,5,-1
8,ameos-klinikum-alfeld,ameos-klinikum-alfeld:16,16,1,6
5,ameos-klinikum-alfeld,ameos-klinikum-alfeld:18,18,5,-1
7,ameos-klinikum-alfeld,ameos-klinikum-alfeld:19,19,5,-1
3,ameos-klinikum-alfeld,ameos-klinikum-alfeld:20,20,2,-1
4,ameos-klinikum-alfeld,ameos-klinikum-alfeld:21,21,1,10
15,ameos-klinikum-alfeld,ameos-klinikum-alfeld:22,22,1,6
6,ameos-klinikum-alfeld,ameos-klinikum-alfeld:23,23,5,13
3,ameos-klinikum-alfeld,ameos-klinikum-alfeld:24,24,1,17
12,ameos-klinikum-alfeld,ameos-klinikum-alfeld:25,25,1,3
14,ameos-klinikum-alfeld,ameos-klinikum-alfeld:26,26,1,7
6,ameos-klinikum-alfeld,ameos-klinikum-alfeld:27,27,2,-1
4,ameos-klinikum-alfeld,ameos-klinikum-alfeld:28,28,4,0
5,ameos-klinikum-alfeld,ameos-klinikum-alfeld:31,31,1,-1
4,ameos-klinikum-alfeld,ameos-klinikum-alfeld:32,32,1,-1
5,ameos-klinikum-alfeld,ameos-klinikum-alfeld:35,35,1,-1
3,ameos-klinikum-alfeld,ameos-klinikum-alfeld:40,40,3,13
6,ameos-klinikum-alfeld,ameos-klinikum-alfeld:42,42,5,-1
10,ameos-klinikum-alfeld,ameos-klinikum-alfeld:44,44,1,17
9,ameos-klinikum-alfeld,ameos-klinikum-alfeld:45,45,1,27
4,ameos-klinikum-alfeld,ameos-klinikum-alfeld:46,46,2,24
3,ameos-klinikum-alfeld,ameos-klinikum-alfeld:47,47,1,15
5,ameos-klinikum-alfeld,ameos-klinikum-alfeld:48,48,1,-1
8,ameos-klinikum-alfeld,ameos-klinikum-alfeld:49,49,2,-1
5,ameos-klinikum-alfeld,ameos-klinikum-alfeld:51,51,1,-1
4,ameos-klinikum-alfeld,ameos-klinikum-alfeld:52,52,1,-1
8,ameos-klinikum-alfeld,ameos-klinikum-alfeld:53,53,1,-1
8,ameos-klinikum-alfeld,ameos-klinikum-alfeld:55,55,1,-1
5,ameos-klinikum-alfeld,ameos-klinikum-alfeld:56,56,5,-1
4,ameos-klinikum-alfeld,ameos-klinikum-alfeld:58,58,1,-1
4,ameos-klinikum-alfeld,ameos-klinikum-alfeld:61,61,1,0
4,ameos-klinikum-alfeld,ameos-klinikum-alfeld:62,62,1,-1
5,ameos-klinikum-alfeld,ameos-klinikum-alfeld:67,67,1,27
6,ameos-klinikum-alfeld,ameos-klinikum-alfeld:70,70,1,-1
3,ameos-klinikum-alfeld,ameos-klinikum-alfeld:76,76,1,-1
3,ameos-klinikum-alfeld,ameos-klinikum-alfeld:81,81,1,3
5,ameos-klinikum-alfeld,ameos-klinikum-alfeld:84,84,1,3
3,ameos-klinikum-alfeld,ameos-klinikum-alfeld:87,87,1,18
5,ameos-klinikum-alfeld,ameos-klinikum-alfeld:89,89,1,14
4,ameos-klinikum-alfeld,ameos-klinikum-alfeld:90,90,1,-1
4,ameos-klinikum-alfeld,ameos-klinikum-alfeld:91,91,5,-1
3,ameos-klinikum-alfeld,ameos-klinikum-alfeld:92,92,2,9
3,ameos-klinikum-alfeld,ameos-klinikum-alfeld:94,94,5,0
3,ameos-klinikum-alfeld,ameos-klinikum-alfeld:99,99,5,0
4,ameos-klinikum-alfeld,ameos-klinikum-alfeld:104,104,1,5
3,ameos-klinikum-alfeld,ameos-klinikum-alfeld:106,106,2,5
5,ameos-klinikum-hameln,ameos-klinikum-hameln:7,7,2,-1
3,ameos-klinikum-hameln,ameos-klinikum-hameln:9,9,5,0
5,ameos-klinikum-hameln,ameos-klinikum-hameln:11,11,4,0
3,ameos-klinikum-hameln,ameos-klinikum-hameln:12,12,5,-1
14,ameos-klinikum-hameln,ameos-klinikum-hameln:14,14,2,0
3,ameos-klinikum-hameln,ameos-klinikum-hameln:15,15,5,0
3,ameos-klinikum-hameln,ameos-klinikum-hameln:16,16,4,0
5,ameos-klinikum-hildesheim,ameos-klinikum-hildesheim:11,11,1,-1
4,ameos-klinikum-hildesheim,ameos-klinikum-hildesheim:16,16,1,13
13,ameos-klinikum-hildesheim,ameos-klinikum-hildesheim:19,19,3,-1
6,ameos-klinikum-osnabrueck,ameos-klinikum-osnabrueck:9,9,1,-1
18,ameos-klinikum-osnabrueck,ameos-klinikum-osnabrueck:10,10,1,13
3,ameos-klinikum-osnabrueck,ameos-klinikum-osnabrueck:18,18,1,-1
3,ameos-klinikum-osnabrueck,ameos-klinikum-osnabrueck:19,19,1,19
5,ameos-klinikum-osnabrueck,ameos-klinikum-osnabrueck:22,22,1,-1
3,ameos-klinikum-osnabrueck,ameos-klinikum-osnabrueck:23,23,1,0
10,ameos-klinikum-osnabrueck,ameos-klinikum-osnabrueck:26,26,1,-1
3,ameos-klinikum-osnabrueck,ameos-klinikum-osnabrueck:28,28,2,-1
28,ameos-klinikum-osnabrueck,ameos-klinikum-osnabrueck:30,30,1,6
7,ameos-klinikum-osnabrueck,ameos-klinikum-osnabrueck:33,33,1,-1
5,ameos-klinikum-osnabrueck,ameos-klinikum-osnabrueck:35,35,5,0
10,ameos-klinikum-osnabrueck,ameos-klinikum-osnabrueck:38,38,1,-1
9,ameos-klinikum-osnabrueck,ameos-klinikum-osnabrueck:39,39,1,-1
4,ameos-klinikum-osnabrueck,ameos-klinikum-osnabrueck:41,41,5,0
32,ameos-klinikum-osnabrueck,ameos-klinikum-osnabrueck:43,43,5,0
3,ameos-klinikum-osnabrueck,ameos-klinikum-osnabrueck:44,44,1,-1
11,ameos-klinikum-osnabrueck,ameos-klinikum-osnabrueck:45,45,5,-1
8,ameos-klinikum-osnabrueck,ameos-klinikum-osnabrueck:47,47,5,0
22,ameos-klinikum-osnabrueck,ameos-klinikum-osnabrueck:48,48,1,6
8,ameos-klinikum-osnabrueck,ameos-klinikum-osnabrueck:49,49,4,0
3,ameos-klinikum-osnabrueck,ameos-klinikum-osnabrueck:50,50,5,-1
6,ameos-klinikum-osnabrueck,ameos-klinikum-osnabrueck:51,51,1,26
8,ameos-klinikum-osnabrueck,ameos-klinikum-osnabrueck:52,52,5,0
4,ameos-klinikum-osnabrueck,ameos-klinikum-osnabrueck:53,53,5,-1
5,ameos-klinikum-osnabrueck,ameos-klinikum-osnabrueck:57,57,4,-1
3,ameos-klinikum-osnabrueck,ameos-klinikum-osnabrueck:59,59,5,0
3,ameos-klinikum-osnabrueck,ameos-klinikum-osnabrueck:66,66,5,0
5,ameos-klinikum-osnabrueck,ameos-klinikum-osnabrueck:68,68,5,0
10,ameos-klinikum-osnabrueck,ameos-klinikum-osnabrueck:70,70,4,5
5,ameos-klinikum-osnabrueck,ameos-klinikum-osnabrueck:71,71,5,0
3,ameos-klinikum-osnabrueck,ameos-klinikum-osnabrueck:76,76,1,5
5,ameos-klinikum-osnabrueck,ameos-klinikum-osnabrueck:77,77,4,5
3,ameos-klinikum-osnabrueck,ameos-klinikum-osnabrueck:83,83,1,-1
3,ameos-klinikum-seepark-geestland-gmbh,ameos-klinikum-seepark-geestland-gmbh:12,12,1,0
4,ameos-klinikum-seepark-geestland-gmbh,ameos-klinikum-seepark-geestland-gmbh:16,16,5,0
3,ameos-klinikum-seepark-geestland-gmbh,ameos-klinikum-seepark-geestland-gmbh:19,19,5,0
8,ameos-klinikum-seepark-geestland-gmbh,ameos-klinikum-seepark-geestland-gmbh:23,23,1,8
9,ameos-klinikum-seepark-geestland-gmbh,ameos-klinikum-seepark-geestland-gmbh:27,27,3,0
7,ameos-klinikum-seepark-geestland-gmbh,ameos-klinikum-seepark-geestland-gmbh:28,28,1,-1
4,ameos-klinikum-seepark-geestland-gmbh,ameos-klinikum-seepark-geestland-gmbh:30,30,1,4
4,ameos-klinikum-seepark-geestland-gmbh,ameos-klinikum-seepark-geestland-gmbh:31,31,3,-1
5,ameos-klinikum-seepark-geestland-gmbh,ameos-klinikum-seepark-geestland-gmbh:33,33,1,-1
13,ameos-klinikum-seepark-geestland-gmbh,ameos-klinikum-seepark-geestland-gmbh:38,38,1,15
7,ameos-klinikum-seepark-geestland-gmbh,ameos-klinikum-seepark-geestland-gmbh:43,43,5,0
7,ameos-klinikum-seepark-geestland-gmbh,ameos-klinikum-seepark-geestland-gmbh:53,53,1,-1
3,ameos-klinikum-seepark-geestland-gmbh,ameos-klinikum-seepark-geestland-gmbh:56,56,5,0
3,ameos-klinikum-seepark-geestland-gmbh,ameos-klinikum-seepark-geestland-gmbh:57,57,5,-1
3,ameos-klinikum-seepark-geestland-gmbh,ameos-klinikum-seepark-geestland-gmbh:69,69,3,17
3,ameos-klinikum-seepark-geestland-gmbh,ameos-klinikum-seepark-geestland-gmbh:102,102,3,0
19,ammerland-klinik-gmbh,ammerland-klinik-gmbh:41,41,2,-1
6,ammerland-klinik-gmbh,ammerland-klinik-gmbh:53,53,1,9
6,ammerland-klinik-gmbh,ammerland-klinik-gmbh:56,56,1,4
9,ammerland-klinik-gmbh,ammerland-klinik-gmbh:70,70,1,16
11,ammerland-klinik-gmbh,ammerland-klinik-gmbh:78,78,5,-1
3,ammerland-klinik-gmbh,ammerland-klinik-gmbh:79,79,5,0
13,ammerland-klinik-gmbh,ammerland-klinik-gmbh:81,81,1,13
14,ammerland-klinik-gmbh,ammerland-klinik-gmbh:83,83,1,1
3,ammerland-klinik-gmbh,ammerland-klinik-gmbh:87,87,4,-1
3,ammerland-klinik-gmbh,ammerland-klinik-gmbh:91,91,5,20
4,ammerland-klinik-gmbh,ammerland-klinik-gmbh:92,92,1,-1
4,ammerland-klinik-gmbh,ammerland-klinik-gmbh:94,94,3,16
4,ammerland-klinik-gmbh,ammerland-klinik-gmbh:96,96,1,-1
3,ammerland-klinik-gmbh,ammerland-klinik-gmbh:99,99,5,0
6,ammerland-klinik-gmbh,ammerland-klinik-gmbh:103,103,5,0
3,ammerland-klinik-gmbh,ammerland-klinik-gmbh:108,108,5,-1
7,ammerland-klinik-gmbh,ammerland-klinik-gmbh:110,110,5,-1
9,ammerland-klinik-gmbh,ammerland-klinik-gmbh:111,111,5,0
3,ammerland-klinik-gmbh,ammerland-klinik-gmbh:113,113,5,0
4,ammerland-klinik-gmbh,ammerland-klinik-gmbh:114,114,1,-1
4,ammerland-klinik-gmbh,ammerland-klinik-gmbh:116,116,2,-1
9,ammerland-klinik-gmbh,ammerland-klinik-gmbh:117,117,1,3
4,ammerland-klinik-gmbh,ammerland-klinik-gmbh:120,120,4,-1
6,ammerland-klinik-gmbh,ammerland-klinik-gmbh:122,122,1,-1
5,ammerland-klinik-gmbh,ammerland-klinik-gmbh:125,125,5,0
7,ammerland-klinik-gmbh,ammerland-klinik-gmbh:126,126,2,-1
15,ammerland-klinik-gmbh,ammerland-klinik-gmbh:127,127,1,-1
5,ammerland-klinik-gmbh,ammerland-klinik-gmbh:128,128,4,-1
6,ammerland-klinik-gmbh,ammerland-klinik-gmbh:130,130,5,10
29,ammerland-klinik-gmbh,ammerland-klinik-gmbh:131,131,1,21
27,ammerland-klinik-gmbh,ammerland-klinik-gmbh:134,134,1,1
7,ammerland-klinik-gmbh,ammerland-klinik-gmbh:135,135,5,-1
10,ammerland-klinik-gmbh,ammerland-klinik-gmbh:136,136,1,1
13,ammerland-klinik-gmbh,ammerland-klinik-gmbh:137,137,1,4
5,ammerland-klinik-gmbh,ammerland-klinik-gmbh:139,139,5,13
5,ammerland-klinik-gmbh,ammerland-klinik-gmbh:140,140,2,9
9,ammerland-klinik-gmbh,ammerland-klinik-gmbh:143,143,1,17
26,ammerland-klinik-gmbh,ammerland-klinik-gmbh:145,145,1,6
14,ammerland-klinik-gmbh,ammerland-klinik-gmbh:146,146,1,15
4,ammerland-klinik-gmbh,ammerland-klinik-gmbh:147,147,4,-1
6,ammerland-klinik-gmbh,ammerland-klinik-gmbh:148,148,1,3
6,ammerland-klinik-gmbh,ammerland-klinik-gmbh:150,150,1,1
8,ammerland-klinik-gmbh,ammerland-klinik-gmbh:154,154,5,0
11,ammerland-klinik-gmbh,ammerland-klinik-gmbh:158,158,5,-1
5,ammerland-klinik-gmbh,ammerland-klinik-gmbh:160,160,5,-1
17,ammerland-klinik-gmbh,ammerland-klinik-gmbh:164,164,1,-1
3,ammerland-klinik-gmbh,ammerland-klinik-gmbh:166,166,5,0
4,ammerland-klinik-gmbh,ammerland-klinik-gmbh:167,167,5,11
15,ammerland-klinik-gmbh,ammerland-klinik-gmbh:168,168,1,6
5,ammerland-klinik-gmbh,ammerland-klinik-gmbh:169,169,5,-1
10,ammerland-klinik-gmbh,ammerland-klinik-gmbh:170,170,1,1
6,ammerland-klinik-gmbh,ammerland-klinik-gmbh:171,171,3,-1
7,ammerland-klinik-gmbh,ammerland-klinik-gmbh:172,172,5,-1
4,ammerland-klinik-gmbh,ammerland-klinik-gmbh:173,173,5,-1
5,ammerland-klinik-gmbh,ammerland-klinik-gmbh:174,174,5,0
21,ammerland-klinik-gmbh,ammerland-klinik-gmbh:178,178,2,-1
4,ammerland-klinik-gmbh,ammerland-klinik-gmbh:179,179,5,0
10,ammerland-klinik-gmbh,ammerland-klinik-gmbh:180,180,5,11
6,ammerland-klinik-gmbh,ammerland-klinik-gmbh:181,181,1,-1
12,ammerland-klinik-gmbh,ammerland-klinik-gmbh:182,182,1,3
8,ammerland-klinik-gmbh,ammerland-klinik-gmbh:183,183,4,0
15,ammerland-klinik-gmbh,ammerland-klinik-gmbh:184,184,1,-1
6,ammerland-klinik-gmbh,ammerland-klinik-gmbh:185,185,1,-1
3,ammerland-klinik-gmbh,ammerland-klinik-gmbh:186,186,4,0
3,ammerland-klinik-gmbh,ammerland-klinik-gmbh:187,187,4,1
5,ammerland-klinik-gmbh,ammerland-klinik-gmbh:188,188,1,-1
3,ammerland-klinik-gmbh,ammerland-klinik-gmbh:190,190,3,-1
14,ammerland-klinik-gmbh,ammerland-klinik-gmbh:191,191,1,2
13,ammerland-klinik-gmbh,ammerland-klinik-gmbh:192,192,1,-1
4,ammerland-klinik-gmbh,ammerland-klinik-gmbh:195,195,5,-1
5,ammerland-klinik-gmbh,ammerland-klinik-gmbh:197,197,5,0
13,ammerland-klinik-gmbh,ammerland-klinik-gmbh:199,199,1,-1
9,ammerland-klinik-gmbh,ammerland-klinik-gmbh:201,201,1,-1
15,ammerland-klinik-gmbh,ammerland-klinik-gmbh:203,203,1,-1
5,ammerland-klinik-gmbh,ammerland-klinik-gmbh:204,204,5,0
24,ammerland-klinik-gmbh,ammerland-klinik-gmbh:206,206,1,3
8,ammerland-klinik-gmbh,ammerland-klinik-gmbh:207,207,1,-1
5,ammerland-klinik-gmbh,ammerland-klinik-gmbh:209,209,1,6
7,ammerland-klinik-gmbh,ammerland-klinik-gmbh:210,210,1,17
5,ammerland-klinik-gmbh,ammerland-klinik-gmbh:216,216,1,-1
7,ammerland-klinik-gmbh,ammerland-klinik-gmbh:218,218,5,22
13,ammerland-klinik-gmbh,ammerland-klinik-gmbh:219,219,1,-1
3,ammerland-klinik-gmbh,ammerland-klinik-gmbh:220,220,5,0
19,ammerland-klinik-gmbh,ammerland-klinik-gmbh:221,221,1,1
6,ammerland-klinik-gmbh,ammerland-klinik-gmbh:223,223,1,2
8,ammerland-klinik-gmbh,ammerland-klinik-gmbh:225,225,1,-1
10,ammerland-klinik-gmbh,ammerland-klinik-gmbh:226,226,1,3
5,ammerland-klinik-gmbh,ammerland-klinik-gmbh:228,228,5,0
6,ammerland-klinik-gmbh,ammerland-klinik-gmbh:231,231,1,-1
4,ammerland-klinik-gmbh,ammerland-klinik-gmbh:232,232,5,-1
4,ammerland-klinik-gmbh,ammerland-klinik-gmbh:234,234,5,8
6,ammerland-klinik-gmbh,ammerland-klinik-gmbh:235,235,5,0
11,ammerland-klinik-gmbh,ammerland-klinik-gmbh:236,236,1,15
12,ammerland-klinik-gmbh,ammerland-klinik-gmbh:237,237,1,6
3,ammerland-klinik-gmbh,ammerland-klinik-gmbh:240,240,2,-1
7,ammerland-klinik-gmbh,ammerland-klinik-gmbh:241,241,1,-1
12,ammerland-klinik-gmbh,ammerland-klinik-gmbh:243,243,1,4
14,ammerland-klinik-gmbh,ammerland-klinik-gmbh:246,246,1,-1
7,ammerland-klinik-gmbh,ammerland-klinik-gmbh:248,248,5,0
4,ammerland-klinik-gmbh,ammerland-klinik-gmbh:249,249,5,6
4,ammerland-klinik-gmbh,ammerland-klinik-gmbh:251,251,1,2
6,ammerland-klinik-gmbh,ammerland-klinik-gmbh:252,252,1,4
6,ammerland-klinik-gmbh,ammerland-klinik-gmbh:253,253,1,7
6,ammerland-klinik-gmbh,ammerland-klinik-gmbh:254,254,5,0
6,ammerland-klinik-gmbh,ammerland-klinik-gmbh:259,259,1,-1
12,ammerland-klinik-gmbh,ammerland-klinik-gmbh:261,261,1,17
8,ammerland-klinik-gmbh,ammerland-klinik-gmbh:262,262,1,-1
12,ammerland-klinik-gmbh,ammerland-klinik-gmbh:263,263,1,9
14,ammerland-klinik-gmbh,ammerland-klinik-gmbh:264,264,1,-1
16,ammerland-klinik-gmbh,ammerland-klinik-gmbh:265,265,1,-1
4,ammerland-klinik-gmbh,ammerland-klinik-gmbh:267,267,1,-1
11,ammerland-klinik-gmbh,ammerland-klinik-gmbh:269,269,1,18
7,ammerland-klinik-gmbh,ammerland-klinik-gmbh:270,270,1,10
3,ammerland-klinik-gmbh,ammerland-klinik-gmbh:272,272,1,19
12,ammerland-klinik-gmbh,ammerland-klinik-gmbh:274,274,1,1
4,ammerland-klinik-gmbh,ammerland-klinik-gmbh:279,279,2,21
4,ammerland-klinik-gmbh,ammerland-klinik-gmbh:280,280,5,-1
9,ammerland-klinik-gmbh,ammerland-klinik-gmbh:282,282,1,-1
10,ammerland-klinik-gmbh,ammerland-klinik-gmbh:283,283,1,-1
4,ammerland-klinik-gmbh,ammerland-klinik-gmbh:285,285,5,0
3,ammerland-klinik-gmbh,ammerland-klinik-gmbh:290,290,5,0
7,ammerland-klinik-gmbh,ammerland-klinik-gmbh:291,291,5,-1
3,ammerland-klinik-gmbh,ammerland-klinik-gmbh:292,292,1,16
3,ammerland-klinik-gmbh,ammerland-klinik-gmbh:296,296,5,0
3,ammerland-klinik-gmbh,ammerland-klinik-gmbh:302,302,1,3
4,ammerland-klinik-gmbh,ammerland-klinik-gmbh:303,303,1,20
3,ammerland-klinik-gmbh,ammerland-klinik-gmbh:307,307,5,0
3,ammerland-klinik-gmbh,ammerland-klinik-gmbh:310,310,1,19
3,ammerland-klinik-gmbh,ammerland-klinik-gmbh:312,312,5,0
5,ammerland-klinik-gmbh,ammerland-klinik-gmbh:315,315,1,-1
10,ammerland-klinik-gmbh,ammerland-klinik-gmbh:317,317,1,-1
9,ammerland-klinik-gmbh,ammerland-klinik-gmbh:318,318,1,-1
3,ammerland-klinik-gmbh,ammerland-klinik-gmbh:320,320,5,0
3,ammerland-klinik-gmbh,ammerland-klinik-gmbh:328,328,1,-1
9,ammerland-klinik-gmbh,ammerland-klinik-gmbh:330,330,1,4
6,ammerland-klinik-gmbh,ammerland-klinik-gmbh:334,334,1,14
9,ammerland-klinik-gmbh,ammerland-klinik-gmbh:336,336,1,12
7,ammerland-klinik-gmbh,ammerland-klinik-gmbh:337,337,1,-1
6,ammerland-klinik-gmbh,ammerland-klinik-gmbh:339,339,1,7
3,asklepios-fachklinikum-goettingen,asklepios-fachklinikum-goettingen:1,1,1,-1
14,asklepios-fachklinikum-goettingen,asklepios-fachklinikum-goettingen:5,5,1,10
9,asklepios-fachklinikum-goettingen,asklepios-fachklinikum-goettingen:18,18,5,0
6,asklepios-fachklinikum-goettingen,asklepios-fachklinikum-goettingen:19,19,5,0
7,asklepios-fachklinikum-goettingen,asklepios-fachklinikum-goettingen:22,22,1,15
10,asklepios-fachklinikum-goettingen,asklepios-fachklinikum-goettingen:26,26,1,13
13,asklepios-fachklinikum-goettingen,asklepios-fachklinikum-goettingen:27,27,5,0
8,asklepios-fachklinikum-goettingen,asklepios-fachklinikum-goettingen:31,31,4,-1
53,asklepios-fachklinikum-goettingen,asklepios-fachklinikum-goettingen:32,32,1,-1
15,asklepios-fachklinikum-goettingen,asklepios-fachklinikum-goettingen:33,33,2,-1
20,asklepios-fachklinikum-goettingen,asklepios-fachklinikum-goettingen:36,36,1,7
9,asklepios-fachklinikum-goettingen,asklepios-fachklinikum-goettingen:38,38,1,-1
16,asklepios-fachklinikum-goettingen,asklepios-fachklinikum-goettingen:39,39,1,-1
4,asklepios-fachklinikum-goettingen,asklepios-fachklinikum-goettingen:40,40,5,6
5,asklepios-fachklinikum-goettingen,asklepios-fachklinikum-goettingen:41,41,5,0
8,asklepios-fachklinikum-goettingen,asklepios-fachklinikum-goettingen:42,42,4,5
8,asklepios-fachklinikum-goettingen,asklepios-fachklinikum-goettingen:44,44,1,-1
9,asklepios-fachklinikum-goettingen,asklepios-fachklinikum-goettingen:45,45,1,8
14,asklepios-fachklinikum-goettingen,asklepios-fachklinikum-goettingen:47,47,5,-1
5,asklepios-fachklinikum-goettingen,asklepios-fachklinikum-goettingen:48,48,5,0
23,asklepios-fachklinikum-goettingen,asklepios-fachklinikum-goettingen:49,49,1,4
6,asklepios-fachklinikum-goettingen,asklepios-fachklinikum-goettingen:51,51,1,-1
30,asklepios-fachklinikum-goettingen,asklepios-fachklinikum-goettingen:52,52,1,4
7,asklepios-fachklinikum-goettingen,asklepios-fachklinikum-goettingen:53,53,5,0
14,asklepios-fachklinikum-goettingen,asklepios-fachklinikum-goettingen:54,54,1,-1
4,asklepios-fachklinikum-goettingen,asklepios-fachklinikum-goettingen:55,55,5,-1
17,asklepios-fachklinikum-goettingen,asklepios-fachklinikum-goettingen:56,56,3,-1
13,asklepios-fachklinikum-goettingen,asklepios-fachklinikum-goettingen:57,57,1,-1
11,asklepios-fachklinikum-goettingen,asklepios-fachklinikum-goettingen:58,58,5,-1
21,asklepios-fachklinikum-goettingen,asklepios-fachklinikum-goettingen:59,59,1,4
10,asklepios-fachklinikum-goettingen,asklepios-fachklinikum-goettingen:60,60,4,-1
19,asklepios-fachklinikum-goettingen,asklepios-fachklinikum-goettingen:61,61,1,4
13,asklepios-fachklinikum-goettingen,asklepios-fachklinikum-goettingen:62,62,1,-1
27,asklepios-fachklinikum-goettingen,asklepios-fachklinikum-goettingen:63,63,1,4
7,asklepios-fachklinikum-goettingen,asklepios-fachklinikum-goettingen:64,64,5,0
22,asklepios-fachklinikum-goettingen,asklepios-fachklinikum-goettingen:65,65,1,-1
3,asklepios-fachklinikum-goettingen,asklepios-fachklinikum-goettingen:66,66,5,0
17,asklepios-fachklinikum-goettingen,asklepios-fachklinikum-goettingen:68,68,1,4
4,asklepios-fachklinikum-goettingen,asklepios-fachklinikum-goettingen:69,69,4,0
7,asklepios-fachklinikum-goettingen,asklepios-fachklinikum-goettingen:70,70,5,0
13,asklepios-fachklinikum-goettingen,asklepios-fachklinikum-goettingen:71,71,1,-1
4,asklepios-fachklinikum-goettingen,asklepios-fachklinikum-goettingen:78,78,5,-1
3,asklepios-fachklinikum-goettingen,asklepios-fachklinikum-goettingen:81,81,1,23
10,asklepios-fachklinikum-goettingen,asklepios-fachklinikum-goettingen:83,83,1,5
4,asklepios-fachklinikum-goettingen,asklepios-fachklinikum-goettingen:84,84,5,-1
11,asklepios-fachklinikum-goettingen,asklepios-fachklinikum-goettingen:85,85,1,-1
10,asklepios-fachklinikum-goettingen,asklepios-fachklinikum-goettingen:86,86,1,19
3,asklepios-fachklinikum-goettingen,asklepios-fachklinikum-goettingen:88,88,4,0
4,asklepios-fachklinikum-goettingen,asklepios-fachklinikum-goettingen:91,91,2,5
6,asklepios-fachklinikum-goettingen,asklepios-fachklinikum-goettingen:92,92,5,0
3,asklepios-fachklinikum-goettingen,asklepios-fachklinikum-goettingen:94,94,5,0
9,asklepios-fachklinikum-goettingen,asklepios-fachklinikum-goettingen:97,97,1,5
3,asklepios-fachklinikum-goettingen,asklepios-fachklinikum-goettingen:99,99,5,5
16,asklepios-fachklinikum-goettingen,asklepios-fachklinikum-goettingen:103,103,1,-1
4,asklepios-harzklinik-bad-harzburg,asklepios-harzklinik-bad-harzburg:15,15,5,-1
4,asklepios-harzklinik-bad-harzburg,asklepios-harzklinik-bad-harzburg:19,19,1,-1
7,asklepios-harzklinik-bad-harzburg,asklepios-harzklinik-bad-harzburg:21,21,5,0
5,asklepios-harzklinik-bad-harzburg,asklepios-harzklinik-bad-harzburg:22,22,1,16
8,asklepios-harzklinik-bad-harzburg,asklepios-harzklinik-bad-harzburg:24,24,1,-1
6,asklepios-harzklinik-bad-harzburg,asklepios-harzklinik-bad-harzburg:25,25,5,0
9,asklepios-harzklinik-bad-harzburg,asklepios-harzklinik-bad-harzburg:27,27,1,-1
12,asklepios-harzklinik-bad-harzburg,asklepios-harzklinik-bad-harzburg:28,28,1,-1
5,asklepios-harzklinik-bad-harzburg,asklepios-harzklinik-bad-harzburg:34,34,4,0
3,asklepios-harzklinik-bad-harzburg,asklepios-harzklinik-bad-harzburg:35,35,5,0
4,asklepios-harzklinik-bad-harzburg,asklepios-harzklinik-bad-harzburg:36,36,5,-1
7,asklepios-harzklinik-bad-harzburg,asklepios-harzklinik-bad-harzburg:38,38,5,0
5,asklepios-harzklinik-bad-harzburg,asklepios-harzklinik-bad-harzburg:39,39,5,0
3,asklepios-harzklinik-bad-harzburg,asklepios-harzklinik-bad-harzburg:40,40,1,17
6,asklepios-harzklinik-bad-harzburg,asklepios-harzklinik-bad-harzburg:44,44,5,0
4,asklepios-harzklinik-bad-harzburg,asklepios-harzklinik-bad-harzburg:46,46,5,0
11,asklepios-harzklinik-bad-harzburg,asklepios-harzklinik-bad-harzburg:47,47,1,4
3,asklepios-harzklinik-bad-harzburg,asklepios-harzklinik-bad-harzburg:51,51,5,0
4,asklepios-harzklinik-bad-harzburg,asklepios-harzklinik-bad-harzburg:58,58,3,14
3,asklepios-harzklinik-bad-harzburg,asklepios-harzklinik-bad-harzburg:61,61,1,14
6,asklepios-harzklinik-bad-harzburg,asklepios-harzklinik-bad-harzburg:63,63,2,-1
7,asklepios-harzklinik-bad-harzburg,asklepios-harzklinik-bad-harzburg:67,67,1,5
5,asklepios-harzklinik-bad-harzburg,asklepios-harzklinik-bad-harzburg:69,69,1,5
3,asklepios-harzklinik-goslar,asklepios-harzklinik-goslar:24,24,1,10
14,asklepios-harzklinik-goslar,asklepios-harzklinik-goslar:30,30,1,2
11,asklepios-harzklinik-goslar,asklepios-harzklinik-goslar:55,55,1,10
8,asklepios-harzklinik-goslar,asklepios-harzklinik-goslar:57,57,1,8
5,asklepios-harzklinik-goslar,asklepios-harzklinik-goslar:60,60,1,-1
4,asklepios-harzklinik-goslar,asklepios-harzklinik-goslar:69,69,1,1
5,asklepios-harzklinik-goslar,asklepios-harzklinik-goslar:70,70,1,-1
4,asklepios-harzklinik-goslar,asklepios-harzklinik-goslar:72,72,5,0
3,asklepios-harzklinik-goslar,asklepios-harzklinik-goslar:74,74,2,18
13,asklepios-harzklinik-goslar,asklepios-harzklinik-goslar:76,76,1,1
8,asklepios-harzklinik-goslar,asklepios-harzklinik-goslar:79,79,2,-1
5,asklepios-harzklinik-goslar,asklepios-harzklinik-goslar:80,80,5,0
3,asklepios-harzklinik-goslar,asklepios-harzklinik-goslar:82,82,5,-1
5,asklepios-harzklinik-goslar,asklepios-harzklinik-goslar:88,88,5,-1
5,asklepios-harzklinik-goslar,asklepios-harzklinik-goslar:90,90,1,-1
7,asklepios-harzklinik-goslar,asklepios-harzklinik-goslar:91,91,1,-1
6,asklepios-harzklinik-goslar,asklepios-harzklinik-goslar:92,92,1,-1
10,asklepios-harzklinik-goslar,asklepios-harzklinik-goslar:93,93,1,8
8,asklepios-harzklinik-goslar,asklepios-harzklinik-goslar:94,94,1,7
3,asklepios-harzklinik-goslar,asklepios-harzklinik-goslar:95,95,1,-1
4,asklepios-harzklinik-goslar,asklepios-harzklinik-goslar:97,97,1,1
3,asklepios-harzklinik-goslar,asklepios-harzklinik-goslar:100,100,5,1
9,asklepios-harzklinik-goslar,asklepios-harzklinik-goslar:101,101,1,-1
7,asklepios-harzklinik-goslar,asklepios-harzklinik-goslar:102,102,1,9
5,asklepios-harzklinik-goslar,asklepios-harzklinik-goslar:107,107,1,-1
6,asklepios-harzklinik-goslar,asklepios-harzklinik-goslar:111,111,1,10
6,asklepios-harzklinik-goslar,asklepios-harzklinik-goslar:112,112,1,-1
12,asklepios-harzklinik-goslar,asklepios-harzklinik-goslar:113,113,1,9
5,asklepios-harzklinik-goslar,asklepios-harzklinik-goslar:115,115,1,-1
6,asklepios-harzklinik-goslar,asklepios-harzklinik-goslar:119,119,1,10
6,asklepios-harzklinik-goslar,asklepios-harzklinik-goslar:120,120,1,-1
9,asklepios-harzklinik-goslar,asklepios-harzklinik-goslar:121,121,1,3
16,asklepios-harzklinik-goslar,asklepios-harzklinik-goslar:123,123,1,-1
9,asklepios-harzklinik-goslar,asklepios-harzklinik-goslar:129,129,1,7
3,asklepios-harzklinik-goslar,asklepios-harzklinik-goslar:131,131,5,0
7,asklepios-harzklinik-goslar,asklepios-harzklinik-goslar:136,136,1,1
3,asklepios-harzklinik-goslar,asklepios-harzklinik-goslar:137,137,1,3
6,asklepios-harzklinik-goslar,asklepios-harzklinik-goslar:140,140,1,1
4,asklepios-harzklinik-goslar,asklepios-harzklinik-goslar:142,142,1,3
5,asklepios-harzklinik-goslar,asklepios-harzklinik-goslar:143,143,1,7
3,asklepios-harzklinik-goslar,asklepios-harzklinik-goslar:145,145,1,-1
6,asklepios-harzklinik-goslar,asklepios-harzklinik-goslar:146,146,1,-1
3,asklepios-harzklinik-goslar,asklepios-harzklinik-goslar:147,147,1,16
3,asklepios-harzklinik-goslar,asklepios-harzklinik-goslar:148,148,5,0
4,asklepios-harzklinik-goslar,asklepios-harzklinik-goslar:149,149,1,-1
5,asklepios-harzklinik-goslar,asklepios-harzklinik-goslar:152,152,1,-1
6,asklepios-harzklinik-goslar,asklepios-harzklinik-goslar:154,154,1,1
7,asklepios-harzklinik-goslar,asklepios-harzklinik-goslar:155,155,1,-1
10,asklepios-harzklinik-goslar,asklepios-harzklinik-goslar:156,156,1,-1
3,asklepios-harzklinik-goslar,asklepios-harzklinik-goslar:157,157,1,-1
8,asklepios-harzklinik-goslar,asklepios-harzklinik-goslar:159,159,1,-1
4,asklepios-harzklinik-goslar,asklepios-harzklinik-goslar:160,160,1,-1
4,asklepios-harzklinik-goslar,asklepios-harzklinik-goslar:162,162,5,0
6,asklepios-harzklinik-goslar,asklepios-harzklinik-goslar:168,168,1,-1
7,asklepios-harzklinik-goslar,asklepios-harzklinik-goslar:169,169,1,18
13,asklepios-harzklinik-goslar,asklepios-harzklinik-goslar:174,174,1,3
3,asklepios-harzklinik-goslar,asklepios-harzklinik-goslar:178,178,1,-1
4,asklepios-harzklinik-goslar,asklepios-harzklinik-goslar:182,182,1,13
6,asklepios-harzklinik-goslar,asklepios-harzklinik-goslar:183,183,5,0
8,asklepios-harzklinik-goslar,asklepios-harzklinik-goslar:184,184,1,1
3,asklepios-harzklinik-goslar,asklepios-harzklinik-goslar:187,187,1,1
4,asklepios-harzklinik-goslar,asklepios-harzklinik-goslar:190,190,1,-1
8,asklepios-harzklinik-goslar,asklepios-harzklinik-goslar:191,191,1,3
4,asklepios-harzklinik-goslar,asklepios-harzklinik-goslar:193,193,5,6
12,asklepios-harzklinik-goslar,asklepios-harzklinik-goslar:194,194,1,3
3,asklepios-harzklinik-goslar,asklepios-harzklinik-goslar:195,195,1,-1
5,asklepios-harzklinik-goslar,asklepios-harzklinik-goslar:196,196,1,10
4,asklepios-harzklinik-goslar,asklepios-harzklinik-goslar:197,197,1,-1
7,asklepios-harzklinik-goslar,asklepios-harzklinik-goslar:199,199,1,17
6,asklepios-harzklinik-goslar,asklepios-harzklinik-goslar:201,201,1,9
3,asklepios-harzklinik-goslar,asklepios-harzklinik-goslar:204,204,3,1
4,asklepios-harzklinik-goslar,asklepios-harzklinik-goslar:205,205,1,2
11,asklepios-harzklinik-goslar,asklepios-harzklinik-goslar:208,208,1,8
4,asklepios-harzklinik-goslar,asklepios-harzklinik-goslar:209,209,1,26
8,asklepios-harzklinik-goslar,asklepios-harzklinik-goslar:212,212,1,3
5,asklepios-harzklinik-goslar,asklepios-harzklinik-goslar:213,213,1,18
11,asklepios-harzklinik-goslar,asklepios-harzklinik-goslar:215,215,1,-1
3,asklepios-harzklinik-goslar,asklepios-harzklinik-goslar:216,216,1,9
6,asklepios-harzklinik-goslar,asklepios-harzklinik-goslar:217,217,1,7
4,asklepios-harzklinik-goslar,asklepios-harzklinik-goslar:219,219,5,0
3,asklepios-harzklinik-goslar,asklepios-harzklinik-goslar:221,221,2,-1
3,asklepios-harzklinik-goslar,asklepios-harzklinik-goslar:222,222,1,2
3,asklepios-harzklinik-goslar,asklepios-harzklinik-goslar:224,224,1,-1
6,asklepios-harzklinik-goslar,asklepios-harzklinik-goslar:225,225,1,-1
3,asklepios-harzklinik-goslar,asklepios-harzklinik-goslar:226,226,2,11
5,asklepios-harzklinik-goslar,asklepios-harzklinik-goslar:227,227,1,9
8,asklepios-harzklinik-goslar,asklepios-harzklinik-goslar:228,228,1,7
8,asklepios-harzklinik-goslar,asklepios-harzklinik-goslar:229,229,1,-1
10,asklepios-harzklinik-goslar,asklepios-harzklinik-goslar:230,230,1,-1
4,asklepios-harzklinik-goslar,asklepios-harzklinik-goslar:233,233,1,-1
4,asklepios-harzklinik-goslar,asklepios-harzklinik-goslar:236,236,5,0
4,asklepios-harzklinik-goslar,asklepios-harzklinik-goslar:237,237,1,1
5,asklepios-harzklinik-goslar,asklepios-harzklinik-goslar:238,238,1,-1
3,asklepios-harzklinik-goslar,asklepios-harzklinik-goslar:239,239,2,21
4,asklepios-harzklinik-goslar,asklepios-harzklinik-goslar:240,240,4,0
13,asklepios-harzklinik-goslar,asklepios-harzklinik-goslar:243,243,1,7
6,asklepios-harzklinik-goslar,asklepios-harzklinik-goslar:250,250,1,24
7,asklepios-harzklinik-goslar,asklepios-harzklinik-goslar:251,251,1,15
4,asklepios-harzklinik-goslar,asklepios-harzklinik-goslar:253,253,1,10
5,asklepios-harzklinik-goslar,asklepios-harzklinik-goslar:254,254,1,-1
3,asklepios-harzklinik-goslar,asklepios-harzklinik-goslar:255,255,1,9
3,asklepios-harzklinik-goslar,asklepios-harzklinik-goslar:256,256,1,7
10,asklepios-harzklinik-goslar,asklepios-harzklinik-goslar:260,260,1,7
4,asklepios-harzklinik-goslar,asklepios-harzklinik-goslar:261,261,1,-1
8,asklepios-harzklinik-goslar,asklepios-harzklinik-goslar:262,262,1,-1
3,asklepios-harzklinik-goslar,asklepios-harzklinik-goslar:263,263,1,9
5,asklepios-harzklinik-goslar,asklepios-harzklinik-goslar:265,265,1,-1
3,asklepios-harzklinik-goslar,asklepios-harzklinik-goslar:266,266,1,-1
3,asklepios-harzklinik-goslar,asklepios-harzklinik-goslar:269,269,5,-1
8,asklepios-harzklinik-goslar,asklepios-harzklinik-goslar:276,276,1,14
4,asklepios-harzklinik-goslar,asklepios-harzklinik-goslar:277,277,1,-1
6,asklepios-harzklinik-goslar,asklepios-harzklinik-goslar:278,278,1,-1
7,asklepios-harzklinik-goslar,asklepios-harzklinik-goslar:280,280,1,1
15,asklepios-harzklinik-goslar,asklepios-harzklinik-goslar:282,282,1,-1
11,asklepios-harzklinik-goslar,asklepios-harzklinik-goslar:284,284,1,6
6,asklepios-harzklinik-goslar,asklepios-harzklinik-goslar:286,286,1,-1
7,asklepios-harzklinik-goslar,asklepios-harzklinik-goslar:288,288,1,-1
4,asklepios-harzklinik-goslar,asklepios-harzklinik-goslar:291,291,1,3
4,asklepios-harzklinik-goslar,asklepios-harzklinik-goslar:293,293,5,0
9,asklepios-harzklinik-goslar,asklepios-harzklinik-goslar:294,294,1,-1
5,asklepios-harzklinik-goslar,asklepios-harzklinik-goslar:295,295,5,-1
3,asklepios-harzklinik-goslar,asklepios-harzklinik-goslar:296,296,1,-1
13,asklepios-harzklinik-goslar,asklepios-harzklinik-goslar:298,298,1,-1
7,asklepios-harzklinik-goslar,asklepios-harzklinik-goslar:301,301,1,9
6,asklepios-harzklinik-goslar,asklepios-harzklinik-goslar:304,304,1,4
7,asklepios-harzklinik-goslar,asklepios-harzklinik-goslar:305,305,1,4
3,asklepios-harzklinik-goslar,asklepios-harzklinik-goslar:309,309,1,-1
3,asklepios-harzklinik-goslar,asklepios-harzklinik-goslar:310,310,1,18
3,asklepios-harzklinik-goslar,asklepios-harzklinik-goslar:311,311,1,7
3,asklepios-harzklinik-goslar,asklepios-harzklinik-goslar:313,313,1,-1
10,asklepios-harzklinik-goslar,asklepios-harzklinik-goslar:314,314,1,15
3,asklepios-harzklinik-goslar,asklepios-harzklinik-goslar:321,321,1,3
4,asklepios-harzklinik-goslar,asklepios-harzklinik-goslar:327,327,1,3
4,asklepios-harzklinik-goslar,asklepios-harzklinik-goslar:328,328,1,7
6,asklepios-harzklinik-goslar,asklepios-harzklinik-goslar:332,332,1,25
9,asklepios-harzklinik-goslar,asklepios-harzklinik-goslar:333,333,1,-1
5,asklepios-harzklinik-goslar,asklepios-harzklinik-goslar:334,334,1,-1
5,asklepios-harzklinik-goslar,asklepios-harzklinik-goslar:335,335,1,23
6,asklepios-harzklinik-goslar,asklepios-harzklinik-goslar:337,337,2,17
12,asklepios-harzklinik-goslar,asklepios-harzklinik-goslar:338,338,1,-1
3,asklepios-harzklinik-goslar,asklepios-harzklinik-goslar:341,341,1,18
4,asklepios-harzklinik-goslar,asklepios-harzklinik-goslar:345,345,1,-1
3,asklepios-harzklinik-goslar,asklepios-harzklinik-goslar:346,346,1,7
4,asklepios-harzklinik-goslar,asklepios-harzklinik-goslar:348,348,1,5
3,asklepios-harzklinik-goslar,asklepios-harzklinik-goslar:357,357,1,4
4,asklepios-harzklinik-goslar,asklepios-harzklinik-goslar:358,358,1,7
3,asklepios-harzklinik-goslar,asklepios-harzklinik-goslar:359,359,1,9
3,asklepios-harzklinik-goslar,asklepios-harzklinik-goslar:361,361,1,-1
7,asklepios-harzklinik-goslar,asklepios-harzklinik-goslar:365,365,1,-1
3,asklepios-harzklinik-goslar,asklepios-harzklinik-goslar:369,369,1,9
5,asklepios-harzklinik-goslar,asklepios-harzklinik-goslar:373,373,1,-1
5,asklepios-harzklinik-goslar,asklepios-harzklinik-goslar:376,376,1,19
3,asklepios-harzklinik-goslar,asklepios-harzklinik-goslar:379,379,1,4
3,augenklinik-dr-georg,augenklinik-dr-georg:5,5,5,0
5,augenklinik-dr-hoffmann,augenklinik-dr-hoffmann:10,10,5,0
3,augenklinik-dr-hoffmann,augenklinik-dr-hoffmann:12,12,5,0
3,augenklinik-dr-hoffmann,augenklinik-dr-hoffmann:14,14,5,0
6,augenklinik-stadthagen-gmbh,augenklinik-stadthagen-gmbh:12,12,5,-1
6,augenklinik-stadthagen-gmbh,augenklinik-stadthagen-gmbh:13,13,2,-1
3,augenklinik-stadthagen-gmbh,augenklinik-stadthagen-gmbh:14,14,5,5
3,augenklinik-stadthagen-gmbh,augenklinik-stadthagen-gmbh:16,16,5,-1
5,augenklinik-stadthagen-gmbh,augenklinik-stadthagen-gmbh:18,18,5,0
11,augenklinik-stadthagen-gmbh,augenklinik-stadthagen-gmbh:20,20,1,0
3,augenklinik-stadthagen-gmbh,augenklinik-stadthagen-gmbh:23,23,5,0
6,augenklinik-stadthagen-gmbh,augenklinik-stadthagen-gmbh:24,24,1,-1
4,augenklinik-stadthagen-gmbh,augenklinik-stadthagen-gmbh:28,28,1,4
3,augenklinik-stadthagen-gmbh,augenklinik-stadthagen-gmbh:31,31,5,0
4,augenklinik-stadthagen-gmbh,augenklinik-stadthagen-gmbh:46,46,1,5
3,awo-psychiatriezentrum,awo-psychiatriezentrum:9,9,1,1
15,awo-psychiatriezentrum,awo-psychiatriezentrum:12,12,5,0
19,awo-psychiatriezentrum,awo-psychiatriezentrum:14,14,1,15
6,awo-psychiatriezentrum,awo-psychiatriezentrum:16,16,1,4
4,awo-psychiatriezentrum,awo-psychiatriezentrum:21,21,5,0
6,awo-psychiatriezentrum,awo-psychiatriezentrum:31,31,1,-1
7,awo-psychiatriezentrum,awo-psychiatriezentrum:39,39,1,6
5,awo-psychiatriezentrum,awo-psychiatriezentrum:41,41,5,0
7,awo-psychiatriezentrum,awo-psychiatriezentrum:43,43,1,-1
13,awo-psychiatriezentrum,awo-psychiatriezentrum:46,46,1,17
5,awo-psychiatriezentrum,awo-psychiatriezentrum:49,49,1,-1
9,awo-psychiatriezentrum,awo-psychiatriezentrum:53,53,5,0
6,awo-psychiatriezentrum,awo-psychiatriezentrum:54,54,5,0
28,awo-psychiatriezentrum,awo-psychiatriezentrum:56,56,1,3
10,awo-psychiatriezentrum,awo-psychiatriezentrum:57,57,5,-1
15,awo-psychiatriezentrum,awo-psychiatriezentrum:60,60,1,-1
6,awo-psychiatriezentrum,awo-psychiatriezentrum:62,62,4,0
3,awo-psychiatriezentrum,awo-psychiatriezentrum:63,63,2,-1
25,awo-psychiatriezentrum,awo-psychiatriezentrum:64,64,1,4
26,awo-psychiatriezentrum,awo-psychiatriezentrum:65,65,1,4
9,awo-psychiatriezentrum,awo-psychiatriezentrum:66,66,5,0
5,awo-psychiatriezentrum,awo-psychiatriezentrum:67,67,5,0
3,awo-psychiatriezentrum,awo-psychiatriezentrum:68,68,5,0
10,awo-psychiatriezentrum,awo-psychiatriezentrum:69,69,5,-1
11,awo-psychiatriezentrum,awo-psychiatriezentrum:71,71,5,0
30,awo-psychiatriezentrum,awo-psychiatriezentrum:72,72,,-1
36,awo-psychiatriezentrum,awo-psychiatriezentrum:73,73,1,8
4,awo-psychiatriezentrum,awo-psychiatriezentrum:74,74,5,8
3,awo-psychiatriezentrum,awo-psychiatriezentrum:75,75,5,0
27,awo-psychiatriezentrum,awo-psychiatriezentrum:76,76,1,-1
28,awo-psychiatriezentrum,awo-psychiatriezentrum:77,77,1,14
4,awo-psychiatriezentrum,awo-psychiatriezentrum:78,78,5,0
7,awo-psychiatriezentrum,awo-psychiatriezentrum:79,79,5,0
5,awo-psychiatriezentrum,awo-psychiatriezentrum:80,80,3,4
5,awo-psychiatriezentrum,awo-psychiatriezentrum:81,81,5,0
23,awo-psychiatriezentrum,awo-psychiatriezentrum:82,82,1,-1
5,awo-psychiatriezentrum,awo-psychiatriezentrum:84,84,5,-1
21,awo-psychiatriezentrum,awo-psychiatriezentrum:85,85,1,-1
5,awo-psychiatriezentrum,awo-psychiatriezentrum:86,86,4,-1
5,awo-psychiatriezentrum,awo-psychiatriezentrum:87,87,2,-1
5,awo-psychiatriezentrum,awo-psychiatriezentrum:88,88,5,0
6,awo-psychiatriezentrum,awo-psychiatriezentrum:89,89,1,-1
6,awo-psychiatriezentrum,awo-psychiatriezentrum:90,90,4,0
8,awo-psychiatriezentrum,awo-psychiatriezentrum:91,91,1,-1
10,awo-psychiatriezentrum,awo-psychiatriezentrum:92,92,1,4
4,awo-psychiatriezentrum,awo-psychiatriezentrum:93,93,1,13
5,awo-psychiatriezentrum,awo-psychiatriezentrum:94,94,3,0
16,awo-psychiatriezentrum,awo-psychiatriezentrum:96,96,1,2
30,awo-psychiatriezentrum,awo-psychiatriezentrum:97,97,1,10
6,awo-psychiatriezentrum,awo-psychiatriezentrum:102,102,1,-1
26,awo-psychiatriezentrum,awo-psychiatriezentrum:103,103,1,-1
3,awo-psychiatriezentrum,awo-psychiatriezentrum:104,104,5,0
31,awo-psychiatriezentrum,awo-psychiatriezentrum:105,105,1,-1
3,awo-psychiatriezentrum,awo-psychiatriezentrum:106,106,4,-1
12,awo-psychiatriezentrum,awo-psychiatriezentrum:107,107,1,-1
14,awo-psychiatriezentrum,awo-psychiatriezentrum:108,108,1,1
3,awo-psychiatriezentrum,awo-psychiatriezentrum:109,109,5,0
15,awo-psychiatriezentrum,awo-psychiatriezentrum:111,111,1,-1
5,awo-psychiatriezentrum,awo-psychiatriezentrum:112,112,4,0
7,awo-psychiatriezentrum,awo-psychiatriezentrum:113,113,1,-1
6,awo-psychiatriezentrum,awo-psychiatriezentrum:114,114,1,-1
4,awo-psychiatriezentrum,awo-psychiatriezentrum:115,115,1,1
8,awo-psychiatriezentrum,awo-psychiatriezentrum:117,117,1,15
8,awo-psychiatriezentrum,awo-psychiatriezentrum:119,119,3,14
7,awo-psychiatriezentrum,awo-psychiatriezentrum:120,120,3,-1
8,awo-psychiatriezentrum,awo-psychiatriezentrum:122,122,2,-1
20,awo-psychiatriezentrum,awo-psychiatriezentrum:124,124,1,-1
4,awo-psychiatriezentrum,awo-psychiatriezentrum:126,126,5,0
14,awo-psychiatriezentrum,awo-psychiatriezentrum:127,127,1,7
12,awo-psychiatriezentrum,awo-psychiatriezentrum:128,128,1,26
7,awo-psychiatriezentrum,awo-psychiatriezentrum:130,130,1,-1
14,awo-psychiatriezentrum,awo-psychiatriezentrum:131,131,1,-1
24,awo-psychiatriezentrum,awo-psychiatriezentrum:132,132,1,7
3,awo-psychiatriezentrum,awo-psychiatriezentrum:133,133,1,-1
11,awo-psychiatriezentrum,awo-psychiatriezentrum:134,134,1,3
32,awo-psychiatriezentrum,awo-psychiatriezentrum:137,137,1,0
4,awo-psychiatriezentrum,awo-psychiatriezentrum:138,138,,-1
3,awo-psychiatriezentrum,awo-psychiatriezentrum:139,139,1,-1
13,awo-psychiatriezentrum,awo-psychiatriezentrum:145,145,1,4
5,awo-psychiatriezentrum,awo-psychiatriezentrum:146,146,5,5
7,awo-psychiatriezentrum,awo-psychiatriezentrum:147,147,5,5
9,awo-psychiatriezentrum,awo-psychiatriezentrum:151,151,1,25
10,awo-psychiatriezentrum,awo-psychiatriezentrum:152,152,3,5
4,awo-psychiatriezentrum,awo-psychiatriezentrum:155,155,5,0
6,awo-psychiatriezentrum,awo-psychiatriezentrum:156,156,5,5
8,awo-psychiatriezentrum,awo-psychiatriezentrum:158,158,1,14
9,awo-psychiatriezentrum,awo-psychiatriezentrum:160,160,1,5
4,awo-psychiatriezentrum,awo-psychiatriezentrum:161,161,5,5
23,awo-psychiatriezentrum,awo-psychiatriezentrum:165,165,1,5
8,awo-psychiatriezentrum,awo-psychiatriezentrum:166,166,1,5
5,awo-psychiatriezentrum,awo-psychiatriezentrum:176,176,1,0
4,bdh-klinik-hessisch-oldendorf,bdh-klinik-hessisch-oldendorf:10,10,1,-1
3,bdh-klinik-hessisch-oldendorf,bdh-klinik-hessisch-oldendorf:11,11,1,-1
3,bdh-klinik-hessisch-oldendorf,bdh-klinik-hessisch-oldendorf:12,12,4,0
11,bdh-klinik-hessisch-oldendorf,bdh-klinik-hessisch-oldendorf:13,13,1,0
7,bdh-klinik-hessisch-oldendorf,bdh-klinik-hessisch-oldendorf:14,14,1,-1
5,bdh-klinik-hessisch-oldendorf,bdh-klinik-hessisch-oldendorf:18,18,2,-1
12,bdh-klinik-hessisch-oldendorf,bdh-klinik-hessisch-oldendorf:21,21,5,0
4,bdh-klinik-hessisch-oldendorf,bdh-klinik-hessisch-oldendorf:22,22,1,-1
5,bdh-klinik-hessisch-oldendorf,bdh-klinik-hessisch-oldendorf:24,24,5,-1
7,bdh-klinik-hessisch-oldendorf,bdh-klinik-hessisch-oldendorf:26,26,5,0
6,bdh-klinik-hessisch-oldendorf,bdh-klinik-hessisch-oldendorf:27,27,1,-1
9,bdh-klinik-hessisch-oldendorf,bdh-klinik-hessisch-oldendorf:28,28,1,-1
3,bdh-klinik-hessisch-oldendorf,bdh-klinik-hessisch-oldendorf:29,29,4,0
36,bdh-klinik-hessisch-oldendorf,bdh-klinik-hessisch-oldendorf:30,30,1,-1
8,bdh-klinik-hessisch-oldendorf,bdh-klinik-hessisch-oldendorf:32,32,5,-1
3,bdh-klinik-hessisch-oldendorf,bdh-klinik-hessisch-oldendorf:33,33,5,1
28,bdh-klinik-hessisch-oldendorf,bdh-klinik-hessisch-oldendorf:34,34,1,-1
12,bdh-klinik-hessisch-oldendorf,bdh-klinik-hessisch-oldendorf:35,35,1,-1
8,bdh-klinik-hessisch-oldendorf,bdh-klinik-hessisch-oldendorf:37,37,4,-1
11,bdh-klinik-hessisch-oldendorf,bdh-klinik-hessisch-oldendorf:38,38,1,-1
11,bdh-klinik-hessisch-oldendorf,bdh-klinik-hessisch-oldendorf:39,39,5,-1
28,bdh-klinik-hessisch-oldendorf,bdh-klinik-hessisch-oldendorf:41,41,1,-1
8,bdh-klinik-hessisch-oldendorf,bdh-klinik-hessisch-oldendorf:42,42,1,4
6,bdh-klinik-hessisch-oldendorf,bdh-klinik-hessisch-oldendorf:43,43,4,21
13,bdh-klinik-hessisch-oldendorf,bdh-klinik-hessisch-oldendorf:44,44,1,-1
7,bdh-klinik-hessisch-oldendorf,bdh-klinik-hessisch-oldendorf:45,45,5,-1
8,bdh-klinik-hessisch-oldendorf,bdh-klinik-hessisch-oldendorf:46,46,5,-1
12,bdh-klinik-hessisch-oldendorf,bdh-klinik-hessisch-oldendorf:47,47,1,-1
18,bdh-klinik-hessisch-oldendorf,bdh-klinik-hessisch-oldendorf:48,48,1,10
5,bdh-klinik-hessisch-oldendorf,bdh-klinik-hessisch-oldendorf:49,49,1,-1
4,bdh-klinik-hessisch-oldendorf,bdh-klinik-hessisch-oldendorf:50,50,2,21
19,bdh-klinik-hessisch-oldendorf,bdh-klinik-hessisch-oldendorf:51,51,1,-1
18,bdh-klinik-hessisch-oldendorf,bdh-klinik-hessisch-oldendorf:52,52,2,1
9,bdh-klinik-hessisch-oldendorf,bdh-klinik-hessisch-oldendorf:54,54,1,-1
15,bdh-klinik-hessisch-oldendorf,bdh-klinik-hessisch-oldendorf:55,55,5,10
7,bdh-klinik-hessisch-oldendorf,bdh-klinik-hessisch-oldendorf:57,57,5,-1
10,bdh-klinik-hessisch-oldendorf,bdh-klinik-hessisch-oldendorf:58,58,1,0
24,bdh-klinik-hessisch-oldendorf,bdh-klinik-hessisch-oldendorf:59,59,1,-1
4,bdh-klinik-hessisch-oldendorf,bdh-klinik-hessisch-oldendorf:60,60,5,0
5,bdh-klinik-hessisch-oldendorf,bdh-klinik-hessisch-oldendorf:61,61,1,4
11,bdh-klinik-hessisch-oldendorf,bdh-klinik-hessisch-oldendorf:63,63,2,-1
22,bdh-klinik-hessisch-oldendorf,bdh-klinik-hessisch-oldendorf:64,64,1,-1
5,bdh-klinik-hessisch-oldendorf,bdh-klinik-hessisch-oldendorf:66,66,5,-1
12,bdh-klinik-hessisch-oldendorf,bdh-klinik-hessisch-oldendorf:67,67,1,0
28,bdh-klinik-hessisch-oldendorf,bdh-klinik-hessisch-oldendorf:68,68,1,8
15,bdh-klinik-hessisch-oldendorf,bdh-klinik-hessisch-oldendorf:71,71,1,-1
4,bdh-klinik-hessisch-oldendorf,bdh-klinik-hessisch-oldendorf:72,72,2,0
3,bdh-klinik-hessisch-oldendorf,bdh-klinik-hessisch-oldendorf:73,73,5,0
5,bdh-klinik-hessisch-oldendorf,bdh-klinik-hessisch-oldendorf:75,75,3,0
3,bdh-klinik-hessisch-oldendorf,bdh-klinik-hessisch-oldendorf:77,77,5,-1
3,bdh-klinik-hessisch-oldendorf,bdh-klinik-hessisch-oldendorf:79,79,4,0
4,bdh-klinik-hessisch-oldendorf,bdh-klinik-hessisch-oldendorf:80,80,2,-1
3,bdh-klinik-hessisch-oldendorf,bdh-klinik-hessisch-oldendorf:85,85,4,13
3,bdh-klinik-hessisch-oldendorf,bdh-klinik-hessisch-oldendorf:87,87,5,0
4,bdh-klinik-hessisch-oldendorf,bdh-klinik-hessisch-oldendorf:90,90,2,0
4,bdh-klinik-hessisch-oldendorf,bdh-klinik-hessisch-oldendorf:91,91,5,0
9,bdh-klinik-hessisch-oldendorf,bdh-klinik-hessisch-oldendorf:99,99,1,5
4,borromaeus-hospital-leer-ggmbh,borromaeus-hospital-leer-ggmbh:42,42,5,0
9,borromaeus-hospital-leer-ggmbh,borromaeus-hospital-leer-ggmbh:49,49,1,1
4,borromaeus-hospital-leer-ggmbh,borromaeus-hospital-leer-ggmbh:53,53,4,12
3,borromaeus-hospital-leer-ggmbh,borromaeus-hospital-leer-ggmbh:62,62,1,15
4,borromaeus-hospital-leer-ggmbh,borromaeus-hospital-leer-ggmbh:66,66,1,1
9,borromaeus-hospital-leer-ggmbh,borromaeus-hospital-leer-ggmbh:68,68,5,-1
4,borromaeus-hospital-leer-ggmbh,borromaeus-hospital-leer-ggmbh:71,71,1,3
8,borromaeus-hospital-leer-ggmbh,borromaeus-hospital-leer-ggmbh:72,72,1,-1
3,borromaeus-hospital-leer-ggmbh,borromaeus-hospital-leer-ggmbh:73,73,5,-1
7,borromaeus-hospital-leer-ggmbh,borromaeus-hospital-leer-ggmbh:74,74,5,11
7,borromaeus-hospital-leer-ggmbh,borromaeus-hospital-leer-ggmbh:75,75,1,-1
6,borromaeus-hospital-leer-ggmbh,borromaeus-hospital-leer-ggmbh:77,77,5,-1
3,borromaeus-hospital-leer-ggmbh,borromaeus-hospital-leer-ggmbh:87,87,1,-1
7,borromaeus-hospital-leer-ggmbh,borromaeus-hospital-leer-ggmbh:89,89,2,-1
4,borromaeus-hospital-leer-ggmbh,borromaeus-hospital-leer-ggmbh:90,90,5,-1
5,borromaeus-hospital-leer-ggmbh,borromaeus-hospital-leer-ggmbh:91,91,1,2
5,borromaeus-hospital-leer-ggmbh,borromaeus-hospital-leer-ggmbh:93,93,5,0
3,borromaeus-hospital-leer-ggmbh,borromaeus-hospital-leer-ggmbh:94,94,1,-1
8,borromaeus-hospital-leer-ggmbh,borromaeus-hospital-leer-ggmbh:95,95,1,1
4,borromaeus-hospital-leer-ggmbh,borromaeus-hospital-leer-ggmbh:97,97,5,-1
5,borromaeus-hospital-leer-ggmbh,borromaeus-hospital-leer-ggmbh:98,98,1,9
4,borromaeus-hospital-leer-ggmbh,borromaeus-hospital-leer-ggmbh:99,99,3,-1
3,borromaeus-hospital-leer-ggmbh,borromaeus-hospital-leer-ggmbh:101,101,5,-1
6,borromaeus-hospital-leer-ggmbh,borromaeus-hospital-leer-ggmbh:106,106,3,12
8,borromaeus-hospital-leer-ggmbh,borromaeus-hospital-leer-ggmbh:108,108,1,1
4,borromaeus-hospital-leer-ggmbh,borromaeus-hospital-leer-ggmbh:109,109,5,-1
5,borromaeus-hospital-leer-ggmbh,borromaeus-hospital-leer-ggmbh:111,111,2,-1
4,borromaeus-hospital-leer-ggmbh,borromaeus-hospital-leer-ggmbh:113,113,5,0
10,borromaeus-hospital-leer-ggmbh,borromaeus-hospital-leer-ggmbh:116,116,5,26
4,borromaeus-hospital-leer-ggmbh,borromaeus-hospital-leer-ggmbh:117,117,5,-1
3,borromaeus-hospital-leer-ggmbh,borromaeus-hospital-leer-ggmbh:119,119,5,0
26,borromaeus-hospital-leer-ggmbh,borromaeus-hospital-leer-ggmbh:120,120,1,3
3,borromaeus-hospital-leer-ggmbh,borromaeus-hospital-leer-ggmbh:121,121,1,-1
6,borromaeus-hospital-leer-ggmbh,borromaeus-hospital-leer-ggmbh:122,122,1,7
22,borromaeus-hospital-leer-ggmbh,borromaeus-hospital-leer-ggmbh:123,123,1,-1
3,borromaeus-hospital-leer-ggmbh,borromaeus-hospital-leer-ggmbh:125,125,5,0
7,borromaeus-hospital-leer-ggmbh,borromaeus-hospital-leer-ggmbh:126,126,1,-1
4,borromaeus-hospital-leer-ggmbh,borromaeus-hospital-leer-ggmbh:128,128,4,-1
10,borromaeus-hospital-leer-ggmbh,borromaeus-hospital-leer-ggmbh:131,131,1,6
7,borromaeus-hospital-leer-ggmbh,borromaeus-hospital-leer-ggmbh:133,133,1,2
12,borromaeus-hospital-leer-ggmbh,borromaeus-hospital-leer-ggmbh:134,134,1,12
7,borromaeus-hospital-leer-ggmbh,borromaeus-hospital-leer-ggmbh:137,137,1,19
5,borromaeus-hospital-leer-ggmbh,borromaeus-hospital-leer-ggmbh:139,139,1,-1
8,borromaeus-hospital-leer-ggmbh,borromaeus-hospital-leer-ggmbh:141,141,1,12
3,borromaeus-hospital-leer-ggmbh,borromaeus-hospital-leer-ggmbh:142,142,5,1
8,borromaeus-hospital-leer-ggmbh,borromaeus-hospital-leer-ggmbh:144,144,1,1
9,borromaeus-hospital-leer-ggmbh,borromaeus-hospital-leer-ggmbh:145,145,1,20
4,borromaeus-hospital-leer-ggmbh,borromaeus-hospital-leer-ggmbh:148,148,5,0
8,borromaeus-hospital-leer-ggmbh,borromaeus-hospital-leer-ggmbh:150,150,5,-1
9,borromaeus-hospital-leer-ggmbh,borromaeus-hospital-leer-ggmbh:152,152,1,1
12,borromaeus-hospital-leer-ggmbh,borromaeus-hospital-leer-ggmbh:155,155,1,-1
8,borromaeus-hospital-leer-ggmbh,borromaeus-hospital-leer-ggmbh:157,157,2,10
18,borromaeus-hospital-leer-ggmbh,borromaeus-hospital-leer-ggmbh:158,158,1,1
5,borromaeus-hospital-leer-ggmbh,borromaeus-hospital-leer-ggmbh:159,159,5,24
13,borromaeus-hospital-leer-ggmbh,borromaeus-hospital-leer-ggmbh:163,163,1,1
5,borromaeus-hospital-leer-ggmbh,borromaeus-hospital-leer-ggmbh:165,165,5,0
8,borromaeus-hospital-leer-ggmbh,borromaeus-hospital-leer-ggmbh:166,166,1,-1
4,borromaeus-hospital-leer-ggmbh,borromaeus-hospital-leer-ggmbh:168,168,4,0
5,borromaeus-hospital-leer-ggmbh,borromaeus-hospital-leer-ggmbh:169,169,2,-1
10,borromaeus-hospital-leer-ggmbh,borromaeus-hospital-leer-ggmbh:172,172,1,1
8,borromaeus-hospital-leer-ggmbh,borromaeus-hospital-leer-ggmbh:173,173,1,-1
8,borromaeus-hospital-leer-ggmbh,borromaeus-hospital-leer-ggmbh:177,177,5,-1
7,borromaeus-hospital-leer-ggmbh,borromaeus-hospital-leer-ggmbh:180,180,1,-1
14,borromaeus-hospital-leer-ggmbh,borromaeus-hospital-leer-ggmbh:185,185,1,1
17,borromaeus-hospital-leer-ggmbh,borromaeus-hospital-leer-ggmbh:186,186,1,-1
4,borromaeus-hospital-leer-ggmbh,borromaeus-hospital-leer-ggmbh:188,188,5,0
4,borromaeus-hospital-leer-ggmbh,borromaeus-hospital-leer-ggmbh:191,191,1,-1
12,borromaeus-hospital-leer-ggmbh,borromaeus-hospital-leer-ggmbh:193,193,1,8
9,borromaeus-hospital-leer-ggmbh,borromaeus-hospital-leer-ggmbh:198,198,2,-1
4,borromaeus-hospital-leer-ggmbh,borromaeus-hospital-leer-ggmbh:200,200,2,-1
4,borromaeus-hospital-leer-ggmbh,borromaeus-hospital-leer-ggmbh:203,203,1,-1
10,borromaeus-hospital-leer-ggmbh,borromaeus-hospital-leer-ggmbh:208,208,1,23
4,borromaeus-hospital-leer-ggmbh,borromaeus-hospital-leer-ggmbh:209,209,1,-1
12,borromaeus-hospital-leer-ggmbh,borromaeus-hospital-leer-ggmbh:210,210,1,-1
8,borromaeus-hospital-leer-ggmbh,borromaeus-hospital-leer-ggmbh:214,214,1,16
3,borromaeus-hospital-leer-ggmbh,borromaeus-hospital-leer-ggmbh:224,224,5,-1
10,borromaeus-hospital-leer-ggmbh,borromaeus-hospital-leer-ggmbh:226,226,1,-1
3,borromaeus-hospital-leer-ggmbh,borromaeus-hospital-leer-ggmbh:229,229,1,23
4,borromaeus-hospital-leer-ggmbh,borromaeus-hospital-leer-ggmbh:231,231,5,0
11,borromaeus-hospital-leer-ggmbh,borromaeus-hospital-leer-ggmbh:237,237,1,-1
5,borromaeus-hospital-leer-ggmbh,borromaeus-hospital-leer-ggmbh:238,238,1,9
4,borromaeus-hospital-leer-ggmbh,borromaeus-hospital-leer-ggmbh:241,241,2,-1
4,borromaeus-hospital-leer-ggmbh,borromaeus-hospital-leer-ggmbh:248,248,1,-1
9,borromaeus-hospital-leer-ggmbh,borromaeus-hospital-leer-ggmbh:251,251,1,-1
7,borromaeus-hospital-leer-ggmbh,borromaeus-hospital-leer-ggmbh:255,255,1,14
7,borromaeus-hospital-leer-ggmbh,borromaeus-hospital-leer-ggmbh:257,257,1,27
4,borromaeus-hospital-leer-ggmbh,borromaeus-hospital-leer-ggmbh:259,259,1,25
7,borromaeus-hospital-leer-ggmbh,borromaeus-hospital-leer-ggmbh:262,262,1,14
10,borromaeus-hospital-leer-ggmbh,borromaeus-hospital-leer-ggmbh:271,271,1,5
4,borromaeus-hospital-leer-ggmbh,borromaeus-hospital-leer-ggmbh:277,277,1,-1
10,borromaeus-hospital-leer-ggmbh,borromaeus-hospital-leer-ggmbh:281,281,1,-1
3,borromaeus-hospital-leer-ggmbh,borromaeus-hospital-leer-ggmbh:282,282,4,-1
8,borromaeus-hospital-leer-ggmbh,borromaeus-hospital-leer-ggmbh:283,283,5,0
8,borromaeus-hospital-leer-ggmbh,borromaeus-hospital-leer-ggmbh:284,284,1,4
10,borromaeus-hospital-leer-ggmbh,borromaeus-hospital-leer-ggmbh:302,302,1,7
5,borromaeus-hospital-leer-ggmbh,borromaeus-hospital-leer-ggmbh:305,305,1,9
6,borromaeus-hospital-leer-ggmbh,borromaeus-hospital-leer-ggmbh:307,307,1,-1
3,borromaeus-hospital-leer-ggmbh,borromaeus-hospital-leer-ggmbh:325,325,2,14
4,borromaeus-hospital-leer-ggmbh,borromaeus-hospital-leer-ggmbh:333,333,2,25
3,borromaeus-hospital-leer-ggmbh,borromaeus-hospital-leer-ggmbh:340,340,1,-1
3,borromaeus-hospital-leer-ggmbh,borromaeus-hospital-leer-ggmbh:351,351,5,-1
24,bundeswehrkrankenhaus,bundeswehrkrankenhaus:56,56,5,-1
4,bundeswehrkrankenhaus,bundeswehrkrankenhaus:90,90,1,2
11,bundeswehrkrankenhaus,bundeswehrkrankenhaus:91,91,3,8
7,bundeswehrkrankenhaus,bundeswehrkrankenhaus:95,95,2,1
6,bundeswehrkrankenhaus,bundeswehrkrankenhaus:96,96,1,6
3,bundeswehrkrankenhaus,bundeswehrkrankenhaus:99,99,5,0
3,bundeswehrkrankenhaus,bundeswehrkrankenhaus:110,110,1,-1
3,bundeswehrkrankenhaus,bundeswehrkrankenhaus:112,112,5,-1
8,bundeswehrkrankenhaus,bundeswehrkrankenhaus:127,127,1,-1
3,bundeswehrkrankenhaus,bundeswehrkrankenhaus:130,130,2,-1
8,bundeswehrkrankenhaus,bundeswehrkrankenhaus:131,131,5,-1
7,bundeswehrkrankenhaus,bundeswehrkrankenhaus:132,132,1,-1
5,bundeswehrkrankenhaus,bundeswehrkrankenhaus:140,140,5,0
4,bundeswehrkrankenhaus,bundeswehrkrankenhaus:141,141,3,-1
4,bundeswehrkrankenhaus,bundeswehrkrankenhaus:144,144,5,0
9,bundeswehrkrankenhaus,bundeswehrkrankenhaus:151,151,5,0
6,bundeswehrkrankenhaus,bundeswehrkrankenhaus:155,155,1,1
8,bundeswehrkrankenhaus,bundeswehrkrankenhaus:156,156,5,0
5,bundeswehrkrankenhaus,bundeswehrkrankenhaus:158,158,5,-1
3,bundeswehrkrankenhaus,bundeswehrkrankenhaus:159,159,5,8
7,bundeswehrkrankenhaus,bundeswehrkrankenhaus:163,163,1,-1
3,bundeswehrkrankenhaus,bundeswehrkrankenhaus:165,165,5,0
3,bundeswehrkrankenhaus,bundeswehrkrankenhaus:167,167,5,0
9,bundeswehrkrankenhaus,bundeswehrkrankenhaus:170,170,1,-1
3,bundeswehrkrankenhaus,bundeswehrkrankenhaus:171,171,3,9
10,bundeswehrkrankenhaus,bundeswehrkrankenhaus:172,172,2,17
4,bundeswehrkrankenhaus,bundeswehrkrankenhaus:175,175,5,0
4,bundeswehrkrankenhaus,bundeswehrkrankenhaus:183,183,5,-1
3,bundeswehrkrankenhaus,bundeswehrkrankenhaus:184,184,2,27
6,bundeswehrkrankenhaus,bundeswehrkrankenhaus:186,186,5,-1
7,bundeswehrkrankenhaus,bundeswehrkrankenhaus:187,187,1,-1
5,bundeswehrkrankenhaus,bundeswehrkrankenhaus:189,189,1,9
4,bundeswehrkrankenhaus,bundeswehrkrankenhaus:190,190,1,-1
4,bundeswehrkrankenhaus,bundeswehrkrankenhaus:191,191,5,-1
7,bundeswehrkrankenhaus,bundeswehrkrankenhaus:192,192,1,12
4,bundeswehrkrankenhaus,bundeswehrkrankenhaus:194,194,1,1
4,bundeswehrkrankenhaus,bundeswehrkrankenhaus:196,196,5,8
32,bundeswehrkrankenhaus,bundeswehrkrankenhaus:199,199,1,27
4,bundeswehrkrankenhaus,bundeswehrkrankenhaus:200,200,5,0
19,bundeswehrkrankenhaus,bundeswehrkrankenhaus:205,205,1,16
8,bundeswehrkrankenhaus,bundeswehrkrankenhaus:207,207,3,27
3,bundeswehrkrankenhaus,bundeswehrkrankenhaus:208,208,5,0
23,bundeswehrkrankenhaus,bundeswehrkrankenhaus:209,209,1,8
7,bundeswehrkrankenhaus,bundeswehrkrankenhaus:211,211,1,-1
6,bundeswehrkrankenhaus,bundeswehrkrankenhaus:212,212,5,0
3,bundeswehrkrankenhaus,bundeswehrkrankenhaus:214,214,5,-1
13,bundeswehrkrankenhaus,bundeswehrkrankenhaus:217,217,1,-1
6,bundeswehrkrankenhaus,bundeswehrkrankenhaus:218,218,1,-1
3,bundeswehrkrankenhaus,bundeswehrkrankenhaus:219,219,5,8
3,bundeswehrkrankenhaus,bundeswehrkrankenhaus:221,221,1,-1
4,bundeswehrkrankenhaus,bundeswehrkrankenhaus:225,225,3,-1
4,bundeswehrkrankenhaus,bundeswehrkrankenhaus:226,226,5,-1
4,bundeswehrkrankenhaus,bundeswehrkrankenhaus:227,227,5,0
5,bundeswehrkrankenhaus,bundeswehrkrankenhaus:229,229,1,-1
3,bundeswehrkrankenhaus,bundeswehrkrankenhaus:231,231,1,-1
6,bundeswehrkrankenhaus,bundeswehrkrankenhaus:232,232,5,4
7,bundeswehrkrankenhaus,bundeswehrkrankenhaus:234,234,1,1
12,bundeswehrkrankenhaus,bundeswehrkrankenhaus:237,237,1,1
9,bundeswehrkrankenhaus,bundeswehrkrankenhaus:239,239,1,1
9,bundeswehrkrankenhaus,bundeswehrkrankenhaus:240,240,5,13
4,bundeswehrkrankenhaus,bundeswehrkrankenhaus:241,241,1,-1
7,bundeswehrkrankenhaus,bundeswehrkrankenhaus:243,243,1,2
3,bundeswehrkrankenhaus,bundeswehrkrankenhaus:244,244,5,0
3,bundeswehrkrankenhaus,bundeswehrkrankenhaus:245,245,1,1
6,bundeswehrkrankenhaus,bundeswehrkrankenhaus:249,249,5,-1
13,bundeswehrkrankenhaus,bundeswehrkrankenhaus:250,250,1,1
3,bundeswehrkrankenhaus,bundeswehrkrankenhaus:251,251,1,24
4,bundeswehrkrankenhaus,bundeswehrkrankenhaus:253,253,2,18
13,bundeswehrkrankenhaus,bundeswehrkrankenhaus:255,255,1,-1
6,bundeswehrkrankenhaus,bundeswehrkrankenhaus:256,256,1,-1
15,bundeswehrkrankenhaus,bundeswehrkrankenhaus:258,258,1,-1
5,bundeswehrkrankenhaus,bundeswehrkrankenhaus:261,261,5,0
4,bundeswehrkrankenhaus,bundeswehrkrankenhaus:264,264,5,-1
7,bundeswehrkrankenhaus,bundeswehrkrankenhaus:266,266,1,-1
8,bundeswehrkrankenhaus,bundeswehrkrankenhaus:269,269,1,-1
4,bundeswehrkrankenhaus,bundeswehrkrankenhaus:271,271,5,0
8,bundeswehrkrankenhaus,bundeswehrkrankenhaus:274,274,2,-1
5,bundeswehrkrankenhaus,bundeswehrkrankenhaus:278,278,1,-1
14,bundeswehrkrankenhaus,bundeswehrkrankenhaus:282,282,1,1
7,bundeswehrkrankenhaus,bundeswehrkrankenhaus:284,284,1,1
3,bundeswehrkrankenhaus,bundeswehrkrankenhaus:288,288,1,27
4,bundeswehrkrankenhaus,bundeswehrkrankenhaus:289,289,5,0
4,bundeswehrkrankenhaus,bundeswehrkrankenhaus:291,291,5,0
10,bundeswehrkrankenhaus,bundeswehrkrankenhaus:295,295,2,3
3,bundeswehrkrankenhaus,bundeswehrkrankenhaus:297,297,5,1
18,bundeswehrkrankenhaus,bundeswehrkrankenhaus:298,298,1,-1
9,bundeswehrkrankenhaus,bundeswehrkrankenhaus:300,300,1,9
3,bundeswehrkrankenhaus,bundeswehrkrankenhaus:301,301,5,1
7,bundeswehrkrankenhaus,bundeswehrkrankenhaus:302,302,1,1
16,bundeswehrkrankenhaus,bundeswehrkrankenhaus:305,305,1,14
5,bundeswehrkrankenhaus,bundeswehrkrankenhaus:306,306,5,0
12,bundeswehrkrankenhaus,bundeswehrkrankenhaus:309,309,1,9
8,bundeswehrkrankenhaus,bundeswehrkrankenhaus:310,310,5,0
9,bundeswehrkrankenhaus,bundeswehrkrankenhaus:311,311,5,0
9,bundeswehrkrankenhaus,bundeswehrkrankenhaus:312,312,2,9
5,bundeswehrkrankenhaus,bundeswehrkrankenhaus:313,313,1,1
22,bundeswehrkrankenhaus,bundeswehrkrankenhaus:318,318,1,-1
27,bundeswehrkrankenhaus,bundeswehrkrankenhaus:320,320,1,1
4,bundeswehrkrankenhaus,bundeswehrkrankenhaus:321,321,5,-1
5,bundeswehrkrankenhaus,bundeswehrkrankenhaus:322,322,5,1
9,bundeswehrkrankenhaus,bundeswehrkrankenhaus:326,326,1,2
4,bundeswehrkrankenhaus,bundeswehrkrankenhaus:328,328,5,0
4,bundeswehrkrankenhaus,bundeswehrkrankenhaus:329,329,5,7
7,bundeswehrkrankenhaus,bundeswehrkrankenhaus:330,330,3,-1
3,bundeswehrkrankenhaus,bundeswehrkrankenhaus:332,332,1,-1
7,bundeswehrkrankenhaus,bundeswehrkrankenhaus:333,333,1,2
10,bundeswehrkrankenhaus,bundeswehrkrankenhaus:334,334,1,14
3,bundeswehrkrankenhaus,bundeswehrkrankenhaus:335,335,4,0
6,bundeswehrkrankenhaus,bundeswehrkrankenhaus:337,337,5,13
8,bundeswehrkrankenhaus,bundeswehrkrankenhaus:338,338,1,10
3,bundeswehrkrankenhaus,bundeswehrkrankenhaus:341,341,4,4
3,bundeswehrkrankenhaus,bundeswehrkrankenhaus:342,342,5,0
5,bundeswehrkrankenhaus,bundeswehrkrankenhaus:346,346,4,0
10,bundeswehrkrankenhaus,bundeswehrkrankenhaus:350,350,1,-1
17,bundeswehrkrankenhaus,bundeswehrkrankenhaus:351,351,1,10
3,bundeswehrkrankenhaus,bundeswehrkrankenhaus:352,352,1,20
3,bundeswehrkrankenhaus,bundeswehrkrankenhaus:355,355,2,18
11,bundeswehrkrankenhaus,bundeswehrkrankenhaus:356,356,1,16
9,bundeswehrkrankenhaus,bundeswehrkrankenhaus:357,357,2,1
15,bundeswehrkrankenhaus,bundeswehrkrankenhaus:358,358,1,1
13,bundeswehrkrankenhaus,bundeswehrkrankenhaus:359,359,1,8
8,bundeswehrkrankenhaus,bundeswehrkrankenhaus:362,362,1,1
3,bundeswehrkrankenhaus,bundeswehrkrankenhaus:364,364,5,-1
13,bundeswehrkrankenhaus,bundeswehrkrankenhaus:366,366,1,-1
4,bundeswehrkrankenhaus,bundeswehrkrankenhaus:369,369,5,0
5,bundeswehrkrankenhaus,bundeswehrkrankenhaus:371,371,1,15
9,bundeswehrkrankenhaus,bundeswehrkrankenhaus:372,372,1,1
10,bundeswehrkrankenhaus,bundeswehrkrankenhaus:373,373,1,-1
6,bundeswehrkrankenhaus,bundeswehrkrankenhaus:375,375,5,11
11,bundeswehrkrankenhaus,bundeswehrkrankenhaus:379,379,1,16
12,bundeswehrkrankenhaus,bundeswehrkrankenhaus:382,382,1,6
4,bundeswehrkrankenhaus,bundeswehrkrankenhaus:383,383,3,1
12,bundeswehrkrankenhaus,bundeswehrkrankenhaus:388,388,1,14
10,bundeswehrkrankenhaus,bundeswehrkrankenhaus:389,389,1,4
5,bundeswehrkrankenhaus,bundeswehrkrankenhaus:390,390,1,9
11,bundeswehrkrankenhaus,bundeswehrkrankenhaus:392,392,1,16
9,bundeswehrkrankenhaus,bundeswehrkrankenhaus:394,394,1,4
5,bundeswehrkrankenhaus,bundeswehrkrankenhaus:395,395,,0
4,bundeswehrkrankenhaus,bundeswehrkrankenhaus:397,397,4,0
10,bundeswehrkrankenhaus,bundeswehrkrankenhaus:403,403,1,-1
5,bundeswehrkrankenhaus,bundeswehrkrankenhaus:404,404,5,0
5,bundeswehrkrankenhaus,bundeswehrkrankenhaus:405,405,5,0
4,bundeswehrkrankenhaus,bundeswehrkrankenhaus:408,408,4,-1
6,bundeswehrkrankenhaus,bundeswehrkrankenhaus:410,410,1,-1
16,bundeswehrkrankenhaus,bundeswehrkrankenhaus:412,412,1,-1
5,bundeswehrkrankenhaus,bundeswehrkrankenhaus:413,413,1,1
3,bundeswehrkrankenhaus,bundeswehrkrankenhaus:415,415,5,-1
4,bundeswehrkrankenhaus,bundeswehrkrankenhaus:419,419,1,-1
5,bundeswehrkrankenhaus,bundeswehrkrankenhaus:421,421,1,3
3,bundeswehrkrankenhaus,bundeswehrkrankenhaus:423,423,5,8
3,bundeswehrkrankenhaus,bundeswehrkrankenhaus:427,427,5,0
12,bundeswehrkrankenhaus,bundeswehrkrankenhaus:428,428,1,3
13,bundeswehrkrankenhaus,bundeswehrkrankenhaus:432,432,1,24
4,bundeswehrkrankenhaus,bundeswehrkrankenhaus:437,437,1,-1
3,bundeswehrkrankenhaus,bundeswehrkrankenhaus:438,438,2,23
3,bundeswehrkrankenhaus,bundeswehrkrankenhaus:442,442,1,24
5,bundeswehrkrankenhaus,bundeswehrkrankenhaus:444,444,5,8
3,bundeswehrkrankenhaus,bundeswehrkrankenhaus:445,445,5,0
3,bundeswehrkrankenhaus,bundeswehrkrankenhaus:447,447,5,-1
10,bundeswehrkrankenhaus,bundeswehrkrankenhaus:449,449,1,1
11,bundeswehrkrankenhaus,bundeswehrkrankenhaus:452,452,1,-1
4,bundeswehrkrankenhaus,bundeswehrkrankenhaus:453,453,1,-1
24,bundeswehrkrankenhaus,bundeswehrkrankenhaus:455,455,1,-1
3,bundeswehrkrankenhaus,bundeswehrkrankenhaus:459,459,1,3
6,bundeswehrkrankenhaus,bundeswehrkrankenhaus:464,464,1,17
8,bundeswehrkrankenhaus,bundeswehrkrankenhaus:468,468,1,23
12,bundeswehrkrankenhaus,bundeswehrkrankenhaus:469,469,1,20
3,bundeswehrkrankenhaus,bundeswehrkrankenhaus:475,475,5,0
9,bundeswehrkrankenhaus,bundeswehrkrankenhaus:476,476,2,-1
3,bundeswehrkrankenhaus,bundeswehrkrankenhaus:484,484,2,14
4,bundeswehrkrankenhaus,bundeswehrkrankenhaus:488,488,1,-1
3,bundeswehrkrankenhaus,bundeswehrkrankenhaus:491,491,1,-1
5,bundeswehrkrankenhaus,bundeswehrkrankenhaus:492,492,5,0
11,bundeswehrkrankenhaus,bundeswehrkrankenhaus:496,496,1,8
17,bundeswehrkrankenhaus,bundeswehrkrankenhaus:497,497,1,14
12,bundeswehrkrankenhaus,bundeswehrkrankenhaus:504,504,1,7
6,bundeswehrkrankenhaus,bundeswehrkrankenhaus:508,508,1,-1
3,bundeswehrkrankenhaus,bundeswehrkrankenhaus:510,510,5,0
5,bundeswehrkrankenhaus,bundeswehrkrankenhaus:520,520,2,9
3,bundeswehrkrankenhaus,bundeswehrkrankenhaus:521,521,5,-1
3,bundeswehrkrankenhaus,bundeswehrkrankenhaus:522,522,5,0
4,bundeswehrkrankenhaus,bundeswehrkrankenhaus:524,524,1,18
5,bundeswehrkrankenhaus,bundeswehrkrankenhaus:525,525,1,-1
6,bundeswehrkrankenhaus,bundeswehrkrankenhaus:528,528,1,-1
3,bundeswehrkrankenhaus,bundeswehrkrankenhaus:534,534,5,0
13,bundeswehrkrankenhaus,bundeswehrkrankenhaus:535,535,1,10
5,bundeswehrkrankenhaus,bundeswehrkrankenhaus:537,537,1,9
3,bundeswehrkrankenhaus,bundeswehrkrankenhaus:556,556,1,-1
5,bundeswehrkrankenhaus,bundeswehrkrankenhaus:559,559,1,14
6,bundeswehrkrankenhaus,bundeswehrkrankenhaus:567,567,1,-1
3,bundeswehrkrankenhaus,bundeswehrkrankenhaus:573,573,5,0
3,bundeswehrkrankenhaus,bundeswehrkrankenhaus:575,575,5,0
9,bundeswehrkrankenhaus,bundeswehrkrankenhaus:583,583,1,7
3,bundeswehrkrankenhaus,bundeswehrkrankenhaus:598,598,4,0
3,bundeswehrkrankenhaus,bundeswehrkrankenhaus:608,608,1,1
4,bundeswehrkrankenhaus,bundeswehrkrankenhaus:653,653,5,8
13,burghof-klinik-gmbh,burghof-klinik-gmbh:12,12,3,-1
13,burghof-klinik-gmbh,burghof-klinik-gmbh:14,14,1,-1
15,burghof-klinik-gmbh,burghof-klinik-gmbh:15,15,5,0
12,burghof-klinik-gmbh,burghof-klinik-gmbh:16,16,5,0
9,burghof-klinik-gmbh,burghof-klinik-gmbh:17,17,2,4
23,burghof-klinik-gmbh,burghof-klinik-gmbh:18,18,1,4
17,burghof-klinik-gmbh,burghof-klinik-gmbh:19,19,1,-1
7,burghof-klinik-gmbh,burghof-klinik-gmbh:20,20,4,0
15,burghof-klinik-gmbh,burghof-klinik-gmbh:21,21,3,-1
6,burghof-klinik-gmbh,burghof-klinik-gmbh:22,22,5,0
8,burghof-klinik-gmbh,burghof-klinik-gmbh:23,23,4,0
7,burghof-klinik-gmbh,burghof-klinik-gmbh:25,25,1,-1
3,burghof-klinik-gmbh,burghof-klinik-gmbh:26,26,5,0
7,burghof-klinik-gmbh,burghof-klinik-gmbh:27,27,5,0
5,burghof-klinik-gmbh,burghof-klinik-gmbh:28,28,5,0
5,burghof-klinik-gmbh,burghof-klinik-gmbh:29,29,5,0
8,burghof-klinik-gmbh,burghof-klinik-gmbh:31,31,3,4
5,burghof-klinik-gmbh,burghof-klinik-gmbh:32,32,3,0
21,burghof-klinik-gmbh,burghof-klinik-gmbh:33,33,1,4
4,burghof-klinik-gmbh,burghof-klinik-gmbh:34,34,5,0
7,capio-elbe-jeetzel-klinik-dannenberg,capio-elbe-jeetzel-klinik-dannenberg:23,23,1,-1
3,capio-elbe-jeetzel-klinik-dannenberg,capio-elbe-jeetzel-klinik-dannenberg:39,39,1,3
3,capio-elbe-jeetzel-klinik-dannenberg,capio-elbe-jeetzel-klinik-dannenberg:42,42,1,-1
6,capio-elbe-jeetzel-klinik-dannenberg,capio-elbe-jeetzel-klinik-dannenberg:44,44,5,2
3,capio-elbe-jeetzel-klinik-dannenberg,capio-elbe-jeetzel-klinik-dannenberg:46,46,1,12
16,capio-elbe-jeetzel-klinik-dannenberg,capio-elbe-jeetzel-klinik-dannenberg:52,52,1,-1
6,capio-elbe-jeetzel-klinik-dannenberg,capio-elbe-jeetzel-klinik-dannenberg:54,54,2,1
16,capio-elbe-jeetzel-klinik-dannenberg,capio-elbe-jeetzel-klinik-dannenberg:55,55,1,1
10,capio-elbe-jeetzel-klinik-dannenberg,capio-elbe-jeetzel-klinik-dannenberg:60,60,1,-1
3,capio-elbe-jeetzel-klinik-dannenberg,capio-elbe-jeetzel-klinik-dannenberg:61,61,5,-1
6,capio-elbe-jeetzel-klinik-dannenberg,capio-elbe-jeetzel-klinik-dannenberg:62,62,3,-1
8,capio-elbe-jeetzel-klinik-dannenberg,capio-elbe-jeetzel-klinik-dannenberg:64,64,2,-1
6,capio-elbe-jeetzel-klinik-dannenberg,capio-elbe-jeetzel-klinik-dannenberg:67,67,1,-1
19,capio-elbe-jeetzel-klinik-dannenberg,capio-elbe-jeetzel-klinik-dannenberg:68,68,1,-1
4,capio-elbe-jeetzel-klinik-dannenberg,capio-elbe-jeetzel-klinik-dannenberg:69,69,5,-1
4,capio-elbe-jeetzel-klinik-dannenberg,capio-elbe-jeetzel-klinik-dannenberg:70,70,4,11
8,capio-elbe-jeetzel-klinik-dannenberg,capio-elbe-jeetzel-klinik-dannenberg:72,72,1,-1
9,capio-elbe-jeetzel-klinik-dannenberg,capio-elbe-jeetzel-klinik-dannenberg:74,74,1,0
8,capio-elbe-jeetzel-klinik-dannenberg,capio-elbe-jeetzel-klinik-dannenberg:75,75,3,0
3,capio-elbe-jeetzel-klinik-dannenberg,capio-elbe-jeetzel-klinik-dannenberg:79,79,5,0
8,capio-elbe-jeetzel-klinik-dannenberg,capio-elbe-jeetzel-klinik-dannenberg:80,80,1,-1
15,capio-elbe-jeetzel-klinik-dannenberg,capio-elbe-jeetzel-klinik-dannenberg:81,81,2,6
5,capio-elbe-jeetzel-klinik-dannenberg,capio-elbe-jeetzel-klinik-dannenberg:82,82,1,7
12,capio-elbe-jeetzel-klinik-dannenberg,capio-elbe-jeetzel-klinik-dannenberg:87,87,1,8
12,capio-elbe-jeetzel-klinik-dannenberg,capio-elbe-jeetzel-klinik-dannenberg:90,90,1,-1
6,capio-elbe-jeetzel-klinik-dannenberg,capio-elbe-jeetzel-klinik-dannenberg:91,91,5,0
9,capio-elbe-jeetzel-klinik-dannenberg,capio-elbe-jeetzel-klinik-dannenberg:92,92,1,7
3,capio-elbe-jeetzel-klinik-dannenberg,capio-elbe-jeetzel-klinik-dannenberg:96,96,1,10
3,capio-elbe-jeetzel-klinik-dannenberg,capio-elbe-jeetzel-klinik-dannenberg:99,99,1,-1
13,capio-elbe-jeetzel-klinik-dannenberg,capio-elbe-jeetzel-klinik-dannenberg:102,102,1,7
12,capio-elbe-jeetzel-klinik-dannenberg,capio-elbe-jeetzel-klinik-dannenberg:106,106,1,2
8,capio-elbe-jeetzel-klinik-dannenberg,capio-elbe-jeetzel-klinik-dannenberg:109,109,1,27
4,capio-elbe-jeetzel-klinik-dannenberg,capio-elbe-jeetzel-klinik-dannenberg:110,110,2,0
6,capio-elbe-jeetzel-klinik-dannenberg,capio-elbe-jeetzel-klinik-dannenberg:112,112,1,19
13,capio-elbe-jeetzel-klinik-dannenberg,capio-elbe-jeetzel-klinik-dannenberg:116,116,1,7
6,capio-elbe-jeetzel-klinik-dannenberg,capio-elbe-jeetzel-klinik-dannenberg:120,120,1,-1
3,capio-elbe-jeetzel-klinik-dannenberg,capio-elbe-jeetzel-klinik-dannenberg:127,127,1,-1
4,capio-elbe-jeetzel-klinik-dannenberg,capio-elbe-jeetzel-klinik-dannenberg:128,128,1,-1
4,capio-elbe-jeetzel-klinik-dannenberg,capio-elbe-jeetzel-klinik-dannenberg:129,129,1,-1
5,capio-elbe-jeetzel-klinik-dannenberg,capio-elbe-jeetzel-klinik-dannenberg:130,130,1,-1
6,capio-elbe-jeetzel-klinik-dannenberg,capio-elbe-jeetzel-klinik-dannenberg:133,133,1,7
3,capio-elbe-jeetzel-klinik-dannenberg,capio-elbe-jeetzel-klinik-dannenberg:136,136,1,3
4,capio-elbe-jeetzel-klinik-dannenberg,capio-elbe-jeetzel-klinik-dannenberg:139,139,1,-1
5,capio-elbe-jeetzel-klinik-dannenberg,capio-elbe-jeetzel-klinik-dannenberg:142,142,1,-1
4,capio-elbe-jeetzel-klinik-dannenberg,capio-elbe-jeetzel-klinik-dannenberg:146,146,1,0
8,capio-elbe-jeetzel-klinik-dannenberg,capio-elbe-jeetzel-klinik-dannenberg:147,147,1,5
8,capio-elbe-jeetzel-klinik-dannenberg,capio-elbe-jeetzel-klinik-dannenberg:149,149,1,-1
5,capio-elbe-jeetzel-klinik-dannenberg,capio-elbe-jeetzel-klinik-dannenberg:151,151,2,5
3,christliches-kinderhospital-osnabrueck,christliches-kinderhospital-osnabrueck:14,14,5,0
3,christliches-kinderhospital-osnabrueck,christliches-kinderhospital-osnabrueck:15,15,5,-1
3,christliches-kinderhospital-osnabrueck,christliches-kinderhospital-osnabrueck:24,24,5,11
8,christliches-kinderhospital-osnabrueck,christliches-kinderhospital-osnabrueck:33,33,1,2
6,christliches-kinderhospital-osnabrueck,christliches-kinderhospital-osnabrueck:37,37,1,2
4,christliches-kinderhospital-osnabrueck,christliches-kinderhospital-osnabrueck:38,38,1,2
3,christliches-kinderhospital-osnabrueck,christliches-kinderhospital-osnabrueck:43,43,4,-1
4,christliches-kinderhospital-osnabrueck,christliches-kinderhospital-osnabrueck:49,49,1,2
5,christliches-kinderhospital-osnabrueck,christliches-kinderhospital-osnabrueck:50,50,1,2
7,christliches-kinderhospital-osnabrueck,christliches-kinderhospital-osnabrueck:61,61,1,2
3,christliches-kinderhospital-osnabrueck,christliches-kinderhospital-osnabrueck:63,63,5,2
3,christliches-kinderhospital-osnabrueck,christliches-kinderhospital-osnabrueck:67,67,5,0
5,christliches-kinderhospital-osnabrueck,christliches-kinderhospital-osnabrueck:69,69,2,-1
8,christliches-kinderhospital-osnabrueck,christliches-kinderhospital-osnabrueck:71,71,1,2
4,christliches-kinderhospital-osnabrueck,christliches-kinderhospital-osnabrueck:77,77,1,2
6,christliches-kinderhospital-osnabrueck,christliches-kinderhospital-osnabrueck:79,79,2,-1
5,christliches-kinderhospital-osnabrueck,christliches-kinderhospital-osnabrueck:81,81,1,17
3,christliches-kinderhospital-osnabrueck,christliches-kinderhospital-osnabrueck:84,84,5,-1
19,christliches-kinderhospital-osnabrueck,christliches-kinderhospital-osnabrueck:85,85,1,2
5,christliches-kinderhospital-osnabrueck,christliches-kinderhospital-osnabrueck:86,86,5,-1
10,christliches-kinderhospital-osnabrueck,christliches-kinderhospital-osnabrueck:87,87,1,-1
4,christliches-kinderhospital-osnabrueck,christliches-kinderhospital-osnabrueck:88,88,1,2
4,christliches-kinderhospital-osnabrueck,christliches-kinderhospital-osnabrueck:90,90,5,0
5,christliches-kinderhospital-osnabrueck,christliches-kinderhospital-osnabrueck:93,93,1,2
6,christliches-kinderhospital-osnabrueck,christliches-kinderhospital-osnabrueck:94,94,2,12
4,christliches-kinderhospital-osnabrueck,christliches-kinderhospital-osnabrueck:97,97,5,11
5,christliches-kinderhospital-osnabrueck,christliches-kinderhospital-osnabrueck:98,98,5,-1
5,christliches-kinderhospital-osnabrueck,christliches-kinderhospital-osnabrueck:100,100,2,2
3,christliches-kinderhospital-osnabrueck,christliches-kinderhospital-osnabrueck:103,103,1,-1
5,christliches-kinderhospital-osnabrueck,christliches-kinderhospital-osnabrueck:107,107,1,2
3,christliches-kinderhospital-osnabrueck,christliches-kinderhospital-osnabrueck:109,109,1,2
3,christliches-kinderhospital-osnabrueck,christliches-kinderhospital-osnabrueck:111,111,3,2
11,christliches-kinderhospital-osnabrueck,christliches-kinderhospital-osnabrueck:113,113,1,2
3,christliches-kinderhospital-osnabrueck,christliches-kinderhospital-osnabrueck:116,116,1,2
13,christliches-kinderhospital-osnabrueck,christliches-kinderhospital-osnabrueck:117,117,1,2
5,christliches-kinderhospital-osnabrueck,christliches-kinderhospital-osnabrueck:125,125,3,2
11,christliches-kinderhospital-osnabrueck,christliches-kinderhospital-osnabrueck:126,126,1,2
8,christliches-kinderhospital-osnabrueck,christliches-kinderhospital-osnabrueck:128,128,1,2
10,christliches-kinderhospital-osnabrueck,christliches-kinderhospital-osnabrueck:129,129,1,9
8,christliches-kinderhospital-osnabrueck,christliches-kinderhospital-osnabrueck:130,130,1,2
9,christliches-kinderhospital-osnabrueck,christliches-kinderhospital-osnabrueck:131,131,1,2
4,christliches-kinderhospital-osnabrueck,christliches-kinderhospital-osnabrueck:132,132,1,2
6,christliches-kinderhospital-osnabrueck,christliches-kinderhospital-osnabrueck:133,133,1,2
3,christliches-kinderhospital-osnabrueck,christliches-kinderhospital-osnabrueck:134,134,1,2
3,christliches-kinderhospital-osnabrueck,christliches-kinderhospital-osnabrueck:136,136,5,-1
7,christliches-kinderhospital-osnabrueck,christliches-kinderhospital-osnabrueck:137,137,3,2
3,christliches-kinderhospital-osnabrueck,christliches-kinderhospital-osnabrueck:139,139,1,2
3,christliches-kinderhospital-osnabrueck,christliches-kinderhospital-osnabrueck:142,142,5,11
4,christliches-kinderhospital-osnabrueck,christliches-kinderhospital-osnabrueck:145,145,5,2
9,christliches-kinderhospital-osnabrueck,christliches-kinderhospital-osnabrueck:146,146,1,2
7,christliches-kinderhospital-osnabrueck,christliches-kinderhospital-osnabrueck:148,148,1,15
5,christliches-kinderhospital-osnabrueck,christliches-kinderhospital-osnabrueck:149,149,1,2
18,christliches-kinderhospital-osnabrueck,christliches-kinderhospital-osnabrueck:154,154,1,3
9,christliches-kinderhospital-osnabrueck,christliches-kinderhospital-osnabrueck:156,156,1,2
3,christliches-kinderhospital-osnabrueck,christliches-kinderhospital-osnabrueck:157,157,5,-1
3,christliches-kinderhospital-osnabrueck,christliches-kinderhospital-osnabrueck:166,166,1,8
3,christliches-kinderhospital-osnabrueck,christliches-kinderhospital-osnabrueck:173,173,5,0
11,christliches-kinderhospital-osnabrueck,christliches-kinderhospital-osnabrueck:177,177,1,2
6,christliches-kinderhospital-osnabrueck,christliches-kinderhospital-osnabrueck:184,184,1,2
3,christliches-kinderhospital-osnabrueck,christliches-kinderhospital-osnabrueck:186,186,5,5
3,christliches-kinderhospital-osnabrueck,christliches-kinderhospital-osnabrueck:190,190,5,-1
3,christliches-kinderhospital-osnabrueck,christliches-kinderhospital-osnabrueck:191,191,1,-1
11,christliches-kinderhospital-osnabrueck,christliches-kinderhospital-osnabrueck:194,194,1,2
3,christliches-kinderhospital-osnabrueck,christliches-kinderhospital-osnabrueck:198,198,5,-1
3,christliches-kinderhospital-osnabrueck,christliches-kinderhospital-osnabrueck:202,202,5,0
3,christliches-kinderhospital-osnabrueck,christliches-kinderhospital-osnabrueck:213,213,1,-1
10,christliches-kinderhospital-osnabrueck,christliches-kinderhospital-osnabrueck:216,216,1,5
4,christliches-kinderhospital-osnabrueck,christliches-kinderhospital-osnabrueck:218,218,1,3
3,christliches-kinderhospital-osnabrueck,christliches-kinderhospital-osnabrueck:219,219,5,11
10,christliches-kinderhospital-osnabrueck,christliches-kinderhospital-osnabrueck:223,223,1,14
8,christliches-kinderhospital-osnabrueck,christliches-kinderhospital-osnabrueck:224,224,1,2
9,christliches-kinderhospital-osnabrueck,christliches-kinderhospital-osnabrueck:227,227,1,-1
8,christliches-kinderhospital-osnabrueck,christliches-kinderhospital-osnabrueck:231,231,1,-1
5,christliches-kinderhospital-osnabrueck,christliches-kinderhospital-osnabrueck:238,238,1,2
3,christliches-kinderhospital-osnabrueck,christliches-kinderhospital-osnabrueck:242,242,1,5
6,christliches-kinderhospital-osnabrueck,christliches-kinderhospital-osnabrueck:249,249,1,2
5,christliches-krankenhaus-quakenbrueck,christliches-krankenhaus-quakenbrueck:13,13,4,-1
5,christliches-krankenhaus-quakenbrueck,christliches-krankenhaus-quakenbrueck:30,30,5,-1
7,christliches-krankenhaus-quakenbrueck,christliches-krankenhaus-quakenbrueck:58,58,5,0
9,christliches-krankenhaus-quakenbrueck,christliches-krankenhaus-quakenbrueck:59,59,5,-1
13,christliches-krankenhaus-quakenbrueck,christliches-krankenhaus-quakenbrueck:60,60,1,-1
3,christliches-krankenhaus-quakenbrueck,christliches-krankenhaus-quakenbrueck:64,64,3,15
8,christliches-krankenhaus-quakenbrueck,christliches-krankenhaus-quakenbrueck:66,66,1,2
7,christliches-krankenhaus-quakenbrueck,christliches-krankenhaus-quakenbrueck:70,70,1,6
5,christliches-krankenhaus-quakenbrueck,christliches-krankenhaus-quakenbrueck:72,72,1,15
8,christliches-krankenhaus-quakenbrueck,christliches-krankenhaus-quakenbrueck:74,74,1,-1
3,christliches-krankenhaus-quakenbrueck,christliches-krankenhaus-quakenbrueck:75,75,1,1
6,christliches-krankenhaus-quakenbrueck,christliches-krankenhaus-quakenbrueck:77,77,1,2
3,christliches-krankenhaus-quakenbrueck,christliches-krankenhaus-quakenbrueck:85,85,5,0
9,christliches-krankenhaus-quakenbrueck,christliches-krankenhaus-quakenbrueck:87,87,1,-1
4,christliches-krankenhaus-quakenbrueck,christliches-krankenhaus-quakenbrueck:90,90,5,0
20,christliches-krankenhaus-quakenbrueck,christliches-krankenhaus-quakenbrueck:92,92,1,13
13,christliches-krankenhaus-quakenbrueck,christliches-krankenhaus-quakenbrueck:95,95,1,-1
3,christliches-krankenhaus-quakenbrueck,christliches-krankenhaus-quakenbrueck:100,100,5,0
5,christliches-krankenhaus-quakenbrueck,christliches-krankenhaus-quakenbrueck:101,101,2,4
4,christliches-krankenhaus-quakenbrueck,christliches-krankenhaus-quakenbrueck:104,104,2,1
15,christliches-krankenhaus-quakenbrueck,christliches-krankenhaus-quakenbrueck:107,107,1,4
3,christliches-krankenhaus-quakenbrueck,christliches-krankenhaus-quakenbrueck:109,109,5,6
3,christliches-krankenhaus-quakenbrueck,christliches-krankenhaus-quakenbrueck:115,115,1,-1
4,christliches-krankenhaus-quakenbrueck,christliches-krankenhaus-quakenbrueck:116,116,1,13
5,christliches-krankenhaus-quakenbrueck,christliches-krankenhaus-quakenbrueck:117,117,5,-1
3,christliches-krankenhaus-quakenbrueck,christliches-krankenhaus-quakenbrueck:119,119,5,0
11,christliches-krankenhaus-quakenbrueck,christliches-krankenhaus-quakenbrueck:120,120,1,-1
12,christliches-krankenhaus-quakenbrueck,christliches-krankenhaus-quakenbrueck:121,121,1,-1
4,christliches-krankenhaus-quakenbrueck,christliches-krankenhaus-quakenbrueck:122,122,5,0
20,christliches-krankenhaus-quakenbrueck,christliches-krankenhaus-quakenbrueck:125,125,1,6
3,christliches-krankenhaus-quakenbrueck,christliches-krankenhaus-quakenbrueck:130,130,5,0
9,christliches-krankenhaus-quakenbrueck,christliches-krankenhaus-quakenbrueck:131,131,1,-1
8,christliches-krankenhaus-quakenbrueck,christliches-krankenhaus-quakenbrueck:132,132,2,-1
18,christliches-krankenhaus-quakenbrueck,christliches-krankenhaus-quakenbrueck:133,133,1,-1
4,christliches-krankenhaus-quakenbrueck,christliches-krankenhaus-quakenbrueck:134,134,4,0
12,christliches-krankenhaus-quakenbrueck,christliches-krankenhaus-quakenbrueck:138,138,5,-1
6,christliches-krankenhaus-quakenbrueck,christliches-krankenhaus-quakenbrueck:141,141,2,-1
4,christliches-krankenhaus-quakenbrueck,christliches-krankenhaus-quakenbrueck:143,143,2,26
5,christliches-krankenhaus-quakenbrueck,christliches-krankenhaus-quakenbrueck:144,144,5,-1
4,christliches-krankenhaus-quakenbrueck,christliches-krankenhaus-quakenbrueck:145,145,5,-1
7,christliches-krankenhaus-quakenbrueck,christliches-krankenhaus-quakenbrueck:146,146,1,15
3,christliches-krankenhaus-quakenbrueck,christliches-krankenhaus-quakenbrueck:147,147,1,-1
13,christliches-krankenhaus-quakenbrueck,christliches-krankenhaus-quakenbrueck:149,149,1,-1
4,christliches-krankenhaus-quakenbrueck,christliches-krankenhaus-quakenbrueck:151,151,3,-1
4,christliches-krankenhaus-quakenbrueck,christliches-krankenhaus-quakenbrueck:152,152,4,15
15,christliches-krankenhaus-quakenbrueck,christliches-krankenhaus-quakenbrueck:154,154,1,8
7,christliches-krankenhaus-quakenbrueck,christliches-krankenhaus-quakenbrueck:155,155,4,-1
7,christliches-krankenhaus-quakenbrueck,christliches-krankenhaus-quakenbrueck:156,156,2,-1
5,christliches-krankenhaus-quakenbrueck,christliches-krankenhaus-quakenbrueck:161,161,1,-1
3,christliches-krankenhaus-quakenbrueck,christliches-krankenhaus-quakenbrueck:162,162,1,-1
6,christliches-krankenhaus-quakenbrueck,christliches-krankenhaus-quakenbrueck:165,165,1,8
8,christliches-krankenhaus-quakenbrueck,christliches-krankenhaus-quakenbrueck:170,170,1,7
7,christliches-krankenhaus-quakenbrueck,christliches-krankenhaus-quakenbrueck:171,171,2,26
3,christliches-krankenhaus-quakenbrueck,christliches-krankenhaus-quakenbrueck:177,177,1,-1
4,christliches-krankenhaus-quakenbrueck,christliches-krankenhaus-quakenbrueck:178,178,1,1
3,christliches-krankenhaus-quakenbrueck,christliches-krankenhaus-quakenbrueck:185,185,1,18
12,christliches-krankenhaus-quakenbrueck,christliches-krankenhaus-quakenbrueck:187,187,1,6
5,christliches-krankenhaus-quakenbrueck,christliches-krankenhaus-quakenbrueck:194,194,1,-1
6,christliches-krankenhaus-quakenbrueck,christliches-krankenhaus-quakenbrueck:195,195,1,3
4,christliches-krankenhaus-quakenbrueck,christliches-krankenhaus-quakenbrueck:202,202,2,-1
3,christliches-krankenhaus-quakenbrueck,christliches-krankenhaus-quakenbrueck:203,203,1,4
4,christliches-krankenhaus-quakenbrueck,christliches-krankenhaus-quakenbrueck:207,207,5,0
19,christliches-krankenhaus-quakenbrueck,christliches-krankenhaus-quakenbrueck:210,210,1,7
7,christliches-krankenhaus-quakenbrueck,christliches-krankenhaus-quakenbrueck:214,214,1,17
5,christliches-krankenhaus-quakenbrueck,christliches-krankenhaus-quakenbrueck:220,220,2,7
8,christliches-krankenhaus-quakenbrueck,christliches-krankenhaus-quakenbrueck:222,222,1,-1
6,christliches-krankenhaus-quakenbrueck,christliches-krankenhaus-quakenbrueck:235,235,1,-1
4,christliches-krankenhaus-quakenbrueck,christliches-krankenhaus-quakenbrueck:236,236,1,4
6,christliches-krankenhaus-quakenbrueck,christliches-krankenhaus-quakenbrueck:237,237,1,-1
3,christliches-krankenhaus-quakenbrueck,christliches-krankenhaus-quakenbrueck:242,242,1,-1
6,christliches-krankenhaus-quakenbrueck,christliches-krankenhaus-quakenbrueck:246,246,1,4
9,christliches-krankenhaus-quakenbrueck,christliches-krankenhaus-quakenbrueck:247,247,1,5
4,christliches-krankenhaus-quakenbrueck,christliches-krankenhaus-quakenbrueck:261,261,1,-1
4,christliches-krankenhaus-quakenbrueck,christliches-krankenhaus-quakenbrueck:264,264,1,3
3,christliches-krankenhaus-quakenbrueck,christliches-krankenhaus-quakenbrueck:268,268,1,4
4,christliches-krankenhaus-quakenbrueck,christliches-krankenhaus-quakenbrueck:275,275,1,5
6,clemens-august-klinik,clemens-august-klinik:11,11,5,-1
5,clemens-august-klinik,clemens-august-klinik:18,18,5,0
3,clemens-august-klinik,clemens-august-klinik:22,22,1,4
13,clemens-august-klinik,clemens-august-klinik:24,24,1,7
3,clemens-august-klinik,clemens-august-klinik:27,27,5,11
18,clemens-august-klinik,clemens-august-klinik:28,28,1,0
6,clemens-august-klinik,clemens-august-klinik:29,29,5,-1
13,clemens-august-klinik,clemens-august-klinik:30,30,1,-1
10,clemens-august-klinik,clemens-august-klinik:31,31,5,-1
5,clemens-august-klinik,clemens-august-klinik:33,33,5,0
15,clemens-august-klinik,clemens-august-klinik:34,34,1,-1
8,clemens-august-klinik,clemens-august-klinik:35,35,1,-1
4,clemens-august-klinik,clemens-august-klinik:36,36,2,26
6,clemens-august-klinik,clemens-august-klinik:38,38,5,0
3,clemens-august-klinik,clemens-august-klinik:40,40,1,-1
19,clemens-august-klinik,clemens-august-klinik:41,41,4,0
24,clemens-august-klinik,clemens-august-klinik:42,42,5,0
3,clemens-august-klinik,clemens-august-klinik:44,44,5,4
3,clemens-august-klinik,clemens-august-klinik:46,46,5,0
19,clemens-august-klinik,clemens-august-klinik:52,52,1,13
17,clemens-august-klinik,clemens-august-klinik:53,53,5,0
7,clemens-august-klinik,clemens-august-klinik:55,55,4,15
14,clemens-august-klinik,clemens-august-klinik:56,56,5,0
20,clemens-august-klinik,clemens-august-klinik:58,58,4,0
24,clemens-august-klinik,clemens-august-klinik:59,59,2,-1
21,clemens-august-klinik,clemens-august-klinik:60,60,5,-1
12,clemens-august-klinik,clemens-august-klinik:61,61,5,0
21,clemens-august-klinik,clemens-august-klinik:62,62,5,0
21,clemens-august-klinik,clemens-august-klinik:64,64,1,-1
13,clemens-august-klinik,clemens-august-klinik:66,66,1,13
7,clemens-august-klinik,clemens-august-klinik:67,67,5,0
12,clemens-august-klinik,clemens-august-klinik:68,68,2,4
14,clemens-august-klinik,clemens-august-klinik:70,70,1,-1
10,clemens-august-klinik,clemens-august-klinik:71,71,5,0
10,clemens-august-klinik,clemens-august-klinik:74,74,1,-1
12,clemens-august-klinik,clemens-august-klinik:75,75,1,-1
10,clemens-august-klinik,clemens-august-klinik:82,82,1,0
9,clemens-august-klinik,clemens-august-klinik:84,84,1,-1
6,clemens-august-klinik,clemens-august-klinik:85,85,5,5
4,clemens-august-klinik,clemens-august-klinik:87,87,2,-1
4,clemens-august-klinik,clemens-august-klinik:90,90,1,-1
3,clemens-august-klinik,clemens-august-klinik:96,96,1,5
31,clemens-august-klinik,clemens-august-klinik:99,99,5,0
3,deister-suentel-klinik-gmbh,deister-suentel-klinik-gmbh:4,4,5,0
4,deister-suentel-klinik-gmbh,deister-suentel-klinik-gmbh:5,5,5,0
4,deister-suentel-klinik-gmbh,deister-suentel-klinik-gmbh:11,11,5,0
3,deister-suentel-klinik-gmbh,deister-suentel-klinik-gmbh:13,13,5,0
5,deister-suentel-klinik-gmbh,deister-suentel-klinik-gmbh:16,16,3,-1
8,deister-suentel-klinik-gmbh,deister-suentel-klinik-gmbh:21,21,5,0
3,deister-suentel-klinik-gmbh,deister-suentel-klinik-gmbh:23,23,5,0
3,deister-suentel-klinik-gmbh,deister-suentel-klinik-gmbh:24,24,5,-1
3,deister-suentel-klinik-gmbh,deister-suentel-klinik-gmbh:25,25,5,-1
3,deister-suentel-klinik-gmbh,deister-suentel-klinik-gmbh:26,26,5,-1
18,delme-klinikum-delmenhorst,delme-klinikum-delmenhorst:30,30,5,0
3,delme-klinikum-delmenhorst,delme-klinikum-delmenhorst:44,44,5,11
7,delme-klinikum-delmenhorst,delme-klinikum-delmenhorst:78,78,5,0
3,delme-klinikum-delmenhorst,delme-klinikum-delmenhorst:81,81,1,-1
8,delme-klinikum-delmenhorst,delme-klinikum-delmenhorst:90,90,1,1
22,delme-klinikum-delmenhorst,delme-klinikum-delmenhorst:96,96,1,6
7,delme-klinikum-delmenhorst,delme-klinikum-delmenhorst:98,98,1,1
4,delme-klinikum-delmenhorst,delme-klinikum-delmenhorst:100,100,5,1
3,delme-klinikum-delmenhorst,delme-klinikum-delmenhorst:103,103,1,-1
3,delme-klinikum-delmenhorst,delme-klinikum-delmenhorst:108,108,5,11
5,delme-klinikum-delmenhorst,delme-klinikum-delmenhorst:115,115,4,12
7,delme-klinikum-delmenhorst,delme-klinikum-delmenhorst:118,118,1,-1
3,delme-klinikum-delmenhorst,delme-klinikum-delmenhorst:119,119,2,12
4,delme-klinikum-delmenhorst,delme-klinikum-delmenhorst:120,120,1,10
3,delme-klinikum-delmenhorst,delme-klinikum-delmenhorst:125,125,2,-1
3,delme-klinikum-delmenhorst,delme-klinikum-delmenhorst:134,134,1,-1
5,delme-klinikum-delmenhorst,delme-klinikum-delmenhorst:138,138,2,-1
4,delme-klinikum-delmenhorst,delme-klinikum-delmenhorst:140,140,5,11
5,delme-klinikum-delmenhorst,delme-klinikum-delmenhorst:142,142,1,1
3,delme-klinikum-delmenhorst,delme-klinikum-delmenhorst:143,143,5,11
16,delme-klinikum-delmenhorst,delme-klinikum-delmenhorst:145,145,1,-1
6,delme-klinikum-delmenhorst,delme-klinikum-delmenhorst:147,147,1,-1
7,delme-klinikum-delmenhorst,delme-klinikum-delmenhorst:148,148,1,10
9,delme-klinikum-delmenhorst,delme-klinikum-delmenhorst:151,151,1,-1
13,delme-klinikum-delmenhorst,delme-klinikum-delmenhorst:154,154,1,-1
8,delme-klinikum-delmenhorst,delme-klinikum-delmenhorst:155,155,4,0
7,delme-klinikum-delmenhorst,delme-klinikum-delmenhorst:156,156,1,-1
3,delme-klinikum-delmenhorst,delme-klinikum-delmenhorst:157,157,1,10
5,delme-klinikum-delmenhorst,delme-klinikum-delmenhorst:167,167,1,7
4,delme-klinikum-delmenhorst,delme-klinikum-delmenhorst:168,168,2,9
10,delme-klinikum-delmenhorst,delme-klinikum-delmenhorst:169,169,1,-1
3,delme-klinikum-delmenhorst,delme-klinikum-delmenhorst:171,171,1,-1
3,delme-klinikum-delmenhorst,delme-klinikum-delmenhorst:172,172,1,2
3,delme-klinikum-delmenhorst,delme-klinikum-delmenhorst:173,173,5,-1
5,delme-klinikum-delmenhorst,delme-klinikum-delmenhorst:174,174,1,3
7,delme-klinikum-delmenhorst,delme-klinikum-delmenhorst:178,178,1,2
7,delme-klinikum-delmenhorst,delme-klinikum-delmenhorst:185,185,1,1
3,delme-klinikum-delmenhorst,delme-klinikum-delmenhorst:187,187,5,0
7,delme-klinikum-delmenhorst,delme-klinikum-delmenhorst:188,188,1,13
5,delme-klinikum-delmenhorst,delme-klinikum-delmenhorst:191,191,1,12
3,delme-klinikum-delmenhorst,delme-klinikum-delmenhorst:193,193,5,0
6,delme-klinikum-delmenhorst,delme-klinikum-delmenhorst:195,195,5,13
3,delme-klinikum-delmenhorst,delme-klinikum-delmenhorst:196,196,3,-1
4,delme-klinikum-delmenhorst,delme-klinikum-delmenhorst:213,213,1,6
4,delme-klinikum-delmenhorst,delme-klinikum-delmenhorst:215,215,1,6
3,delme-klinikum-delmenhorst,delme-klinikum-delmenhorst:216,216,1,-1
7,delme-klinikum-delmenhorst,delme-klinikum-delmenhorst:219,219,5,22
5,delme-klinikum-delmenhorst,delme-klinikum-delmenhorst:220,220,3,12
3,delme-klinikum-delmenhorst,delme-klinikum-delmenhorst:225,225,5,-1
9,delme-klinikum-delmenhorst,delme-klinikum-delmenhorst:230,230,1,10
3,delme-klinikum-delmenhorst,delme-klinikum-delmenhorst:231,231,1,-1
6,delme-klinikum-delmenhorst,delme-klinikum-delmenhorst:234,234,1,7
5,delme-klinikum-delmenhorst,delme-klinikum-delmenhorst:246,246,1,6
11,delme-klinikum-delmenhorst,delme-klinikum-delmenhorst:253,253,1,8
3,delme-klinikum-delmenhorst,delme-klinikum-delmenhorst:255,255,1,-1
4,delme-klinikum-delmenhorst,delme-klinikum-delmenhorst:259,259,1,6
5,delme-klinikum-delmenhorst,delme-klinikum-delmenhorst:263,263,1,-1
5,delme-klinikum-delmenhorst,delme-klinikum-delmenhorst:276,276,1,7
5,delme-klinikum-delmenhorst,delme-klinikum-delmenhorst:284,284,1,9
4,delme-klinikum-delmenhorst,delme-klinikum-delmenhorst:295,295,1,8
4,delme-klinikum-delmenhorst,delme-klinikum-delmenhorst:313,313,1,7
4,delme-klinikum-delmenhorst,delme-klinikum-delmenhorst:343,343,1,4
3,delme-klinikum-delmenhorst,delme-klinikum-delmenhorst:346,346,1,-1
4,diakovere-annastift,diakovere-annastift:16,16,2,-1
4,diakovere-annastift,diakovere-annastift:40,40,5,3
3,diakovere-annastift,diakovere-annastift:74,74,5,-1
3,diakovere-annastift,diakovere-annastift:80,80,5,0
5,diakovere-annastift,diakovere-annastift:86,86,5,13
3,diakovere-annastift,diakovere-annastift:91,91,5,-1
9,diakovere-annastift,diakovere-annastift:93,93,1,3
3,diakovere-annastift,diakovere-annastift:95,95,5,0
6,diakovere-annastift,diakovere-annastift:97,97,1,2
3,diakovere-annastift,diakovere-annastift:102,102,4,-1
3,diakovere-annastift,diakovere-annastift:107,107,5,0
3,diakovere-annastift,diakovere-annastift:108,108,1,-1
4,diakovere-annastift,diakovere-annastift:110,110,5,0
5,diakovere-annastift,diakovere-annastift:111,111,5,0
6,diakovere-annastift,diakovere-annastift:114,114,5,-1
11,diakovere-annastift,diakovere-annastift:118,118,5,0
5,diakovere-annastift,diakovere-annastift:120,120,5,0
4,diakovere-annastift,diakovere-annastift:121,121,1,16
8,diakovere-annastift,diakovere-annastift:122,122,1,19
3,diakovere-annastift,diakovere-annastift:124,124,4,0
10,diakovere-annastift,diakovere-annastift:125,125,1,-1
11,diakovere-annastift,diakovere-annastift:129,129,1,13
5,diakovere-annastift,diakovere-annastift:131,131,5,0
6,diakovere-annastift,diakovere-annastift:134,134,5,-1
3,diakovere-annastift,diakovere-annastift:136,136,5,0
4,diakovere-annastift,diakovere-annastift:138,138,1,-1
8,diakovere-annastift,diakovere-annastift:141,141,4,2
4,diakovere-annastift,diakovere-annastift:145,145,1,1
15,diakovere-annastift,diakovere-annastift:146,146,1,-1
7,diakovere-annastift,diakovere-annastift:149,149,2,2
4,diakovere-annastift,diakovere-annastift:150,150,5,0
3,diakovere-annastift,diakovere-annastift:154,154,3,-1
4,diakovere-annastift,diakovere-annastift:157,157,5,0
6,diakovere-annastift,diakovere-annastift:158,158,3,-1
4,diakovere-annastift,diakovere-annastift:161,161,5,0
4,diakovere-annastift,diakovere-annastift:162,162,1,19
3,diakovere-annastift,diakovere-annastift:163,163,4,0
4,diakovere-annastift,diakovere-annastift:166,166,1,0
6,diakovere-annastift,diakovere-annastift:167,167,4,0
6,diakovere-annastift,diakovere-annastift:168,168,1,19
5,diakovere-annastift,diakovere-annastift:169,169,5,13
8,diakovere-annastift,diakovere-annastift:171,171,1,19
5,diakovere-annastift,diakovere-annastift:176,176,5,0
6,diakovere-annastift,diakovere-annastift:179,179,3,-1
4,diakovere-annastift,diakovere-annastift:183,183,4,0
5,diakovere-annastift,diakovere-annastift:190,190,5,0
5,diakovere-annastift,diakovere-annastift:191,191,5,0
3,diakovere-annastift,diakovere-annastift:193,193,1,19
7,diakovere-annastift,diakovere-annastift:194,194,1,9
5,diakovere-annastift,diakovere-annastift:195,195,1,7
4,diakovere-annastift,diakovere-annastift:196,196,1,1
16,diakovere-annastift,diakovere-annastift:200,200,1,-1
3,diakovere-annastift,diakovere-annastift:203,203,2,-1
5,diakovere-annastift,diakovere-annastift:204,204,1,8
5,diakovere-annastift,diakovere-annastift:206,206,1,19
3,diakovere-annastift,diakovere-annastift:208,208,2,26
6,diakovere-annastift,diakovere-annastift:209,209,4,0
7,diakovere-annastift,diakovere-annastift:210,210,1,-1
4,diakovere-annastift,diakovere-annastift:213,213,5,0
7,diakovere-annastift,diakovere-annastift:215,215,1,2
4,diakovere-annastift,diakovere-annastift:216,216,2,15
5,diakovere-annastift,diakovere-annastift:221,221,5,0
3,diakovere-annastift,diakovere-annastift:233,233,1,19
10,diakovere-annastift,diakovere-annastift:234,234,3,17
6,diakovere-annastift,diakovere-annastift:238,238,5,0
7,diakovere-annastift,diakovere-annastift:242,242,5,0
3,diakovere-annastift,diakovere-annastift:244,244,1,19
3,diakovere-annastift,diakovere-annastift:249,249,3,24
3,diakovere-annastift,diakovere-annastift:251,251,1,-1
5,diakovere-annastift,diakovere-annastift:252,252,5,0
3,diakovere-annastift,diakovere-annastift:255,255,5,0
5,diakovere-annastift,diakovere-annastift:262,262,5,0
3,diakovere-annastift,diakovere-annastift:263,263,5,0
3,diakovere-annastift,diakovere-annastift:266,266,5,0
3,diakovere-annastift,diakovere-annastift:303,303,5,0
5,diakovere-friederikenstift,diakovere-friederikenstift:37,37,5,0
3,diakovere-friederikenstift,diakovere-friederikenstift:40,40,5,0
10,diakovere-friederikenstift,diakovere-friederikenstift:41,41,5,0
16,diakovere-friederikenstift,diakovere-friederikenstift:45,45,5,0
9,diakovere-friederikenstift,diakovere-friederikenstift:57,57,1,21
3,diakovere-friederikenstift,diakovere-friederikenstift:70,70,5,-1
6,diakovere-friederikenstift,diakovere-friederikenstift:77,77,1,1
3,diakovere-friederikenstift,diakovere-friederikenstift:78,78,5,-1
3,diakovere-friederikenstift,diakovere-friederikenstift:81,81,1,1
7,diakovere-friederikenstift,diakovere-friederikenstift:87,87,1,1
9,diakovere-friederikenstift,diakovere-friederikenstift:92,92,1,-1
9,diakovere-friederikenstift,diakovere-friederikenstift:95,95,5,8
12,diakovere-friederikenstift,diakovere-friederikenstift:105,105,1,1
4,diakovere-friederikenstift,diakovere-friederikenstift:109,109,,1
8,diakovere-friederikenstift,diakovere-friederikenstift:112,112,1,8
6,diakovere-friederikenstift,diakovere-friederikenstift:114,114,2,15
4,diakovere-friederikenstift,diakovere-friederikenstift:116,116,2,1
3,diakovere-friederikenstift,diakovere-friederikenstift:120,120,1,21
12,diakovere-friederikenstift,diakovere-friederikenstift:122,122,1,10
21,diakovere-friederikenstift,diakovere-friederikenstift:126,126,1,18
6,diakovere-friederikenstift,diakovere-friederikenstift:127,127,1,-1
15,diakovere-friederikenstift,diakovere-friederikenstift:129,129,1,-1
6,diakovere-friederikenstift,diakovere-friederikenstift:131,131,5,0
4,diakovere-friederikenstift,diakovere-friederikenstift:136,136,5,-1
6,diakovere-friederikenstift,diakovere-friederikenstift:140,140,5,-1
3,diakovere-friederikenstift,diakovere-friederikenstift:143,143,1,20
3,diakovere-friederikenstift,diakovere-friederikenstift:156,156,1,-1
3,diakovere-friederikenstift,diakovere-friederikenstift:159,159,5,11
4,diakovere-friederikenstift,diakovere-friederikenstift:161,161,1,27
6,diakovere-friederikenstift,diakovere-friederikenstift:162,162,2,-1
13,diakovere-friederikenstift,diakovere-friederikenstift:168,168,1,-1
5,diakovere-friederikenstift,diakovere-friederikenstift:170,170,5,0
9,diakovere-friederikenstift,diakovere-friederikenstift:172,172,1,10
3,diakovere-friederikenstift,diakovere-friederikenstift:175,175,5,0
7,diakovere-friederikenstift,diakovere-friederikenstift:178,178,5,3
6,diakovere-friederikenstift,diakovere-friederikenstift:179,179,1,1
3,diakovere-friederikenstift,diakovere-friederikenstift:180,180,1,18
6,diakovere-friederikenstift,diakovere-friederikenstift:181,181,1,12
3,diakovere-friederikenstift,diakovere-friederikenstift:183,183,5,11
3,diakovere-friederikenstift,diakovere-friederikenstift:184,184,1,9
10,diakovere-friederikenstift,diakovere-friederikenstift:185,185,1,-1
7,diakovere-friederikenstift,diakovere-friederikenstift:193,193,2,-1
11,diakovere-friederikenstift,diakovere-friederikenstift:194,194,1,-1
10,diakovere-friederikenstift,diakovere-friederikenstift:204,204,1,2
3,diakovere-friederikenstift,diakovere-friederikenstift:205,205,5,1
4,diakovere-friederikenstift,diakovere-friederikenstift:209,209,5,-1
3,diakovere-friederikenstift,diakovere-friederikenstift:210,210,1,8
8,diakovere-friederikenstift,diakovere-friederikenstift:211,211,1,-1
5,diakovere-friederikenstift,diakovere-friederikenstift:213,213,5,-1
11,diakovere-friederikenstift,diakovere-friederikenstift:218,218,1,-1
3,diakovere-friederikenstift,diakovere-friederikenstift:219,219,1,12
4,diakovere-friederikenstift,diakovere-friederikenstift:220,220,5,0
5,diakovere-friederikenstift,diakovere-friederikenstift:221,221,1,9
3,diakovere-friederikenstift,diakovere-friederikenstift:222,222,5,-1
12,diakovere-friederikenstift,diakovere-friederikenstift:226,226,1,4
4,diakovere-friederikenstift,diakovere-friederikenstift:228,228,5,12
4,diakovere-friederikenstift,diakovere-friederikenstift:238,238,5,0
15,diakovere-friederikenstift,diakovere-friederikenstift:240,240,1,12
9,diakovere-friederikenstift,diakovere-friederikenstift:241,241,1,-1
7,diakovere-friederikenstift,diakovere-friederikenstift:248,248,1,6
3,diakovere-friederikenstift,diakovere-friederikenstift:249,249,5,0
3,diakovere-friederikenstift,diakovere-friederikenstift:250,250,2,-1
6,diakovere-friederikenstift,diakovere-friederikenstift:251,251,1,1
9,diakovere-friederikenstift,diakovere-friederikenstift:254,254,1,-1
9,diakovere-friederikenstift,diakovere-friederikenstift:260,260,1,1
8,diakovere-friederikenstift,diakovere-friederikenstift:262,262,1,6
17,diakovere-friederikenstift,diakovere-friederikenstift:263,263,1,-1
6,diakovere-friederikenstift,diakovere-friederikenstift:264,264,3,4
6,diakovere-friederikenstift,diakovere-friederikenstift:265,265,1,-1
11,diakovere-friederikenstift,diakovere-friederikenstift:266,266,1,6
4,diakovere-friederikenstift,diakovere-friederikenstift:267,267,1,8
3,diakovere-friederikenstift,diakovere-friederikenstift:270,270,1,2
3,diakovere-friederikenstift,diakovere-friederikenstift:271,271,5,-1
5,diakovere-friederikenstift,diakovere-friederikenstift:272,272,1,14
5,diakovere-friederikenstift,diakovere-friederikenstift:273,273,1,-1
5,diakovere-friederikenstift,diakovere-friederikenstift:276,276,1,1
11,diakovere-friederikenstift,diakovere-friederikenstift:280,280,1,1
6,diakovere-friederikenstift,diakovere-friederikenstift:283,283,1,3
11,diakovere-friederikenstift,diakovere-friederikenstift:285,285,1,1
3,diakovere-friederikenstift,diakovere-friederikenstift:286,286,5,-1
3,diakovere-friederikenstift,diakovere-friederikenstift:287,287,5,0
3,diakovere-friederikenstift,diakovere-friederikenstift:293,293,1,-1
4,diakovere-friederikenstift,diakovere-friederikenstift:294,294,1,-1
15,diakovere-friederikenstift,diakovere-friederikenstift:299,299,1,-1
6,diakovere-friederikenstift,diakovere-friederikenstift:300,300,2,0
3,diakovere-friederikenstift,diakovere-friederikenstift:301,301,4,0
3,diakovere-friederikenstift,diakovere-friederikenstift:302,302,1,-1
3,diakovere-friederikenstift,diakovere-friederikenstift:307,307,1,6
10,diakovere-friederikenstift,diakovere-friederikenstift:315,315,1,6
5,diakovere-friederikenstift,diakovere-friederikenstift:316,316,2,15
6,diakovere-friederikenstift,diakovere-friederikenstift:317,317,3,12
7,diakovere-friederikenstift,diakovere-friederikenstift:318,318,1,-1
3,diakovere-friederikenstift,diakovere-friederikenstift:319,319,1,-1
12,diakovere-friederikenstift,diakovere-friederikenstift:330,330,1,-1
5,diakovere-friederikenstift,diakovere-friederikenstift:331,331,1,8
4,diakovere-friederikenstift,diakovere-friederikenstift:336,336,1,6
3,diakovere-friederikenstift,diakovere-friederikenstift:337,337,5,0
4,diakovere-friederikenstift,diakovere-friederikenstift:338,338,1,1
4,diakovere-friederikenstift,diakovere-friederikenstift:341,341,5,0
9,diakovere-friederikenstift,diakovere-friederikenstift:345,345,1,-1
9,diakovere-friederikenstift,diakovere-friederikenstift:347,347,1,-1
4,diakovere-friederikenstift,diakovere-friederikenstift:351,351,2,4
3,diakovere-friederikenstift,diakovere-friederikenstift:352,352,3,-1
6,diakovere-friederikenstift,diakovere-friederikenstift:356,356,1,16
4,diakovere-friederikenstift,diakovere-friederikenstift:361,361,1,0
6,diakovere-friederikenstift,diakovere-friederikenstift:367,367,1,20
5,diakovere-friederikenstift,diakovere-friederikenstift:380,380,1,2
3,diakovere-friederikenstift,diakovere-friederikenstift:389,389,5,-1
6,diakovere-friederikenstift,diakovere-friederikenstift:399,399,1,-1
3,diakovere-friederikenstift,diakovere-friederikenstift:403,403,1,1
6,diakovere-friederikenstift,diakovere-friederikenstift:423,423,1,-1
6,diakovere-friederikenstift,diakovere-friederikenstift:427,427,1,10
3,diakovere-friederikenstift,diakovere-friederikenstift:436,436,1,-1
5,diakovere-friederikenstift,diakovere-friederikenstift:442,442,1,7
6,diakovere-friederikenstift,diakovere-friederikenstift:445,445,1,6
3,diakovere-friederikenstift,diakovere-friederikenstift:450,450,5,0
3,diakovere-friederikenstift,diakovere-friederikenstift:470,470,1,1
9,diakovere-friederikenstift,diakovere-friederikenstift:471,471,1,5
5,diakovere-friederikenstift,diakovere-friederikenstift:476,476,2,-1
5,diakovere-friederikenstift,diakovere-friederikenstift:504,504,1,7
4,diakovere-friederikenstift,diakovere-friederikenstift:516,516,1,-1
4,diakovere-friederikenstift,diakovere-friederikenstift:524,524,1,-1
12,diakovere-friederikenstift,diakovere-friederikenstift:537,537,1,8
3,diakovere-friederikenstift,diakovere-friederikenstift:540,540,1,-1
8,diakovere-friederikenstift,diakovere-friederikenstift:563,563,1,5
3,diakovere-friederikenstift,diakovere-friederikenstift:622,622,2,-1
3,diakovere-friederikenstift,diakovere-friederikenstift:641,641,1,14
5,diakovere-friederikenstift,diakovere-friederikenstift:703,703,1,-1
3,diakovere-friederikenstift,diakovere-friederikenstift:713,713,1,-1
6,diakovere-henriettenstift,diakovere-henriettenstift:94,94,2,0
7,diakovere-henriettenstift,diakovere-henriettenstift:96,96,1,-1
4,diakovere-henriettenstift,diakovere-henriettenstift:97,97,5,8
3,diakovere-henriettenstift,diakovere-henriettenstift:102,102,1,-1
5,diakovere-henriettenstift,diakovere-henriettenstift:108,108,1,-1
16,diakovere-henriettenstift,diakovere-henriettenstift:111,111,1,-1
3,diakovere-henriettenstift,diakovere-henriettenstift:112,112,5,11
9,diakovere-henriettenstift,diakovere-henriettenstift:116,116,2,0
5,diakovere-henriettenstift,diakovere-henriettenstift:120,120,5,-1
11,diakovere-henriettenstift,diakovere-henriettenstift:122,122,1,6
6,diakovere-henriettenstift,diakovere-henriettenstift:124,124,4,0
8,diakovere-henriettenstift,diakovere-henriettenstift:129,129,1,-1
6,diakovere-henriettenstift,diakovere-henriettenstift:130,130,1,18
5,diakovere-henriettenstift,diakovere-henriettenstift:132,132,5,8
6,diakovere-henriettenstift,diakovere-henriettenstift:133,133,1,10
8,diakovere-henriettenstift,diakovere-henriettenstift:135,135,1,6
3,diakovere-henriettenstift,diakovere-henriettenstift:137,137,5,0
13,diakovere-henriettenstift,diakovere-henriettenstift:141,141,1,-1
7,diakovere-henriettenstift,diakovere-henriettenstift:145,145,1,6
6,diakovere-henriettenstift,diakovere-henriettenstift:147,147,1,-1
5,diakovere-henriettenstift,diakovere-henriettenstift:148,148,5,22
6,diakovere-henriettenstift,diakovere-henriettenstift:149,149,1,10
4,diakovere-henriettenstift,diakovere-henriettenstift:150,150,5,0
3,diakovere-henriettenstift,diakovere-henriettenstift:151,151,5,0
19,diakovere-henriettenstift,diakovere-henriettenstift:155,155,1,1
3,diakovere-henriettenstift,diakovere-henriettenstift:157,157,2,-1
6,diakovere-henriettenstift,diakovere-henriettenstift:159,159,5,-1
7,diakovere-henriettenstift,diakovere-henriettenstift:161,161,1,-1
5,diakovere-henriettenstift,diakovere-henriettenstift:162,162,5,0
3,diakovere-henriettenstift,diakovere-henriettenstift:164,164,1,-1
11,diakovere-henriettenstift,diakovere-henriettenstift:167,167,1,-1
3,diakovere-henriettenstift,diakovere-henriettenstift:168,168,5,0
12,diakovere-henriettenstift,diakovere-henriettenstift:169,169,1,8
3,diakovere-henriettenstift,diakovere-henriettenstift:170,170,5,0
3,diakovere-henriettenstift,diakovere-henriettenstift:172,172,1,1
5,diakovere-henriettenstift,diakovere-henriettenstift:174,174,1,-1
10,diakovere-henriettenstift,diakovere-henriettenstift:177,177,1,6
12,diakovere-henriettenstift,diakovere-henriettenstift:178,178,1,0
15,diakovere-henriettenstift,diakovere-henriettenstift:179,179,1,6
6,diakovere-henriettenstift,diakovere-henriettenstift:186,186,1,-1
11,diakovere-henriettenstift,diakovere-henriettenstift:190,190,2,10
19,diakovere-henriettenstift,diakovere-henriettenstift:191,191,1,6
12,diakovere-henriettenstift,diakovere-henriettenstift:196,196,1,6
3,diakovere-henriettenstift,diakovere-henriettenstift:197,197,1,-1
6,diakovere-henriettenstift,diakovere-henriettenstift:202,202,1,-1
7,diakovere-henriettenstift,diakovere-henriettenstift:209,209,1,16
3,diakovere-henriettenstift,diakovere-henriettenstift:215,215,1,4
7,diakovere-henriettenstift,diakovere-henriettenstift:216,216,1,10
4,diakovere-henriettenstift,diakovere-henriettenstift:217,217,1,1
5,diakovere-henriettenstift,diakovere-henriettenstift:218,218,1,6
7,diakovere-henriettenstift,diakovere-henriettenstift:230,230,1,-1
5,diakovere-henriettenstift,diakovere-henriettenstift:234,234,1,1
3,diakovere-henriettenstift,diakovere-henriettenstift:236,236,1,7
4,diakovere-henriettenstift,diakovere-henriettenstift:237,237,5,8
4,diakovere-henriettenstift,diakovere-henriettenstift:239,239,1,4
8,diakovere-henriettenstift,diakovere-henriettenstift:241,241,1,-1
6,diakovere-henriettenstift,diakovere-henriettenstift:245,245,1,14
9,diakovere-henriettenstift,diakovere-henriettenstift:257,257,1,17
3,diakovere-henriettenstift,diakovere-henriettenstift:258,258,5,-1
5,diakovere-henriettenstift,diakovere-henriettenstift:263,263,1,-1
4,diakovere-henriettenstift,diakovere-henriettenstift:265,265,1,5
4,diakovere-henriettenstift,diakovere-henriettenstift:270,270,1,13
5,diakovere-henriettenstift,diakovere-henriettenstift:310,310,3,5
3,diakovere-henriettenstift,diakovere-henriettenstift:368,368,2,5
4,drk-krankenhaus-clementinenhaus,drk-krankenhaus-clementinenhaus:29,29,5,0
6,drk-krankenhaus-clementinenhaus,drk-krankenhaus-clementinenhaus:33,33,5,0
6,drk-krankenhaus-clementinenhaus,drk-krankenhaus-clementinenhaus:55,55,1,1
4,drk-krankenhaus-clementinenhaus,drk-krankenhaus-clementinenhaus:58,58,5,0
3,drk-krankenhaus-clementinenhaus,drk-krankenhaus-clementinenhaus:69,69,5,0
4,drk-krankenhaus-clementinenhaus,drk-krankenhaus-clementinenhaus:73,73,5,0
3,drk-krankenhaus-clementinenhaus,drk-krankenhaus-clementinenhaus:85,85,5,0
4,drk-krankenhaus-clementinenhaus,drk-krankenhaus-clementinenhaus:89,89,5,-1
6,drk-krankenhaus-clementinenhaus,drk-krankenhaus-clementinenhaus:94,94,5,0
6,drk-krankenhaus-clementinenhaus,drk-krankenhaus-clementinenhaus:95,95,5,0
4,drk-krankenhaus-clementinenhaus,drk-krankenhaus-clementinenhaus:98,98,5,0
4,drk-krankenhaus-clementinenhaus,drk-krankenhaus-clementinenhaus:104,104,4,8
3,drk-krankenhaus-clementinenhaus,drk-krankenhaus-clementinenhaus:105,105,5,-1
3,drk-krankenhaus-clementinenhaus,drk-krankenhaus-clementinenhaus:106,106,5,0
4,drk-krankenhaus-clementinenhaus,drk-krankenhaus-clementinenhaus:107,107,5,0
3,drk-krankenhaus-clementinenhaus,drk-krankenhaus-clementinenhaus:108,108,5,-1
4,drk-krankenhaus-clementinenhaus,drk-krankenhaus-clementinenhaus:111,111,5,13
3,drk-krankenhaus-clementinenhaus,drk-krankenhaus-clementinenhaus:113,113,5,0
8,drk-krankenhaus-clementinenhaus,drk-krankenhaus-clementinenhaus:114,114,5,-1
3,drk-krankenhaus-clementinenhaus,drk-krankenhaus-clementinenhaus:124,124,5,0
4,drk-krankenhaus-clementinenhaus,drk-krankenhaus-clementinenhaus:125,125,5,0
6,drk-krankenhaus-clementinenhaus,drk-krankenhaus-clementinenhaus:135,135,1,-1
6,drk-krankenhaus-clementinenhaus,drk-krankenhaus-clementinenhaus:137,137,5,0
7,drk-krankenhaus-clementinenhaus,drk-krankenhaus-clementinenhaus:139,139,1,-1
5,drk-krankenhaus-clementinenhaus,drk-krankenhaus-clementinenhaus:143,143,5,0
8,drk-krankenhaus-clementinenhaus,drk-krankenhaus-clementinenhaus:148,148,1,-1
3,drk-krankenhaus-clementinenhaus,drk-krankenhaus-clementinenhaus:149,149,5,-1
9,drk-krankenhaus-clementinenhaus,drk-krankenhaus-clementinenhaus:152,152,1,1
13,drk-krankenhaus-clementinenhaus,drk-krankenhaus-clementinenhaus:156,156,1,-1
4,drk-krankenhaus-clementinenhaus,drk-krankenhaus-clementinenhaus:157,157,5,-1
5,drk-krankenhaus-clementinenhaus,drk-krankenhaus-clementinenhaus:159,159,2,-1
4,drk-krankenhaus-clementinenhaus,drk-krankenhaus-clementinenhaus:162,162,1,1
11,drk-krankenhaus-clementinenhaus,drk-krankenhaus-clementinenhaus:168,168,1,6
5,drk-krankenhaus-clementinenhaus,drk-krankenhaus-clementinenhaus:172,172,5,0
5,drk-krankenhaus-clementinenhaus,drk-krankenhaus-clementinenhaus:173,173,3,6
3,drk-krankenhaus-clementinenhaus,drk-krankenhaus-clementinenhaus:176,176,5,0
3,drk-krankenhaus-clementinenhaus,drk-krankenhaus-clementinenhaus:178,178,5,-1
3,drk-krankenhaus-clementinenhaus,drk-krankenhaus-clementinenhaus:181,181,5,0
4,drk-krankenhaus-clementinenhaus,drk-krankenhaus-clementinenhaus:182,182,5,-1
4,drk-krankenhaus-clementinenhaus,drk-krankenhaus-clementinenhaus:184,184,5,0
5,drk-krankenhaus-clementinenhaus,drk-krankenhaus-clementinenhaus:190,190,2,-1
13,drk-krankenhaus-clementinenhaus,drk-krankenhaus-clementinenhaus:192,192,1,-1
10,drk-krankenhaus-clementinenhaus,drk-krankenhaus-clementinenhaus:193,193,1,-1
3,drk-krankenhaus-clementinenhaus,drk-krankenhaus-clementinenhaus:196,196,5,0
9,drk-krankenhaus-clementinenhaus,drk-krankenhaus-clementinenhaus:197,197,1,-1
5,drk-krankenhaus-clementinenhaus,drk-krankenhaus-clementinenhaus:198,198,1,1
6,drk-krankenhaus-clementinenhaus,drk-krankenhaus-clementinenhaus:200,200,5,0
6,drk-krankenhaus-clementinenhaus,drk-krankenhaus-clementinenhaus:208,208,1,-1
8,drk-krankenhaus-clementinenhaus,drk-krankenhaus-clementinenhaus:219,219,1,-1
5,drk-krankenhaus-clementinenhaus,drk-krankenhaus-clementinenhaus:225,225,5,0
4,drk-krankenhaus-clementinenhaus,drk-krankenhaus-clementinenhaus:228,228,5,0
4,drk-krankenhaus-clementinenhaus,drk-krankenhaus-clementinenhaus:232,232,1,1
6,drk-krankenhaus-clementinenhaus,drk-krankenhaus-clementinenhaus:234,234,1,1
6,drk-krankenhaus-clementinenhaus,drk-krankenhaus-clementinenhaus:236,236,4,24
9,drk-krankenhaus-clementinenhaus,drk-krankenhaus-clementinenhaus:238,238,1,-1
6,drk-krankenhaus-clementinenhaus,drk-krankenhaus-clementinenhaus:239,239,1,13
5,drk-krankenhaus-clementinenhaus,drk-krankenhaus-clementinenhaus:242,242,5,0
4,drk-krankenhaus-clementinenhaus,drk-krankenhaus-clementinenhaus:243,243,2,-1
3,drk-krankenhaus-clementinenhaus,drk-krankenhaus-clementinenhaus:250,250,5,-1
3,drk-krankenhaus-clementinenhaus,drk-krankenhaus-clementinenhaus:252,252,5,0
4,drk-krankenhaus-clementinenhaus,drk-krankenhaus-clementinenhaus:253,253,1,6
3,drk-krankenhaus-clementinenhaus,drk-krankenhaus-clementinenhaus:256,256,5,13
3,drk-krankenhaus-clementinenhaus,drk-krankenhaus-clementinenhaus:258,258,5,0
7,drk-krankenhaus-clementinenhaus,drk-krankenhaus-clementinenhaus:259,259,1,-1
5,drk-krankenhaus-clementinenhaus,drk-krankenhaus-clementinenhaus:261,261,5,0
3,drk-krankenhaus-clementinenhaus,drk-krankenhaus-clementinenhaus:269,269,5,0
20,drk-krankenhaus-clementinenhaus,drk-krankenhaus-clementinenhaus:273,273,1,-1
5,drk-krankenhaus-clementinenhaus,drk-krankenhaus-clementinenhaus:279,279,1,10
9,drk-krankenhaus-clementinenhaus,drk-krankenhaus-clementinenhaus:280,280,1,1
4,drk-krankenhaus-clementinenhaus,drk-krankenhaus-clementinenhaus:282,282,5,0
7,drk-krankenhaus-clementinenhaus,drk-krankenhaus-clementinenhaus:283,283,1,-1
6,drk-krankenhaus-clementinenhaus,drk-krankenhaus-clementinenhaus:286,286,5,0
3,drk-krankenhaus-clementinenhaus,drk-krankenhaus-clementinenhaus:290,290,4,-1
3,drk-krankenhaus-clementinenhaus,drk-krankenhaus-clementinenhaus:299,299,1,-1
4,drk-krankenhaus-clementinenhaus,drk-krankenhaus-clementinenhaus:308,308,1,-1
3,drk-krankenhaus-clementinenhaus,drk-krankenhaus-clementinenhaus:328,328,5,0
5,drk-krankenhaus-clementinenhaus,drk-krankenhaus-clementinenhaus:332,332,1,-1
4,drk-krankenhaus-clementinenhaus,drk-krankenhaus-clementinenhaus:337,337,5,0
4,drk-krankenhaus-clementinenhaus,drk-krankenhaus-clementinenhaus:342,342,5,0
5,drk-krankenhaus-clementinenhaus,drk-krankenhaus-clementinenhaus:345,345,5,0
6,drk-krankenhaus-clementinenhaus,drk-krankenhaus-clementinenhaus:348,348,1,-1
4,drk-krankenhaus-clementinenhaus,drk-krankenhaus-clementinenhaus:351,351,1,-1
3,drk-krankenhaus-clementinenhaus,drk-krankenhaus-clementinenhaus:354,354,5,0
3,drk-krankenhaus-clementinenhaus,drk-krankenhaus-clementinenhaus:358,358,1,10
10,drk-krankenhaus-clementinenhaus,drk-krankenhaus-clementinenhaus:366,366,1,-1
5,drk-krankenhaus-clementinenhaus,drk-krankenhaus-clementinenhaus:368,368,1,-1
3,drk-krankenhaus-clementinenhaus,drk-krankenhaus-clementinenhaus:372,372,5,-1
3,drk-krankenhaus-clementinenhaus,drk-krankenhaus-clementinenhaus:377,377,1,-1
3,drk-krankenhaus-clementinenhaus,drk-krankenhaus-clementinenhaus:378,378,1,3
4,drk-krankenhaus-clementinenhaus,drk-krankenhaus-clementinenhaus:387,387,1,-1
5,drk-krankenhaus-clementinenhaus,drk-krankenhaus-clementinenhaus:389,389,1,8
7,drk-krankenhaus-clementinenhaus,drk-krankenhaus-clementinenhaus:398,398,5,-1
3,drk-krankenhaus-clementinenhaus,drk-krankenhaus-clementinenhaus:416,416,1,5
5,drk-krankenhaus-clementinenhaus,drk-krankenhaus-clementinenhaus:418,418,1,4
3,drk-krankenhaus-clementinenhaus,drk-krankenhaus-clementinenhaus:422,422,1,7
6,drk-krankenhaus-clementinenhaus,drk-krankenhaus-clementinenhaus:433,433,1,-1
3,drk-krankenhaus-clementinenhaus,drk-krankenhaus-clementinenhaus:460,460,5,8
4,drk-krankenhaus-clementinenhaus,drk-krankenhaus-clementinenhaus:467,467,1,5
3,drk-krankenhaus-clementinenhaus,drk-krankenhaus-clementinenhaus:469,469,5,8
3,drk-krankenhaus-clementinenhaus,drk-krankenhaus-clementinenhaus:473,473,1,9
3,drk-krankenhaus-clementinenhaus,drk-krankenhaus-clementinenhaus:492,492,1,5
3,drk-krankenhaus-clementinenhaus,drk-krankenhaus-clementinenhaus:513,513,1,1
3,drk-krankenhaus-clementinenhaus,drk-krankenhaus-clementinenhaus:515,515,4,8
3,eilenriede-klinik-hannover,eilenriede-klinik-hannover:13,13,5,0
5,eilenriede-klinik-hannover,eilenriede-klinik-hannover:15,15,5,-1
8,eilenriede-klinik-hannover,eilenriede-klinik-hannover:51,51,5,0
3,eilenriede-klinik-hannover,eilenriede-klinik-hannover:62,62,5,0
6,eilenriede-klinik-hannover,eilenriede-klinik-hannover:64,64,4,0
3,eilenriede-klinik-hannover,eilenriede-klinik-hannover:72,72,5,8
3,eilenriede-klinik-hannover,eilenriede-klinik-hannover:77,77,5,0
6,eilenriede-klinik-hannover,eilenriede-klinik-hannover:79,79,5,0
5,eilenriede-klinik-hannover,eilenriede-klinik-hannover:81,81,5,0
12,eilenriede-klinik-hannover,eilenriede-klinik-hannover:87,87,3,-1
5,eilenriede-klinik-hannover,eilenriede-klinik-hannover:91,91,5,0
4,eilenriede-klinik-hannover,eilenriede-klinik-hannover:94,94,5,-1
5,eilenriede-klinik-hannover,eilenriede-klinik-hannover:105,105,5,13
3,eilenriede-klinik-hannover,eilenriede-klinik-hannover:134,134,5,0
3,eilenriede-klinik-hannover,eilenriede-klinik-hannover:138,138,5,0
12,einbecker-buergerspital-gmbh,einbecker-buergerspital-gmbh:16,16,1,1
4,einbecker-buergerspital-gmbh,einbecker-buergerspital-gmbh:18,18,4,0
9,einbecker-buergerspital-gmbh,einbecker-buergerspital-gmbh:25,25,5,8
7,einbecker-buergerspital-gmbh,einbecker-buergerspital-gmbh:30,30,1,-1
10,einbecker-buergerspital-gmbh,einbecker-buergerspital-gmbh:32,32,1,13
4,einbecker-buergerspital-gmbh,einbecker-buergerspital-gmbh:33,33,5,0
15,einbecker-buergerspital-gmbh,einbecker-buergerspital-gmbh:34,34,1,1
5,einbecker-buergerspital-gmbh,einbecker-buergerspital-gmbh:35,35,1,2
4,einbecker-buergerspital-gmbh,einbecker-buergerspital-gmbh:36,36,2,15
4,einbecker-buergerspital-gmbh,einbecker-buergerspital-gmbh:37,37,1,-1
4,einbecker-buergerspital-gmbh,einbecker-buergerspital-gmbh:41,41,5,-1
7,einbecker-buergerspital-gmbh,einbecker-buergerspital-gmbh:46,46,1,-1
3,einbecker-buergerspital-gmbh,einbecker-buergerspital-gmbh:47,47,1,16
7,einbecker-buergerspital-gmbh,einbecker-buergerspital-gmbh:48,48,1,-1
3,einbecker-buergerspital-gmbh,einbecker-buergerspital-gmbh:49,49,5,0
10,einbecker-buergerspital-gmbh,einbecker-buergerspital-gmbh:51,51,1,-1
6,einbecker-buergerspital-gmbh,einbecker-buergerspital-gmbh:53,53,1,-1
4,einbecker-buergerspital-gmbh,einbecker-buergerspital-gmbh:59,59,1,8
7,einbecker-buergerspital-gmbh,einbecker-buergerspital-gmbh:61,61,1,2
4,einbecker-buergerspital-gmbh,einbecker-buergerspital-gmbh:62,62,1,2
6,einbecker-buergerspital-gmbh,einbecker-buergerspital-gmbh:64,64,1,16
13,einbecker-buergerspital-gmbh,einbecker-buergerspital-gmbh:74,74,1,7
3,einbecker-buergerspital-gmbh,einbecker-buergerspital-gmbh:82,82,5,0
3,einbecker-buergerspital-gmbh,einbecker-buergerspital-gmbh:83,83,1,4
4,einbecker-buergerspital-gmbh,einbecker-buergerspital-gmbh:95,95,2,8
9,elbe-klinikum-buxtehude,elbe-klinikum-buxtehude:20,20,1,1
7,elbe-klinikum-buxtehude,elbe-klinikum-buxtehude:44,44,1,9
5,elbe-klinikum-buxtehude,elbe-klinikum-buxtehude:49,49,1,-1
5,elbe-klinikum-buxtehude,elbe-klinikum-buxtehude:57,57,1,-1
4,elbe-klinikum-buxtehude,elbe-klinikum-buxtehude:59,59,1,-1
3,elbe-klinikum-buxtehude,elbe-klinikum-buxtehude:63,63,5,0
3,elbe-klinikum-buxtehude,elbe-klinikum-buxtehude:64,64,1,-1
3,elbe-klinikum-buxtehude,elbe-klinikum-buxtehude:66,66,3,-1
3,elbe-klinikum-buxtehude,elbe-klinikum-buxtehude:67,67,5,-1
6,elbe-klinikum-buxtehude,elbe-klinikum-buxtehude:70,70,2,-1
12,elbe-klinikum-buxtehude,elbe-klinikum-buxtehude:71,71,1,8
8,elbe-klinikum-buxtehude,elbe-klinikum-buxtehude:75,75,1,-1
7,elbe-klinikum-buxtehude,elbe-klinikum-buxtehude:78,78,5,-1
6,elbe-klinikum-buxtehude,elbe-klinikum-buxtehude:80,80,1,-1
6,elbe-klinikum-buxtehude,elbe-klinikum-buxtehude:83,83,1,12
7,elbe-klinikum-buxtehude,elbe-klinikum-buxtehude:85,85,4,17
4,elbe-klinikum-buxtehude,elbe-klinikum-buxtehude:88,88,5,0
3,elbe-klinikum-buxtehude,elbe-klinikum-buxtehude:89,89,5,-1
8,elbe-klinikum-buxtehude,elbe-klinikum-buxtehude:90,90,1,16
4,elbe-klinikum-buxtehude,elbe-klinikum-buxtehude:93,93,1,8
13,elbe-klinikum-buxtehude,elbe-klinikum-buxtehude:94,94,1,-1
12,elbe-klinikum-buxtehude,elbe-klinikum-buxtehude:99,99,3,15
5,elbe-klinikum-buxtehude,elbe-klinikum-buxtehude:101,101,3,-1
4,elbe-klinikum-buxtehude,elbe-klinikum-buxtehude:102,102,5,-1
6,elbe-klinikum-buxtehude,elbe-klinikum-buxtehude:103,103,5,11
3,elbe-klinikum-buxtehude,elbe-klinikum-buxtehude:104,104,1,6
4,elbe-klinikum-buxtehude,elbe-klinikum-buxtehude:110,110,1,16
3,elbe-klinikum-buxtehude,elbe-klinikum-buxtehude:112,112,5,0
3,elbe-klinikum-buxtehude,elbe-klinikum-buxtehude:113,113,5,11
3,elbe-klinikum-buxtehude,elbe-klinikum-buxtehude:115,115,1,1
5,elbe-klinikum-buxtehude,elbe-klinikum-buxtehude:120,120,1,-1
9,elbe-klinikum-buxtehude,elbe-klinikum-buxtehude:121,121,1,-1
3,elbe-klinikum-buxtehude,elbe-klinikum-buxtehude:122,122,5,0
7,elbe-klinikum-buxtehude,elbe-klinikum-buxtehude:123,123,1,9
7,elbe-klinikum-buxtehude,elbe-klinikum-buxtehude:124,124,1,-1
8,elbe-klinikum-buxtehude,elbe-klinikum-buxtehude:126,126,1,6
5,elbe-klinikum-buxtehude,elbe-klinikum-buxtehude:127,127,1,2
3,elbe-klinikum-buxtehude,elbe-klinikum-buxtehude:128,128,1,-1
7,elbe-klinikum-buxtehude,elbe-klinikum-buxtehude:130,130,1,-1
4,elbe-klinikum-buxtehude,elbe-klinikum-buxtehude:132,132,1,6
3,elbe-klinikum-buxtehude,elbe-klinikum-buxtehude:134,134,1,-1
4,elbe-klinikum-buxtehude,elbe-klinikum-buxtehude:135,135,1,-1
8,elbe-klinikum-buxtehude,elbe-klinikum-buxtehude:137,137,1,6
5,elbe-klinikum-buxtehude,elbe-klinikum-buxtehude:138,138,5,-1
3,elbe-klinikum-buxtehude,elbe-klinikum-buxtehude:139,139,1,6
3,elbe-klinikum-buxtehude,elbe-klinikum-buxtehude:141,141,5,-1
4,elbe-klinikum-buxtehude,elbe-klinikum-buxtehude:143,143,5,0
11,elbe-klinikum-buxtehude,elbe-klinikum-buxtehude:145,145,1,8
4,elbe-klinikum-buxtehude,elbe-klinikum-buxtehude:146,146,5,0
4,elbe-klinikum-buxtehude,elbe-klinikum-buxtehude:147,147,2,-1
3,elbe-klinikum-buxtehude,elbe-klinikum-buxtehude:148,148,1,8
10,elbe-klinikum-buxtehude,elbe-klinikum-buxtehude:150,150,1,1
3,elbe-klinikum-buxtehude,elbe-klinikum-buxtehude:153,153,1,4
11,elbe-klinikum-buxtehude,elbe-klinikum-buxtehude:160,160,1,-1
4,elbe-klinikum-buxtehude,elbe-klinikum-buxtehude:161,161,1,-1
4,elbe-klinikum-buxtehude,elbe-klinikum-buxtehude:163,163,5,0
3,elbe-klinikum-buxtehude,elbe-klinikum-buxtehude:166,166,1,1
4,elbe-klinikum-buxtehude,elbe-klinikum-buxtehude:169,169,5,-1
4,elbe-klinikum-buxtehude,elbe-klinikum-buxtehude:170,170,1,-1
7,elbe-klinikum-buxtehude,elbe-klinikum-buxtehude:171,171,1,17
3,elbe-klinikum-buxtehude,elbe-klinikum-buxtehude:172,172,3,-1
5,elbe-klinikum-buxtehude,elbe-klinikum-buxtehude:173,173,1,-1
3,elbe-klinikum-buxtehude,elbe-klinikum-buxtehude:176,176,1,-1
5,elbe-klinikum-buxtehude,elbe-klinikum-buxtehude:177,177,1,20
9,elbe-klinikum-buxtehude,elbe-klinikum-buxtehude:178,178,1,3
12,elbe-klinikum-buxtehude,elbe-klinikum-buxtehude:179,179,1,-1
5,elbe-klinikum-buxtehude,elbe-klinikum-buxtehude:182,182,1,3
15,elbe-klinikum-buxtehude,elbe-klinikum-buxtehude:183,183,1,18
3,elbe-klinikum-buxtehude,elbe-klinikum-buxtehude:186,186,1,16
5,elbe-klinikum-buxtehude,elbe-klinikum-buxtehude:189,189,1,-1
8,elbe-klinikum-buxtehude,elbe-klinikum-buxtehude:190,190,1,17
6,elbe-klinikum-buxtehude,elbe-klinikum-buxtehude:194,194,1,-1
3,elbe-klinikum-buxtehude,elbe-klinikum-buxtehude:207,207,1,-1
6,elbe-klinikum-buxtehude,elbe-klinikum-buxtehude:211,211,1,3
7,elbe-klinikum-buxtehude,elbe-klinikum-buxtehude:215,215,1,9
3,elbe-klinikum-buxtehude,elbe-klinikum-buxtehude:219,219,5,12
7,elbe-klinikum-buxtehude,elbe-klinikum-buxtehude:222,222,1,7
8,elbe-klinikum-buxtehude,elbe-klinikum-buxtehude:223,223,1,5
7,elbe-klinikum-buxtehude,elbe-klinikum-buxtehude:226,226,1,8
3,elbe-klinikum-buxtehude,elbe-klinikum-buxtehude:227,227,1,-1
7,elbe-klinikum-buxtehude,elbe-klinikum-buxtehude:228,228,1,4
3,elbe-klinikum-buxtehude,elbe-klinikum-buxtehude:234,234,5,0
4,elbe-klinikum-buxtehude,elbe-klinikum-buxtehude:238,238,1,-1
5,elbe-klinikum-buxtehude,elbe-klinikum-buxtehude:245,245,1,25
8,elbe-klinikum-buxtehude,elbe-klinikum-buxtehude:253,253,1,5
8,elbe-klinikum-buxtehude,elbe-klinikum-buxtehude:254,254,1,7
5,elbe-klinikum-buxtehude,elbe-klinikum-buxtehude:255,255,1,7
3,elbe-klinikum-buxtehude,elbe-klinikum-buxtehude:263,263,1,25
23,elbe-klinikum-stade,elbe-klinikum-stade:17,17,1,15
3,elbe-klinikum-stade,elbe-klinikum-stade:22,22,1,-1
17,elbe-klinikum-stade,elbe-klinikum-stade:27,27,3,-1
22,elbe-klinikum-stade,elbe-klinikum-stade:45,45,1,8
3,elbe-klinikum-stade,elbe-klinikum-stade:46,46,1,-1
4,elbe-klinikum-stade,elbe-klinikum-stade:50,50,1,13
6,elbe-klinikum-stade,elbe-klinikum-stade:53,53,1,9
3,elbe-klinikum-stade,elbe-klinikum-stade:55,55,5,1
11,elbe-klinikum-stade,elbe-klinikum-stade:57,57,1,17
3,elbe-klinikum-stade,elbe-klinikum-stade:60,60,2,1
5,elbe-klinikum-stade,elbe-klinikum-stade:64,64,5,-1
3,elbe-klinikum-stade,elbe-klinikum-stade:65,65,2,-1
3,elbe-klinikum-stade,elbe-klinikum-stade:66,66,1,-1
4,elbe-klinikum-stade,elbe-klinikum-stade:70,70,1,-1
9,elbe-klinikum-stade,elbe-klinikum-stade:71,71,1,15
10,elbe-klinikum-stade,elbe-klinikum-stade:72,72,1,3
3,elbe-klinikum-stade,elbe-klinikum-stade:75,75,1,-1
10,elbe-klinikum-stade,elbe-klinikum-stade:76,76,5,1
9,elbe-klinikum-stade,elbe-klinikum-stade:77,77,1,12
4,elbe-klinikum-stade,elbe-klinikum-stade:78,78,1,1
13,elbe-klinikum-stade,elbe-klinikum-stade:80,80,1,8
5,elbe-klinikum-stade,elbe-klinikum-stade:81,81,1,-1
6,elbe-klinikum-stade,elbe-klinikum-stade:82,82,5,0
10,elbe-klinikum-stade,elbe-klinikum-stade:86,86,5,0
4,elbe-klinikum-stade,elbe-klinikum-stade:88,88,5,-1
3,elbe-klinikum-stade,elbe-klinikum-stade:89,89,1,-1
3,elbe-klinikum-stade,elbe-klinikum-stade:90,90,1,-1
4,elbe-klinikum-stade,elbe-klinikum-stade:91,91,5,0
5,elbe-klinikum-stade,elbe-klinikum-stade:93,93,5,-1
5,elbe-klinikum-stade,elbe-klinikum-stade:94,94,1,1
6,elbe-klinikum-stade,elbe-klinikum-stade:96,96,4,1
3,elbe-klinikum-stade,elbe-klinikum-stade:97,97,1,2
7,elbe-klinikum-stade,elbe-klinikum-stade:98,98,1,16
3,elbe-klinikum-stade,elbe-klinikum-stade:99,99,1,1
5,elbe-klinikum-stade,elbe-klinikum-stade:101,101,1,16
22,elbe-klinikum-stade,elbe-klinikum-stade:102,102,1,-1
3,elbe-klinikum-stade,elbe-klinikum-stade:103,103,5,0
4,elbe-klinikum-stade,elbe-klinikum-stade:104,104,5,11
7,elbe-klinikum-stade,elbe-klinikum-stade:105,105,1,-1
11,elbe-klinikum-stade,elbe-klinikum-stade:106,106,5,-1
9,elbe-klinikum-stade,elbe-klinikum-stade:108,108,1,1
7,elbe-klinikum-stade,elbe-klinikum-stade:109,109,1,-1
14,elbe-klinikum-stade,elbe-klinikum-stade:110,110,1,7
3,elbe-klinikum-stade,elbe-klinikum-stade:112,112,5,-1
9,elbe-klinikum-stade,elbe-klinikum-stade:114,114,1,13
3,elbe-klinikum-stade,elbe-klinikum-stade:115,115,5,11
10,elbe-klinikum-stade,elbe-klinikum-stade:116,116,4,9
15,elbe-klinikum-stade,elbe-klinikum-stade:117,117,1,-1
8,elbe-klinikum-stade,elbe-klinikum-stade:119,119,1,-1
3,elbe-klinikum-stade,elbe-klinikum-stade:121,121,5,-1
14,elbe-klinikum-stade,elbe-klinikum-stade:122,122,1,3
5,elbe-klinikum-stade,elbe-klinikum-stade:124,124,1,19
3,elbe-klinikum-stade,elbe-klinikum-stade:125,125,1,19
5,elbe-klinikum-stade,elbe-klinikum-stade:127,127,5,11
6,elbe-klinikum-stade,elbe-klinikum-stade:130,130,2,-1
3,elbe-klinikum-stade,elbe-klinikum-stade:131,131,2,-1
19,elbe-klinikum-stade,elbe-klinikum-stade:132,132,1,3
3,elbe-klinikum-stade,elbe-klinikum-stade:133,133,4,-1
3,elbe-klinikum-stade,elbe-klinikum-stade:134,134,5,-1
3,elbe-klinikum-stade,elbe-klinikum-stade:135,135,1,19
11,elbe-klinikum-stade,elbe-klinikum-stade:138,138,1,-1
10,elbe-klinikum-stade,elbe-klinikum-stade:139,139,1,6
6,elbe-klinikum-stade,elbe-klinikum-stade:140,140,1,6
5,elbe-klinikum-stade,elbe-klinikum-stade:141,141,1,-1
20,elbe-klinikum-stade,elbe-klinikum-stade:142,142,1,3
27,elbe-klinikum-stade,elbe-klinikum-stade:143,143,1,2
6,elbe-klinikum-stade,elbe-klinikum-stade:144,144,2,15
7,elbe-klinikum-stade,elbe-klinikum-stade:145,145,1,-1
9,elbe-klinikum-stade,elbe-klinikum-stade:147,147,2,-1
8,elbe-klinikum-stade,elbe-klinikum-stade:148,148,5,-1
8,elbe-klinikum-stade,elbe-klinikum-stade:149,149,1,6
8,elbe-klinikum-stade,elbe-klinikum-stade:150,150,1,1
20,elbe-klinikum-stade,elbe-klinikum-stade:151,151,3,-1
3,elbe-klinikum-stade,elbe-klinikum-stade:152,152,1,2
8,elbe-klinikum-stade,elbe-klinikum-stade:153,153,5,11
4,elbe-klinikum-stade,elbe-klinikum-stade:155,155,1,-1
3,elbe-klinikum-stade,elbe-klinikum-stade:156,156,5,0
14,elbe-klinikum-stade,elbe-klinikum-stade:158,158,1,-1
4,elbe-klinikum-stade,elbe-klinikum-stade:160,160,1,-1
21,elbe-klinikum-stade,elbe-klinikum-stade:162,162,1,10
6,elbe-klinikum-stade,elbe-klinikum-stade:163,163,1,-1
4,elbe-klinikum-stade,elbe-klinikum-stade:164,164,5,0
14,elbe-klinikum-stade,elbe-klinikum-stade:165,165,1,-1
3,elbe-klinikum-stade,elbe-klinikum-stade:166,166,1,-1
3,elbe-klinikum-stade,elbe-klinikum-stade:167,167,1,19
4,elbe-klinikum-stade,elbe-klinikum-stade:169,169,5,0
19,elbe-klinikum-stade,elbe-klinikum-stade:171,171,1,-1
6,elbe-klinikum-stade,elbe-klinikum-stade:173,173,5,0
5,elbe-klinikum-stade,elbe-klinikum-stade:174,174,5,0
7,elbe-klinikum-stade,elbe-klinikum-stade:175,175,1,4
4,elbe-klinikum-stade,elbe-klinikum-stade:176,176,5,-1
4,elbe-klinikum-stade,elbe-klinikum-stade:177,177,5,-1
8,elbe-klinikum-stade,elbe-klinikum-stade:179,179,1,0
10,elbe-klinikum-stade,elbe-klinikum-stade:180,180,1,19
4,elbe-klinikum-stade,elbe-klinikum-stade:181,181,5,11
9,elbe-klinikum-stade,elbe-klinikum-stade:182,182,1,1
3,elbe-klinikum-stade,elbe-klinikum-stade:183,183,1,-1
7,elbe-klinikum-stade,elbe-klinikum-stade:184,184,5,0
15,elbe-klinikum-stade,elbe-klinikum-stade:185,185,1,-1
3,elbe-klinikum-stade,elbe-klinikum-stade:186,186,5,0
5,elbe-klinikum-stade,elbe-klinikum-stade:188,188,1,2
3,elbe-klinikum-stade,elbe-klinikum-stade:190,190,5,0
6,elbe-klinikum-stade,elbe-klinikum-stade:192,192,5,0
5,elbe-klinikum-stade,elbe-klinikum-stade:193,193,1,7
3,elbe-klinikum-stade,elbe-klinikum-stade:194,194,5,-1
11,elbe-klinikum-stade,elbe-klinikum-stade:196,196,5,-1
3,elbe-klinikum-stade,elbe-klinikum-stade:197,197,5,0
3,elbe-klinikum-stade,elbe-klinikum-stade:198,198,5,0
5,elbe-klinikum-stade,elbe-klinikum-stade:199,199,1,18
12,elbe-klinikum-stade,elbe-klinikum-stade:200,200,1,12
7,elbe-klinikum-stade,elbe-klinikum-stade:201,201,1,13
8,elbe-klinikum-stade,elbe-klinikum-stade:202,202,1,10
6,elbe-klinikum-stade,elbe-klinikum-stade:203,203,3,-1
3,elbe-klinikum-stade,elbe-klinikum-stade:204,204,5,0
21,elbe-klinikum-stade,elbe-klinikum-stade:206,206,1,3
17,elbe-klinikum-stade,elbe-klinikum-stade:207,207,1,-1
6,elbe-klinikum-stade,elbe-klinikum-stade:208,208,1,3
3,elbe-klinikum-stade,elbe-klinikum-stade:209,209,1,-1
4,elbe-klinikum-stade,elbe-klinikum-stade:210,210,1,-1
3,elbe-klinikum-stade,elbe-klinikum-stade:211,211,5,0
8,elbe-klinikum-stade,elbe-klinikum-stade:212,212,1,13
18,elbe-klinikum-stade,elbe-klinikum-stade:213,213,1,-1
3,elbe-klinikum-stade,elbe-klinikum-stade:214,214,5,0
8,elbe-klinikum-stade,elbe-klinikum-stade:216,216,2,6
8,elbe-klinikum-stade,elbe-klinikum-stade:218,218,1,6
5,elbe-klinikum-stade,elbe-klinikum-stade:219,219,1,19
19,elbe-klinikum-stade,elbe-klinikum-stade:220,220,1,2
4,elbe-klinikum-stade,elbe-klinikum-stade:221,221,1,-1
11,elbe-klinikum-stade,elbe-klinikum-stade:222,222,1,-1
5,elbe-klinikum-stade,elbe-klinikum-stade:224,224,3,-1
3,elbe-klinikum-stade,elbe-klinikum-stade:225,225,5,0
13,elbe-klinikum-stade,elbe-klinikum-stade:226,226,1,-1
4,elbe-klinikum-stade,elbe-klinikum-stade:227,227,1,8
8,elbe-klinikum-stade,elbe-klinikum-stade:228,228,1,-1
3,elbe-klinikum-stade,elbe-klinikum-stade:229,229,1,-1
20,elbe-klinikum-stade,elbe-klinikum-stade:231,231,1,-1
7,elbe-klinikum-stade,elbe-klinikum-stade:233,233,5,0
12,elbe-klinikum-stade,elbe-klinikum-stade:236,236,1,9
3,elbe-klinikum-stade,elbe-klinikum-stade:237,237,5,0
7,elbe-klinikum-stade,elbe-klinikum-stade:238,238,1,-1
10,elbe-klinikum-stade,elbe-klinikum-stade:240,240,1,-1
10,elbe-klinikum-stade,elbe-klinikum-stade:244,244,2,2
4,elbe-klinikum-stade,elbe-klinikum-stade:245,245,5,-1
4,elbe-klinikum-stade,elbe-klinikum-stade:246,246,5,0
6,elbe-klinikum-stade,elbe-klinikum-stade:247,247,2,-1
3,elbe-klinikum-stade,elbe-klinikum-stade:248,248,4,0
4,elbe-klinikum-stade,elbe-klinikum-stade:250,250,1,-1
20,elbe-klinikum-stade,elbe-klinikum-stade:251,251,1,7
15,elbe-klinikum-stade,elbe-klinikum-stade:252,252,1,-1
5,elbe-klinikum-stade,elbe-klinikum-stade:253,253,1,1
10,elbe-klinikum-stade,elbe-klinikum-stade:254,254,1,3
3,elbe-klinikum-stade,elbe-klinikum-stade:255,255,1,3
7,elbe-klinikum-stade,elbe-klinikum-stade:256,256,5,1
20,elbe-klinikum-stade,elbe-klinikum-stade:257,257,1,2
4,elbe-klinikum-stade,elbe-klinikum-stade:258,258,5,-1
6,elbe-klinikum-stade,elbe-klinikum-stade:259,259,1,-1
7,elbe-klinikum-stade,elbe-klinikum-stade:260,260,1,-1
19,elbe-klinikum-stade,elbe-klinikum-stade:261,261,1,1
15,elbe-klinikum-stade,elbe-klinikum-stade:263,263,1,4
10,elbe-klinikum-stade,elbe-klinikum-stade:264,264,1,-1
3,elbe-klinikum-stade,elbe-klinikum-stade:265,265,5,0
11,elbe-klinikum-stade,elbe-klinikum-stade:266,266,1,8
5,elbe-klinikum-stade,elbe-klinikum-stade:268,268,1,3
18,elbe-klinikum-stade,elbe-klinikum-stade:270,270,1,-1
23,elbe-klinikum-stade,elbe-klinikum-stade:271,271,1,3
17,elbe-klinikum-stade,elbe-klinikum-stade:273,273,1,12
6,elbe-klinikum-stade,elbe-klinikum-stade:274,274,5,-1
12,elbe-klinikum-stade,elbe-klinikum-stade:275,275,1,-1
5,elbe-klinikum-stade,elbe-klinikum-stade:276,276,1,-1
4,elbe-klinikum-stade,elbe-klinikum-stade:278,278,2,-1
13,elbe-klinikum-stade,elbe-klinikum-stade:279,279,1,2
17,elbe-klinikum-stade,elbe-klinikum-stade:280,280,1,18
10,elbe-klinikum-stade,elbe-klinikum-stade:281,281,1,14
5,elbe-klinikum-stade,elbe-klinikum-stade:282,282,1,3
18,elbe-klinikum-stade,elbe-klinikum-stade:283,283,1,7
6,elbe-klinikum-stade,elbe-klinikum-stade:285,285,1,14
10,elbe-klinikum-stade,elbe-klinikum-stade:287,287,1,-1
4,elbe-klinikum-stade,elbe-klinikum-stade:288,288,3,-1
5,elbe-klinikum-stade,elbe-klinikum-stade:289,289,1,-1
5,elbe-klinikum-stade,elbe-klinikum-stade:290,290,1,-1
4,elbe-klinikum-stade,elbe-klinikum-stade:291,291,1,-1
8,elbe-klinikum-stade,elbe-klinikum-stade:292,292,1,2
10,elbe-klinikum-stade,elbe-klinikum-stade:293,293,1,-1
7,elbe-klinikum-stade,elbe-klinikum-stade:294,294,1,-1
4,elbe-klinikum-stade,elbe-klinikum-stade:295,295,1,-1
7,elbe-klinikum-stade,elbe-klinikum-stade:297,297,1,7
20,elbe-klinikum-stade,elbe-klinikum-stade:298,298,1,2
13,elbe-klinikum-stade,elbe-klinikum-stade:299,299,1,8
13,elbe-klinikum-stade,elbe-klinikum-stade:302,302,1,-1
6,elbe-klinikum-stade,elbe-klinikum-stade:303,303,1,-1
11,elbe-klinikum-stade,elbe-klinikum-stade:304,304,1,18
3,elbe-klinikum-stade,elbe-klinikum-stade:305,305,1,-1
5,elbe-klinikum-stade,elbe-klinikum-stade:307,307,2,21
8,elbe-klinikum-stade,elbe-klinikum-stade:308,308,1,3
7,elbe-klinikum-stade,elbe-klinikum-stade:310,310,1,-1
5,elbe-klinikum-stade,elbe-klinikum-stade:313,313,1,-1
20,elbe-klinikum-stade,elbe-klinikum-stade:316,316,1,-1
5,elbe-klinikum-stade,elbe-klinikum-stade:317,317,1,7
3,elbe-klinikum-stade,elbe-klinikum-stade:318,318,5,0
7,elbe-klinikum-stade,elbe-klinikum-stade:321,321,1,3
10,elbe-klinikum-stade,elbe-klinikum-stade:323,323,2,2
3,elbe-klinikum-stade,elbe-klinikum-stade:324,324,5,-1
9,elbe-klinikum-stade,elbe-klinikum-stade:326,326,1,10
5,elbe-klinikum-stade,elbe-klinikum-stade:327,327,1,-1
4,elbe-klinikum-stade,elbe-klinikum-stade:328,328,2,20
9,elbe-klinikum-stade,elbe-klinikum-stade:329,329,2,-1
11,elbe-klinikum-stade,elbe-klinikum-stade:330,330,1,-1
4,elbe-klinikum-stade,elbe-klinikum-stade:332,332,5,13
7,elbe-klinikum-stade,elbe-klinikum-stade:333,333,1,-1
18,elbe-klinikum-stade,elbe-klinikum-stade:335,335,1,2
17,elbe-klinikum-stade,elbe-klinikum-stade:336,336,1,24
8,elbe-klinikum-stade,elbe-klinikum-stade:337,337,2,-1
4,elbe-klinikum-stade,elbe-klinikum-stade:339,339,1,4
10,elbe-klinikum-stade,elbe-klinikum-stade:340,340,1,-1
4,elbe-klinikum-stade,elbe-klinikum-stade:341,341,1,10
6,elbe-klinikum-stade,elbe-klinikum-stade:342,342,1,8
4,elbe-klinikum-stade,elbe-klinikum-stade:343,343,3,19
4,elbe-klinikum-stade,elbe-klinikum-stade:344,344,1,-1
8,elbe-klinikum-stade,elbe-klinikum-stade:345,345,1,8
7,elbe-klinikum-stade,elbe-klinikum-stade:346,346,1,-1
3,elbe-klinikum-stade,elbe-klinikum-stade:347,347,1,-1
7,elbe-klinikum-stade,elbe-klinikum-stade:348,348,1,7
4,elbe-klinikum-stade,elbe-klinikum-stade:349,349,2,23
4,elbe-klinikum-stade,elbe-klinikum-stade:350,350,5,-1
6,elbe-klinikum-stade,elbe-klinikum-stade:351,351,1,8
10,elbe-klinikum-stade,elbe-klinikum-stade:352,352,2,19
11,elbe-klinikum-stade,elbe-klinikum-stade:355,355,1,9
7,elbe-klinikum-stade,elbe-klinikum-stade:360,360,1,-1
8,elbe-klinikum-stade,elbe-klinikum-stade:362,362,1,-1
5,elbe-klinikum-stade,elbe-klinikum-stade:368,368,1,7
5,elbe-klinikum-stade,elbe-klinikum-stade:369,369,1,2
8,elbe-klinikum-stade,elbe-klinikum-stade:370,370,1,-1
4,elbe-klinikum-stade,elbe-klinikum-stade:371,371,1,2
3,elbe-klinikum-stade,elbe-klinikum-stade:372,372,1,6
12,elbe-klinikum-stade,elbe-klinikum-stade:373,373,1,-1
3,elbe-klinikum-stade,elbe-klinikum-stade:374,374,2,-1
7,elbe-klinikum-stade,elbe-klinikum-stade:375,375,1,14
8,elbe-klinikum-stade,elbe-klinikum-stade:377,377,1,3
11,elbe-klinikum-stade,elbe-klinikum-stade:378,378,1,-1
9,elbe-klinikum-stade,elbe-klinikum-stade:381,381,1,6
9,elbe-klinikum-stade,elbe-klinikum-stade:382,382,1,-1
4,elbe-klinikum-stade,elbe-klinikum-stade:384,384,1,-1
5,elbe-klinikum-stade,elbe-klinikum-stade:385,385,1,13
13,elbe-klinikum-stade,elbe-klinikum-stade:387,387,1,18
6,elbe-klinikum-stade,elbe-klinikum-stade:389,389,1,-1
5,elbe-klinikum-stade,elbe-klinikum-stade:390,390,1,3
13,elbe-klinikum-stade,elbe-klinikum-stade:393,393,1,-1
8,elbe-klinikum-stade,elbe-klinikum-stade:397,397,1,-1
4,elbe-klinikum-stade,elbe-klinikum-stade:398,398,1,-1
5,elbe-klinikum-stade,elbe-klinikum-stade:402,402,1,1
6,elbe-klinikum-stade,elbe-klinikum-stade:408,408,1,12
3,elbe-klinikum-stade,elbe-klinikum-stade:409,409,1,-1
16,elbe-klinikum-stade,elbe-klinikum-stade:410,410,1,5
14,elbe-klinikum-stade,elbe-klinikum-stade:413,413,1,2
8,elbe-klinikum-stade,elbe-klinikum-stade:414,414,1,4
9,elbe-klinikum-stade,elbe-klinikum-stade:416,416,1,-1
3,elbe-klinikum-stade,elbe-klinikum-stade:418,418,1,14
3,elbe-klinikum-stade,elbe-klinikum-stade:419,419,1,-1
3,elbe-klinikum-stade,elbe-klinikum-stade:420,420,4,17
3,elbe-klinikum-stade,elbe-klinikum-stade:422,422,1,19
3,elbe-klinikum-stade,elbe-klinikum-stade:426,426,1,15
4,elbe-klinikum-stade,elbe-klinikum-stade:427,427,1,3
5,elbe-klinikum-stade,elbe-klinikum-stade:428,428,1,-1
8,elbe-klinikum-stade,elbe-klinikum-stade:429,429,1,-1
5,elbe-klinikum-stade,elbe-klinikum-stade:435,435,1,25
14,elbe-klinikum-stade,elbe-klinikum-stade:437,437,1,14
10,elbe-klinikum-stade,elbe-klinikum-stade:443,443,1,10
3,elbe-klinikum-stade,elbe-klinikum-stade:447,447,1,-1
4,elbe-klinikum-stade,elbe-klinikum-stade:449,449,1,-1
3,elbe-klinikum-stade,elbe-klinikum-stade:450,450,1,23
4,elbe-klinikum-stade,elbe-klinikum-stade:454,454,1,19
5,elbe-klinikum-stade,elbe-klinikum-stade:466,466,1,3
4,elbe-klinikum-stade,elbe-klinikum-stade:468,468,1,7
9,elbe-klinikum-stade,elbe-klinikum-stade:469,469,1,3
4,elbe-klinikum-stade,elbe-klinikum-stade:475,475,1,17
4,elbe-klinikum-stade,elbe-klinikum-stade:479,479,1,1
6,elbe-klinikum-stade,elbe-klinikum-stade:482,482,1,0
3,elbe-klinikum-stade,elbe-klinikum-stade:487,487,2,25
6,elbe-klinikum-stade,elbe-klinikum-stade:488,488,1,14
6,elbe-klinikum-stade,elbe-klinikum-stade:489,489,1,3
5,elbe-klinikum-stade,elbe-klinikum-stade:491,491,1,14
5,elbe-klinikum-stade,elbe-klinikum-stade:499,499,1,-1
3,elbe-klinikum-stade,elbe-klinikum-stade:501,501,1,-1
3,elbe-klinikum-stade,elbe-klinikum-stade:506,506,1,-1
19,elbe-klinikum-stade,elbe-klinikum-stade:512,512,1,7
5,elbe-klinikum-stade,elbe-klinikum-stade:513,513,1,19
3,elbe-klinikum-stade,elbe-klinikum-stade:518,518,1,7
3,elbe-klinikum-stade,elbe-klinikum-stade:519,519,1,23
5,elbe-klinikum-stade,elbe-klinikum-stade:524,524,1,9
6,elbe-klinikum-stade,elbe-klinikum-stade:525,525,1,-1
9,elbe-klinikum-stade,elbe-klinikum-stade:526,526,1,9
4,elbe-klinikum-stade,elbe-klinikum-stade:530,530,1,5
8,elbe-klinikum-stade,elbe-klinikum-stade:531,531,1,7
4,elbe-klinikum-stade,elbe-klinikum-stade:533,533,1,7
5,elbe-klinikum-stade,elbe-klinikum-stade:541,541,1,7
6,elbe-klinikum-stade,elbe-klinikum-stade:544,544,1,3
4,elbe-klinikum-stade,elbe-klinikum-stade:558,558,1,19
5,elbe-klinikum-stade,elbe-klinikum-stade:562,562,1,4
8,elbe-klinikum-stade,elbe-klinikum-stade:567,567,1,5
3,elbe-klinikum-stade,elbe-klinikum-stade:568,568,1,5
14,elbe-klinikum-stade,elbe-klinikum-stade:586,586,1,1
4,elbe-klinikum-stade,elbe-klinikum-stade:590,590,5,0
5,elbe-klinikum-stade,elbe-klinikum-stade:607,607,1,5
10,euregio-klinik-albert-schweitzer-strasse-gmbh,euregio-klinik-albert-schweitzer-strasse-gmbh:12,12,5,0
5,euregio-klinik-albert-schweitzer-strasse-gmbh,euregio-klinik-albert-schweitzer-strasse-gmbh:49,49,2,16
4,euregio-klinik-albert-schweitzer-strasse-gmbh,euregio-klinik-albert-schweitzer-strasse-gmbh:60,60,1,-1
3,euregio-klinik-albert-schweitzer-strasse-gmbh,euregio-klinik-albert-schweitzer-strasse-gmbh:65,65,5,0
4,euregio-klinik-albert-schweitzer-strasse-gmbh,euregio-klinik-albert-schweitzer-strasse-gmbh:72,72,5,0
12,euregio-klinik-albert-schweitzer-strasse-gmbh,euregio-klinik-albert-schweitzer-strasse-gmbh:73,73,1,17
4,euregio-klinik-albert-schweitzer-strasse-gmbh,euregio-klinik-albert-schweitzer-strasse-gmbh:78,78,1,1
5,euregio-klinik-albert-schweitzer-strasse-gmbh,euregio-klinik-albert-schweitzer-strasse-gmbh:79,79,1,2
10,euregio-klinik-albert-schweitzer-strasse-gmbh,euregio-klinik-albert-schweitzer-strasse-gmbh:81,81,1,-1
6,euregio-klinik-albert-schweitzer-strasse-gmbh,euregio-klinik-albert-schweitzer-strasse-gmbh:84,84,5,0
6,euregio-klinik-albert-schweitzer-strasse-gmbh,euregio-klinik-albert-schweitzer-strasse-gmbh:86,86,1,2
3,euregio-klinik-albert-schweitzer-strasse-gmbh,euregio-klinik-albert-schweitzer-strasse-gmbh:90,90,5,-1
11,euregio-klinik-albert-schweitzer-strasse-gmbh,euregio-klinik-albert-schweitzer-strasse-gmbh:91,91,1,16
9,euregio-klinik-albert-schweitzer-strasse-gmbh,euregio-klinik-albert-schweitzer-strasse-gmbh:101,101,1,-1
4,euregio-klinik-albert-schweitzer-strasse-gmbh,euregio-klinik-albert-schweitzer-strasse-gmbh:105,105,2,-1
5,euregio-klinik-albert-schweitzer-strasse-gmbh,euregio-klinik-albert-schweitzer-strasse-gmbh:109,109,3,-1
19,euregio-klinik-albert-schweitzer-strasse-gmbh,euregio-klinik-albert-schweitzer-strasse-gmbh:111,111,1,1
5,euregio-klinik-albert-schweitzer-strasse-gmbh,euregio-klinik-albert-schweitzer-strasse-gmbh:112,112,5,8
5,euregio-klinik-albert-schweitzer-strasse-gmbh,euregio-klinik-albert-schweitzer-strasse-gmbh:113,113,2,-1
3,euregio-klinik-albert-schweitzer-strasse-gmbh,euregio-klinik-albert-schweitzer-strasse-gmbh:116,116,2,21
6,euregio-klinik-albert-schweitzer-strasse-gmbh,euregio-klinik-albert-schweitzer-strasse-gmbh:123,123,5,0
3,euregio-klinik-albert-schweitzer-strasse-gmbh,euregio-klinik-albert-schweitzer-strasse-gmbh:124,124,5,-1
3,euregio-klinik-albert-schweitzer-strasse-gmbh,euregio-klinik-albert-schweitzer-strasse-gmbh:127,127,1,1
4,euregio-klinik-albert-schweitzer-strasse-gmbh,euregio-klinik-albert-schweitzer-strasse-gmbh:131,131,1,-1
8,euregio-klinik-albert-schweitzer-strasse-gmbh,euregio-klinik-albert-schweitzer-strasse-gmbh:132,132,1,10
4,euregio-klinik-albert-schweitzer-strasse-gmbh,euregio-klinik-albert-schweitzer-strasse-gmbh:136,136,1,10
3,euregio-klinik-albert-schweitzer-strasse-gmbh,euregio-klinik-albert-schweitzer-strasse-gmbh:137,137,2,-1
12,euregio-klinik-albert-schweitzer-strasse-gmbh,euregio-klinik-albert-schweitzer-strasse-gmbh:138,138,1,1
6,euregio-klinik-albert-schweitzer-strasse-gmbh,euregio-klinik-albert-schweitzer-strasse-gmbh:141,141,1,-1
9,euregio-klinik-albert-schweitzer-strasse-gmbh,euregio-klinik-albert-schweitzer-strasse-gmbh:143,143,1,15
4,euregio-klinik-albert-schweitzer-strasse-gmbh,euregio-klinik-albert-schweitzer-strasse-gmbh:146,146,1,-1
7,euregio-klinik-albert-schweitzer-strasse-gmbh,euregio-klinik-albert-schweitzer-strasse-gmbh:147,147,1,1
9,euregio-klinik-albert-schweitzer-strasse-gmbh,euregio-klinik-albert-schweitzer-strasse-gmbh:148,148,1,-1
4,euregio-klinik-albert-schweitzer-strasse-gmbh,euregio-klinik-albert-schweitzer-strasse-gmbh:149,149,5,-1
7,euregio-klinik-albert-schweitzer-strasse-gmbh,euregio-klinik-albert-schweitzer-strasse-gmbh:151,151,1,-1
4,euregio-klinik-albert-schweitzer-strasse-gmbh,euregio-klinik-albert-schweitzer-strasse-gmbh:153,153,2,-1
3,euregio-klinik-albert-schweitzer-strasse-gmbh,euregio-klinik-albert-schweitzer-strasse-gmbh:154,154,1,-1
6,euregio-klinik-albert-schweitzer-strasse-gmbh,euregio-klinik-albert-schweitzer-strasse-gmbh:159,159,1,3
3,euregio-klinik-albert-schweitzer-strasse-gmbh,euregio-klinik-albert-schweitzer-strasse-gmbh:161,161,5,22
6,euregio-klinik-albert-schweitzer-strasse-gmbh,euregio-klinik-albert-schweitzer-strasse-gmbh:163,163,4,-1
7,euregio-klinik-albert-schweitzer-strasse-gmbh,euregio-klinik-albert-schweitzer-strasse-gmbh:167,167,1,10
6,euregio-klinik-albert-schweitzer-strasse-gmbh,euregio-klinik-albert-schweitzer-strasse-gmbh:168,168,1,-1
5,euregio-klinik-albert-schweitzer-strasse-gmbh,euregio-klinik-albert-schweitzer-strasse-gmbh:169,169,1,12
3,euregio-klinik-albert-schweitzer-strasse-gmbh,euregio-klinik-albert-schweitzer-strasse-gmbh:174,174,1,-1
14,euregio-klinik-albert-schweitzer-strasse-gmbh,euregio-klinik-albert-schweitzer-strasse-gmbh:175,175,1,-1
3,euregio-klinik-albert-schweitzer-strasse-gmbh,euregio-klinik-albert-schweitzer-strasse-gmbh:178,178,1,-1
5,euregio-klinik-albert-schweitzer-strasse-gmbh,euregio-klinik-albert-schweitzer-strasse-gmbh:180,180,5,0
5,euregio-klinik-albert-schweitzer-strasse-gmbh,euregio-klinik-albert-schweitzer-strasse-gmbh:181,181,1,-1
6,euregio-klinik-albert-schweitzer-strasse-gmbh,euregio-klinik-albert-schweitzer-strasse-gmbh:183,183,1,19
5,euregio-klinik-albert-schweitzer-strasse-gmbh,euregio-klinik-albert-schweitzer-strasse-gmbh:192,192,1,-1
3,euregio-klinik-albert-schweitzer-strasse-gmbh,euregio-klinik-albert-schweitzer-strasse-gmbh:194,194,5,-1
4,euregio-klinik-albert-schweitzer-strasse-gmbh,euregio-klinik-albert-schweitzer-strasse-gmbh:198,198,1,-1
5,euregio-klinik-albert-schweitzer-strasse-gmbh,euregio-klinik-albert-schweitzer-strasse-gmbh:200,200,1,-1
7,euregio-klinik-albert-schweitzer-strasse-gmbh,euregio-klinik-albert-schweitzer-strasse-gmbh:202,202,1,-1
6,euregio-klinik-albert-schweitzer-strasse-gmbh,euregio-klinik-albert-schweitzer-strasse-gmbh:209,209,1,-1
3,euregio-klinik-albert-schweitzer-strasse-gmbh,euregio-klinik-albert-schweitzer-strasse-gmbh:211,211,1,-1
4,euregio-klinik-albert-schweitzer-strasse-gmbh,euregio-klinik-albert-schweitzer-strasse-gmbh:213,213,5,0
3,euregio-klinik-albert-schweitzer-strasse-gmbh,euregio-klinik-albert-schweitzer-strasse-gmbh:214,214,4,0
13,euregio-klinik-albert-schweitzer-strasse-gmbh,euregio-klinik-albert-schweitzer-strasse-gmbh:215,215,1,8
3,euregio-klinik-albert-schweitzer-strasse-gmbh,euregio-klinik-albert-schweitzer-strasse-gmbh:217,217,5,11
4,euregio-klinik-albert-schweitzer-strasse-gmbh,euregio-klinik-albert-schweitzer-strasse-gmbh:220,220,1,-1
11,euregio-klinik-albert-schweitzer-strasse-gmbh,euregio-klinik-albert-schweitzer-strasse-gmbh:226,226,1,-1
5,euregio-klinik-albert-schweitzer-strasse-gmbh,euregio-klinik-albert-schweitzer-strasse-gmbh:232,232,1,-1
4,euregio-klinik-albert-schweitzer-strasse-gmbh,euregio-klinik-albert-schweitzer-strasse-gmbh:234,234,1,-1
5,euregio-klinik-albert-schweitzer-strasse-gmbh,euregio-klinik-albert-schweitzer-strasse-gmbh:235,235,1,-1
5,euregio-klinik-albert-schweitzer-strasse-gmbh,euregio-klinik-albert-schweitzer-strasse-gmbh:240,240,1,4
5,euregio-klinik-albert-schweitzer-strasse-gmbh,euregio-klinik-albert-schweitzer-strasse-gmbh:244,244,1,18
6,euregio-klinik-albert-schweitzer-strasse-gmbh,euregio-klinik-albert-schweitzer-strasse-gmbh:245,245,5,0
4,euregio-klinik-albert-schweitzer-strasse-gmbh,euregio-klinik-albert-schweitzer-strasse-gmbh:248,248,5,0
4,euregio-klinik-albert-schweitzer-strasse-gmbh,euregio-klinik-albert-schweitzer-strasse-gmbh:251,251,1,7
3,euregio-klinik-albert-schweitzer-strasse-gmbh,euregio-klinik-albert-schweitzer-strasse-gmbh:259,259,5,-1
3,euregio-klinik-albert-schweitzer-strasse-gmbh,euregio-klinik-albert-schweitzer-strasse-gmbh:260,260,1,-1
11,euregio-klinik-albert-schweitzer-strasse-gmbh,euregio-klinik-albert-schweitzer-strasse-gmbh:262,262,1,3
3,euregio-klinik-albert-schweitzer-strasse-gmbh,euregio-klinik-albert-schweitzer-strasse-gmbh:272,272,1,14
5,euregio-klinik-albert-schweitzer-strasse-gmbh,euregio-klinik-albert-schweitzer-strasse-gmbh:280,280,5,0
4,euregio-klinik-albert-schweitzer-strasse-gmbh,euregio-klinik-albert-schweitzer-strasse-gmbh:283,283,1,-1
6,euregio-klinik-albert-schweitzer-strasse-gmbh,euregio-klinik-albert-schweitzer-strasse-gmbh:287,287,1,14
6,euregio-klinik-albert-schweitzer-strasse-gmbh,euregio-klinik-albert-schweitzer-strasse-gmbh:291,291,1,7
3,euregio-klinik-albert-schweitzer-strasse-gmbh,euregio-klinik-albert-schweitzer-strasse-gmbh:299,299,4,0
5,euregio-klinik-albert-schweitzer-strasse-gmbh,euregio-klinik-albert-schweitzer-strasse-gmbh:333,333,1,13
3,euregio-klinik-albert-schweitzer-strasse-gmbh,euregio-klinik-albert-schweitzer-strasse-gmbh:337,337,1,-1
6,euregio-klinik-albert-schweitzer-strasse-gmbh,euregio-klinik-albert-schweitzer-strasse-gmbh:338,338,1,-1
3,euregio-klinik-albert-schweitzer-strasse-gmbh,euregio-klinik-albert-schweitzer-strasse-gmbh:340,340,1,13
3,euregio-klinik-albert-schweitzer-strasse-gmbh,euregio-klinik-albert-schweitzer-strasse-gmbh:342,342,1,8
3,evangelisches-krankenhaus-goettingen-weende-ggmbh,evangelisches-krankenhaus-goettingen-weende-ggmbh:24,24,5,0
3,evangelisches-krankenhaus-goettingen-weende-ggmbh,evangelisches-krankenhaus-goettingen-weende-ggmbh:32,32,5,0
4,evangelisches-krankenhaus-goettingen-weende-ggmbh,evangelisches-krankenhaus-goettingen-weende-ggmbh:34,34,1,10
5,evangelisches-krankenhaus-goettingen-weende-ggmbh,evangelisches-krankenhaus-goettingen-weende-ggmbh:39,39,1,-1
4,evangelisches-krankenhaus-goettingen-weende-ggmbh,evangelisches-krankenhaus-goettingen-weende-ggmbh:47,47,5,-1
5,evangelisches-krankenhaus-goettingen-weende-ggmbh,evangelisches-krankenhaus-goettingen-weende-ggmbh:65,65,1,-1
7,evangelisches-krankenhaus-goettingen-weende-ggmbh,evangelisches-krankenhaus-goettingen-weende-ggmbh:66,66,1,-1
3,evangelisches-krankenhaus-goettingen-weende-ggmbh,evangelisches-krankenhaus-goettingen-weende-ggmbh:69,69,5,0
5,evangelisches-krankenhaus-goettingen-weende-ggmbh,evangelisches-krankenhaus-goettingen-weende-ggmbh:71,71,5,0
6,evangelisches-krankenhaus-goettingen-weende-ggmbh,evangelisches-krankenhaus-goettingen-weende-ggmbh:76,76,5,0
6,evangelisches-krankenhaus-goettingen-weende-ggmbh,evangelisches-krankenhaus-goettingen-weende-ggmbh:77,77,3,-1
6,evangelisches-krankenhaus-goettingen-weende-ggmbh,evangelisches-krankenhaus-goettingen-weende-ggmbh:78,78,1,-1
7,evangelisches-krankenhaus-goettingen-weende-ggmbh,evangelisches-krankenhaus-goettingen-weende-ggmbh:84,84,5,-1
3,evangelisches-krankenhaus-goettingen-weende-ggmbh,evangelisches-krankenhaus-goettingen-weende-ggmbh:87,87,3,-1
7,evangelisches-krankenhaus-goettingen-weende-ggmbh,evangelisches-krankenhaus-goettingen-weende-ggmbh:89,89,1,16
3,evangelisches-krankenhaus-goettingen-weende-ggmbh,evangelisches-krankenhaus-goettingen-weende-ggmbh:93,93,5,11
14,evangelisches-krankenhaus-goettingen-weende-ggmbh,evangelisches-krankenhaus-goettingen-weende-ggmbh:95,95,2,-1
4,evangelisches-krankenhaus-goettingen-weende-ggmbh,evangelisches-krankenhaus-goettingen-weende-ggmbh:97,97,3,-1
12,evangelisches-krankenhaus-goettingen-weende-ggmbh,evangelisches-krankenhaus-goettingen-weende-ggmbh:98,98,2,-1
7,evangelisches-krankenhaus-goettingen-weende-ggmbh,evangelisches-krankenhaus-goettingen-weende-ggmbh:99,99,5,-1
6,evangelisches-krankenhaus-goettingen-weende-ggmbh,evangelisches-krankenhaus-goettingen-weende-ggmbh:100,100,2,-1
7,evangelisches-krankenhaus-goettingen-weende-ggmbh,evangelisches-krankenhaus-goettingen-weende-ggmbh:103,103,5,-1
5,evangelisches-krankenhaus-goettingen-weende-ggmbh,evangelisches-krankenhaus-goettingen-weende-ggmbh:104,104,3,-1
13,evangelisches-krankenhaus-goettingen-weende-ggmbh,evangelisches-krankenhaus-goettingen-weende-ggmbh:105,105,1,1
13,evangelisches-krankenhaus-goettingen-weende-ggmbh,evangelisches-krankenhaus-goettingen-weende-ggmbh:106,106,1,-1
5,evangelisches-krankenhaus-goettingen-weende-ggmbh,evangelisches-krankenhaus-goettingen-weende-ggmbh:107,107,2,3
12,evangelisches-krankenhaus-goettingen-weende-ggmbh,evangelisches-krankenhaus-goettingen-weende-ggmbh:108,108,1,-1
18,evangelisches-krankenhaus-goettingen-weende-ggmbh,evangelisches-krankenhaus-goettingen-weende-ggmbh:112,112,1,18
28,evangelisches-krankenhaus-goettingen-weende-ggmbh,evangelisches-krankenhaus-goettingen-weende-ggmbh:113,113,1,-1
8,evangelisches-krankenhaus-goettingen-weende-ggmbh,evangelisches-krankenhaus-goettingen-weende-ggmbh:117,117,1,15
13,evangelisches-krankenhaus-goettingen-weende-ggmbh,evangelisches-krankenhaus-goettingen-weende-ggmbh:118,118,1,10
6,evangelisches-krankenhaus-goettingen-weende-ggmbh,evangelisches-krankenhaus-goettingen-weende-ggmbh:120,120,5,0
8,evangelisches-krankenhaus-goettingen-weende-ggmbh,evangelisches-krankenhaus-goettingen-weende-ggmbh:122,122,1,-1
20,evangelisches-krankenhaus-goettingen-weende-ggmbh,evangelisches-krankenhaus-goettingen-weende-ggmbh:123,123,1,-1
3,evangelisches-krankenhaus-goettingen-weende-ggmbh,evangelisches-krankenhaus-goettingen-weende-ggmbh:125,125,1,10
11,evangelisches-krankenhaus-goettingen-weende-ggmbh,evangelisches-krankenhaus-goettingen-weende-ggmbh:126,126,1,-1
9,evangelisches-krankenhaus-goettingen-weende-ggmbh,evangelisches-krankenhaus-goettingen-weende-ggmbh:127,127,1,-1
11,evangelisches-krankenhaus-goettingen-weende-ggmbh,evangelisches-krankenhaus-goettingen-weende-ggmbh:128,128,2,-1
16,evangelisches-krankenhaus-goettingen-weende-ggmbh,evangelisches-krankenhaus-goettingen-weende-ggmbh:129,129,1,-1
12,evangelisches-krankenhaus-goettingen-weende-ggmbh,evangelisches-krankenhaus-goettingen-weende-ggmbh:130,130,2,1
20,evangelisches-krankenhaus-goettingen-weende-ggmbh,evangelisches-krankenhaus-goettingen-weende-ggmbh:132,132,1,10
4,evangelisches-krankenhaus-goettingen-weende-ggmbh,evangelisches-krankenhaus-goettingen-weende-ggmbh:133,133,5,0
11,evangelisches-krankenhaus-goettingen-weende-ggmbh,evangelisches-krankenhaus-goettingen-weende-ggmbh:138,138,1,-1
4,evangelisches-krankenhaus-goettingen-weende-ggmbh,evangelisches-krankenhaus-goettingen-weende-ggmbh:140,140,5,-1
3,evangelisches-krankenhaus-goettingen-weende-ggmbh,evangelisches-krankenhaus-goettingen-weende-ggmbh:141,141,3,0
7,evangelisches-krankenhaus-goettingen-weende-ggmbh,evangelisches-krankenhaus-goettingen-weende-ggmbh:142,142,1,-1
8,evangelisches-krankenhaus-goettingen-weende-ggmbh,evangelisches-krankenhaus-goettingen-weende-ggmbh:143,143,1,-1
3,evangelisches-krankenhaus-goettingen-weende-ggmbh,evangelisches-krankenhaus-goettingen-weende-ggmbh:144,144,4,0
11,evangelisches-krankenhaus-goettingen-weende-ggmbh,evangelisches-krankenhaus-goettingen-weende-ggmbh:145,145,1,6
9,evangelisches-krankenhaus-goettingen-weende-ggmbh,evangelisches-krankenhaus-goettingen-weende-ggmbh:146,146,1,-1
13,evangelisches-krankenhaus-goettingen-weende-ggmbh,evangelisches-krankenhaus-goettingen-weende-ggmbh:147,147,1,6
4,evangelisches-krankenhaus-goettingen-weende-ggmbh,evangelisches-krankenhaus-goettingen-weende-ggmbh:148,148,2,-1
11,evangelisches-krankenhaus-goettingen-weende-ggmbh,evangelisches-krankenhaus-goettingen-weende-ggmbh:152,152,1,-1
15,evangelisches-krankenhaus-goettingen-weende-ggmbh,evangelisches-krankenhaus-goettingen-weende-ggmbh:153,153,1,2
5,evangelisches-krankenhaus-goettingen-weende-ggmbh,evangelisches-krankenhaus-goettingen-weende-ggmbh:154,154,1,-1
16,evangelisches-krankenhaus-goettingen-weende-ggmbh,evangelisches-krankenhaus-goettingen-weende-ggmbh:155,155,1,16
11,evangelisches-krankenhaus-goettingen-weende-ggmbh,evangelisches-krankenhaus-goettingen-weende-ggmbh:157,157,1,18
3,evangelisches-krankenhaus-goettingen-weende-ggmbh,evangelisches-krankenhaus-goettingen-weende-ggmbh:159,159,4,0
16,evangelisches-krankenhaus-goettingen-weende-ggmbh,evangelisches-krankenhaus-goettingen-weende-ggmbh:160,160,1,-1
3,evangelisches-krankenhaus-goettingen-weende-ggmbh,evangelisches-krankenhaus-goettingen-weende-ggmbh:162,162,5,0
4,evangelisches-krankenhaus-goettingen-weende-ggmbh,evangelisches-krankenhaus-goettingen-weende-ggmbh:164,164,5,0
5,evangelisches-krankenhaus-goettingen-weende-ggmbh,evangelisches-krankenhaus-goettingen-weende-ggmbh:167,167,5,-1
3,evangelisches-krankenhaus-goettingen-weende-ggmbh,evangelisches-krankenhaus-goettingen-weende-ggmbh:168,168,1,26
7,evangelisches-krankenhaus-goettingen-weende-ggmbh,evangelisches-krankenhaus-goettingen-weende-ggmbh:173,173,1,-1
13,evangelisches-krankenhaus-goettingen-weende-ggmbh,evangelisches-krankenhaus-goettingen-weende-ggmbh:180,180,1,-1
10,evangelisches-krankenhaus-goettingen-weende-ggmbh,evangelisches-krankenhaus-goettingen-weende-ggmbh:183,183,1,1
6,evangelisches-krankenhaus-goettingen-weende-ggmbh,evangelisches-krankenhaus-goettingen-weende-ggmbh:184,184,1,-1
8,evangelisches-krankenhaus-goettingen-weende-ggmbh,evangelisches-krankenhaus-goettingen-weende-ggmbh:187,187,1,-1
5,evangelisches-krankenhaus-goettingen-weende-ggmbh,evangelisches-krankenhaus-goettingen-weende-ggmbh:197,197,5,22
4,evangelisches-krankenhaus-goettingen-weende-ggmbh,evangelisches-krankenhaus-goettingen-weende-ggmbh:199,199,1,-1
3,evangelisches-krankenhaus-goettingen-weende-ggmbh,evangelisches-krankenhaus-goettingen-weende-ggmbh:206,206,5,0
4,evangelisches-krankenhaus-goettingen-weende-ggmbh,evangelisches-krankenhaus-goettingen-weende-ggmbh:223,223,1,-1
4,evangelisches-krankenhaus-goettingen-weende-ggmbh,evangelisches-krankenhaus-goettingen-weende-ggmbh:238,238,1,-1
6,evangelisches-krankenhaus-goettingen-weende-ggmbh,evangelisches-krankenhaus-goettingen-weende-ggmbh:248,248,1,-1
3,evangelisches-krankenhaus-goettingen-weende-ggmbh,evangelisches-krankenhaus-goettingen-weende-ggmbh:259,259,1,18
11,evangelisches-krankenhaus-goettingen-weende-ggmbh,evangelisches-krankenhaus-goettingen-weende-ggmbh:271,271,1,5
3,evangelisches-krankenhaus-goettingen-weende-ggmbh,evangelisches-krankenhaus-goettingen-weende-ggmbh:278,278,1,9
11,evangelisches-krankenhaus-goettingen-weende-ggmbh,evangelisches-krankenhaus-goettingen-weende-ggmbh:295,295,1,-1
3,evangelisches-krankenhaus-goettingen-weende-ggmbh,evangelisches-krankenhaus-goettingen-weende-ggmbh:299,299,5,0
10,evangelisches-krankenhaus-oldenburg,evangelisches-krankenhaus-oldenburg:65,65,2,-1
3,evangelisches-krankenhaus-oldenburg,evangelisches-krankenhaus-oldenburg:73,73,5,0
3,evangelisches-krankenhaus-oldenburg,evangelisches-krankenhaus-oldenburg:87,87,5,0
5,evangelisches-krankenhaus-oldenburg,evangelisches-krankenhaus-oldenburg:88,88,5,-1
4,evangelisches-krankenhaus-oldenburg,evangelisches-krankenhaus-oldenburg:89,89,5,0
4,evangelisches-krankenhaus-oldenburg,evangelisches-krankenhaus-oldenburg:90,90,5,12
4,evangelisches-krankenhaus-oldenburg,evangelisches-krankenhaus-oldenburg:91,91,5,-1
3,evangelisches-krankenhaus-oldenburg,evangelisches-krankenhaus-oldenburg:92,92,2,-1
7,evangelisches-krankenhaus-oldenburg,evangelisches-krankenhaus-oldenburg:95,95,5,0
4,evangelisches-krankenhaus-oldenburg,evangelisches-krankenhaus-oldenburg:97,97,5,1
21,evangelisches-krankenhaus-oldenburg,evangelisches-krankenhaus-oldenburg:100,100,1,-1
8,evangelisches-krankenhaus-oldenburg,evangelisches-krankenhaus-oldenburg:101,101,5,-1
5,evangelisches-krankenhaus-oldenburg,evangelisches-krankenhaus-oldenburg:107,107,5,0
12,evangelisches-krankenhaus-oldenburg,evangelisches-krankenhaus-oldenburg:108,108,3,0
20,fachklinik-bad-bentheim-thermalsole-und-schwefelbad-bentheim-gmbh,fachklinik-bad-bentheim-thermalsole-und-schwefelbad-bentheim-gmbh:7,7,5,0
4,fachklinik-bad-bentheim-thermalsole-und-schwefelbad-bentheim-gmbh,fachklinik-bad-bentheim-thermalsole-und-schwefelbad-bentheim-gmbh:8,8,5,0
7,fachklinik-bad-bentheim-thermalsole-und-schwefelbad-bentheim-gmbh,fachklinik-bad-bentheim-thermalsole-und-schwefelbad-bentheim-gmbh:13,13,5,0
16,fachklinik-bad-bentheim-thermalsole-und-schwefelbad-bentheim-gmbh,fachklinik-bad-bentheim-thermalsole-und-schwefelbad-bentheim-gmbh:15,15,5,8
24,fachklinik-bad-bentheim-thermalsole-und-schwefelbad-bentheim-gmbh,fachklinik-bad-bentheim-thermalsole-und-schwefelbad-bentheim-gmbh:18,18,3,0
12,fachklinik-bad-bentheim-thermalsole-und-schwefelbad-bentheim-gmbh,fachklinik-bad-bentheim-thermalsole-und-schwefelbad-bentheim-gmbh:20,20,5,0
4,falkenried-caduceus-klinik-gmbh,falkenried-caduceus-klinik-gmbh:3,3,4,-1
11,falkenried-caduceus-klinik-gmbh,falkenried-caduceus-klinik-gmbh:4,4,5,0
9,falkenried-caduceus-klinik-gmbh,falkenried-caduceus-klinik-gmbh:6,6,1,13
12,falkenried-caduceus-klinik-gmbh,falkenried-caduceus-klinik-gmbh:7,7,5,0
13,falkenried-caduceus-klinik-gmbh,falkenried-caduceus-klinik-gmbh:8,8,5,0
25,falkenried-caduceus-klinik-gmbh,falkenried-caduceus-klinik-gmbh:9,9,5,0
5,falkenried-caduceus-klinik-gmbh,falkenried-caduceus-klinik-gmbh:10,10,1,-1
4,falkenried-caduceus-klinik-gmbh,falkenried-caduceus-klinik-gmbh:11,11,5,-1
5,falkenried-caduceus-klinik-gmbh,falkenried-caduceus-klinik-gmbh:13,13,5,-1
39,falkenried-caduceus-klinik-gmbh,falkenried-caduceus-klinik-gmbh:17,17,5,0
7,falkenried-caduceus-klinik-gmbh,falkenried-caduceus-klinik-gmbh:18,18,5,-1
7,helios-klinik-cuxhaven-gmbh,helios-klinik-cuxhaven-gmbh:25,25,5,-1
4,helios-klinik-wesermarsch-nordenham-gmbh,helios-klinik-wesermarsch-nordenham-gmbh:24,24,1,1
3,helios-klinik-wesermarsch-nordenham-gmbh,helios-klinik-wesermarsch-nordenham-gmbh:28,28,1,-1
5,helios-klinik-wittingen-gmbh,helios-klinik-wittingen-gmbh:13,13,5,1
3,helios-klinik-wittingen-gmbh,helios-klinik-wittingen-gmbh:16,16,5,-1
4,helios-klinik-wittingen-gmbh,helios-klinik-wittingen-gmbh:21,21,5,0
3,helios-klinik-wittingen-gmbh,helios-klinik-wittingen-gmbh:23,23,5,0
4,helios-klinik-wittingen-gmbh,helios-klinik-wittingen-gmbh:26,26,5,0
3,helios-klinik-wittingen-gmbh,helios-klinik-wittingen-gmbh:27,27,5,-1
5,helios-kliniken-mittelweser-gmbh-klinik-nienburg,helios-kliniken-mittelweser-gmbh-klinik-nienburg:24,24,5,11
9,helios-klinikum-gifhorn-gmbh,helios-klinikum-gifhorn-gmbh:25,25,5,0
10,helios-klinikum-gifhorn-gmbh,helios-klinikum-gifhorn-gmbh:52,52,2,-1
3,helios-klinikum-gifhorn-gmbh,helios-klinikum-gifhorn-gmbh:65,65,5,0
3,helios-klinikum-gifhorn-gmbh,helios-klinikum-gifhorn-gmbh:73,73,2,-1
4,helios-klinikum-gifhorn-gmbh,helios-klinikum-gifhorn-gmbh:74,74,2,2
3,helios-klinikum-gifhorn-gmbh,helios-klinikum-gifhorn-gmbh:78,78,5,0
3,helios-klinikum-gifhorn-gmbh,helios-klinikum-gifhorn-gmbh:84,84,5,-1
3,helios-klinikum-gifhorn-gmbh,helios-klinikum-gifhorn-gmbh:87,87,5,-1
3,helios-klinikum-gifhorn-gmbh,helios-klinikum-gifhorn-gmbh:88,88,2,-1
3,helios-klinikum-gifhorn-gmbh,helios-klinikum-gifhorn-gmbh:89,89,5,0
3,helios-klinikum-gifhorn-gmbh,helios-klinikum-gifhorn-gmbh:90,90,5,-1
5,helios-klinikum-gifhorn-gmbh,helios-klinikum-gifhorn-gmbh:92,92,5,0
4,helios-klinikum-gifhorn-gmbh,helios-klinikum-gifhorn-gmbh:96,96,5,11
3,helios-klinikum-gifhorn-gmbh,helios-klinikum-gifhorn-gmbh:97,97,4,0
6,helios-klinikum-gifhorn-gmbh,helios-klinikum-gifhorn-gmbh:101,101,5,11
3,helios-klinikum-gifhorn-gmbh,helios-klinikum-gifhorn-gmbh:102,102,1,2
4,helios-klinikum-gifhorn-gmbh,helios-klinikum-gifhorn-gmbh:103,103,1,16
6,helios-klinikum-gifhorn-gmbh,helios-klinikum-gifhorn-gmbh:104,104,5,11
6,helios-klinikum-gifhorn-gmbh,helios-klinikum-gifhorn-gmbh:105,105,5,0
3,helios-klinikum-gifhorn-gmbh,helios-klinikum-gifhorn-gmbh:106,106,5,-1
3,helios-klinikum-gifhorn-gmbh,helios-klinikum-gifhorn-gmbh:108,108,5,-1
12,helios-klinikum-gifhorn-gmbh,helios-klinikum-gifhorn-gmbh:109,109,1,1
5,helios-klinikum-gifhorn-gmbh,helios-klinikum-gifhorn-gmbh:112,112,5,0
5,helios-klinikum-gifhorn-gmbh,helios-klinikum-gifhorn-gmbh:115,115,1,-1
7,helios-klinikum-gifhorn-gmbh,helios-klinikum-gifhorn-gmbh:120,120,5,11
11,helios-klinikum-gifhorn-gmbh,helios-klinikum-gifhorn-gmbh:128,128,1,-1
5,helios-klinikum-gifhorn-gmbh,helios-klinikum-gifhorn-gmbh:129,129,5,-1
4,helios-klinikum-gifhorn-gmbh,helios-klinikum-gifhorn-gmbh:131,131,5,-1
4,helios-klinikum-gifhorn-gmbh,helios-klinikum-gifhorn-gmbh:132,132,2,-1
4,helios-klinikum-gifhorn-gmbh,helios-klinikum-gifhorn-gmbh:135,135,5,-1
6,helios-klinikum-gifhorn-gmbh,helios-klinikum-gifhorn-gmbh:136,136,1,1
6,helios-klinikum-gifhorn-gmbh,helios-klinikum-gifhorn-gmbh:137,137,5,2
5,helios-klinikum-gifhorn-gmbh,helios-klinikum-gifhorn-gmbh:139,139,5,0
6,helios-klinikum-gifhorn-gmbh,helios-klinikum-gifhorn-gmbh:141,141,1,2
9,helios-klinikum-gifhorn-gmbh,helios-klinikum-gifhorn-gmbh:142,142,1,2
3,helios-klinikum-gifhorn-gmbh,helios-klinikum-gifhorn-gmbh:144,144,5,11
5,helios-klinikum-gifhorn-gmbh,helios-klinikum-gifhorn-gmbh:145,145,5,6
5,helios-klinikum-gifhorn-gmbh,helios-klinikum-gifhorn-gmbh:146,146,5,0
11,helios-klinikum-gifhorn-gmbh,helios-klinikum-gifhorn-gmbh:148,148,1,-1
3,helios-klinikum-gifhorn-gmbh,helios-klinikum-gifhorn-gmbh:149,149,5,0
5,helios-klinikum-gifhorn-gmbh,helios-klinikum-gifhorn-gmbh:150,150,5,0
10,helios-klinikum-gifhorn-gmbh,helios-klinikum-gifhorn-gmbh:151,151,5,0
4,helios-klinikum-gifhorn-gmbh,helios-klinikum-gifhorn-gmbh:152,152,3,3
3,helios-klinikum-gifhorn-gmbh,helios-klinikum-gifhorn-gmbh:154,154,1,2
8,helios-klinikum-gifhorn-gmbh,helios-klinikum-gifhorn-gmbh:161,161,1,1
6,helios-klinikum-gifhorn-gmbh,helios-klinikum-gifhorn-gmbh:167,167,1,-1
7,helios-klinikum-gifhorn-gmbh,helios-klinikum-gifhorn-gmbh:169,169,4,-1
13,helios-klinikum-gifhorn-gmbh,helios-klinikum-gifhorn-gmbh:170,170,1,-1
22,helios-klinikum-gifhorn-gmbh,helios-klinikum-gifhorn-gmbh:171,171,1,16
10,helios-klinikum-gifhorn-gmbh,helios-klinikum-gifhorn-gmbh:176,176,1,7
4,helios-klinikum-gifhorn-gmbh,helios-klinikum-gifhorn-gmbh:178,178,5,0
6,helios-klinikum-gifhorn-gmbh,helios-klinikum-gifhorn-gmbh:179,179,1,16
4,helios-klinikum-gifhorn-gmbh,helios-klinikum-gifhorn-gmbh:180,180,5,0
4,helios-klinikum-gifhorn-gmbh,helios-klinikum-gifhorn-gmbh:185,185,3,-1
6,helios-klinikum-gifhorn-gmbh,helios-klinikum-gifhorn-gmbh:188,188,1,-1
3,helios-klinikum-gifhorn-gmbh,helios-klinikum-gifhorn-gmbh:190,190,5,11
9,helios-klinikum-gifhorn-gmbh,helios-klinikum-gifhorn-gmbh:191,191,2,2
3,helios-klinikum-gifhorn-gmbh,helios-klinikum-gifhorn-gmbh:193,193,5,-1
3,helios-klinikum-gifhorn-gmbh,helios-klinikum-gifhorn-gmbh:194,194,5,-1
7,helios-klinikum-gifhorn-gmbh,helios-klinikum-gifhorn-gmbh:197,197,3,12
5,helios-klinikum-gifhorn-gmbh,helios-klinikum-gifhorn-gmbh:198,198,1,6
3,helios-klinikum-gifhorn-gmbh,helios-klinikum-gifhorn-gmbh:200,200,5,11
6,helios-klinikum-gifhorn-gmbh,helios-klinikum-gifhorn-gmbh:203,203,1,4
14,helios-klinikum-gifhorn-gmbh,helios-klinikum-gifhorn-gmbh:204,204,2,-1
9,helios-klinikum-gifhorn-gmbh,helios-klinikum-gifhorn-gmbh:205,205,1,-1
6,helios-klinikum-gifhorn-gmbh,helios-klinikum-gifhorn-gmbh:206,206,1,18
5,helios-klinikum-gifhorn-gmbh,helios-klinikum-gifhorn-gmbh:207,207,1,-1
6,helios-klinikum-gifhorn-gmbh,helios-klinikum-gifhorn-gmbh:209,209,1,-1
3,helios-klinikum-gifhorn-gmbh,helios-klinikum-gifhorn-gmbh:211,211,4,-1
4,helios-klinikum-gifhorn-gmbh,helios-klinikum-gifhorn-gmbh:213,213,1,-1
4,helios-klinikum-gifhorn-gmbh,helios-klinikum-gifhorn-gmbh:216,216,4,-1
3,helios-klinikum-gifhorn-gmbh,helios-klinikum-gifhorn-gmbh:220,220,5,-1
7,helios-klinikum-gifhorn-gmbh,helios-klinikum-gifhorn-gmbh:221,221,1,-1
3,helios-klinikum-gifhorn-gmbh,helios-klinikum-gifhorn-gmbh:222,222,5,0
6,helios-klinikum-gifhorn-gmbh,helios-klinikum-gifhorn-gmbh:225,225,1,-1
9,helios-klinikum-gifhorn-gmbh,helios-klinikum-gifhorn-gmbh:227,227,1,6
3,helios-klinikum-gifhorn-gmbh,helios-klinikum-gifhorn-gmbh:228,228,5,2
3,helios-klinikum-gifhorn-gmbh,helios-klinikum-gifhorn-gmbh:230,230,5,0
5,helios-klinikum-gifhorn-gmbh,helios-klinikum-gifhorn-gmbh:231,231,1,20
3,helios-klinikum-gifhorn-gmbh,helios-klinikum-gifhorn-gmbh:234,234,5,0
3,helios-klinikum-gifhorn-gmbh,helios-klinikum-gifhorn-gmbh:235,235,5,-1
3,helios-klinikum-gifhorn-gmbh,helios-klinikum-gifhorn-gmbh:236,236,5,-1
9,helios-klinikum-gifhorn-gmbh,helios-klinikum-gifhorn-gmbh:241,241,1,7
3,helios-klinikum-gifhorn-gmbh,helios-klinikum-gifhorn-gmbh:246,246,4,26
4,helios-klinikum-gifhorn-gmbh,helios-klinikum-gifhorn-gmbh:248,248,5,-1
4,helios-klinikum-gifhorn-gmbh,helios-klinikum-gifhorn-gmbh:250,250,4,-1
6,helios-klinikum-gifhorn-gmbh,helios-klinikum-gifhorn-gmbh:251,251,1,8
6,helios-klinikum-gifhorn-gmbh,helios-klinikum-gifhorn-gmbh:253,253,2,3
12,helios-klinikum-gifhorn-gmbh,helios-klinikum-gifhorn-gmbh:258,258,2,2
3,helios-klinikum-gifhorn-gmbh,helios-klinikum-gifhorn-gmbh:260,260,5,1
3,helios-klinikum-gifhorn-gmbh,helios-klinikum-gifhorn-gmbh:262,262,5,0
3,helios-klinikum-gifhorn-gmbh,helios-klinikum-gifhorn-gmbh:266,266,5,22
8,helios-klinikum-gifhorn-gmbh,helios-klinikum-gifhorn-gmbh:267,267,1,-1
3,helios-klinikum-gifhorn-gmbh,helios-klinikum-gifhorn-gmbh:274,274,5,0
4,helios-klinikum-gifhorn-gmbh,helios-klinikum-gifhorn-gmbh:278,278,4,17
3,helios-klinikum-gifhorn-gmbh,helios-klinikum-gifhorn-gmbh:280,280,1,0
4,helios-klinikum-gifhorn-gmbh,helios-klinikum-gifhorn-gmbh:282,282,1,-1
4,helios-klinikum-gifhorn-gmbh,helios-klinikum-gifhorn-gmbh:285,285,2,-1
7,helios-klinikum-gifhorn-gmbh,helios-klinikum-gifhorn-gmbh:290,290,1,-1
3,helios-klinikum-gifhorn-gmbh,helios-klinikum-gifhorn-gmbh:298,298,5,-1
4,helios-klinikum-gifhorn-gmbh,helios-klinikum-gifhorn-gmbh:306,306,4,-1
8,helios-klinikum-gifhorn-gmbh,helios-klinikum-gifhorn-gmbh:316,316,1,-1
3,helios-klinikum-gifhorn-gmbh,helios-klinikum-gifhorn-gmbh:328,328,1,-1
3,helios-klinikum-gifhorn-gmbh,helios-klinikum-gifhorn-gmbh:340,340,1,5
3,helios-klinikum-gifhorn-gmbh,helios-klinikum-gifhorn-gmbh:355,355,4,0
4,helios-klinikum-gifhorn-gmbh,helios-klinikum-gifhorn-gmbh:397,397,5,8
5,helios-klinikum-hildesheim-gmbh,helios-klinikum-hildesheim-gmbh:49,49,5,-1
6,helios-klinikum-hildesheim-gmbh,helios-klinikum-hildesheim-gmbh:60,60,5,13
9,helios-klinikum-hildesheim-gmbh,helios-klinikum-hildesheim-gmbh:65,65,1,-1
3,helios-klinikum-hildesheim-gmbh,helios-klinikum-hildesheim-gmbh:99,99,4,0
10,helios-klinikum-hildesheim-gmbh,helios-klinikum-hildesheim-gmbh:102,102,1,-1
8,helios-klinikum-hildesheim-gmbh,helios-klinikum-hildesheim-gmbh:115,115,1,2
3,helios-klinikum-hildesheim-gmbh,helios-klinikum-hildesheim-gmbh:116,116,5,11
3,helios-klinikum-hildesheim-gmbh,helios-klinikum-hildesheim-gmbh:121,121,5,-1
13,helios-klinikum-hildesheim-gmbh,helios-klinikum-hildesheim-gmbh:123,123,1,1
5,helios-klinikum-hildesheim-gmbh,helios-klinikum-hildesheim-gmbh:128,128,1,11
3,helios-klinikum-hildesheim-gmbh,helios-klinikum-hildesheim-gmbh:129,129,5,0
4,helios-klinikum-hildesheim-gmbh,helios-klinikum-hildesheim-gmbh:130,130,1,6
5,helios-klinikum-hildesheim-gmbh,helios-klinikum-hildesheim-gmbh:132,132,1,3
3,helios-klinikum-hildesheim-gmbh,helios-klinikum-hildesheim-gmbh:135,135,1,-1
8,helios-klinikum-hildesheim-gmbh,helios-klinikum-hildesheim-gmbh:137,137,1,12
4,helios-klinikum-hildesheim-gmbh,helios-klinikum-hildesheim-gmbh:143,143,1,3
3,helios-klinikum-hildesheim-gmbh,helios-klinikum-hildesheim-gmbh:147,147,3,0
5,helios-klinikum-hildesheim-gmbh,helios-klinikum-hildesheim-gmbh:148,148,2,0
3,helios-klinikum-hildesheim-gmbh,helios-klinikum-hildesheim-gmbh:149,149,1,-1
3,helios-klinikum-hildesheim-gmbh,helios-klinikum-hildesheim-gmbh:153,153,1,9
15,helios-klinikum-hildesheim-gmbh,helios-klinikum-hildesheim-gmbh:154,154,1,16
4,helios-klinikum-hildesheim-gmbh,helios-klinikum-hildesheim-gmbh:155,155,5,5
10,helios-klinikum-hildesheim-gmbh,helios-klinikum-hildesheim-gmbh:160,160,1,9
8,helios-klinikum-hildesheim-gmbh,helios-klinikum-hildesheim-gmbh:161,161,1,6
4,helios-klinikum-hildesheim-gmbh,helios-klinikum-hildesheim-gmbh:166,166,1,12
3,helios-klinikum-hildesheim-gmbh,helios-klinikum-hildesheim-gmbh:168,168,5,1
4,helios-klinikum-hildesheim-gmbh,helios-klinikum-hildesheim-gmbh:169,169,1,16
4,helios-klinikum-hildesheim-gmbh,helios-klinikum-hildesheim-gmbh:171,171,5,0
9,helios-klinikum-hildesheim-gmbh,helios-klinikum-hildesheim-gmbh:175,175,5,6
14,helios-klinikum-hildesheim-gmbh,helios-klinikum-hildesheim-gmbh:176,176,1,2
7,helios-klinikum-hildesheim-gmbh,helios-klinikum-hildesheim-gmbh:180,180,1,1
3,helios-klinikum-hildesheim-gmbh,helios-klinikum-hildesheim-gmbh:181,181,5,11
3,helios-klinikum-hildesheim-gmbh,helios-klinikum-hildesheim-gmbh:183,183,1,2
6,helios-klinikum-hildesheim-gmbh,helios-klinikum-hildesheim-gmbh:185,185,1,19
6,helios-klinikum-hildesheim-gmbh,helios-klinikum-hildesheim-gmbh:192,192,1,8
5,helios-klinikum-hildesheim-gmbh,helios-klinikum-hildesheim-gmbh:193,193,1,-1
5,helios-klinikum-hildesheim-gmbh,helios-klinikum-hildesheim-gmbh:196,196,4,2
4,helios-klinikum-hildesheim-gmbh,helios-klinikum-hildesheim-gmbh:200,200,1,2
6,helios-klinikum-hildesheim-gmbh,helios-klinikum-hildesheim-gmbh:204,204,1,12
8,helios-klinikum-hildesheim-gmbh,helios-klinikum-hildesheim-gmbh:205,205,1,12
3,helios-klinikum-hildesheim-gmbh,helios-klinikum-hildesheim-gmbh:209,209,1,0
3,helios-klinikum-hildesheim-gmbh,helios-klinikum-hildesheim-gmbh:212,212,1,2
16,helios-klinikum-hildesheim-gmbh,helios-klinikum-hildesheim-gmbh:217,217,1,8
3,helios-klinikum-hildesheim-gmbh,helios-klinikum-hildesheim-gmbh:218,218,1,12
5,helios-klinikum-hildesheim-gmbh,helios-klinikum-hildesheim-gmbh:221,221,1,4
6,helios-klinikum-hildesheim-gmbh,helios-klinikum-hildesheim-gmbh:224,224,1,3
3,helios-klinikum-hildesheim-gmbh,helios-klinikum-hildesheim-gmbh:229,229,1,0
4,helios-klinikum-hildesheim-gmbh,helios-klinikum-hildesheim-gmbh:230,230,1,7
3,helios-klinikum-hildesheim-gmbh,helios-klinikum-hildesheim-gmbh:231,231,5,-1
4,helios-klinikum-hildesheim-gmbh,helios-klinikum-hildesheim-gmbh:232,232,1,-1
4,helios-klinikum-hildesheim-gmbh,helios-klinikum-hildesheim-gmbh:236,236,2,2
4,helios-klinikum-hildesheim-gmbh,helios-klinikum-hildesheim-gmbh:238,238,5,16
4,helios-klinikum-hildesheim-gmbh,helios-klinikum-hildesheim-gmbh:239,239,1,2
10,helios-klinikum-hildesheim-gmbh,helios-klinikum-hildesheim-gmbh:240,240,1,3
4,helios-klinikum-hildesheim-gmbh,helios-klinikum-hildesheim-gmbh:242,242,1,-1
4,helios-klinikum-hildesheim-gmbh,helios-klinikum-hildesheim-gmbh:243,243,1,5
4,helios-klinikum-hildesheim-gmbh,helios-klinikum-hildesheim-gmbh:247,247,1,16
3,helios-klinikum-hildesheim-gmbh,helios-klinikum-hildesheim-gmbh:249,249,1,-1
7,helios-klinikum-hildesheim-gmbh,helios-klinikum-hildesheim-gmbh:250,250,1,-1
3,helios-klinikum-hildesheim-gmbh,helios-klinikum-hildesheim-gmbh:254,254,5,-1
6,helios-klinikum-hildesheim-gmbh,helios-klinikum-hildesheim-gmbh:255,255,1,-1
3,helios-klinikum-hildesheim-gmbh,helios-klinikum-hildesheim-gmbh:258,258,1,12
9,helios-klinikum-hildesheim-gmbh,helios-klinikum-hildesheim-gmbh:259,259,1,2
3,helios-klinikum-hildesheim-gmbh,helios-klinikum-hildesheim-gmbh:260,260,1,-1
3,helios-klinikum-hildesheim-gmbh,helios-klinikum-hildesheim-gmbh:261,261,5,0
11,helios-klinikum-hildesheim-gmbh,helios-klinikum-hildesheim-gmbh:266,266,1,9
3,helios-klinikum-hildesheim-gmbh,helios-klinikum-hildesheim-gmbh:268,268,2,-1
17,helios-klinikum-hildesheim-gmbh,helios-klinikum-hildesheim-gmbh:269,269,1,-1
4,helios-klinikum-hildesheim-gmbh,helios-klinikum-hildesheim-gmbh:271,271,4,0
4,helios-klinikum-hildesheim-gmbh,helios-klinikum-hildesheim-gmbh:273,273,5,-1
3,helios-klinikum-hildesheim-gmbh,helios-klinikum-hildesheim-gmbh:274,274,5,-1
9,helios-klinikum-hildesheim-gmbh,helios-klinikum-hildesheim-gmbh:275,275,1,-1
3,helios-klinikum-hildesheim-gmbh,helios-klinikum-hildesheim-gmbh:276,276,5,0
3,helios-klinikum-hildesheim-gmbh,helios-klinikum-hildesheim-gmbh:279,279,2,2
7,helios-klinikum-hildesheim-gmbh,helios-klinikum-hildesheim-gmbh:280,280,1,7
4,helios-klinikum-hildesheim-gmbh,helios-klinikum-hildesheim-gmbh:281,281,1,9
9,helios-klinikum-hildesheim-gmbh,helios-klinikum-hildesheim-gmbh:284,284,1,18
7,helios-klinikum-hildesheim-gmbh,helios-klinikum-hildesheim-gmbh:289,289,1,-1
16,helios-klinikum-hildesheim-gmbh,helios-klinikum-hildesheim-gmbh:290,290,1,12
3,helios-klinikum-hildesheim-gmbh,helios-klinikum-hildesheim-gmbh:291,291,2,-1
4,helios-klinikum-hildesheim-gmbh,helios-klinikum-hildesheim-gmbh:292,292,1,20
4,helios-klinikum-hildesheim-gmbh,helios-klinikum-hildesheim-gmbh:294,294,1,2
3,helios-klinikum-hildesheim-gmbh,helios-klinikum-hildesheim-gmbh:300,300,4,0
9,helios-klinikum-hildesheim-gmbh,helios-klinikum-hildesheim-gmbh:305,305,1,-1
3,helios-klinikum-hildesheim-gmbh,helios-klinikum-hildesheim-gmbh:306,306,2,1
3,helios-klinikum-hildesheim-gmbh,helios-klinikum-hildesheim-gmbh:311,311,2,-1
6,helios-klinikum-hildesheim-gmbh,helios-klinikum-hildesheim-gmbh:312,312,1,-1
7,helios-klinikum-hildesheim-gmbh,helios-klinikum-hildesheim-gmbh:314,314,1,-1
7,helios-klinikum-hildesheim-gmbh,helios-klinikum-hildesheim-gmbh:315,315,1,-1
9,helios-klinikum-hildesheim-gmbh,helios-klinikum-hildesheim-gmbh:316,316,1,3
8,helios-klinikum-hildesheim-gmbh,helios-klinikum-hildesheim-gmbh:317,317,1,8
5,helios-klinikum-hildesheim-gmbh,helios-klinikum-hildesheim-gmbh:318,318,1,-1
8,helios-klinikum-hildesheim-gmbh,helios-klinikum-hildesheim-gmbh:319,319,2,-1
4,helios-klinikum-hildesheim-gmbh,helios-klinikum-hildesheim-gmbh:323,323,4,-1
8,helios-klinikum-hildesheim-gmbh,helios-klinikum-hildesheim-gmbh:326,326,1,17
6,helios-klinikum-hildesheim-gmbh,helios-klinikum-hildesheim-gmbh:330,330,1,16
3,helios-klinikum-hildesheim-gmbh,helios-klinikum-hildesheim-gmbh:333,333,1,-1
4,helios-klinikum-hildesheim-gmbh,helios-klinikum-hildesheim-gmbh:334,334,1,3
26,helios-klinikum-hildesheim-gmbh,helios-klinikum-hildesheim-gmbh:336,336,1,-1
4,helios-klinikum-hildesheim-gmbh,helios-klinikum-hildesheim-gmbh:338,338,4,2
9,helios-klinikum-hildesheim-gmbh,helios-klinikum-hildesheim-gmbh:339,339,1,-1
5,helios-klinikum-hildesheim-gmbh,helios-klinikum-hildesheim-gmbh:342,342,1,-1
4,helios-klinikum-hildesheim-gmbh,helios-klinikum-hildesheim-gmbh:343,343,1,-1
7,helios-klinikum-hildesheim-gmbh,helios-klinikum-hildesheim-gmbh:344,344,1,3
5,helios-klinikum-hildesheim-gmbh,helios-klinikum-hildesheim-gmbh:346,346,1,2
10,helios-klinikum-hildesheim-gmbh,helios-klinikum-hildesheim-gmbh:348,348,1,27
4,helios-klinikum-hildesheim-gmbh,helios-klinikum-hildesheim-gmbh:354,354,1,0
4,helios-klinikum-hildesheim-gmbh,helios-klinikum-hildesheim-gmbh:356,356,1,-1
10,helios-klinikum-hildesheim-gmbh,helios-klinikum-hildesheim-gmbh:357,357,1,1
3,helios-klinikum-hildesheim-gmbh,helios-klinikum-hildesheim-gmbh:358,358,3,14
5,helios-klinikum-hildesheim-gmbh,helios-klinikum-hildesheim-gmbh:362,362,1,12
5,helios-klinikum-hildesheim-gmbh,helios-klinikum-hildesheim-gmbh:364,364,1,1
5,helios-klinikum-hildesheim-gmbh,helios-klinikum-hildesheim-gmbh:365,365,1,-1
7,helios-klinikum-hildesheim-gmbh,helios-klinikum-hildesheim-gmbh:369,369,1,6
9,helios-klinikum-hildesheim-gmbh,helios-klinikum-hildesheim-gmbh:372,372,1,9
3,helios-klinikum-hildesheim-gmbh,helios-klinikum-hildesheim-gmbh:373,373,2,0
7,helios-klinikum-hildesheim-gmbh,helios-klinikum-hildesheim-gmbh:374,374,1,-1
4,helios-klinikum-hildesheim-gmbh,helios-klinikum-hildesheim-gmbh:381,381,1,-1
3,helios-klinikum-hildesheim-gmbh,helios-klinikum-hildesheim-gmbh:383,383,1,1
6,helios-klinikum-hildesheim-gmbh,helios-klinikum-hildesheim-gmbh:388,388,1,-1
5,helios-klinikum-hildesheim-gmbh,helios-klinikum-hildesheim-gmbh:389,389,1,1
3,helios-klinikum-hildesheim-gmbh,helios-klinikum-hildesheim-gmbh:392,392,1,-1
3,helios-klinikum-hildesheim-gmbh,helios-klinikum-hildesheim-gmbh:393,393,2,0
4,helios-klinikum-hildesheim-gmbh,helios-klinikum-hildesheim-gmbh:397,397,1,3
6,helios-klinikum-hildesheim-gmbh,helios-klinikum-hildesheim-gmbh:398,398,1,14
3,helios-klinikum-hildesheim-gmbh,helios-klinikum-hildesheim-gmbh:402,402,1,-1
5,helios-klinikum-hildesheim-gmbh,helios-klinikum-hildesheim-gmbh:403,403,1,-1
6,helios-klinikum-hildesheim-gmbh,helios-klinikum-hildesheim-gmbh:404,404,1,-1
4,helios-klinikum-hildesheim-gmbh,helios-klinikum-hildesheim-gmbh:413,413,1,9
4,helios-klinikum-hildesheim-gmbh,helios-klinikum-hildesheim-gmbh:414,414,1,-1
4,helios-klinikum-hildesheim-gmbh,helios-klinikum-hildesheim-gmbh:416,416,1,-1
7,helios-klinikum-hildesheim-gmbh,helios-klinikum-hildesheim-gmbh:417,417,1,2
3,helios-klinikum-hildesheim-gmbh,helios-klinikum-hildesheim-gmbh:418,418,5,0
8,helios-klinikum-hildesheim-gmbh,helios-klinikum-hildesheim-gmbh:420,420,1,16
8,helios-klinikum-hildesheim-gmbh,helios-klinikum-hildesheim-gmbh:423,423,1,-1
11,helios-klinikum-hildesheim-gmbh,helios-klinikum-hildesheim-gmbh:424,424,1,3
11,helios-klinikum-hildesheim-gmbh,helios-klinikum-hildesheim-gmbh:425,425,1,13
3,helios-klinikum-hildesheim-gmbh,helios-klinikum-hildesheim-gmbh:430,430,1,6
6,helios-klinikum-hildesheim-gmbh,helios-klinikum-hildesheim-gmbh:436,436,1,-1
17,helios-klinikum-hildesheim-gmbh,helios-klinikum-hildesheim-gmbh:437,437,1,4
5,helios-klinikum-hildesheim-gmbh,helios-klinikum-hildesheim-gmbh:455,455,2,-1
6,helios-klinikum-hildesheim-gmbh,helios-klinikum-hildesheim-gmbh:459,459,1,7
5,helios-klinikum-hildesheim-gmbh,helios-klinikum-hildesheim-gmbh:473,473,1,-1
4,helios-klinikum-hildesheim-gmbh,helios-klinikum-hildesheim-gmbh:474,474,1,8
8,helios-klinikum-hildesheim-gmbh,helios-klinikum-hildesheim-gmbh:478,478,1,1
5,helios-klinikum-hildesheim-gmbh,helios-klinikum-hildesheim-gmbh:484,484,1,24
8,helios-klinikum-hildesheim-gmbh,helios-klinikum-hildesheim-gmbh:490,490,1,-1
4,helios-klinikum-hildesheim-gmbh,helios-klinikum-hildesheim-gmbh:496,496,1,-1
3,helios-klinikum-hildesheim-gmbh,helios-klinikum-hildesheim-gmbh:503,503,1,-1
8,helios-klinikum-hildesheim-gmbh,helios-klinikum-hildesheim-gmbh:505,505,1,-1
3,helios-klinikum-hildesheim-gmbh,helios-klinikum-hildesheim-gmbh:508,508,5,-1
3,helios-klinikum-hildesheim-gmbh,helios-klinikum-hildesheim-gmbh:511,511,1,-1
3,helios-klinikum-hildesheim-gmbh,helios-klinikum-hildesheim-gmbh:512,512,1,-1
4,helios-klinikum-hildesheim-gmbh,helios-klinikum-hildesheim-gmbh:514,514,1,-1
3,helios-klinikum-hildesheim-gmbh,helios-klinikum-hildesheim-gmbh:517,517,2,-1
3,helios-klinikum-hildesheim-gmbh,helios-klinikum-hildesheim-gmbh:524,524,1,-1
5,helios-klinikum-hildesheim-gmbh,helios-klinikum-hildesheim-gmbh:533,533,1,-1
3,helios-klinikum-hildesheim-gmbh,helios-klinikum-hildesheim-gmbh:534,534,1,1
7,helios-klinikum-hildesheim-gmbh,helios-klinikum-hildesheim-gmbh:536,536,1,2
5,helios-klinikum-hildesheim-gmbh,helios-klinikum-hildesheim-gmbh:537,537,3,24
3,helios-klinikum-hildesheim-gmbh,helios-klinikum-hildesheim-gmbh:549,549,1,2
5,helios-klinikum-hildesheim-gmbh,helios-klinikum-hildesheim-gmbh:553,553,1,-1
3,helios-klinikum-hildesheim-gmbh,helios-klinikum-hildesheim-gmbh:560,560,1,-1
6,helios-klinikum-hildesheim-gmbh,helios-klinikum-hildesheim-gmbh:577,577,1,9
3,helios-klinikum-hildesheim-gmbh,helios-klinikum-hildesheim-gmbh:578,578,5,-1
6,helios-klinikum-hildesheim-gmbh,helios-klinikum-hildesheim-gmbh:579,579,1,-1
6,helios-klinikum-hildesheim-gmbh,helios-klinikum-hildesheim-gmbh:581,581,1,-1
3,helios-klinikum-hildesheim-gmbh,helios-klinikum-hildesheim-gmbh:589,589,1,4
3,helios-klinikum-hildesheim-gmbh,helios-klinikum-hildesheim-gmbh:598,598,1,23
3,helios-klinikum-hildesheim-gmbh,helios-klinikum-hildesheim-gmbh:602,602,1,9
6,helios-klinikum-hildesheim-gmbh,helios-klinikum-hildesheim-gmbh:603,603,1,1
3,helios-klinikum-hildesheim-gmbh,helios-klinikum-hildesheim-gmbh:605,605,1,9
3,helios-klinikum-hildesheim-gmbh,helios-klinikum-hildesheim-gmbh:649,649,5,8
4,helios-klinikum-hildesheim-gmbh,helios-klinikum-hildesheim-gmbh:652,652,2,17
7,helios-klinikum-salzgitter-gmbh,helios-klinikum-salzgitter-gmbh:27,27,5,-1
8,helios-klinikum-salzgitter-gmbh,helios-klinikum-salzgitter-gmbh:63,63,5,0
9,helios-klinikum-salzgitter-gmbh,helios-klinikum-salzgitter-gmbh:90,90,1,1
3,helios-klinikum-salzgitter-gmbh,helios-klinikum-salzgitter-gmbh:91,91,5,0
4,helios-klinikum-salzgitter-gmbh,helios-klinikum-salzgitter-gmbh:94,94,5,0
17,helios-klinikum-salzgitter-gmbh,helios-klinikum-salzgitter-gmbh:95,95,1,24
5,helios-klinikum-salzgitter-gmbh,helios-klinikum-salzgitter-gmbh:109,109,5,0
3,helios-klinikum-salzgitter-gmbh,helios-klinikum-salzgitter-gmbh:110,110,3,1
6,helios-klinikum-salzgitter-gmbh,helios-klinikum-salzgitter-gmbh:111,111,1,-1
4,helios-klinikum-salzgitter-gmbh,helios-klinikum-salzgitter-gmbh:112,112,1,9
10,helios-klinikum-salzgitter-gmbh,helios-klinikum-salzgitter-gmbh:114,114,1,-1
3,helios-klinikum-salzgitter-gmbh,helios-klinikum-salzgitter-gmbh:116,116,1,13
10,helios-klinikum-salzgitter-gmbh,helios-klinikum-salzgitter-gmbh:117,117,5,0
44,helios-klinikum-salzgitter-gmbh,helios-klinikum-salzgitter-gmbh:121,121,1,-1
6,helios-klinikum-salzgitter-gmbh,helios-klinikum-salzgitter-gmbh:124,124,1,-1
7,helios-klinikum-salzgitter-gmbh,helios-klinikum-salzgitter-gmbh:125,125,1,2
9,helios-klinikum-salzgitter-gmbh,helios-klinikum-salzgitter-gmbh:126,126,1,2
3,helios-klinikum-salzgitter-gmbh,helios-klinikum-salzgitter-gmbh:127,127,5,11
9,helios-klinikum-salzgitter-gmbh,helios-klinikum-salzgitter-gmbh:128,128,1,8
38,helios-klinikum-salzgitter-gmbh,helios-klinikum-salzgitter-gmbh:129,129,1,2
6,helios-klinikum-salzgitter-gmbh,helios-klinikum-salzgitter-gmbh:130,130,1,2
11,helios-klinikum-salzgitter-gmbh,helios-klinikum-salzgitter-gmbh:131,131,1,8
5,helios-klinikum-salzgitter-gmbh,helios-klinikum-salzgitter-gmbh:132,132,1,2
9,helios-klinikum-salzgitter-gmbh,helios-klinikum-salzgitter-gmbh:134,134,1,-1
13,helios-klinikum-salzgitter-gmbh,helios-klinikum-salzgitter-gmbh:138,138,1,-1
8,helios-klinikum-salzgitter-gmbh,helios-klinikum-salzgitter-gmbh:139,139,1,-1
8,helios-klinikum-salzgitter-gmbh,helios-klinikum-salzgitter-gmbh:140,140,1,-1
11,helios-klinikum-salzgitter-gmbh,helios-klinikum-salzgitter-gmbh:141,141,5,-1
8,helios-klinikum-salzgitter-gmbh,helios-klinikum-salzgitter-gmbh:142,142,5,11
11,helios-klinikum-salzgitter-gmbh,helios-klinikum-salzgitter-gmbh:143,143,1,-1
8,helios-klinikum-salzgitter-gmbh,helios-klinikum-salzgitter-gmbh:144,144,1,-1
3,helios-klinikum-salzgitter-gmbh,helios-klinikum-salzgitter-gmbh:145,145,4,2
9,helios-klinikum-salzgitter-gmbh,helios-klinikum-salzgitter-gmbh:148,148,1,2
9,helios-klinikum-salzgitter-gmbh,helios-klinikum-salzgitter-gmbh:149,149,1,1
3,helios-klinikum-salzgitter-gmbh,helios-klinikum-salzgitter-gmbh:150,150,4,24
3,helios-klinikum-salzgitter-gmbh,helios-klinikum-salzgitter-gmbh:151,151,2,15
4,helios-klinikum-salzgitter-gmbh,helios-klinikum-salzgitter-gmbh:152,152,1,7
9,helios-klinikum-salzgitter-gmbh,helios-klinikum-salzgitter-gmbh:154,154,5,11
3,helios-klinikum-salzgitter-gmbh,helios-klinikum-salzgitter-gmbh:155,155,5,-1
13,helios-klinikum-salzgitter-gmbh,helios-klinikum-salzgitter-gmbh:156,156,2,-1
5,helios-klinikum-salzgitter-gmbh,helios-klinikum-salzgitter-gmbh:157,157,5,11
8,helios-klinikum-salzgitter-gmbh,helios-klinikum-salzgitter-gmbh:159,159,1,7
3,helios-klinikum-salzgitter-gmbh,helios-klinikum-salzgitter-gmbh:161,161,5,-1
8,helios-klinikum-salzgitter-gmbh,helios-klinikum-salzgitter-gmbh:163,163,1,1
4,helios-klinikum-salzgitter-gmbh,helios-klinikum-salzgitter-gmbh:164,164,5,11
3,helios-klinikum-salzgitter-gmbh,helios-klinikum-salzgitter-gmbh:165,165,1,-1
3,helios-klinikum-salzgitter-gmbh,helios-klinikum-salzgitter-gmbh:166,166,5,0
20,helios-klinikum-salzgitter-gmbh,helios-klinikum-salzgitter-gmbh:167,167,1,-1
7,helios-klinikum-salzgitter-gmbh,helios-klinikum-salzgitter-gmbh:168,168,1,2
4,helios-klinikum-salzgitter-gmbh,helios-klinikum-salzgitter-gmbh:169,169,2,15
26,helios-klinikum-salzgitter-gmbh,helios-klinikum-salzgitter-gmbh:170,170,1,-1
7,helios-klinikum-salzgitter-gmbh,helios-klinikum-salzgitter-gmbh:171,171,1,16
18,helios-klinikum-salzgitter-gmbh,helios-klinikum-salzgitter-gmbh:173,173,1,1
24,helios-klinikum-salzgitter-gmbh,helios-klinikum-salzgitter-gmbh:175,175,1,10
13,helios-klinikum-salzgitter-gmbh,helios-klinikum-salzgitter-gmbh:176,176,1,-1
8,helios-klinikum-salzgitter-gmbh,helios-klinikum-salzgitter-gmbh:177,177,5,0
9,helios-klinikum-salzgitter-gmbh,helios-klinikum-salzgitter-gmbh:178,178,1,8
4,helios-klinikum-salzgitter-gmbh,helios-klinikum-salzgitter-gmbh:180,180,1,-1
13,helios-klinikum-salzgitter-gmbh,helios-klinikum-salzgitter-gmbh:182,182,1,1
16,helios-klinikum-salzgitter-gmbh,helios-klinikum-salzgitter-gmbh:184,184,1,-1
18,helios-klinikum-salzgitter-gmbh,helios-klinikum-salzgitter-gmbh:185,185,1,1
8,helios-klinikum-salzgitter-gmbh,helios-klinikum-salzgitter-gmbh:186,186,1,-1
10,helios-klinikum-salzgitter-gmbh,helios-klinikum-salzgitter-gmbh:189,189,5,-1
6,helios-klinikum-salzgitter-gmbh,helios-klinikum-salzgitter-gmbh:190,190,4,11
8,helios-klinikum-salzgitter-gmbh,helios-klinikum-salzgitter-gmbh:191,191,1,17
7,helios-klinikum-salzgitter-gmbh,helios-klinikum-salzgitter-gmbh:192,192,3,-1
10,helios-klinikum-salzgitter-gmbh,helios-klinikum-salzgitter-gmbh:195,195,1,-1
8,helios-klinikum-salzgitter-gmbh,helios-klinikum-salzgitter-gmbh:196,196,2,2
3,helios-klinikum-salzgitter-gmbh,helios-klinikum-salzgitter-gmbh:197,197,5,0
7,helios-klinikum-salzgitter-gmbh,helios-klinikum-salzgitter-gmbh:198,198,1,-1
4,helios-klinikum-salzgitter-gmbh,helios-klinikum-salzgitter-gmbh:199,199,2,-1
4,helios-klinikum-salzgitter-gmbh,helios-klinikum-salzgitter-gmbh:200,200,1,-1
4,helios-klinikum-salzgitter-gmbh,helios-klinikum-salzgitter-gmbh:201,201,1,6
18,helios-klinikum-salzgitter-gmbh,helios-klinikum-salzgitter-gmbh:202,202,1,19
9,helios-klinikum-salzgitter-gmbh,helios-klinikum-salzgitter-gmbh:203,203,1,-1
5,helios-klinikum-salzgitter-gmbh,helios-klinikum-salzgitter-gmbh:205,205,5,6
15,helios-klinikum-salzgitter-gmbh,helios-klinikum-salzgitter-gmbh:206,206,1,6
9,helios-klinikum-salzgitter-gmbh,helios-klinikum-salzgitter-gmbh:207,207,1,-1
8,helios-klinikum-salzgitter-gmbh,helios-klinikum-salzgitter-gmbh:208,208,1,-1
9,helios-klinikum-salzgitter-gmbh,helios-klinikum-salzgitter-gmbh:209,209,1,-1
8,helios-klinikum-salzgitter-gmbh,helios-klinikum-salzgitter-gmbh:211,211,1,-1
19,helios-klinikum-salzgitter-gmbh,helios-klinikum-salzgitter-gmbh:212,212,1,10
9,helios-klinikum-salzgitter-gmbh,helios-klinikum-salzgitter-gmbh:214,214,1,2
5,helios-klinikum-salzgitter-gmbh,helios-klinikum-salzgitter-gmbh:215,215,5,0
3,helios-klinikum-salzgitter-gmbh,helios-klinikum-salzgitter-gmbh:216,216,5,-1
17,helios-klinikum-salzgitter-gmbh,helios-klinikum-salzgitter-gmbh:217,217,1,-1
3,helios-klinikum-salzgitter-gmbh,helios-klinikum-salzgitter-gmbh:218,218,2,-1
9,helios-klinikum-salzgitter-gmbh,helios-klinikum-salzgitter-gmbh:219,219,1,-1
6,helios-klinikum-salzgitter-gmbh,helios-klinikum-salzgitter-gmbh:220,220,5,2
14,helios-klinikum-salzgitter-gmbh,helios-klinikum-salzgitter-gmbh:221,221,1,-1
13,helios-klinikum-salzgitter-gmbh,helios-klinikum-salzgitter-gmbh:222,222,1,-1
8,helios-klinikum-salzgitter-gmbh,helios-klinikum-salzgitter-gmbh:224,224,1,-1
4,helios-klinikum-salzgitter-gmbh,helios-klinikum-salzgitter-gmbh:225,225,5,-1
6,helios-klinikum-salzgitter-gmbh,helios-klinikum-salzgitter-gmbh:226,226,1,6
3,helios-klinikum-salzgitter-gmbh,helios-klinikum-salzgitter-gmbh:227,227,1,-1
14,helios-klinikum-salzgitter-gmbh,helios-klinikum-salzgitter-gmbh:228,228,1,2
10,helios-klinikum-salzgitter-gmbh,helios-klinikum-salzgitter-gmbh:229,229,1,-1
5,helios-klinikum-salzgitter-gmbh,helios-klinikum-salzgitter-gmbh:230,230,1,-1
9,helios-klinikum-salzgitter-gmbh,helios-klinikum-salzgitter-gmbh:231,231,1,27
7,helios-klinikum-salzgitter-gmbh,helios-klinikum-salzgitter-gmbh:232,232,5,0
6,helios-klinikum-salzgitter-gmbh,helios-klinikum-salzgitter-gmbh:233,233,5,0
7,helios-klinikum-salzgitter-gmbh,helios-klinikum-salzgitter-gmbh:234,234,5,-1
6,helios-klinikum-salzgitter-gmbh,helios-klinikum-salzgitter-gmbh:235,235,1,26
9,helios-klinikum-salzgitter-gmbh,helios-klinikum-salzgitter-gmbh:236,236,1,20
5,helios-klinikum-salzgitter-gmbh,helios-klinikum-salzgitter-gmbh:238,238,1,26
5,helios-klinikum-salzgitter-gmbh,helios-klinikum-salzgitter-gmbh:240,240,1,-1
6,helios-klinikum-salzgitter-gmbh,helios-klinikum-salzgitter-gmbh:241,241,1,-1
16,helios-klinikum-salzgitter-gmbh,helios-klinikum-salzgitter-gmbh:242,242,1,7
11,helios-klinikum-salzgitter-gmbh,helios-klinikum-salzgitter-gmbh:244,244,1,3
4,helios-klinikum-salzgitter-gmbh,helios-klinikum-salzgitter-gmbh:245,245,5,-1
5,helios-klinikum-salzgitter-gmbh,helios-klinikum-salzgitter-gmbh:246,246,5,0
5,helios-klinikum-salzgitter-gmbh,helios-klinikum-salzgitter-gmbh:248,248,5,-1
11,helios-klinikum-salzgitter-gmbh,helios-klinikum-salzgitter-gmbh:249,249,1,-1
15,helios-klinikum-salzgitter-gmbh,helios-klinikum-salzgitter-gmbh:250,250,1,-1
8,helios-klinikum-salzgitter-gmbh,helios-klinikum-salzgitter-gmbh:251,251,1,7
10,helios-klinikum-salzgitter-gmbh,helios-klinikum-salzgitter-gmbh:252,252,1,-1
6,helios-klinikum-salzgitter-gmbh,helios-klinikum-salzgitter-gmbh:254,254,1,-1
9,helios-klinikum-salzgitter-gmbh,helios-klinikum-salzgitter-gmbh:255,255,1,16
4,helios-klinikum-salzgitter-gmbh,helios-klinikum-salzgitter-gmbh:256,256,1,-1
5,helios-klinikum-salzgitter-gmbh,helios-klinikum-salzgitter-gmbh:257,257,1,-1
7,helios-klinikum-salzgitter-gmbh,helios-klinikum-salzgitter-gmbh:258,258,1,-1
17,helios-klinikum-salzgitter-gmbh,helios-klinikum-salzgitter-gmbh:259,259,1,1
11,helios-klinikum-salzgitter-gmbh,helios-klinikum-salzgitter-gmbh:261,261,5,13
6,helios-klinikum-salzgitter-gmbh,helios-klinikum-salzgitter-gmbh:262,262,1,-1
6,helios-klinikum-salzgitter-gmbh,helios-klinikum-salzgitter-gmbh:263,263,1,8
4,helios-klinikum-salzgitter-gmbh,helios-klinikum-salzgitter-gmbh:264,264,1,3
10,helios-klinikum-salzgitter-gmbh,helios-klinikum-salzgitter-gmbh:265,265,1,-1
6,helios-klinikum-salzgitter-gmbh,helios-klinikum-salzgitter-gmbh:267,267,1,2
12,helios-klinikum-salzgitter-gmbh,helios-klinikum-salzgitter-gmbh:268,268,1,-1
4,helios-klinikum-salzgitter-gmbh,helios-klinikum-salzgitter-gmbh:269,269,5,22
10,helios-klinikum-salzgitter-gmbh,helios-klinikum-salzgitter-gmbh:270,270,1,16
11,helios-klinikum-salzgitter-gmbh,helios-klinikum-salzgitter-gmbh:271,271,1,8
3,helios-klinikum-salzgitter-gmbh,helios-klinikum-salzgitter-gmbh:272,272,2,5
15,helios-klinikum-salzgitter-gmbh,helios-klinikum-salzgitter-gmbh:273,273,1,6
15,helios-klinikum-salzgitter-gmbh,helios-klinikum-salzgitter-gmbh:277,277,5,14
4,helios-klinikum-salzgitter-gmbh,helios-klinikum-salzgitter-gmbh:278,278,1,3
9,helios-klinikum-salzgitter-gmbh,helios-klinikum-salzgitter-gmbh:280,280,1,8
5,helios-klinikum-salzgitter-gmbh,helios-klinikum-salzgitter-gmbh:281,281,1,8
3,helios-klinikum-salzgitter-gmbh,helios-klinikum-salzgitter-gmbh:282,282,5,0
12,helios-klinikum-salzgitter-gmbh,helios-klinikum-salzgitter-gmbh:283,283,1,8
5,helios-klinikum-salzgitter-gmbh,helios-klinikum-salzgitter-gmbh:285,285,5,1
5,helios-klinikum-salzgitter-gmbh,helios-klinikum-salzgitter-gmbh:286,286,1,2
5,helios-klinikum-salzgitter-gmbh,helios-klinikum-salzgitter-gmbh:288,288,5,0
5,helios-klinikum-salzgitter-gmbh,helios-klinikum-salzgitter-gmbh:289,289,1,0
7,helios-klinikum-salzgitter-gmbh,helios-klinikum-salzgitter-gmbh:290,290,1,-1
9,helios-klinikum-salzgitter-gmbh,helios-klinikum-salzgitter-gmbh:291,291,1,-1
11,helios-klinikum-salzgitter-gmbh,helios-klinikum-salzgitter-gmbh:292,292,1,-1
11,helios-klinikum-salzgitter-gmbh,helios-klinikum-salzgitter-gmbh:293,293,1,-1
4,helios-klinikum-salzgitter-gmbh,helios-klinikum-salzgitter-gmbh:296,296,1,1
12,helios-klinikum-salzgitter-gmbh,helios-klinikum-salzgitter-gmbh:297,297,1,-1
9,helios-klinikum-salzgitter-gmbh,helios-klinikum-salzgitter-gmbh:298,298,1,1
6,helios-klinikum-salzgitter-gmbh,helios-klinikum-salzgitter-gmbh:299,299,5,0
8,helios-klinikum-salzgitter-gmbh,helios-klinikum-salzgitter-gmbh:300,300,1,2
9,helios-klinikum-salzgitter-gmbh,helios-klinikum-salzgitter-gmbh:301,301,1,-1
10,helios-klinikum-salzgitter-gmbh,helios-klinikum-salzgitter-gmbh:302,302,1,-1
6,helios-klinikum-salzgitter-gmbh,helios-klinikum-salzgitter-gmbh:304,304,1,2
3,helios-klinikum-salzgitter-gmbh,helios-klinikum-salzgitter-gmbh:305,305,5,11
3,helios-klinikum-salzgitter-gmbh,helios-klinikum-salzgitter-gmbh:306,306,1,9
9,helios-klinikum-salzgitter-gmbh,helios-klinikum-salzgitter-gmbh:310,310,1,12
12,helios-klinikum-salzgitter-gmbh,helios-klinikum-salzgitter-gmbh:311,311,1,2
11,helios-klinikum-salzgitter-gmbh,helios-klinikum-salzgitter-gmbh:312,312,1,-1
12,helios-klinikum-salzgitter-gmbh,helios-klinikum-salzgitter-gmbh:313,313,1,1
10,helios-klinikum-salzgitter-gmbh,helios-klinikum-salzgitter-gmbh:314,314,1,10
8,helios-klinikum-salzgitter-gmbh,helios-klinikum-salzgitter-gmbh:316,316,1,21
9,helios-klinikum-salzgitter-gmbh,helios-klinikum-salzgitter-gmbh:317,317,1,2
4,helios-klinikum-salzgitter-gmbh,helios-klinikum-salzgitter-gmbh:318,318,5,0
8,helios-klinikum-salzgitter-gmbh,helios-klinikum-salzgitter-gmbh:320,320,1,-1
5,helios-klinikum-salzgitter-gmbh,helios-klinikum-salzgitter-gmbh:321,321,5,0
8,helios-klinikum-salzgitter-gmbh,helios-klinikum-salzgitter-gmbh:322,322,1,3
7,helios-klinikum-salzgitter-gmbh,helios-klinikum-salzgitter-gmbh:323,323,1,-1
10,helios-klinikum-salzgitter-gmbh,helios-klinikum-salzgitter-gmbh:324,324,1,1
19,helios-klinikum-salzgitter-gmbh,helios-klinikum-salzgitter-gmbh:326,326,1,10
10,helios-klinikum-salzgitter-gmbh,helios-klinikum-salzgitter-gmbh:327,327,1,2
11,helios-klinikum-salzgitter-gmbh,helios-klinikum-salzgitter-gmbh:328,328,1,-1
8,helios-klinikum-salzgitter-gmbh,helios-klinikum-salzgitter-gmbh:329,329,1,-1
5,helios-klinikum-salzgitter-gmbh,helios-klinikum-salzgitter-gmbh:331,331,2,8
4,helios-klinikum-salzgitter-gmbh,helios-klinikum-salzgitter-gmbh:332,332,1,-1
6,helios-klinikum-salzgitter-gmbh,helios-klinikum-salzgitter-gmbh:334,334,4,3
12,helios-klinikum-salzgitter-gmbh,helios-klinikum-salzgitter-gmbh:335,335,1,1
6,helios-klinikum-salzgitter-gmbh,helios-klinikum-salzgitter-gmbh:336,336,1,5
13,helios-klinikum-salzgitter-gmbh,helios-klinikum-salzgitter-gmbh:337,337,5,-1
9,helios-klinikum-salzgitter-gmbh,helios-klinikum-salzgitter-gmbh:338,338,1,10
7,helios-klinikum-salzgitter-gmbh,helios-klinikum-salzgitter-gmbh:339,339,2,1
7,helios-klinikum-salzgitter-gmbh,helios-klinikum-salzgitter-gmbh:340,340,1,18
3,helios-klinikum-salzgitter-gmbh,helios-klinikum-salzgitter-gmbh:341,341,5,-1
9,helios-klinikum-salzgitter-gmbh,helios-klinikum-salzgitter-gmbh:342,342,1,2
6,helios-klinikum-salzgitter-gmbh,helios-klinikum-salzgitter-gmbh:343,343,5,-1
9,helios-klinikum-salzgitter-gmbh,helios-klinikum-salzgitter-gmbh:346,346,1,-1
10,helios-klinikum-salzgitter-gmbh,helios-klinikum-salzgitter-gmbh:350,350,1,2
7,helios-klinikum-salzgitter-gmbh,helios-klinikum-salzgitter-gmbh:351,351,1,1
3,helios-klinikum-salzgitter-gmbh,helios-klinikum-salzgitter-gmbh:352,352,5,0
10,helios-klinikum-salzgitter-gmbh,helios-klinikum-salzgitter-gmbh:353,353,1,-1
5,helios-klinikum-salzgitter-gmbh,helios-klinikum-salzgitter-gmbh:354,354,1,-1
5,helios-klinikum-salzgitter-gmbh,helios-klinikum-salzgitter-gmbh:355,355,1,9
8,helios-klinikum-salzgitter-gmbh,helios-klinikum-salzgitter-gmbh:356,356,1,5
4,helios-klinikum-salzgitter-gmbh,helios-klinikum-salzgitter-gmbh:358,358,5,0
9,helios-klinikum-salzgitter-gmbh,helios-klinikum-salzgitter-gmbh:359,359,1,-1
18,helios-klinikum-salzgitter-gmbh,helios-klinikum-salzgitter-gmbh:361,361,1,3
3,helios-klinikum-salzgitter-gmbh,helios-klinikum-salzgitter-gmbh:362,362,1,-1
5,helios-klinikum-salzgitter-gmbh,helios-klinikum-salzgitter-gmbh:363,363,1,0
9,helios-klinikum-salzgitter-gmbh,helios-klinikum-salzgitter-gmbh:364,364,1,2
5,helios-klinikum-salzgitter-gmbh,helios-klinikum-salzgitter-gmbh:366,366,5,-1
12,helios-klinikum-salzgitter-gmbh,helios-klinikum-salzgitter-gmbh:368,368,1,8
6,helios-klinikum-salzgitter-gmbh,helios-klinikum-salzgitter-gmbh:369,369,4,11
4,helios-klinikum-salzgitter-gmbh,helios-klinikum-salzgitter-gmbh:371,371,5,0
3,helios-klinikum-salzgitter-gmbh,helios-klinikum-salzgitter-gmbh:375,375,5,-1
4,helios-klinikum-salzgitter-gmbh,helios-klinikum-salzgitter-gmbh:377,377,5,0
10,helios-klinikum-salzgitter-gmbh,helios-klinikum-salzgitter-gmbh:378,378,1,-1
5,helios-klinikum-salzgitter-gmbh,helios-klinikum-salzgitter-gmbh:381,381,1,-1
14,helios-klinikum-salzgitter-gmbh,helios-klinikum-salzgitter-gmbh:383,383,1,8
5,helios-klinikum-salzgitter-gmbh,helios-klinikum-salzgitter-gmbh:388,388,5,0
9,helios-klinikum-salzgitter-gmbh,helios-klinikum-salzgitter-gmbh:389,389,1,3
9,helios-klinikum-salzgitter-gmbh,helios-klinikum-salzgitter-gmbh:392,392,1,1
4,helios-klinikum-salzgitter-gmbh,helios-klinikum-salzgitter-gmbh:393,393,5,-1
11,helios-klinikum-salzgitter-gmbh,helios-klinikum-salzgitter-gmbh:394,394,1,1
3,helios-klinikum-salzgitter-gmbh,helios-klinikum-salzgitter-gmbh:395,395,5,0
8,helios-klinikum-salzgitter-gmbh,helios-klinikum-salzgitter-gmbh:397,397,1,27
13,helios-klinikum-salzgitter-gmbh,helios-klinikum-salzgitter-gmbh:399,399,1,8
4,helios-klinikum-salzgitter-gmbh,helios-klinikum-salzgitter-gmbh:402,402,5,0
6,helios-klinikum-salzgitter-gmbh,helios-klinikum-salzgitter-gmbh:405,405,1,9
13,helios-klinikum-salzgitter-gmbh,helios-klinikum-salzgitter-gmbh:407,407,1,-1
6,helios-klinikum-salzgitter-gmbh,helios-klinikum-salzgitter-gmbh:409,409,1,-1
6,helios-klinikum-salzgitter-gmbh,helios-klinikum-salzgitter-gmbh:412,412,1,-1
5,helios-klinikum-salzgitter-gmbh,helios-klinikum-salzgitter-gmbh:413,413,5,0
9,helios-klinikum-salzgitter-gmbh,helios-klinikum-salzgitter-gmbh:415,415,1,-1
4,helios-klinikum-salzgitter-gmbh,helios-klinikum-salzgitter-gmbh:416,416,1,3
9,helios-klinikum-salzgitter-gmbh,helios-klinikum-salzgitter-gmbh:417,417,1,7
4,helios-klinikum-salzgitter-gmbh,helios-klinikum-salzgitter-gmbh:419,419,1,27
11,helios-klinikum-salzgitter-gmbh,helios-klinikum-salzgitter-gmbh:421,421,1,2
5,helios-klinikum-salzgitter-gmbh,helios-klinikum-salzgitter-gmbh:422,422,1,-1
8,helios-klinikum-salzgitter-gmbh,helios-klinikum-salzgitter-gmbh:423,423,1,9
3,helios-klinikum-salzgitter-gmbh,helios-klinikum-salzgitter-gmbh:424,424,5,0
7,helios-klinikum-salzgitter-gmbh,helios-klinikum-salzgitter-gmbh:426,426,1,18
4,helios-klinikum-salzgitter-gmbh,helios-klinikum-salzgitter-gmbh:427,427,5,0
11,helios-klinikum-salzgitter-gmbh,helios-klinikum-salzgitter-gmbh:430,430,1,-1
3,helios-klinikum-salzgitter-gmbh,helios-klinikum-salzgitter-gmbh:431,431,1,-1
4,helios-klinikum-salzgitter-gmbh,helios-klinikum-salzgitter-gmbh:435,435,5,5
13,helios-klinikum-salzgitter-gmbh,helios-klinikum-salzgitter-gmbh:437,437,1,-1
3,helios-klinikum-salzgitter-gmbh,helios-klinikum-salzgitter-gmbh:438,438,4,0
8,helios-klinikum-salzgitter-gmbh,helios-klinikum-salzgitter-gmbh:439,439,1,9
5,helios-klinikum-salzgitter-gmbh,helios-klinikum-salzgitter-gmbh:442,442,1,19
6,helios-klinikum-salzgitter-gmbh,helios-klinikum-salzgitter-gmbh:444,444,1,2
8,helios-klinikum-salzgitter-gmbh,helios-klinikum-salzgitter-gmbh:446,446,1,-1
7,helios-klinikum-salzgitter-gmbh,helios-klinikum-salzgitter-gmbh:450,450,1,4
4,helios-klinikum-salzgitter-gmbh,helios-klinikum-salzgitter-gmbh:455,455,3,7
7,helios-klinikum-salzgitter-gmbh,helios-klinikum-salzgitter-gmbh:456,456,4,0
7,helios-klinikum-salzgitter-gmbh,helios-klinikum-salzgitter-gmbh:458,458,1,7
10,helios-klinikum-salzgitter-gmbh,helios-klinikum-salzgitter-gmbh:459,459,1,3
4,helios-klinikum-salzgitter-gmbh,helios-klinikum-salzgitter-gmbh:460,460,1,-1
4,helios-klinikum-salzgitter-gmbh,helios-klinikum-salzgitter-gmbh:463,463,1,-1
3,helios-klinikum-salzgitter-gmbh,helios-klinikum-salzgitter-gmbh:470,470,5,0
9,helios-klinikum-salzgitter-gmbh,helios-klinikum-salzgitter-gmbh:472,472,1,18
12,helios-klinikum-salzgitter-gmbh,helios-klinikum-salzgitter-gmbh:473,473,1,7
3,helios-klinikum-salzgitter-gmbh,helios-klinikum-salzgitter-gmbh:475,475,4,0
8,helios-klinikum-salzgitter-gmbh,helios-klinikum-salzgitter-gmbh:476,476,1,7
8,helios-klinikum-salzgitter-gmbh,helios-klinikum-salzgitter-gmbh:477,477,1,7
4,helios-klinikum-salzgitter-gmbh,helios-klinikum-salzgitter-gmbh:478,478,5,0
8,helios-klinikum-salzgitter-gmbh,helios-klinikum-salzgitter-gmbh:481,481,1,16
12,helios-klinikum-salzgitter-gmbh,helios-klinikum-salzgitter-gmbh:483,483,1,8
5,helios-klinikum-salzgitter-gmbh,helios-klinikum-salzgitter-gmbh:490,490,1,-1
6,helios-klinikum-salzgitter-gmbh,helios-klinikum-salzgitter-gmbh:494,494,1,9
6,helios-klinikum-salzgitter-gmbh,helios-klinikum-salzgitter-gmbh:495,495,1,-1
7,helios-klinikum-salzgitter-gmbh,helios-klinikum-salzgitter-gmbh:497,497,1,3
8,helios-klinikum-salzgitter-gmbh,helios-klinikum-salzgitter-gmbh:498,498,1,7
6,helios-klinikum-salzgitter-gmbh,helios-klinikum-salzgitter-gmbh:500,500,1,9
3,helios-klinikum-salzgitter-gmbh,helios-klinikum-salzgitter-gmbh:502,502,1,-1
9,helios-klinikum-salzgitter-gmbh,helios-klinikum-salzgitter-gmbh:504,504,1,3
8,helios-klinikum-salzgitter-gmbh,helios-klinikum-salzgitter-gmbh:505,505,1,-1
3,helios-klinikum-salzgitter-gmbh,helios-klinikum-salzgitter-gmbh:506,506,1,7
7,helios-klinikum-salzgitter-gmbh,helios-klinikum-salzgitter-gmbh:511,511,1,4
5,helios-klinikum-salzgitter-gmbh,helios-klinikum-salzgitter-gmbh:513,513,1,7
5,helios-klinikum-salzgitter-gmbh,helios-klinikum-salzgitter-gmbh:517,517,1,7
10,helios-klinikum-salzgitter-gmbh,helios-klinikum-salzgitter-gmbh:522,522,1,-1
4,helios-klinikum-salzgitter-gmbh,helios-klinikum-salzgitter-gmbh:524,524,3,0
8,helios-klinikum-salzgitter-gmbh,helios-klinikum-salzgitter-gmbh:525,525,1,6
3,helios-klinikum-salzgitter-gmbh,helios-klinikum-salzgitter-gmbh:527,527,1,5
5,helios-klinikum-salzgitter-gmbh,helios-klinikum-salzgitter-gmbh:528,528,1,1
6,helios-klinikum-salzgitter-gmbh,helios-klinikum-salzgitter-gmbh:529,529,1,14
6,helios-klinikum-salzgitter-gmbh,helios-klinikum-salzgitter-gmbh:530,530,1,5
4,helios-klinikum-salzgitter-gmbh,helios-klinikum-salzgitter-gmbh:531,531,1,25
4,helios-klinikum-salzgitter-gmbh,helios-klinikum-salzgitter-gmbh:533,533,1,25
7,helios-klinikum-salzgitter-gmbh,helios-klinikum-salzgitter-gmbh:535,535,1,25
3,helios-klinikum-salzgitter-gmbh,helios-klinikum-salzgitter-gmbh:536,536,5,3
8,helios-klinikum-salzgitter-gmbh,helios-klinikum-salzgitter-gmbh:537,537,1,7
6,helios-klinikum-salzgitter-gmbh,helios-klinikum-salzgitter-gmbh:538,538,1,3
4,helios-klinikum-salzgitter-gmbh,helios-klinikum-salzgitter-gmbh:539,539,1,4
5,helios-klinikum-salzgitter-gmbh,helios-klinikum-salzgitter-gmbh:541,541,1,5
6,helios-klinikum-salzgitter-gmbh,helios-klinikum-salzgitter-gmbh:546,546,1,7
5,helios-klinikum-salzgitter-gmbh,helios-klinikum-salzgitter-gmbh:549,549,1,5
7,helios-klinikum-salzgitter-gmbh,helios-klinikum-salzgitter-gmbh:551,551,1,5
4,helios-klinikum-salzgitter-gmbh,helios-klinikum-salzgitter-gmbh:555,555,1,5
3,helios-klinikum-salzgitter-gmbh,helios-klinikum-salzgitter-gmbh:561,561,1,5
3,helios-klinikum-salzgitter-gmbh,helios-klinikum-salzgitter-gmbh:562,562,4,0
6,helios-klinikum-salzgitter-gmbh,helios-klinikum-salzgitter-gmbh:563,563,1,5
6,helios-klinikum-salzgitter-gmbh,helios-klinikum-salzgitter-gmbh:568,568,1,3
4,helios-klinikum-salzgitter-gmbh,helios-klinikum-salzgitter-gmbh:569,569,1,0
5,helios-klinikum-salzgitter-gmbh,helios-klinikum-salzgitter-gmbh:570,570,1,14
5,helios-klinikum-salzgitter-gmbh,helios-klinikum-salzgitter-gmbh:571,571,1,7
3,helios-klinikum-salzgitter-gmbh,helios-klinikum-salzgitter-gmbh:585,585,1,-1
3,helios-klinikum-salzgitter-gmbh,helios-klinikum-salzgitter-gmbh:597,597,1,7
6,helios-st-marienberg-klinik-helmstedt,helios-st-marienberg-klinik-helmstedt:6,6,3,1
3,helios-st-marienberg-klinik-helmstedt,helios-st-marienberg-klinik-helmstedt:20,20,5,6
15,herz-und-gefaesszentrum-bad-bevensen,herz-und-gefaesszentrum-bad-bevensen:14,14,3,-1
12,herz-und-gefaesszentrum-bad-bevensen,herz-und-gefaesszentrum-bad-bevensen:15,15,5,0
3,herz-und-gefaesszentrum-bad-bevensen,herz-und-gefaesszentrum-bad-bevensen:19,19,5,0
3,herz-und-gefaesszentrum-bad-bevensen,herz-und-gefaesszentrum-bad-bevensen:23,23,5,0
3,herz-und-gefaesszentrum-bad-bevensen,herz-und-gefaesszentrum-bad-bevensen:25,25,5,-1
5,herz-und-gefaesszentrum-bad-bevensen,herz-und-gefaesszentrum-bad-bevensen:29,29,2,20
3,herzogin-elisabeth-hospital,herzogin-elisabeth-hospital:59,59,5,0
3,herzogin-elisabeth-hospital,herzogin-elisabeth-hospital:61,61,5,0
3,herzogin-elisabeth-hospital,herzogin-elisabeth-hospital:65,65,5,0
4,herzogin-elisabeth-hospital,herzogin-elisabeth-hospital:73,73,5,-1
3,herzogin-elisabeth-hospital,herzogin-elisabeth-hospital:74,74,5,0
3,herzogin-elisabeth-hospital,herzogin-elisabeth-hospital:75,75,5,0
5,herzogin-elisabeth-hospital,herzogin-elisabeth-hospital:76,76,5,0
4,herzogin-elisabeth-hospital,herzogin-elisabeth-hospital:77,77,5,-1
3,herzogin-elisabeth-hospital,herzogin-elisabeth-hospital:78,78,5,13
6,herzogin-elisabeth-hospital,herzogin-elisabeth-hospital:81,81,5,0
3,herzogin-elisabeth-hospital,herzogin-elisabeth-hospital:85,85,5,-1
4,herzogin-elisabeth-hospital,herzogin-elisabeth-hospital:86,86,5,-1
4,herzogin-elisabeth-hospital,herzogin-elisabeth-hospital:89,89,5,0
9,herzogin-elisabeth-hospital,herzogin-elisabeth-hospital:90,90,1,20
4,herzogin-elisabeth-hospital,herzogin-elisabeth-hospital:91,91,5,0
3,herzogin-elisabeth-hospital,herzogin-elisabeth-hospital:92,92,5,0
6,herzogin-elisabeth-hospital,herzogin-elisabeth-hospital:96,96,5,0
3,herzogin-elisabeth-hospital,herzogin-elisabeth-hospital:97,97,5,1
5,herzogin-elisabeth-hospital,herzogin-elisabeth-hospital:100,100,5,0
4,herzogin-elisabeth-hospital,herzogin-elisabeth-hospital:102,102,5,0
5,herzogin-elisabeth-hospital,herzogin-elisabeth-hospital:103,103,5,0
3,herzogin-elisabeth-hospital,herzogin-elisabeth-hospital:105,105,5,0
4,herzogin-elisabeth-hospital,herzogin-elisabeth-hospital:108,108,1,1
4,herzogin-elisabeth-hospital,herzogin-elisabeth-hospital:109,109,5,0
10,herzogin-elisabeth-hospital,herzogin-elisabeth-hospital:111,111,5,0
11,herzogin-elisabeth-hospital,herzogin-elisabeth-hospital:112,112,1,9
3,herzogin-elisabeth-hospital,herzogin-elisabeth-hospital:113,113,5,0
3,herzogin-elisabeth-hospital,herzogin-elisabeth-hospital:114,114,5,0
6,herzogin-elisabeth-hospital,herzogin-elisabeth-hospital:117,117,5,0
4,herzogin-elisabeth-hospital,herzogin-elisabeth-hospital:118,118,5,0
7,herzogin-elisabeth-hospital,herzogin-elisabeth-hospital:122,122,5,-1
3,herzogin-elisabeth-hospital,herzogin-elisabeth-hospital:123,123,5,0
3,herzogin-elisabeth-hospital,herzogin-elisabeth-hospital:124,124,5,0
3,herzogin-elisabeth-hospital,herzogin-elisabeth-hospital:125,125,5,0
3,herzogin-elisabeth-hospital,herzogin-elisabeth-hospital:126,126,5,-1
3,herzogin-elisabeth-hospital,herzogin-elisabeth-hospital:127,127,5,0
6,herzogin-elisabeth-hospital,herzogin-elisabeth-hospital:128,128,4,0
6,herzogin-elisabeth-hospital,herzogin-elisabeth-hospital:130,130,3,21
9,herzogin-elisabeth-hospital,herzogin-elisabeth-hospital:132,132,1,-1
6,herzogin-elisabeth-hospital,herzogin-elisabeth-hospital:134,134,5,0
4,herzogin-elisabeth-hospital,herzogin-elisabeth-hospital:135,135,1,-1
4,herzogin-elisabeth-hospital,herzogin-elisabeth-hospital:136,136,5,0
6,herzogin-elisabeth-hospital,herzogin-elisabeth-hospital:141,141,5,0
8,herzogin-elisabeth-hospital,herzogin-elisabeth-hospital:149,149,1,16
5,herzogin-elisabeth-hospital,herzogin-elisabeth-hospital:150,150,5,0
17,herzogin-elisabeth-hospital,herzogin-elisabeth-hospital:151,151,1,-1
14,herzogin-elisabeth-hospital,herzogin-elisabeth-hospital:152,152,1,-1
5,herzogin-elisabeth-hospital,herzogin-elisabeth-hospital:158,158,5,0
3,herzogin-elisabeth-hospital,herzogin-elisabeth-hospital:160,160,1,2
7,herzogin-elisabeth-hospital,herzogin-elisabeth-hospital:161,161,5,0
4,herzogin-elisabeth-hospital,herzogin-elisabeth-hospital:162,162,5,0
7,herzogin-elisabeth-hospital,herzogin-elisabeth-hospital:163,163,5,-1
7,herzogin-elisabeth-hospital,herzogin-elisabeth-hospital:164,164,5,0
5,herzogin-elisabeth-hospital,herzogin-elisabeth-hospital:165,165,5,0
3,herzogin-elisabeth-hospital,herzogin-elisabeth-hospital:168,168,5,-1
5,herzogin-elisabeth-hospital,herzogin-elisabeth-hospital:170,170,5,0
9,herzogin-elisabeth-hospital,herzogin-elisabeth-hospital:172,172,1,6
5,herzogin-elisabeth-hospital,herzogin-elisabeth-hospital:173,173,5,0
12,herzogin-elisabeth-hospital,herzogin-elisabeth-hospital:174,174,1,4
4,herzogin-elisabeth-hospital,herzogin-elisabeth-hospital:177,177,4,-1
6,herzogin-elisabeth-hospital,herzogin-elisabeth-hospital:181,181,1,21
6,herzogin-elisabeth-hospital,herzogin-elisabeth-hospital:183,183,1,-1
4,herzogin-elisabeth-hospital,herzogin-elisabeth-hospital:184,184,5,0
5,herzogin-elisabeth-hospital,herzogin-elisabeth-hospital:185,185,4,-1
4,herzogin-elisabeth-hospital,herzogin-elisabeth-hospital:186,186,3,-1
11,herzogin-elisabeth-hospital,herzogin-elisabeth-hospital:187,187,2,-1
3,herzogin-elisabeth-hospital,herzogin-elisabeth-hospital:190,190,5,22
3,herzogin-elisabeth-hospital,herzogin-elisabeth-hospital:191,191,1,-1
13,herzogin-elisabeth-hospital,herzogin-elisabeth-hospital:195,195,1,-1
3,herzogin-elisabeth-hospital,herzogin-elisabeth-hospital:196,196,2,21
4,herzogin-elisabeth-hospital,herzogin-elisabeth-hospital:201,201,5,0
9,herzogin-elisabeth-hospital,herzogin-elisabeth-hospital:204,204,1,-1
3,herzogin-elisabeth-hospital,herzogin-elisabeth-hospital:208,208,5,0
5,herzogin-elisabeth-hospital,herzogin-elisabeth-hospital:210,210,5,0
3,herzogin-elisabeth-hospital,herzogin-elisabeth-hospital:211,211,5,0
5,herzogin-elisabeth-hospital,herzogin-elisabeth-hospital:213,213,3,-1
6,herzogin-elisabeth-hospital,herzogin-elisabeth-hospital:214,214,5,0
3,herzogin-elisabeth-hospital,herzogin-elisabeth-hospital:215,215,5,0
6,herzogin-elisabeth-hospital,herzogin-elisabeth-hospital:219,219,5,-1
12,herzogin-elisabeth-hospital,herzogin-elisabeth-hospital:220,220,1,1
3,herzogin-elisabeth-hospital,herzogin-elisabeth-hospital:224,224,5,0
7,herzogin-elisabeth-hospital,herzogin-elisabeth-hospital:229,229,5,0
8,herzogin-elisabeth-hospital,herzogin-elisabeth-hospital:230,230,5,0
4,herzogin-elisabeth-hospital,herzogin-elisabeth-hospital:234,234,5,0
3,herzogin-elisabeth-hospital,herzogin-elisabeth-hospital:237,237,5,0
14,herzogin-elisabeth-hospital,herzogin-elisabeth-hospital:241,241,1,-1
3,herzogin-elisabeth-hospital,herzogin-elisabeth-hospital:242,242,5,-1
7,herzogin-elisabeth-hospital,herzogin-elisabeth-hospital:245,245,5,0
4,herzogin-elisabeth-hospital,herzogin-elisabeth-hospital:246,246,2,2
3,herzogin-elisabeth-hospital,herzogin-elisabeth-hospital:251,251,5,0
5,herzogin-elisabeth-hospital,herzogin-elisabeth-hospital:254,254,1,-1
3,herzogin-elisabeth-hospital,herzogin-elisabeth-hospital:255,255,5,0
4,herzogin-elisabeth-hospital,herzogin-elisabeth-hospital:259,259,5,-1
5,herzogin-elisabeth-hospital,herzogin-elisabeth-hospital:260,260,1,-1
4,herzogin-elisabeth-hospital,herzogin-elisabeth-hospital:267,267,1,-1
3,herzogin-elisabeth-hospital,herzogin-elisabeth-hospital:276,276,5,0
3,herzogin-elisabeth-hospital,herzogin-elisabeth-hospital:283,283,5,0
4,herzogin-elisabeth-hospital,herzogin-elisabeth-hospital:286,286,5,5
3,herzogin-elisabeth-hospital,herzogin-elisabeth-hospital:290,290,1,-1
3,herzogin-elisabeth-hospital,herzogin-elisabeth-hospital:295,295,5,0
3,herzogin-elisabeth-hospital,herzogin-elisabeth-hospital:300,300,5,0
3,herzogin-elisabeth-hospital,herzogin-elisabeth-hospital:301,301,5,0
3,herzogin-elisabeth-hospital,herzogin-elisabeth-hospital:302,302,5,0
6,herzogin-elisabeth-hospital,herzogin-elisabeth-hospital:312,312,5,0
4,herzogin-elisabeth-hospital,herzogin-elisabeth-hospital:320,320,5,0
3,herzogin-elisabeth-hospital,herzogin-elisabeth-hospital:324,324,5,0
3,herzogin-elisabeth-hospital,herzogin-elisabeth-hospital:325,325,5,5
3,herzogin-elisabeth-hospital,herzogin-elisabeth-hospital:327,327,5,5
4,herzogin-elisabeth-hospital,herzogin-elisabeth-hospital:328,328,5,0
3,herzogin-elisabeth-hospital,herzogin-elisabeth-hospital:330,330,5,5
3,herzogin-elisabeth-hospital,herzogin-elisabeth-hospital:331,331,5,0
3,herzogin-elisabeth-hospital,herzogin-elisabeth-hospital:337,337,5,5
3,herzogin-elisabeth-hospital,herzogin-elisabeth-hospital:339,339,5,0
13,ini-international-neuroscience-institute-hannover,ini-international-neuroscience-institute-hannover:10,10,5,-1
10,ini-international-neuroscience-institute-hannover,ini-international-neuroscience-institute-hannover:12,12,5,0
18,ini-international-neuroscience-institute-hannover,ini-international-neuroscience-institute-hannover:14,14,1,21
15,ini-international-neuroscience-institute-hannover,ini-international-neuroscience-institute-hannover:15,15,5,0
24,ini-international-neuroscience-institute-hannover,ini-international-neuroscience-institute-hannover:16,16,1,-1
8,ini-international-neuroscience-institute-hannover,ini-international-neuroscience-institute-hannover:17,17,5,0
16,ini-international-neuroscience-institute-hannover,ini-international-neuroscience-institute-hannover:18,18,5,0
9,ini-international-neuroscience-institute-hannover,ini-international-neuroscience-institute-hannover:19,19,5,-1
15,ini-international-neuroscience-institute-hannover,ini-international-neuroscience-institute-hannover:20,20,1,-1
15,ini-international-neuroscience-institute-hannover,ini-international-neuroscience-institute-hannover:21,21,5,0
14,ini-international-neuroscience-institute-hannover,ini-international-neuroscience-institute-hannover:22,22,5,0
20,ini-international-neuroscience-institute-hannover,ini-international-neuroscience-institute-hannover:23,23,5,0
18,ini-international-neuroscience-institute-hannover,ini-international-neuroscience-institute-hannover:24,24,5,0
8,ini-international-neuroscience-institute-hannover,ini-international-neuroscience-institute-hannover:25,25,5,11
30,ini-international-neuroscience-institute-hannover,ini-international-neuroscience-institute-hannover:26,26,1,-1
4,ini-international-neuroscience-institute-hannover,ini-international-neuroscience-institute-hannover:27,27,5,-1
17,ini-international-neuroscience-institute-hannover,ini-international-neuroscience-institute-hannover:29,29,1,-1
3,ini-international-neuroscience-institute-hannover,ini-international-neuroscience-institute-hannover:31,31,5,0
9,ini-international-neuroscience-institute-hannover,ini-international-neuroscience-institute-hannover:32,32,5,0
25,ini-international-neuroscience-institute-hannover,ini-international-neuroscience-institute-hannover:33,33,1,-1
22,ini-international-neuroscience-institute-hannover,ini-international-neuroscience-institute-hannover:34,34,1,4
12,ini-international-neuroscience-institute-hannover,ini-international-neuroscience-institute-hannover:35,35,1,-1
8,ini-international-neuroscience-institute-hannover,ini-international-neuroscience-institute-hannover:36,36,5,-1
29,ini-international-neuroscience-institute-hannover,ini-international-neuroscience-institute-hannover:37,37,1,3
3,ini-international-neuroscience-institute-hannover,ini-international-neuroscience-institute-hannover:38,38,1,19
16,ini-international-neuroscience-institute-hannover,ini-international-neuroscience-institute-hannover:40,40,1,3
6,ini-international-neuroscience-institute-hannover,ini-international-neuroscience-institute-hannover:42,42,5,0
9,ini-international-neuroscience-institute-hannover,ini-international-neuroscience-institute-hannover:43,43,1,5
12,ini-international-neuroscience-institute-hannover,ini-international-neuroscience-institute-hannover:52,52,5,0
4,ini-international-neuroscience-institute-hannover,ini-international-neuroscience-institute-hannover:53,53,5,0
7,ini-international-neuroscience-institute-hannover,ini-international-neuroscience-institute-hannover:54,54,5,-1
3,ini-international-neuroscience-institute-hannover,ini-international-neuroscience-institute-hannover:55,55,5,0
12,ini-international-neuroscience-institute-hannover,ini-international-neuroscience-institute-hannover:56,56,5,-1
8,ini-international-neuroscience-institute-hannover,ini-international-neuroscience-institute-hannover:57,57,5,10
9,ini-international-neuroscience-institute-hannover,ini-international-neuroscience-institute-hannover:58,58,5,8
12,ini-international-neuroscience-institute-hannover,ini-international-neuroscience-institute-hannover:60,60,5,10
5,ini-international-neuroscience-institute-hannover,ini-international-neuroscience-institute-hannover:61,61,5,0
5,ini-international-neuroscience-institute-hannover,ini-international-neuroscience-institute-hannover:62,62,5,0
8,ini-international-neuroscience-institute-hannover,ini-international-neuroscience-institute-hannover:63,63,5,-1
11,ini-international-neuroscience-institute-hannover,ini-international-neuroscience-institute-hannover:64,64,1,1
9,ini-international-neuroscience-institute-hannover,ini-international-neuroscience-institute-hannover:65,65,5,0
6,ini-international-neuroscience-institute-hannover,ini-international-neuroscience-institute-hannover:66,66,5,0
10,ini-international-neuroscience-institute-hannover,ini-international-neuroscience-institute-hannover:68,68,1,-1
7,ini-international-neuroscience-institute-hannover,ini-international-neuroscience-institute-hannover:69,69,5,0
8,ini-international-neuroscience-institute-hannover,ini-international-neuroscience-institute-hannover:70,70,5,0
9,ini-international-neuroscience-institute-hannover,ini-international-neuroscience-institute-hannover:72,72,5,0
13,ini-international-neuroscience-institute-hannover,ini-international-neuroscience-institute-hannover:74,74,5,0
6,ini-international-neuroscience-institute-hannover,ini-international-neuroscience-institute-hannover:75,75,5,0
9,ini-international-neuroscience-institute-hannover,ini-international-neuroscience-institute-hannover:77,77,5,-1
5,ini-international-neuroscience-institute-hannover,ini-international-neuroscience-institute-hannover:78,78,5,0
3,ini-international-neuroscience-institute-hannover,ini-international-neuroscience-institute-hannover:82,82,5,0
3,ini-international-neuroscience-institute-hannover,ini-international-neuroscience-institute-hannover:84,84,5,0
5,ini-international-neuroscience-institute-hannover,ini-international-neuroscience-institute-hannover:86,86,5,-1
3,ini-international-neuroscience-institute-hannover,ini-international-neuroscience-institute-hannover:89,89,5,0
4,ini-international-neuroscience-institute-hannover,ini-international-neuroscience-institute-hannover:96,96,5,5
4,inselkrankenhaus-borkum-ggmbh,inselkrankenhaus-borkum-ggmbh:10,10,5,0
8,inselkrankenhaus-borkum-ggmbh,inselkrankenhaus-borkum-ggmbh:11,11,1,-1
7,inselkrankenhaus-borkum-ggmbh,inselkrankenhaus-borkum-ggmbh:13,13,1,13
3,inselkrankenhaus-borkum-ggmbh,inselkrankenhaus-borkum-ggmbh:14,14,4,-1
4,inselkrankenhaus-borkum-ggmbh,inselkrankenhaus-borkum-ggmbh:15,15,5,18
19,inselkrankenhaus-borkum-ggmbh,inselkrankenhaus-borkum-ggmbh:17,17,1,2
10,inselkrankenhaus-borkum-ggmbh,inselkrankenhaus-borkum-ggmbh:18,18,5,0
22,inselkrankenhaus-borkum-ggmbh,inselkrankenhaus-borkum-ggmbh:19,19,1,1
18,inselkrankenhaus-borkum-ggmbh,inselkrankenhaus-borkum-ggmbh:20,20,1,10
5,inselkrankenhaus-borkum-ggmbh,inselkrankenhaus-borkum-ggmbh:21,21,5,0
9,inselkrankenhaus-borkum-ggmbh,inselkrankenhaus-borkum-ggmbh:22,22,1,1
8,inselkrankenhaus-borkum-ggmbh,inselkrankenhaus-borkum-ggmbh:23,23,1,2
3,inselkrankenhaus-borkum-ggmbh,inselkrankenhaus-borkum-ggmbh:24,24,4,-1
21,inselkrankenhaus-borkum-ggmbh,inselkrankenhaus-borkum-ggmbh:26,26,1,8
17,inselkrankenhaus-borkum-ggmbh,inselkrankenhaus-borkum-ggmbh:27,27,1,-1
3,inselkrankenhaus-borkum-ggmbh,inselkrankenhaus-borkum-ggmbh:28,28,1,-1
5,inselkrankenhaus-borkum-ggmbh,inselkrankenhaus-borkum-ggmbh:31,31,5,0
3,inselkrankenhaus-borkum-ggmbh,inselkrankenhaus-borkum-ggmbh:32,32,5,11
5,inselkrankenhaus-borkum-ggmbh,inselkrankenhaus-borkum-ggmbh:34,34,5,8
6,inselkrankenhaus-borkum-ggmbh,inselkrankenhaus-borkum-ggmbh:36,36,5,0
3,inselkrankenhaus-borkum-ggmbh,inselkrankenhaus-borkum-ggmbh:39,39,5,0
5,inselkrankenhaus-borkum-ggmbh,inselkrankenhaus-borkum-ggmbh:40,40,5,-1
4,inselkrankenhaus-borkum-ggmbh,inselkrankenhaus-borkum-ggmbh:42,42,5,0
3,inselkrankenhaus-borkum-ggmbh,inselkrankenhaus-borkum-ggmbh:44,44,5,8
6,inselkrankenhaus-borkum-ggmbh,inselkrankenhaus-borkum-ggmbh:48,48,5,0
3,johanniter-krankenhaus-gronau-gmbh,johanniter-krankenhaus-gronau-gmbh:26,26,5,-1
3,johanniter-krankenhaus-gronau-gmbh,johanniter-krankenhaus-gronau-gmbh:35,35,5,-1
3,johanniter-krankenhaus-gronau-gmbh,johanniter-krankenhaus-gronau-gmbh:36,36,5,13
4,johanniter-krankenhaus-gronau-gmbh,johanniter-krankenhaus-gronau-gmbh:39,39,3,-1
8,johanniter-krankenhaus-gronau-gmbh,johanniter-krankenhaus-gronau-gmbh:42,42,5,8
5,johanniter-krankenhaus-gronau-gmbh,johanniter-krankenhaus-gronau-gmbh:43,43,1,2
3,johanniter-krankenhaus-gronau-gmbh,johanniter-krankenhaus-gronau-gmbh:49,49,5,0
7,johanniter-krankenhaus-gronau-gmbh,johanniter-krankenhaus-gronau-gmbh:52,52,3,-1
5,johanniter-krankenhaus-gronau-gmbh,johanniter-krankenhaus-gronau-gmbh:55,55,1,6
3,johanniter-krankenhaus-gronau-gmbh,johanniter-krankenhaus-gronau-gmbh:59,59,5,0
5,johanniter-krankenhaus-gronau-gmbh,johanniter-krankenhaus-gronau-gmbh:62,62,1,1
5,johanniter-krankenhaus-gronau-gmbh,johanniter-krankenhaus-gronau-gmbh:64,64,1,3
3,johanniter-krankenhaus-gronau-gmbh,johanniter-krankenhaus-gronau-gmbh:83,83,5,0
3,johanniter-krankenhaus-gronau-gmbh,johanniter-krankenhaus-gronau-gmbh:124,124,1,18
6,karl-jaspers-klinik,karl-jaspers-klinik:11,11,1,-1
8,karl-jaspers-klinik,karl-jaspers-klinik:19,19,2,13
3,karl-jaspers-klinik,karl-jaspers-klinik:21,21,1,-1
55,karl-jaspers-klinik,karl-jaspers-klinik:22,22,1,-1
6,karl-jaspers-klinik,karl-jaspers-klinik:24,24,5,-1
49,karl-jaspers-klinik,karl-jaspers-klinik:25,25,1,-1
14,karl-jaspers-klinik,karl-jaspers-klinik:27,27,5,0
11,karl-jaspers-klinik,karl-jaspers-klinik:28,28,2,-1
4,karl-jaspers-klinik,karl-jaspers-klinik:29,29,5,-1
20,karl-jaspers-klinik,karl-jaspers-klinik:30,30,5,0
172,karl-jaspers-klinik,karl-jaspers-klinik:31,31,1,-1
15,karl-jaspers-klinik,karl-jaspers-klinik:33,33,5,0
6,karl-jaspers-klinik,karl-jaspers-klinik:35,35,4,5
23,karl-jaspers-klinik,karl-jaspers-klinik:37,37,4,-1
7,karl-jaspers-klinik,karl-jaspers-klinik:38,38,1,0
3,karl-jaspers-klinik,karl-jaspers-klinik:39,39,4,-1
9,karl-jaspers-klinik,karl-jaspers-klinik:40,40,2,19
36,karl-jaspers-klinik,karl-jaspers-klinik:41,41,2,-1
3,karl-jaspers-klinik,karl-jaspers-klinik:42,42,1,19
33,karl-jaspers-klinik,karl-jaspers-klinik:43,43,1,4
38,karl-jaspers-klinik,karl-jaspers-klinik:45,45,1,-1
54,karl-jaspers-klinik,karl-jaspers-klinik:46,46,1,4
5,karl-jaspers-klinik,karl-jaspers-klinik:47,47,4,0
13,karl-jaspers-klinik,karl-jaspers-klinik:48,48,1,-1
43,karl-jaspers-klinik,karl-jaspers-klinik:49,49,1,-1
39,karl-jaspers-klinik,karl-jaspers-klinik:50,50,1,-1
9,karl-jaspers-klinik,karl-jaspers-klinik:51,51,5,0
15,karl-jaspers-klinik,karl-jaspers-klinik:52,52,1,-1
45,karl-jaspers-klinik,karl-jaspers-klinik:53,53,1,-1
21,karl-jaspers-klinik,karl-jaspers-klinik:54,54,1,10
10,karl-jaspers-klinik,karl-jaspers-klinik:55,55,1,-1
45,karl-jaspers-klinik,karl-jaspers-klinik:57,57,1,15
42,karl-jaspers-klinik,karl-jaspers-klinik:58,58,1,-1
24,karl-jaspers-klinik,karl-jaspers-klinik:60,60,5,0
16,karl-jaspers-klinik,karl-jaspers-klinik:61,61,5,0
45,karl-jaspers-klinik,karl-jaspers-klinik:62,62,1,-1
27,karl-jaspers-klinik,karl-jaspers-klinik:63,63,1,-1
17,karl-jaspers-klinik,karl-jaspers-klinik:64,64,5,13
24,karl-jaspers-klinik,karl-jaspers-klinik:65,65,2,0
28,karl-jaspers-klinik,karl-jaspers-klinik:66,66,1,-1
20,karl-jaspers-klinik,karl-jaspers-klinik:67,67,1,4
46,karl-jaspers-klinik,karl-jaspers-klinik:69,69,1,-1
27,karl-jaspers-klinik,karl-jaspers-klinik:70,70,1,-1
5,karl-jaspers-klinik,karl-jaspers-klinik:71,71,4,0
27,karl-jaspers-klinik,karl-jaspers-klinik:72,72,1,2
54,karl-jaspers-klinik,karl-jaspers-klinik:74,74,1,-1
11,karl-jaspers-klinik,karl-jaspers-klinik:75,75,5,-1
30,karl-jaspers-klinik,karl-jaspers-klinik:76,76,1,-1
7,karl-jaspers-klinik,karl-jaspers-klinik:77,77,5,0
8,karl-jaspers-klinik,karl-jaspers-klinik:78,78,5,0
3,karl-jaspers-klinik,karl-jaspers-klinik:79,79,5,0
15,karl-jaspers-klinik,karl-jaspers-klinik:80,80,2,26
16,karl-jaspers-klinik,karl-jaspers-klinik:81,81,1,19
34,karl-jaspers-klinik,karl-jaspers-klinik:82,82,1,27
8,karl-jaspers-klinik,karl-jaspers-klinik:83,83,5,-1
13,karl-jaspers-klinik,karl-jaspers-klinik:84,84,5,0
18,karl-jaspers-klinik,karl-jaspers-klinik:85,85,1,16
38,karl-jaspers-klinik,karl-jaspers-klinik:86,86,1,-1
29,karl-jaspers-klinik,karl-jaspers-klinik:87,87,1,2
8,karl-jaspers-klinik,karl-jaspers-klinik:88,88,4,0
35,karl-jaspers-klinik,karl-jaspers-klinik:89,89,1,-1
35,karl-jaspers-klinik,karl-jaspers-klinik:90,90,1,13
28,karl-jaspers-klinik,karl-jaspers-klinik:91,91,1,1
25,karl-jaspers-klinik,karl-jaspers-klinik:92,92,1,-1
59,karl-jaspers-klinik,karl-jaspers-klinik:93,93,1,-1
21,karl-jaspers-klinik,karl-jaspers-klinik:94,94,1,3
22,karl-jaspers-klinik,karl-jaspers-klinik:95,95,1,6
35,karl-jaspers-klinik,karl-jaspers-klinik:96,96,1,-1
8,karl-jaspers-klinik,karl-jaspers-klinik:97,97,5,-1
25,karl-jaspers-klinik,karl-jaspers-klinik:98,98,1,-1
14,karl-jaspers-klinik,karl-jaspers-klinik:99,99,5,9
24,karl-jaspers-klinik,karl-jaspers-klinik:100,100,1,21
14,karl-jaspers-klinik,karl-jaspers-klinik:101,101,1,13
46,karl-jaspers-klinik,karl-jaspers-klinik:102,102,1,4
9,karl-jaspers-klinik,karl-jaspers-klinik:103,103,4,-1
46,karl-jaspers-klinik,karl-jaspers-klinik:104,104,1,4
27,karl-jaspers-klinik,karl-jaspers-klinik:105,105,1,0
8,karl-jaspers-klinik,karl-jaspers-klinik:106,106,5,-1
7,karl-jaspers-klinik,karl-jaspers-klinik:107,107,3,15
7,karl-jaspers-klinik,karl-jaspers-klinik:108,108,2,-1
29,karl-jaspers-klinik,karl-jaspers-klinik:109,109,1,17
29,karl-jaspers-klinik,karl-jaspers-klinik:110,110,1,-1
9,karl-jaspers-klinik,karl-jaspers-klinik:111,111,5,0
3,karl-jaspers-klinik,karl-jaspers-klinik:112,112,4,0
29,karl-jaspers-klinik,karl-jaspers-klinik:113,113,1,-1
6,karl-jaspers-klinik,karl-jaspers-klinik:115,115,5,0
13,karl-jaspers-klinik,karl-jaspers-klinik:116,116,1,-1
25,karl-jaspers-klinik,karl-jaspers-klinik:118,118,1,16
9,karl-jaspers-klinik,karl-jaspers-klinik:119,119,1,6
6,karl-jaspers-klinik,karl-jaspers-klinik:120,120,3,-1
14,karl-jaspers-klinik,karl-jaspers-klinik:121,121,1,-1
3,karl-jaspers-klinik,karl-jaspers-klinik:122,122,4,0
11,karl-jaspers-klinik,karl-jaspers-klinik:123,123,1,-1
3,karl-jaspers-klinik,karl-jaspers-klinik:124,124,5,0
5,karl-jaspers-klinik,karl-jaspers-klinik:125,125,2,-1
3,karl-jaspers-klinik,karl-jaspers-klinik:126,126,4,13
5,karl-jaspers-klinik,karl-jaspers-klinik:128,128,2,0
4,karl-jaspers-klinik,karl-jaspers-klinik:129,129,5,0
3,karl-jaspers-klinik,karl-jaspers-klinik:133,133,5,0
6,karl-jaspers-klinik,karl-jaspers-klinik:134,134,5,3
5,karl-jaspers-klinik,karl-jaspers-klinik:136,136,5,0
11,karl-jaspers-klinik,karl-jaspers-klinik:142,142,1,-1
15,karl-jaspers-klinik,karl-jaspers-klinik:143,143,1,4
22,karl-jaspers-klinik,karl-jaspers-klinik:144,144,1,-1
23,karl-jaspers-klinik,karl-jaspers-klinik:145,145,1,15
10,karl-jaspers-klinik,karl-jaspers-klinik:146,146,1,-1
18,karl-jaspers-klinik,karl-jaspers-klinik:149,149,1,-1
11,karl-jaspers-klinik,karl-jaspers-klinik:150,150,1,14
6,karl-jaspers-klinik,karl-jaspers-klinik:151,151,1,4
10,karl-jaspers-klinik,karl-jaspers-klinik:153,153,1,5
9,karl-jaspers-klinik,karl-jaspers-klinik:155,155,1,4
5,karl-jaspers-klinik,karl-jaspers-klinik:156,156,1,-1
7,karl-jaspers-klinik,karl-jaspers-klinik:161,161,5,-1
15,karl-jaspers-klinik,karl-jaspers-klinik:162,162,1,5
17,karl-jaspers-klinik,karl-jaspers-klinik:163,163,1,-1
7,karl-jaspers-klinik,karl-jaspers-klinik:164,164,3,5
8,karl-jaspers-klinik,karl-jaspers-klinik:169,169,1,5
3,karl-jaspers-klinik,karl-jaspers-klinik:170,170,5,0
4,karl-jaspers-klinik,karl-jaspers-klinik:172,172,1,0
6,karl-jaspers-klinik-fuer-psychosomatische-medizin-und-psychotherapie,karl-jaspers-klinik-fuer-psychosomatische-medizin-und-psychotherapie:11,11,1,-1
8,karl-jaspers-klinik-fuer-psychosomatische-medizin-und-psychotherapie,karl-jaspers-klinik-fuer-psychosomatische-medizin-und-psychotherapie:19,19,2,13
3,karl-jaspers-klinik-fuer-psychosomatische-medizin-und-psychotherapie,karl-jaspers-klinik-fuer-psychosomatische-medizin-und-psychotherapie:21,21,1,-1
55,karl-jaspers-klinik-fuer-psychosomatische-medizin-und-psychotherapie,karl-jaspers-klinik-fuer-psychosomatische-medizin-und-psychotherapie:22,22,1,-1
6,karl-jaspers-klinik-fuer-psychosomatische-medizin-und-psychotherapie,karl-jaspers-klinik-fuer-psychosomatische-medizin-und-psychotherapie:24,24,5,-1
49,karl-jaspers-klinik-fuer-psychosomatische-medizin-und-psychotherapie,karl-jaspers-klinik-fuer-psychosomatische-medizin-und-psychotherapie:25,25,1,-1
14,karl-jaspers-klinik-fuer-psychosomatische-medizin-und-psychotherapie,karl-jaspers-klinik-fuer-psychosomatische-medizin-und-psychotherapie:27,27,5,0
11,karl-jaspers-klinik-fuer-psychosomatische-medizin-und-psychotherapie,karl-jaspers-klinik-fuer-psychosomatische-medizin-und-psychotherapie:28,28,2,-1
4,karl-jaspers-klinik-fuer-psychosomatische-medizin-und-psychotherapie,karl-jaspers-klinik-fuer-psychosomatische-medizin-und-psychotherapie:29,29,5,-1
20,karl-jaspers-klinik-fuer-psychosomatische-medizin-und-psychotherapie,karl-jaspers-klinik-fuer-psychosomatische-medizin-und-psychotherapie:30,30,5,0
172,karl-jaspers-klinik-fuer-psychosomatische-medizin-und-psychotherapie,karl-jaspers-klinik-fuer-psychosomatische-medizin-und-psychotherapie:31,31,1,-1
15,karl-jaspers-klinik-fuer-psychosomatische-medizin-und-psychotherapie,karl-jaspers-klinik-fuer-psychosomatische-medizin-und-psychotherapie:33,33,5,0
6,karl-jaspers-klinik-fuer-psychosomatische-medizin-und-psychotherapie,karl-jaspers-klinik-fuer-psychosomatische-medizin-und-psychotherapie:35,35,4,5
23,karl-jaspers-klinik-fuer-psychosomatische-medizin-und-psychotherapie,karl-jaspers-klinik-fuer-psychosomatische-medizin-und-psychotherapie:37,37,4,-1
7,karl-jaspers-klinik-fuer-psychosomatische-medizin-und-psychotherapie,karl-jaspers-klinik-fuer-psychosomatische-medizin-und-psychotherapie:38,38,1,0
3,karl-jaspers-klinik-fuer-psychosomatische-medizin-und-psychotherapie,karl-jaspers-klinik-fuer-psychosomatische-medizin-und-psychotherapie:39,39,4,-1
9,karl-jaspers-klinik-fuer-psychosomatische-medizin-und-psychotherapie,karl-jaspers-klinik-fuer-psychosomatische-medizin-und-psychotherapie:40,40,2,19
36,karl-jaspers-klinik-fuer-psychosomatische-medizin-und-psychotherapie,karl-jaspers-klinik-fuer-psychosomatische-medizin-und-psychotherapie:41,41,2,-1
3,karl-jaspers-klinik-fuer-psychosomatische-medizin-und-psychotherapie,karl-jaspers-klinik-fuer-psychosomatische-medizin-und-psychotherapie:42,42,1,19
33,karl-jaspers-klinik-fuer-psychosomatische-medizin-und-psychotherapie,karl-jaspers-klinik-fuer-psychosomatische-medizin-und-psychotherapie:43,43,1,4
38,karl-jaspers-klinik-fuer-psychosomatische-medizin-und-psychotherapie,karl-jaspers-klinik-fuer-psychosomatische-medizin-und-psychotherapie:45,45,1,-1
54,karl-jaspers-klinik-fuer-psychosomatische-medizin-und-psychotherapie,karl-jaspers-klinik-fuer-psychosomatische-medizin-und-psychotherapie:46,46,1,4
5,karl-jaspers-klinik-fuer-psychosomatische-medizin-und-psychotherapie,karl-jaspers-klinik-fuer-psychosomatische-medizin-und-psychotherapie:47,47,4,0
13,karl-jaspers-klinik-fuer-psychosomatische-medizin-und-psychotherapie,karl-jaspers-klinik-fuer-psychosomatische-medizin-und-psychotherapie:48,48,1,-1
43,karl-jaspers-klinik-fuer-psychosomatische-medizin-und-psychotherapie,karl-jaspers-klinik-fuer-psychosomatische-medizin-und-psychotherapie:49,49,1,-1
39,karl-jaspers-klinik-fuer-psychosomatische-medizin-und-psychotherapie,karl-jaspers-klinik-fuer-psychosomatische-medizin-und-psychotherapie:50,50,1,-1
9,karl-jaspers-klinik-fuer-psychosomatische-medizin-und-psychotherapie,karl-jaspers-klinik-fuer-psychosomatische-medizin-und-psychotherapie:51,51,5,0
15,karl-jaspers-klinik-fuer-psychosomatische-medizin-und-psychotherapie,karl-jaspers-klinik-fuer-psychosomatische-medizin-und-psychotherapie:52,52,1,-1
45,karl-jaspers-klinik-fuer-psychosomatische-medizin-und-psychotherapie,karl-jaspers-klinik-fuer-psychosomatische-medizin-und-psychotherapie:53,53,1,-1
21,karl-jaspers-klinik-fuer-psychosomatische-medizin-und-psychotherapie,karl-jaspers-klinik-fuer-psychosomatische-medizin-und-psychotherapie:54,54,1,10
10,karl-jaspers-klinik-fuer-psychosomatische-medizin-und-psychotherapie,karl-jaspers-klinik-fuer-psychosomatische-medizin-und-psychotherapie:55,55,1,-1
45,karl-jaspers-klinik-fuer-psychosomatische-medizin-und-psychotherapie,karl-jaspers-klinik-fuer-psychosomatische-medizin-und-psychotherapie:57,57,1,15
42,karl-jaspers-klinik-fuer-psychosomatische-medizin-und-psychotherapie,karl-jaspers-klinik-fuer-psychosomatische-medizin-und-psychotherapie:58,58,1,-1
24,karl-jaspers-klinik-fuer-psychosomatische-medizin-und-psychotherapie,karl-jaspers-klinik-fuer-psychosomatische-medizin-und-psychotherapie:60,60,5,0
16,karl-jaspers-klinik-fuer-psychosomatische-medizin-und-psychotherapie,karl-jaspers-klinik-fuer-psychosomatische-medizin-und-psychotherapie:61,61,5,0
45,karl-jaspers-klinik-fuer-psychosomatische-medizin-und-psychotherapie,karl-jaspers-klinik-fuer-psychosomatische-medizin-und-psychotherapie:62,62,1,-1
27,karl-jaspers-klinik-fuer-psychosomatische-medizin-und-psychotherapie,karl-jaspers-klinik-fuer-psychosomatische-medizin-und-psychotherapie:63,63,1,-1
17,karl-jaspers-klinik-fuer-psychosomatische-medizin-und-psychotherapie,karl-jaspers-klinik-fuer-psychosomatische-medizin-und-psychotherapie:64,64,5,13
24,karl-jaspers-klinik-fuer-psychosomatische-medizin-und-psychotherapie,karl-jaspers-klinik-fuer-psychosomatische-medizin-und-psychotherapie:65,65,2,0
28,karl-jaspers-klinik-fuer-psychosomatische-medizin-und-psychotherapie,karl-jaspers-klinik-fuer-psychosomatische-medizin-und-psychotherapie:66,66,1,-1
20,karl-jaspers-klinik-fuer-psychosomatische-medizin-und-psychotherapie,karl-jaspers-klinik-fuer-psychosomatische-medizin-und-psychotherapie:67,67,1,4
46,karl-jaspers-klinik-fuer-psychosomatische-medizin-und-psychotherapie,karl-jaspers-klinik-fuer-psychosomatische-medizin-und-psychotherapie:69,69,1,-1
27,karl-jaspers-klinik-fuer-psychosomatische-medizin-und-psychotherapie,karl-jaspers-klinik-fuer-psychosomatische-medizin-und-psychotherapie:70,70,1,-1
5,karl-jaspers-klinik-fuer-psychosomatische-medizin-und-psychotherapie,karl-jaspers-klinik-fuer-psychosomatische-medizin-und-psychotherapie:71,71,4,0
27,karl-jaspers-klinik-fuer-psychosomatische-medizin-und-psychotherapie,karl-jaspers-klinik-fuer-psychosomatische-medizin-und-psychotherapie:72,72,1,2
54,karl-jaspers-klinik-fuer-psychosomatische-medizin-und-psychotherapie,karl-jaspers-klinik-fuer-psychosomatische-medizin-und-psychotherapie:74,74,1,-1
11,karl-jaspers-klinik-fuer-psychosomatische-medizin-und-psychotherapie,karl-jaspers-klinik-fuer-psychosomatische-medizin-und-psychotherapie:75,75,5,-1
30,karl-jaspers-klinik-fuer-psychosomatische-medizin-und-psychotherapie,karl-jaspers-klinik-fuer-psychosomatische-medizin-und-psychotherapie:76,76,1,-1
7,karl-jaspers-klinik-fuer-psychosomatische-medizin-und-psychotherapie,karl-jaspers-klinik-fuer-psychosomatische-medizin-und-psychotherapie:77,77,5,0
8,karl-jaspers-klinik-fuer-psychosomatische-medizin-und-psychotherapie,karl-jaspers-klinik-fuer-psychosomatische-medizin-und-psychotherapie:78,78,5,0
3,karl-jaspers-klinik-fuer-psychosomatische-medizin-und-psychotherapie,karl-jaspers-klinik-fuer-psychosomatische-medizin-und-psychotherapie:79,79,5,0
15,karl-jaspers-klinik-fuer-psychosomatische-medizin-und-psychotherapie,karl-jaspers-klinik-fuer-psychosomatische-medizin-und-psychotherapie:80,80,2,26
16,karl-jaspers-klinik-fuer-psychosomatische-medizin-und-psychotherapie,karl-jaspers-klinik-fuer-psychosomatische-medizin-und-psychotherapie:81,81,1,19
34,karl-jaspers-klinik-fuer-psychosomatische-medizin-und-psychotherapie,karl-jaspers-klinik-fuer-psychosomatische-medizin-und-psychotherapie:82,82,1,-1
8,karl-jaspers-klinik-fuer-psychosomatische-medizin-und-psychotherapie,karl-jaspers-klinik-fuer-psychosomatische-medizin-und-psychotherapie:83,83,5,-1
13,karl-jaspers-klinik-fuer-psychosomatische-medizin-und-psychotherapie,karl-jaspers-klinik-fuer-psychosomatische-medizin-und-psychotherapie:84,84,5,0
18,karl-jaspers-klinik-fuer-psychosomatische-medizin-und-psychotherapie,karl-jaspers-klinik-fuer-psychosomatische-medizin-und-psychotherapie:85,85,1,16
38,karl-jaspers-klinik-fuer-psychosomatische-medizin-und-psychotherapie,karl-jaspers-klinik-fuer-psychosomatische-medizin-und-psychotherapie:86,86,1,-1
29,karl-jaspers-klinik-fuer-psychosomatische-medizin-und-psychotherapie,karl-jaspers-klinik-fuer-psychosomatische-medizin-und-psychotherapie:87,87,1,2
8,karl-jaspers-klinik-fuer-psychosomatische-medizin-und-psychotherapie,karl-jaspers-klinik-fuer-psychosomatische-medizin-und-psychotherapie:88,88,4,0
35,karl-jaspers-klinik-fuer-psychosomatische-medizin-und-psychotherapie,karl-jaspers-klinik-fuer-psychosomatische-medizin-und-psychotherapie:89,89,1,-1
35,karl-jaspers-klinik-fuer-psychosomatische-medizin-und-psychotherapie,karl-jaspers-klinik-fuer-psychosomatische-medizin-und-psychotherapie:90,90,1,13
28,karl-jaspers-klinik-fuer-psychosomatische-medizin-und-psychotherapie,karl-jaspers-klinik-fuer-psychosomatische-medizin-und-psychotherapie:91,91,1,1
25,karl-jaspers-klinik-fuer-psychosomatische-medizin-und-psychotherapie,karl-jaspers-klinik-fuer-psychosomatische-medizin-und-psychotherapie:92,92,1,-1
59,karl-jaspers-klinik-fuer-psychosomatische-medizin-und-psychotherapie,karl-jaspers-klinik-fuer-psychosomatische-medizin-und-psychotherapie:93,93,1,-1
21,karl-jaspers-klinik-fuer-psychosomatische-medizin-und-psychotherapie,karl-jaspers-klinik-fuer-psychosomatische-medizin-und-psychotherapie:94,94,1,3
22,karl-jaspers-klinik-fuer-psychosomatische-medizin-und-psychotherapie,karl-jaspers-klinik-fuer-psychosomatische-medizin-und-psychotherapie:95,95,1,6
35,karl-jaspers-klinik-fuer-psychosomatische-medizin-und-psychotherapie,karl-jaspers-klinik-fuer-psychosomatische-medizin-und-psychotherapie:96,96,1,-1
8,karl-jaspers-klinik-fuer-psychosomatische-medizin-und-psychotherapie,karl-jaspers-klinik-fuer-psychosomatische-medizin-und-psychotherapie:97,97,5,-1
25,karl-jaspers-klinik-fuer-psychosomatische-medizin-und-psychotherapie,karl-jaspers-klinik-fuer-psychosomatische-medizin-und-psychotherapie:98,98,1,-1
14,karl-jaspers-klinik-fuer-psychosomatische-medizin-und-psychotherapie,karl-jaspers-klinik-fuer-psychosomatische-medizin-und-psychotherapie:99,99,5,9
24,karl-jaspers-klinik-fuer-psychosomatische-medizin-und-psychotherapie,karl-jaspers-klinik-fuer-psychosomatische-medizin-und-psychotherapie:100,100,1,21
14,karl-jaspers-klinik-fuer-psychosomatische-medizin-und-psychotherapie,karl-jaspers-klinik-fuer-psychosomatische-medizin-und-psychotherapie:101,101,1,13
46,karl-jaspers-klinik-fuer-psychosomatische-medizin-und-psychotherapie,karl-jaspers-klinik-fuer-psychosomatische-medizin-und-psychotherapie:102,102,1,4
9,karl-jaspers-klinik-fuer-psychosomatische-medizin-und-psychotherapie,karl-jaspers-klinik-fuer-psychosomatische-medizin-und-psychotherapie:103,103,4,-1
46,karl-jaspers-klinik-fuer-psychosomatische-medizin-und-psychotherapie,karl-jaspers-klinik-fuer-psychosomatische-medizin-und-psychotherapie:104,104,1,4
27,karl-jaspers-klinik-fuer-psychosomatische-medizin-und-psychotherapie,karl-jaspers-klinik-fuer-psychosomatische-medizin-und-psychotherapie:105,105,1,0
8,karl-jaspers-klinik-fuer-psychosomatische-medizin-und-psychotherapie,karl-jaspers-klinik-fuer-psychosomatische-medizin-und-psychotherapie:106,106,5,-1
7,karl-jaspers-klinik-fuer-psychosomatische-medizin-und-psychotherapie,karl-jaspers-klinik-fuer-psychosomatische-medizin-und-psychotherapie:107,107,3,15
7,karl-jaspers-klinik-fuer-psychosomatische-medizin-und-psychotherapie,karl-jaspers-klinik-fuer-psychosomatische-medizin-und-psychotherapie:108,108,2,-1
29,karl-jaspers-klinik-fuer-psychosomatische-medizin-und-psychotherapie,karl-jaspers-klinik-fuer-psychosomatische-medizin-und-psychotherapie:109,109,1,17
29,karl-jaspers-klinik-fuer-psychosomatische-medizin-und-psychotherapie,karl-jaspers-klinik-fuer-psychosomatische-medizin-und-psychotherapie:110,110,1,-1
9,karl-jaspers-klinik-fuer-psychosomatische-medizin-und-psychotherapie,karl-jaspers-klinik-fuer-psychosomatische-medizin-und-psychotherapie:111,111,5,0
3,karl-jaspers-klinik-fuer-psychosomatische-medizin-und-psychotherapie,karl-jaspers-klinik-fuer-psychosomatische-medizin-und-psychotherapie:112,112,4,0
29,karl-jaspers-klinik-fuer-psychosomatische-medizin-und-psychotherapie,karl-jaspers-klinik-fuer-psychosomatische-medizin-und-psychotherapie:113,113,1,-1
6,karl-jaspers-klinik-fuer-psychosomatische-medizin-und-psychotherapie,karl-jaspers-klinik-fuer-psychosomatische-medizin-und-psychotherapie:115,115,5,0
13,karl-jaspers-klinik-fuer-psychosomatische-medizin-und-psychotherapie,karl-jaspers-klinik-fuer-psychosomatische-medizin-und-psychotherapie:116,116,1,-1
25,karl-jaspers-klinik-fuer-psychosomatische-medizin-und-psychotherapie,karl-jaspers-klinik-fuer-psychosomatische-medizin-und-psychotherapie:118,118,1,16
9,karl-jaspers-klinik-fuer-psychosomatische-medizin-und-psychotherapie,karl-jaspers-klinik-fuer-psychosomatische-medizin-und-psychotherapie:119,119,1,6
6,karl-jaspers-klinik-fuer-psychosomatische-medizin-und-psychotherapie,karl-jaspers-klinik-fuer-psychosomatische-medizin-und-psychotherapie:120,120,3,-1
14,karl-jaspers-klinik-fuer-psychosomatische-medizin-und-psychotherapie,karl-jaspers-klinik-fuer-psychosomatische-medizin-und-psychotherapie:121,121,1,-1
3,karl-jaspers-klinik-fuer-psychosomatische-medizin-und-psychotherapie,karl-jaspers-klinik-fuer-psychosomatische-medizin-und-psychotherapie:122,122,4,0
11,karl-jaspers-klinik-fuer-psychosomatische-medizin-und-psychotherapie,karl-jaspers-klinik-fuer-psychosomatische-medizin-und-psychotherapie:123,123,1,-1
3,karl-jaspers-klinik-fuer-psychosomatische-medizin-und-psychotherapie,karl-jaspers-klinik-fuer-psychosomatische-medizin-und-psychotherapie:124,124,5,0
5,karl-jaspers-klinik-fuer-psychosomatische-medizin-und-psychotherapie,karl-jaspers-klinik-fuer-psychosomatische-medizin-und-psychotherapie:125,125,2,-1
3,karl-jaspers-klinik-fuer-psychosomatische-medizin-und-psychotherapie,karl-jaspers-klinik-fuer-psychosomatische-medizin-und-psychotherapie:126,126,4,13
5,karl-jaspers-klinik-fuer-psychosomatische-medizin-und-psychotherapie,karl-jaspers-klinik-fuer-psychosomatische-medizin-und-psychotherapie:128,128,2,0
4,karl-jaspers-klinik-fuer-psychosomatische-medizin-und-psychotherapie,karl-jaspers-klinik-fuer-psychosomatische-medizin-und-psychotherapie:129,129,5,0
3,karl-jaspers-klinik-fuer-psychosomatische-medizin-und-psychotherapie,karl-jaspers-klinik-fuer-psychosomatische-medizin-und-psychotherapie:133,133,5,0
6,karl-jaspers-klinik-fuer-psychosomatische-medizin-und-psychotherapie,karl-jaspers-klinik-fuer-psychosomatische-medizin-und-psychotherapie:134,134,5,3
5,karl-jaspers-klinik-fuer-psychosomatische-medizin-und-psychotherapie,karl-jaspers-klinik-fuer-psychosomatische-medizin-und-psychotherapie:136,136,5,0
11,karl-jaspers-klinik-fuer-psychosomatische-medizin-und-psychotherapie,karl-jaspers-klinik-fuer-psychosomatische-medizin-und-psychotherapie:142,142,1,-1
15,karl-jaspers-klinik-fuer-psychosomatische-medizin-und-psychotherapie,karl-jaspers-klinik-fuer-psychosomatische-medizin-und-psychotherapie:143,143,1,4
22,karl-jaspers-klinik-fuer-psychosomatische-medizin-und-psychotherapie,karl-jaspers-klinik-fuer-psychosomatische-medizin-und-psychotherapie:144,144,1,-1
23,karl-jaspers-klinik-fuer-psychosomatische-medizin-und-psychotherapie,karl-jaspers-klinik-fuer-psychosomatische-medizin-und-psychotherapie:145,145,1,15
10,karl-jaspers-klinik-fuer-psychosomatische-medizin-und-psychotherapie,karl-jaspers-klinik-fuer-psychosomatische-medizin-und-psychotherapie:146,146,1,-1
18,karl-jaspers-klinik-fuer-psychosomatische-medizin-und-psychotherapie,karl-jaspers-klinik-fuer-psychosomatische-medizin-und-psychotherapie:149,149,1,-1
11,karl-jaspers-klinik-fuer-psychosomatische-medizin-und-psychotherapie,karl-jaspers-klinik-fuer-psychosomatische-medizin-und-psychotherapie:150,150,1,14
6,karl-jaspers-klinik-fuer-psychosomatische-medizin-und-psychotherapie,karl-jaspers-klinik-fuer-psychosomatische-medizin-und-psychotherapie:151,151,1,4
10,karl-jaspers-klinik-fuer-psychosomatische-medizin-und-psychotherapie,karl-jaspers-klinik-fuer-psychosomatische-medizin-und-psychotherapie:153,153,1,5
9,karl-jaspers-klinik-fuer-psychosomatische-medizin-und-psychotherapie,karl-jaspers-klinik-fuer-psychosomatische-medizin-und-psychotherapie:155,155,1,4
5,karl-jaspers-klinik-fuer-psychosomatische-medizin-und-psychotherapie,karl-jaspers-klinik-fuer-psychosomatische-medizin-und-psychotherapie:156,156,1,-1
7,karl-jaspers-klinik-fuer-psychosomatische-medizin-und-psychotherapie,karl-jaspers-klinik-fuer-psychosomatische-medizin-und-psychotherapie:161,161,5,-1
15,karl-jaspers-klinik-fuer-psychosomatische-medizin-und-psychotherapie,karl-jaspers-klinik-fuer-psychosomatische-medizin-und-psychotherapie:162,162,1,5
17,karl-jaspers-klinik-fuer-psychosomatische-medizin-und-psychotherapie,karl-jaspers-klinik-fuer-psychosomatische-medizin-und-psychotherapie:163,163,1,-1
7,karl-jaspers-klinik-fuer-psychosomatische-medizin-und-psychotherapie,karl-jaspers-klinik-fuer-psychosomatische-medizin-und-psychotherapie:164,164,3,5
8,karl-jaspers-klinik-fuer-psychosomatische-medizin-und-psychotherapie,karl-jaspers-klinik-fuer-psychosomatische-medizin-und-psychotherapie:169,169,1,5
3,karl-jaspers-klinik-fuer-psychosomatische-medizin-und-psychotherapie,karl-jaspers-klinik-fuer-psychosomatische-medizin-und-psychotherapie:170,170,5,0
4,karl-jaspers-klinik-fuer-psychosomatische-medizin-und-psychotherapie,karl-jaspers-klinik-fuer-psychosomatische-medizin-und-psychotherapie:172,172,1,0
30,kinder-und-jugendkrankenhaus-auf-der-bult,kinder-und-jugendkrankenhaus-auf-der-bult:30,30,1,-1
9,kinder-und-jugendkrankenhaus-auf-der-bult,kinder-und-jugendkrankenhaus-auf-der-bult:31,31,5,-1
6,kinder-und-jugendkrankenhaus-auf-der-bult,kinder-und-jugendkrankenhaus-auf-der-bult:33,33,5,11
6,kinder-und-jugendkrankenhaus-auf-der-bult,kinder-und-jugendkrankenhaus-auf-der-bult:34,34,5,0
4,kinder-und-jugendkrankenhaus-auf-der-bult,kinder-und-jugendkrankenhaus-auf-der-bult:47,47,5,2
4,kinder-und-jugendkrankenhaus-auf-der-bult,kinder-und-jugendkrankenhaus-auf-der-bult:49,49,5,-1
10,kinder-und-jugendkrankenhaus-auf-der-bult,kinder-und-jugendkrankenhaus-auf-der-bult:59,59,5,-1
4,kinder-und-jugendkrankenhaus-auf-der-bult,kinder-und-jugendkrankenhaus-auf-der-bult:60,60,5,-1
6,kinder-und-jugendkrankenhaus-auf-der-bult,kinder-und-jugendkrankenhaus-auf-der-bult:67,67,5,0
3,kinder-und-jugendkrankenhaus-auf-der-bult,kinder-und-jugendkrankenhaus-auf-der-bult:70,70,5,0
6,kinder-und-jugendkrankenhaus-auf-der-bult,kinder-und-jugendkrankenhaus-auf-der-bult:75,75,5,-1
4,kinder-und-jugendkrankenhaus-auf-der-bult,kinder-und-jugendkrankenhaus-auf-der-bult:76,76,1,2
3,kinder-und-jugendkrankenhaus-auf-der-bult,kinder-und-jugendkrankenhaus-auf-der-bult:77,77,5,-1
5,kinder-und-jugendkrankenhaus-auf-der-bult,kinder-und-jugendkrankenhaus-auf-der-bult:78,78,5,11
17,kinder-und-jugendkrankenhaus-auf-der-bult,kinder-und-jugendkrankenhaus-auf-der-bult:80,80,1,2
31,kinder-und-jugendkrankenhaus-auf-der-bult,kinder-und-jugendkrankenhaus-auf-der-bult:82,82,4,9
7,kinder-und-jugendkrankenhaus-auf-der-bult,kinder-und-jugendkrankenhaus-auf-der-bult:83,83,5,11
4,kinder-und-jugendkrankenhaus-auf-der-bult,kinder-und-jugendkrankenhaus-auf-der-bult:84,84,5,-1
6,kinder-und-jugendkrankenhaus-auf-der-bult,kinder-und-jugendkrankenhaus-auf-der-bult:86,86,5,11
3,kinder-und-jugendkrankenhaus-auf-der-bult,kinder-und-jugendkrankenhaus-auf-der-bult:91,91,5,11
11,kinder-und-jugendkrankenhaus-auf-der-bult,kinder-und-jugendkrankenhaus-auf-der-bult:92,92,5,2
18,kinder-und-jugendkrankenhaus-auf-der-bult,kinder-und-jugendkrankenhaus-auf-der-bult:95,95,5,2
22,kinder-und-jugendkrankenhaus-auf-der-bult,kinder-und-jugendkrankenhaus-auf-der-bult:97,97,5,2
4,kinder-und-jugendkrankenhaus-auf-der-bult,kinder-und-jugendkrankenhaus-auf-der-bult:100,100,2,-1
4,kinder-und-jugendkrankenhaus-auf-der-bult,kinder-und-jugendkrankenhaus-auf-der-bult:102,102,5,-1
4,kinder-und-jugendkrankenhaus-auf-der-bult,kinder-und-jugendkrankenhaus-auf-der-bult:103,103,5,-1
8,kinder-und-jugendkrankenhaus-auf-der-bult,kinder-und-jugendkrankenhaus-auf-der-bult:104,104,5,-1
6,kinder-und-jugendkrankenhaus-auf-der-bult,kinder-und-jugendkrankenhaus-auf-der-bult:106,106,5,-1
4,kinder-und-jugendkrankenhaus-auf-der-bult,kinder-und-jugendkrankenhaus-auf-der-bult:107,107,5,11
5,kinder-und-jugendkrankenhaus-auf-der-bult,kinder-und-jugendkrankenhaus-auf-der-bult:109,109,5,-1
4,kinder-und-jugendkrankenhaus-auf-der-bult,kinder-und-jugendkrankenhaus-auf-der-bult:112,112,5,-1
8,kinder-und-jugendkrankenhaus-auf-der-bult,kinder-und-jugendkrankenhaus-auf-der-bult:113,113,3,2
5,kinder-und-jugendkrankenhaus-auf-der-bult,kinder-und-jugendkrankenhaus-auf-der-bult:114,114,5,11
4,kinder-und-jugendkrankenhaus-auf-der-bult,kinder-und-jugendkrankenhaus-auf-der-bult:115,115,5,8
4,kinder-und-jugendkrankenhaus-auf-der-bult,kinder-und-jugendkrankenhaus-auf-der-bult:117,117,5,-1
3,kinder-und-jugendkrankenhaus-auf-der-bult,kinder-und-jugendkrankenhaus-auf-der-bult:119,119,5,-1
4,kinder-und-jugendkrankenhaus-auf-der-bult,kinder-und-jugendkrankenhaus-auf-der-bult:120,120,5,11
7,kinder-und-jugendkrankenhaus-auf-der-bult,kinder-und-jugendkrankenhaus-auf-der-bult:121,121,4,2
6,kinder-und-jugendkrankenhaus-auf-der-bult,kinder-und-jugendkrankenhaus-auf-der-bult:122,122,5,11
6,kinder-und-jugendkrankenhaus-auf-der-bult,kinder-und-jugendkrankenhaus-auf-der-bult:123,123,5,-1
4,kinder-und-jugendkrankenhaus-auf-der-bult,kinder-und-jugendkrankenhaus-auf-der-bult:125,125,5,-1
4,kinder-und-jugendkrankenhaus-auf-der-bult,kinder-und-jugendkrankenhaus-auf-der-bult:126,126,5,-1
4,kinder-und-jugendkrankenhaus-auf-der-bult,kinder-und-jugendkrankenhaus-auf-der-bult:127,127,5,2
17,kinder-und-jugendkrankenhaus-auf-der-bult,kinder-und-jugendkrankenhaus-auf-der-bult:128,128,4,2
5,kinder-und-jugendkrankenhaus-auf-der-bult,kinder-und-jugendkrankenhaus-auf-der-bult:133,133,5,0
4,kinder-und-jugendkrankenhaus-auf-der-bult,kinder-und-jugendkrankenhaus-auf-der-bult:134,134,5,11
3,kinder-und-jugendkrankenhaus-auf-der-bult,kinder-und-jugendkrankenhaus-auf-der-bult:135,135,5,2
4,kinder-und-jugendkrankenhaus-auf-der-bult,kinder-und-jugendkrankenhaus-auf-der-bult:140,140,5,-1
4,kinder-und-jugendkrankenhaus-auf-der-bult,kinder-und-jugendkrankenhaus-auf-der-bult:142,142,5,0
4,kinder-und-jugendkrankenhaus-auf-der-bult,kinder-und-jugendkrankenhaus-auf-der-bult:148,148,5,11
24,kinder-und-jugendkrankenhaus-auf-der-bult,kinder-und-jugendkrankenhaus-auf-der-bult:149,149,5,-1
17,kinder-und-jugendkrankenhaus-auf-der-bult,kinder-und-jugendkrankenhaus-auf-der-bult:150,150,1,2
16,kinder-und-jugendkrankenhaus-auf-der-bult,kinder-und-jugendkrankenhaus-auf-der-bult:151,151,4,2
4,kinder-und-jugendkrankenhaus-auf-der-bult,kinder-und-jugendkrankenhaus-auf-der-bult:152,152,5,-1
10,kinder-und-jugendkrankenhaus-auf-der-bult,kinder-und-jugendkrankenhaus-auf-der-bult:153,153,5,-1
3,kinder-und-jugendkrankenhaus-auf-der-bult,kinder-und-jugendkrankenhaus-auf-der-bult:156,156,5,0
4,kinder-und-jugendkrankenhaus-auf-der-bult,kinder-und-jugendkrankenhaus-auf-der-bult:158,158,4,-1
7,kinder-und-jugendkrankenhaus-auf-der-bult,kinder-und-jugendkrankenhaus-auf-der-bult:159,159,5,2
5,kinder-und-jugendkrankenhaus-auf-der-bult,kinder-und-jugendkrankenhaus-auf-der-bult:160,160,5,0
9,kinder-und-jugendkrankenhaus-auf-der-bult,kinder-und-jugendkrankenhaus-auf-der-bult:161,161,4,2
3,kinder-und-jugendkrankenhaus-auf-der-bult,kinder-und-jugendkrankenhaus-auf-der-bult:162,162,5,-1
3,kinder-und-jugendkrankenhaus-auf-der-bult,kinder-und-jugendkrankenhaus-auf-der-bult:163,163,5,11
3,kinder-und-jugendkrankenhaus-auf-der-bult,kinder-und-jugendkrankenhaus-auf-der-bult:164,164,5,6
3,kinder-und-jugendkrankenhaus-auf-der-bult,kinder-und-jugendkrankenhaus-auf-der-bult:165,165,5,22
8,kinder-und-jugendkrankenhaus-auf-der-bult,kinder-und-jugendkrankenhaus-auf-der-bult:166,166,5,11
3,kinder-und-jugendkrankenhaus-auf-der-bult,kinder-und-jugendkrankenhaus-auf-der-bult:168,168,3,-1
3,kinder-und-jugendkrankenhaus-auf-der-bult,kinder-und-jugendkrankenhaus-auf-der-bult:172,172,5,0
5,kinder-und-jugendkrankenhaus-auf-der-bult,kinder-und-jugendkrankenhaus-auf-der-bult:174,174,5,0
3,kinder-und-jugendkrankenhaus-auf-der-bult,kinder-und-jugendkrankenhaus-auf-der-bult:178,178,5,0
4,kinder-und-jugendkrankenhaus-auf-der-bult,kinder-und-jugendkrankenhaus-auf-der-bult:181,181,5,0
6,kinder-und-jugendkrankenhaus-auf-der-bult,kinder-und-jugendkrankenhaus-auf-der-bult:184,184,4,0
3,kinder-und-jugendkrankenhaus-auf-der-bult,kinder-und-jugendkrankenhaus-auf-der-bult:188,188,5,11
3,kinder-und-jugendkrankenhaus-auf-der-bult,kinder-und-jugendkrankenhaus-auf-der-bult:191,191,5,11
3,kinder-und-jugendkrankenhaus-auf-der-bult,kinder-und-jugendkrankenhaus-auf-der-bult:193,193,5,0
3,kinder-und-jugendkrankenhaus-auf-der-bult,kinder-und-jugendkrankenhaus-auf-der-bult:195,195,5,0
3,kinder-und-jugendkrankenhaus-auf-der-bult,kinder-und-jugendkrankenhaus-auf-der-bult:196,196,5,0
3,kinder-und-jugendkrankenhaus-auf-der-bult,kinder-und-jugendkrankenhaus-auf-der-bult:199,199,5,0
6,kinder-und-jugendkrankenhaus-auf-der-bult,kinder-und-jugendkrankenhaus-auf-der-bult:200,200,5,-1
6,kinder-und-jugendkrankenhaus-auf-der-bult,kinder-und-jugendkrankenhaus-auf-der-bult:202,202,3,2
4,kinder-und-jugendkrankenhaus-auf-der-bult,kinder-und-jugendkrankenhaus-auf-der-bult:213,213,5,0
3,kinder-und-jugendkrankenhaus-auf-der-bult,kinder-und-jugendkrankenhaus-auf-der-bult:215,215,1,4
3,kinder-und-jugendkrankenhaus-auf-der-bult,kinder-und-jugendkrankenhaus-auf-der-bult:229,229,1,3
3,kinder-und-jugendkrankenhaus-auf-der-bult,kinder-und-jugendkrankenhaus-auf-der-bult:237,237,5,-1
5,kinder-und-jugendkrankenhaus-auf-der-bult,kinder-und-jugendkrankenhaus-auf-der-bult:239,239,4,-1
4,kinder-und-jugendkrankenhaus-auf-der-bult,kinder-und-jugendkrankenhaus-auf-der-bult:286,286,5,2
3,kinder-und-jugendkrankenhaus-auf-der-bult,kinder-und-jugendkrankenhaus-auf-der-bult:292,292,5,-1
6,kirchberg-klinik,kirchberg-klinik:8,8,5,0
17,kirchberg-klinik,kirchberg-klinik:10,10,5,0
27,kirchberg-klinik,kirchberg-klinik:14,14,5,0
28,kirchberg-klinik,kirchberg-klinik:15,15,5,0
21,kirchberg-klinik,kirchberg-klinik:17,17,5,0
3,kirchberg-klinik,kirchberg-klinik:19,19,1,-1
3,kirchberg-klinik,kirchberg-klinik:25,25,5,21
4,kirchberg-klinik,kirchberg-klinik:27,27,5,0
3,kirchberg-klinik,kirchberg-klinik:29,29,5,0
8,kirchberg-klinik,kirchberg-klinik:30,30,5,0
8,kirchberg-klinik,kirchberg-klinik:36,36,5,0
9,kirchberg-klinik,kirchberg-klinik:38,38,5,0
17,kirchberg-klinik,kirchberg-klinik:50,50,5,0
13,kirchberg-klinik,kirchberg-klinik:52,52,5,0
7,kirchberg-klinik,kirchberg-klinik:54,54,4,0
4,kirchberg-klinik,kirchberg-klinik:56,56,5,-1
4,kirchberg-klinik,kirchberg-klinik:57,57,5,0
8,kirchberg-klinik,kirchberg-klinik:58,58,5,0
14,kirchberg-klinik,kirchberg-klinik:59,59,5,0
10,kirchberg-klinik,kirchberg-klinik:61,61,5,0
5,kirchberg-klinik,kirchberg-klinik:62,62,3,3
7,kirchberg-klinik,kirchberg-klinik:64,64,5,0
10,kirchberg-klinik,kirchberg-klinik:65,65,1,10
8,kirchberg-klinik,kirchberg-klinik:66,66,1,-1
23,kirchberg-klinik,kirchberg-klinik:67,67,1,-1
40,kirchberg-klinik,kirchberg-klinik:68,68,5,-1
19,kirchberg-klinik,kirchberg-klinik:70,70,1,1
6,kirchberg-klinik,kirchberg-klinik:73,73,5,0
4,kirchberg-klinik,kirchberg-klinik:74,74,5,0
14,kirchberg-klinik,kirchberg-klinik:75,75,5,0
9,kirchberg-klinik,kirchberg-klinik:76,76,1,21
20,kirchberg-klinik,kirchberg-klinik:77,77,1,0
22,kirchberg-klinik,kirchberg-klinik:78,78,5,0
4,kirchberg-klinik,kirchberg-klinik:79,79,5,-1
30,kirchberg-klinik,kirchberg-klinik:83,83,2,4
22,kirchberg-klinik,kirchberg-klinik:84,84,,-1
4,kirchberg-klinik,kirchberg-klinik:85,85,5,0
5,kirchberg-klinik,kirchberg-klinik:86,86,5,0
8,kirchberg-klinik,kirchberg-klinik:87,87,5,0
3,kirchberg-klinik,kirchberg-klinik:88,88,3,-1
5,kirchberg-klinik,kirchberg-klinik:89,89,5,0
4,kirchberg-klinik,kirchberg-klinik:90,90,5,-1
4,kirchberg-klinik,kirchberg-klinik:91,91,5,0
6,kirchberg-klinik,kirchberg-klinik:92,92,5,0
3,kirchberg-klinik,kirchberg-klinik:93,93,5,0
11,kirchberg-klinik,kirchberg-klinik:94,94,1,10
15,kirchberg-klinik,kirchberg-klinik:95,95,2,4
15,kirchberg-klinik,kirchberg-klinik:96,96,5,0
9,kirchberg-klinik,kirchberg-klinik:97,97,1,-1
3,kirchberg-klinik,kirchberg-klinik:98,98,3,-1
5,kirchberg-klinik,kirchberg-klinik:99,99,3,0
21,kirchberg-klinik,kirchberg-klinik:104,104,1,8
7,kirchberg-klinik,kirchberg-klinik:105,105,5,0
4,kirchberg-klinik,kirchberg-klinik:106,106,5,0
7,kirchberg-klinik,kirchberg-klinik:107,107,1,-1
5,kirchberg-klinik,kirchberg-klinik:108,108,4,0
6,kirchberg-klinik,kirchberg-klinik:109,109,4,0
3,kirchberg-klinik,kirchberg-klinik:111,111,3,-1
4,kirchberg-klinik,kirchberg-klinik:112,112,5,0
20,kirchberg-klinik,kirchberg-klinik:113,113,1,4
3,kirchberg-klinik,kirchberg-klinik:115,115,5,0
11,kirchberg-klinik,kirchberg-klinik:117,117,3,0
3,kirchberg-klinik,kirchberg-klinik:118,118,5,0
14,kirchberg-klinik,kirchberg-klinik:119,119,1,-1
11,kirchberg-klinik,kirchberg-klinik:121,121,1,4
5,kirchberg-klinik,kirchberg-klinik:122,122,5,0
7,kirchberg-klinik,kirchberg-klinik:123,123,5,0
10,kirchberg-klinik,kirchberg-klinik:125,125,1,-1
7,kirchberg-klinik,kirchberg-klinik:126,126,1,24
12,kirchberg-klinik,kirchberg-klinik:127,127,1,-1
4,kirchberg-klinik,kirchberg-klinik:130,130,5,0
8,kirchberg-klinik,kirchberg-klinik:131,131,3,8
21,kirchberg-klinik,kirchberg-klinik:132,132,1,-1
7,kirchberg-klinik,kirchberg-klinik:134,134,5,0
11,kirchberg-klinik,kirchberg-klinik:135,135,5,0
3,kirchberg-klinik,kirchberg-klinik:136,136,5,0
3,kirchberg-klinik,kirchberg-klinik:144,144,5,0
6,kirchberg-klinik,kirchberg-klinik:145,145,1,-1
3,kirchberg-klinik,kirchberg-klinik:146,146,5,0
5,kirchberg-klinik,kirchberg-klinik:149,149,5,0
8,kirchberg-klinik,kirchberg-klinik:151,151,5,0
4,kirchberg-klinik,kirchberg-klinik:152,152,5,0
3,kirchberg-klinik,kirchberg-klinik:153,153,5,0
7,kirchberg-klinik,kirchberg-klinik:154,154,5,20
3,kirchberg-klinik,kirchberg-klinik:155,155,5,0
11,kirchberg-klinik,kirchberg-klinik:156,156,1,-1
4,kirchberg-klinik,kirchberg-klinik:159,159,5,0
5,kirchberg-klinik,kirchberg-klinik:160,160,1,-1
11,kirchberg-klinik,kirchberg-klinik:162,162,5,5
4,kirchberg-klinik,kirchberg-klinik:165,165,5,0
3,kirchberg-klinik,kirchberg-klinik:170,170,4,-1
5,klinik-am-zuckerberg-gmbh,klinik-am-zuckerberg-gmbh:7,7,5,20
3,klinik-am-zuckerberg-gmbh,klinik-am-zuckerberg-gmbh:15,15,4,0
3,klinik-am-zuckerberg-gmbh,klinik-am-zuckerberg-gmbh:16,16,1,-1
3,klinik-am-zuckerberg-gmbh,klinik-am-zuckerberg-gmbh:27,27,5,0
5,klinik-am-zuckerberg-gmbh,klinik-am-zuckerberg-gmbh:32,32,2,1
8,klinik-am-zuckerberg-gmbh,klinik-am-zuckerberg-gmbh:33,33,5,0
6,klinik-am-zuckerberg-gmbh,klinik-am-zuckerberg-gmbh:35,35,1,-1
6,klinik-am-zuckerberg-gmbh,klinik-am-zuckerberg-gmbh:41,41,1,-1
7,klinik-am-zuckerberg-gmbh,klinik-am-zuckerberg-gmbh:49,49,1,-1
15,klinik-am-zuckerberg-gmbh,klinik-am-zuckerberg-gmbh:53,53,1,-1
3,klinik-am-zuckerberg-gmbh,klinik-am-zuckerberg-gmbh:55,55,1,-1
6,klinik-am-zuckerberg-gmbh,klinik-am-zuckerberg-gmbh:57,57,5,0
5,klinik-am-zuckerberg-gmbh,klinik-am-zuckerberg-gmbh:58,58,1,1
6,klinik-am-zuckerberg-gmbh,klinik-am-zuckerberg-gmbh:59,59,1,2
3,klinik-am-zuckerberg-gmbh,klinik-am-zuckerberg-gmbh:60,60,1,-1
3,klinik-am-zuckerberg-gmbh,klinik-am-zuckerberg-gmbh:65,65,4,-1
4,klinik-am-zuckerberg-gmbh,klinik-am-zuckerberg-gmbh:68,68,5,0
10,klinik-am-zuckerberg-gmbh,klinik-am-zuckerberg-gmbh:70,70,1,-1
4,klinik-am-zuckerberg-gmbh,klinik-am-zuckerberg-gmbh:71,71,1,1
4,klinik-am-zuckerberg-gmbh,klinik-am-zuckerberg-gmbh:79,79,5,0
4,klinik-am-zuckerberg-gmbh,klinik-am-zuckerberg-gmbh:81,81,1,23
4,klinik-am-zuckerberg-gmbh,klinik-am-zuckerberg-gmbh:83,83,1,-1
7,klinik-bassum,klinik-bassum:25,25,5,0
6,klinik-bassum,klinik-bassum:34,34,5,20
4,klinik-bassum,klinik-bassum:35,35,1,10
6,klinik-bassum,klinik-bassum:38,38,5,-1
19,klinik-bassum,klinik-bassum:39,39,5,-1
8,klinik-bassum,klinik-bassum:42,42,5,-1
6,klinik-bassum,klinik-bassum:43,43,1,-1
3,klinik-bassum,klinik-bassum:44,44,5,-1
9,klinik-bassum,klinik-bassum:46,46,3,-1
3,klinik-bassum,klinik-bassum:47,47,5,-1
10,klinik-bassum,klinik-bassum:48,48,5,-1
6,klinik-bassum,klinik-bassum:50,50,1,4
4,klinik-bassum,klinik-bassum:53,53,1,2
5,klinik-bassum,klinik-bassum:54,54,5,-1
3,klinik-bassum,klinik-bassum:57,57,5,-1
5,klinik-bassum,klinik-bassum:59,59,5,-1
13,klinik-bassum,klinik-bassum:60,60,1,8
12,klinik-bassum,klinik-bassum:61,61,1,6
9,klinik-bassum,klinik-bassum:62,62,1,1
10,klinik-bassum,klinik-bassum:63,63,1,-1
6,klinik-bassum,klinik-bassum:64,64,1,9
12,klinik-bassum,klinik-bassum:68,68,1,2
10,klinik-bassum,klinik-bassum:69,69,1,1
11,klinik-bassum,klinik-bassum:70,70,1,-1
8,klinik-bassum,klinik-bassum:71,71,1,20
4,klinik-bassum,klinik-bassum:72,72,5,0
13,klinik-bassum,klinik-bassum:73,73,1,-1
4,klinik-bassum,klinik-bassum:74,74,2,-1
12,klinik-bassum,klinik-bassum:75,75,2,-1
9,klinik-bassum,klinik-bassum:77,77,1,13
11,klinik-bassum,klinik-bassum:78,78,1,10
7,klinik-bassum,klinik-bassum:81,81,1,2
9,klinik-bassum,klinik-bassum:83,83,1,-1
8,klinik-bassum,klinik-bassum:85,85,1,-1
6,klinik-bassum,klinik-bassum:88,88,1,2
4,klinik-bassum,klinik-bassum:89,89,5,0
12,klinik-bassum,klinik-bassum:91,91,1,21
6,klinik-bassum,klinik-bassum:94,94,1,-1
6,klinik-bassum,klinik-bassum:97,97,1,-1
7,klinik-bassum,klinik-bassum:99,99,1,16
5,klinik-bassum,klinik-bassum:100,100,1,1
4,klinik-bassum,klinik-bassum:106,106,1,3
4,klinik-bassum,klinik-bassum:107,107,5,11
6,klinik-bassum,klinik-bassum:108,108,1,0
5,klinik-bassum,klinik-bassum:110,110,1,7
3,klinik-bassum,klinik-bassum:112,112,5,-1
3,klinik-bassum,klinik-bassum:115,115,2,17
6,klinik-bassum,klinik-bassum:121,121,1,3
6,klinik-bassum,klinik-bassum:123,123,1,-1
7,klinik-bassum,klinik-bassum:125,125,1,4
11,klinik-bassum,klinik-bassum:130,130,1,7
3,klinik-bassum,klinik-bassum:135,135,1,3
5,klinik-bassum,klinik-bassum:137,137,1,5
7,klinik-bassum,klinik-bassum:139,139,1,19
7,klinik-bassum,klinik-bassum:141,141,1,25
5,klinik-bassum,klinik-bassum:143,143,1,-1
6,klinik-bassum,klinik-bassum:146,146,1,5
6,klinik-bassum,klinik-bassum:147,147,1,3
4,klinik-bassum,klinik-bassum:149,149,1,14
4,klinik-bassum,klinik-bassum:154,154,1,5
7,klinik-bassum,klinik-bassum:158,158,1,5
4,klinik-bassum,klinik-bassum:159,159,1,5
4,klinik-diepholz,klinik-diepholz:29,29,1,16
4,klinik-diepholz,klinik-diepholz:37,37,1,-1
5,klinik-diepholz,klinik-diepholz:38,38,5,-1
6,klinik-diepholz,klinik-diepholz:39,39,1,13
4,klinik-diepholz,klinik-diepholz:40,40,4,13
3,klinik-diepholz,klinik-diepholz:41,41,5,0
12,klinik-diepholz,klinik-diepholz:42,42,1,-1
3,klinik-diepholz,klinik-diepholz:43,43,5,5
6,klinik-diepholz,klinik-diepholz:44,44,1,-1
7,klinik-diepholz,klinik-diepholz:48,48,1,13
12,klinik-diepholz,klinik-diepholz:50,50,1,8
12,klinik-diepholz,klinik-diepholz:52,52,2,27
9,klinik-diepholz,klinik-diepholz:53,53,1,2
3,klinik-diepholz,klinik-diepholz:54,54,5,0
5,klinik-diepholz,klinik-diepholz:55,55,4,7
30,klinik-diepholz,klinik-diepholz:56,56,1,6
4,klinik-diepholz,klinik-diepholz:57,57,1,18
11,klinik-diepholz,klinik-diepholz:58,58,1,7
3,klinik-diepholz,klinik-diepholz:60,60,1,7
26,klinik-diepholz,klinik-diepholz:64,64,1,-1
5,klinik-diepholz,klinik-diepholz:65,65,1,1
9,klinik-diepholz,klinik-diepholz:67,67,1,-1
13,klinik-diepholz,klinik-diepholz:69,69,1,-1
6,klinik-diepholz,klinik-diepholz:72,72,5,-1
6,klinik-diepholz,klinik-diepholz:74,74,5,0
14,klinik-diepholz,klinik-diepholz:76,76,1,2
3,klinik-diepholz,klinik-diepholz:78,78,5,0
3,klinik-diepholz,klinik-diepholz:80,80,5,-1
5,klinik-diepholz,klinik-diepholz:81,81,1,3
10,klinik-diepholz,klinik-diepholz:82,82,1,27
16,klinik-diepholz,klinik-diepholz:84,84,1,-1
12,klinik-diepholz,klinik-diepholz:85,85,1,8
4,klinik-diepholz,klinik-diepholz:91,91,5,-1
5,klinik-diepholz,klinik-diepholz:92,92,5,0
17,klinik-diepholz,klinik-diepholz:94,94,1,7
4,klinik-diepholz,klinik-diepholz:95,95,5,-1
11,klinik-diepholz,klinik-diepholz:96,96,1,7
10,klinik-diepholz,klinik-diepholz:97,97,1,-1
4,klinik-diepholz,klinik-diepholz:98,98,5,-1
4,klinik-diepholz,klinik-diepholz:107,107,1,8
6,klinik-diepholz,klinik-diepholz:108,108,1,26
13,klinik-diepholz,klinik-diepholz:112,112,1,8
11,klinik-diepholz,klinik-diepholz:115,115,1,6
3,klinik-diepholz,klinik-diepholz:118,118,1,8
9,klinik-diepholz,klinik-diepholz:120,120,1,7
9,klinik-diepholz,klinik-diepholz:128,128,1,-1
3,klinik-diepholz,klinik-diepholz:131,131,5,0
6,klinik-diepholz,klinik-diepholz:132,132,5,0
10,klinik-diepholz,klinik-diepholz:134,134,1,-1
10,klinik-diepholz,klinik-diepholz:135,135,1,4
10,klinik-diepholz,klinik-diepholz:136,136,1,-1
4,klinik-diepholz,klinik-diepholz:141,141,1,5
9,klinik-diepholz,klinik-diepholz:143,143,1,5
3,klinik-diepholz,klinik-diepholz:148,148,1,-1
31,klinik-dr-barner-fachklinik-fuer-psychosomatische-und-psychotherapeutische-medizin,klinik-dr-barner-fachklinik-fuer-psychosomatische-und-psychotherapeutische-medizin:8,8,5,0
3,klinik-dr-barner-fachklinik-fuer-psychosomatische-und-psychotherapeutische-medizin,klinik-dr-barner-fachklinik-fuer-psychosomatische-und-psychotherapeutische-medizin:9,9,5,0
12,klinik-dr-barner-fachklinik-fuer-psychosomatische-und-psychotherapeutische-medizin,klinik-dr-barner-fachklinik-fuer-psychosomatische-und-psychotherapeutische-medizin:11,11,5,-1
20,klinik-dr-barner-fachklinik-fuer-psychosomatische-und-psychotherapeutische-medizin,klinik-dr-barner-fachklinik-fuer-psychosomatische-und-psychotherapeutische-medizin:12,12,5,0
9,klinik-dr-barner-fachklinik-fuer-psychosomatische-und-psychotherapeutische-medizin,klinik-dr-barner-fachklinik-fuer-psychosomatische-und-psychotherapeutische-medizin:14,14,2,0
18,klinik-dr-barner-fachklinik-fuer-psychosomatische-und-psychotherapeutische-medizin,klinik-dr-barner-fachklinik-fuer-psychosomatische-und-psychotherapeutische-medizin:15,15,2,-1
10,klinik-dr-barner-fachklinik-fuer-psychosomatische-und-psychotherapeutische-medizin,klinik-dr-barner-fachklinik-fuer-psychosomatische-und-psychotherapeutische-medizin:16,16,5,-1
17,klinik-dr-barner-fachklinik-fuer-psychosomatische-und-psychotherapeutische-medizin,klinik-dr-barner-fachklinik-fuer-psychosomatische-und-psychotherapeutische-medizin:17,17,1,-1
7,klinik-dr-barner-fachklinik-fuer-psychosomatische-und-psychotherapeutische-medizin,klinik-dr-barner-fachklinik-fuer-psychosomatische-und-psychotherapeutische-medizin:18,18,5,0
5,klinik-dr-barner-fachklinik-fuer-psychosomatische-und-psychotherapeutische-medizin,klinik-dr-barner-fachklinik-fuer-psychosomatische-und-psychotherapeutische-medizin:20,20,5,0
7,klinik-dr-barner-fachklinik-fuer-psychosomatische-und-psychotherapeutische-medizin,klinik-dr-barner-fachklinik-fuer-psychosomatische-und-psychotherapeutische-medizin:21,21,5,0
5,klinik-dr-barner-fachklinik-fuer-psychosomatische-und-psychotherapeutische-medizin,klinik-dr-barner-fachklinik-fuer-psychosomatische-und-psychotherapeutische-medizin:23,23,5,0
4,klinik-dr-barner-fachklinik-fuer-psychosomatische-und-psychotherapeutische-medizin,klinik-dr-barner-fachklinik-fuer-psychosomatische-und-psychotherapeutische-medizin:25,25,5,0
5,klinik-dr-barner-fachklinik-fuer-psychosomatische-und-psychotherapeutische-medizin,klinik-dr-barner-fachklinik-fuer-psychosomatische-und-psychotherapeutische-medizin:26,26,5,5
7,klinik-dr-barner-fachklinik-fuer-psychosomatische-und-psychotherapeutische-medizin,klinik-dr-barner-fachklinik-fuer-psychosomatische-und-psychotherapeutische-medizin:28,28,5,5
7,klinik-dr-hancken,klinik-dr-hancken:6,6,5,0
3,klinik-dr-hancken,klinik-dr-hancken:23,23,2,24
7,klinik-dr-hancken,klinik-dr-hancken:28,28,5,0
11,klinik-dr-hancken,klinik-dr-hancken:30,30,5,19
4,klinik-dr-hancken,klinik-dr-hancken:33,33,5,0
5,klinik-dr-hancken,klinik-dr-hancken:34,34,5,-1
5,klinik-dr-hancken,klinik-dr-hancken:36,36,5,0
6,klinik-dr-hancken,klinik-dr-hancken:37,37,5,22
10,klinik-dr-hancken,klinik-dr-hancken:38,38,1,-1
4,klinik-dr-hancken,klinik-dr-hancken:40,40,5,9
5,klinik-dr-hancken,klinik-dr-hancken:41,41,1,4
5,klinik-dr-hancken,klinik-dr-hancken:43,43,3,4
4,klinik-dr-hancken,klinik-dr-hancken:44,44,4,-1
7,klinik-dr-hancken,klinik-dr-hancken:46,46,4,11
9,klinik-dr-hancken,klinik-dr-hancken:47,47,1,-1
3,klinik-dr-hancken,klinik-dr-hancken:48,48,5,23
3,klinik-dr-hancken,klinik-dr-hancken:49,49,5,-1
5,klinik-dr-hancken,klinik-dr-hancken:50,50,3,0
4,klinik-dr-hancken,klinik-dr-hancken:51,51,1,19
3,klinik-dr-hancken,klinik-dr-hancken:53,53,5,0
3,klinik-dr-hancken,klinik-dr-hancken:56,56,5,-1
3,klinik-dr-hancken,klinik-dr-hancken:57,57,5,0
4,klinik-dr-hancken,klinik-dr-hancken:58,58,1,-1
4,klinik-dr-hancken,klinik-dr-hancken:60,60,1,21
3,klinik-dr-hancken,klinik-dr-hancken:62,62,5,0
7,klinik-dr-hancken,klinik-dr-hancken:63,63,5,-1
4,klinik-dr-hancken,klinik-dr-hancken:64,64,5,-1
6,klinik-dr-hancken,klinik-dr-hancken:68,68,3,-1
3,klinik-dr-hancken,klinik-dr-hancken:83,83,5,0
3,klinik-dr-hancken,klinik-dr-hancken:84,84,1,25
3,klinik-dr-hancken,klinik-dr-hancken:85,85,1,25
4,klinik-dr-hancken,klinik-dr-hancken:91,91,3,24
3,klinik-dr-hancken,klinik-dr-hancken:102,102,1,19
17,klinik-dr-witwity,klinik-dr-witwity:2,2,5,-1
7,klinik-dr-witwity,klinik-dr-witwity:4,4,5,0
8,klinik-dr-witwity,klinik-dr-witwity:5,5,5,0
17,klinik-dr-witwity,klinik-dr-witwity:6,6,1,1
12,klinik-dr-witwity,klinik-dr-witwity:7,7,1,-1
7,klinik-dr-witwity,klinik-dr-witwity:8,8,5,0
4,klinik-dr-witwity,klinik-dr-witwity:9,9,1,-1
4,klinik-dr-witwity,klinik-dr-witwity:11,11,1,-1
8,klinik-dr-witwity,klinik-dr-witwity:12,12,5,0
7,klinik-dr-witwity,klinik-dr-witwity:13,13,5,1
3,klinik-dr-witwity,klinik-dr-witwity:14,14,1,19
4,klinik-dr-witwity,klinik-dr-witwity:15,15,5,0
7,klinik-dr-witwity,klinik-dr-witwity:16,16,5,0
5,klinik-dr-witwity,klinik-dr-witwity:18,18,5,0
5,klinik-dr-witwity,klinik-dr-witwity:20,20,5,0
3,klinik-dr-witwity,klinik-dr-witwity:21,21,5,11
4,klinik-dr-witwity,klinik-dr-witwity:22,22,5,0
3,klinik-dr-witwity,klinik-dr-witwity:23,23,5,0
5,klinik-dr-witwity,klinik-dr-witwity:25,25,5,-1
3,klinik-dr-witwity,klinik-dr-witwity:26,26,5,0
5,klinik-dr-witwity,klinik-dr-witwity:28,28,5,0
5,klinik-dr-witwity,klinik-dr-witwity:30,30,5,0
27,klinik-fallingbostel-fachklinik-fuer-herz-und-kreislauferkrankungen,klinik-fallingbostel-fachklinik-fuer-herz-und-kreislauferkrankungen:8,8,5,-1
10,klinik-fallingbostel-fachklinik-fuer-herz-und-kreislauferkrankungen,klinik-fallingbostel-fachklinik-fuer-herz-und-kreislauferkrankungen:11,11,5,0
4,klinik-fallingbostel-fachklinik-fuer-herz-und-kreislauferkrankungen,klinik-fallingbostel-fachklinik-fuer-herz-und-kreislauferkrankungen:14,14,3,0
10,klinik-fallingbostel-fachklinik-fuer-herz-und-kreislauferkrankungen,klinik-fallingbostel-fachklinik-fuer-herz-und-kreislauferkrankungen:33,33,5,0
5,klinik-fallingbostel-fachklinik-fuer-herz-und-kreislauferkrankungen,klinik-fallingbostel-fachklinik-fuer-herz-und-kreislauferkrankungen:37,37,3,0
3,klinik-fallingbostel-fachklinik-fuer-herz-und-kreislauferkrankungen,klinik-fallingbostel-fachklinik-fuer-herz-und-kreislauferkrankungen:42,42,1,1
3,klinik-fallingbostel-fachklinik-fuer-herz-und-kreislauferkrankungen,klinik-fallingbostel-fachklinik-fuer-herz-und-kreislauferkrankungen:43,43,3,13
4,klinik-fallingbostel-fachklinik-fuer-herz-und-kreislauferkrankungen,klinik-fallingbostel-fachklinik-fuer-herz-und-kreislauferkrankungen:45,45,2,-1
3,klinik-fallingbostel-fachklinik-fuer-herz-und-kreislauferkrankungen,klinik-fallingbostel-fachklinik-fuer-herz-und-kreislauferkrankungen:49,49,1,-1
8,klinik-fallingbostel-fachklinik-fuer-herz-und-kreislauferkrankungen,klinik-fallingbostel-fachklinik-fuer-herz-und-kreislauferkrankungen:51,51,3,-1
6,klinik-fallingbostel-fachklinik-fuer-herz-und-kreislauferkrankungen,klinik-fallingbostel-fachklinik-fuer-herz-und-kreislauferkrankungen:52,52,1,4
7,klinik-fallingbostel-fachklinik-fuer-herz-und-kreislauferkrankungen,klinik-fallingbostel-fachklinik-fuer-herz-und-kreislauferkrankungen:54,54,5,0
18,klinik-fallingbostel-fachklinik-fuer-herz-und-kreislauferkrankungen,klinik-fallingbostel-fachklinik-fuer-herz-und-kreislauferkrankungen:57,57,1,0
7,klinik-fallingbostel-fachklinik-fuer-herz-und-kreislauferkrankungen,klinik-fallingbostel-fachklinik-fuer-herz-und-kreislauferkrankungen:60,60,1,-1
4,klinik-fallingbostel-fachklinik-fuer-herz-und-kreislauferkrankungen,klinik-fallingbostel-fachklinik-fuer-herz-und-kreislauferkrankungen:61,61,1,-1
7,klinik-fallingbostel-fachklinik-fuer-herz-und-kreislauferkrankungen,klinik-fallingbostel-fachklinik-fuer-herz-und-kreislauferkrankungen:62,62,5,-1
4,klinik-fallingbostel-fachklinik-fuer-herz-und-kreislauferkrankungen,klinik-fallingbostel-fachklinik-fuer-herz-und-kreislauferkrankungen:64,64,5,-1
13,klinik-fallingbostel-fachklinik-fuer-herz-und-kreislauferkrankungen,klinik-fallingbostel-fachklinik-fuer-herz-und-kreislauferkrankungen:66,66,1,-1
10,klinik-fallingbostel-fachklinik-fuer-herz-und-kreislauferkrankungen,klinik-fallingbostel-fachklinik-fuer-herz-und-kreislauferkrankungen:68,68,5,-1
7,klinik-fallingbostel-fachklinik-fuer-herz-und-kreislauferkrankungen,klinik-fallingbostel-fachklinik-fuer-herz-und-kreislauferkrankungen:69,69,5,0
11,klinik-fallingbostel-fachklinik-fuer-herz-und-kreislauferkrankungen,klinik-fallingbostel-fachklinik-fuer-herz-und-kreislauferkrankungen:71,71,1,-1
12,klinik-fallingbostel-fachklinik-fuer-herz-und-kreislauferkrankungen,klinik-fallingbostel-fachklinik-fuer-herz-und-kreislauferkrankungen:73,73,1,-1
11,klinik-fallingbostel-fachklinik-fuer-herz-und-kreislauferkrankungen,klinik-fallingbostel-fachklinik-fuer-herz-und-kreislauferkrankungen:78,78,3,-1
6,klinik-fallingbostel-fachklinik-fuer-herz-und-kreislauferkrankungen,klinik-fallingbostel-fachklinik-fuer-herz-und-kreislauferkrankungen:79,79,5,0
13,klinik-fallingbostel-fachklinik-fuer-herz-und-kreislauferkrankungen,klinik-fallingbostel-fachklinik-fuer-herz-und-kreislauferkrankungen:80,80,1,4
3,klinik-fallingbostel-fachklinik-fuer-herz-und-kreislauferkrankungen,klinik-fallingbostel-fachklinik-fuer-herz-und-kreislauferkrankungen:82,82,5,0
27,klinik-fallingbostel-fachklinik-fuer-herz-und-kreislauferkrankungen,klinik-fallingbostel-fachklinik-fuer-herz-und-kreislauferkrankungen:84,84,1,4
11,klinik-fallingbostel-fachklinik-fuer-herz-und-kreislauferkrankungen,klinik-fallingbostel-fachklinik-fuer-herz-und-kreislauferkrankungen:88,88,1,1
14,klinik-fallingbostel-fachklinik-fuer-herz-und-kreislauferkrankungen,klinik-fallingbostel-fachklinik-fuer-herz-und-kreislauferkrankungen:89,89,2,-1
12,klinik-fallingbostel-fachklinik-fuer-herz-und-kreislauferkrankungen,klinik-fallingbostel-fachklinik-fuer-herz-und-kreislauferkrankungen:90,90,1,16
16,klinik-fallingbostel-fachklinik-fuer-herz-und-kreislauferkrankungen,klinik-fallingbostel-fachklinik-fuer-herz-und-kreislauferkrankungen:92,92,4,-1
5,klinik-fallingbostel-fachklinik-fuer-herz-und-kreislauferkrankungen,klinik-fallingbostel-fachklinik-fuer-herz-und-kreislauferkrankungen:93,93,5,0
16,klinik-fallingbostel-fachklinik-fuer-herz-und-kreislauferkrankungen,klinik-fallingbostel-fachklinik-fuer-herz-und-kreislauferkrankungen:94,94,1,-1
7,klinik-fallingbostel-fachklinik-fuer-herz-und-kreislauferkrankungen,klinik-fallingbostel-fachklinik-fuer-herz-und-kreislauferkrankungen:95,95,5,0
3,klinik-fallingbostel-fachklinik-fuer-herz-und-kreislauferkrankungen,klinik-fallingbostel-fachklinik-fuer-herz-und-kreislauferkrankungen:96,96,5,0
4,klinik-fallingbostel-fachklinik-fuer-herz-und-kreislauferkrankungen,klinik-fallingbostel-fachklinik-fuer-herz-und-kreislauferkrankungen:97,97,1,23
18,klinik-fallingbostel-fachklinik-fuer-herz-und-kreislauferkrankungen,klinik-fallingbostel-fachklinik-fuer-herz-und-kreislauferkrankungen:99,99,2,-1
5,klinik-fallingbostel-fachklinik-fuer-herz-und-kreislauferkrankungen,klinik-fallingbostel-fachklinik-fuer-herz-und-kreislauferkrankungen:103,103,4,0
12,klinik-fallingbostel-fachklinik-fuer-herz-und-kreislauferkrankungen,klinik-fallingbostel-fachklinik-fuer-herz-und-kreislauferkrankungen:107,107,1,-1
10,klinik-fallingbostel-fachklinik-fuer-herz-und-kreislauferkrankungen,klinik-fallingbostel-fachklinik-fuer-herz-und-kreislauferkrankungen:109,109,1,13
4,klinik-fallingbostel-fachklinik-fuer-herz-und-kreislauferkrankungen,klinik-fallingbostel-fachklinik-fuer-herz-und-kreislauferkrankungen:110,110,5,0
4,klinik-fallingbostel-fachklinik-fuer-herz-und-kreislauferkrankungen,klinik-fallingbostel-fachklinik-fuer-herz-und-kreislauferkrankungen:112,112,3,-1
3,klinik-fallingbostel-fachklinik-fuer-herz-und-kreislauferkrankungen,klinik-fallingbostel-fachklinik-fuer-herz-und-kreislauferkrankungen:115,115,5,4
3,klinik-fallingbostel-fachklinik-fuer-herz-und-kreislauferkrankungen,klinik-fallingbostel-fachklinik-fuer-herz-und-kreislauferkrankungen:117,117,5,-1
5,klinik-fallingbostel-fachklinik-fuer-herz-und-kreislauferkrankungen,klinik-fallingbostel-fachklinik-fuer-herz-und-kreislauferkrankungen:127,127,1,26
4,klinik-fallingbostel-fachklinik-fuer-herz-und-kreislauferkrankungen,klinik-fallingbostel-fachklinik-fuer-herz-und-kreislauferkrankungen:129,129,1,0
13,klinik-fallingbostel-fachklinik-fuer-herz-und-kreislauferkrankungen,klinik-fallingbostel-fachklinik-fuer-herz-und-kreislauferkrankungen:134,134,1,5
6,klinik-fallingbostel-fachklinik-fuer-herz-und-kreislauferkrankungen,klinik-fallingbostel-fachklinik-fuer-herz-und-kreislauferkrankungen:145,145,5,-1
3,klinik-fallingbostel-fachklinik-fuer-herz-und-kreislauferkrankungen,klinik-fallingbostel-fachklinik-fuer-herz-und-kreislauferkrankungen:147,147,5,5
5,klinik-lilienthal,klinik-lilienthal:9,9,5,0
4,klinik-lilienthal,klinik-lilienthal:16,16,3,20
4,klinik-lilienthal,klinik-lilienthal:33,33,1,2
11,klinik-lilienthal,klinik-lilienthal:43,43,5,22
6,klinik-lilienthal,klinik-lilienthal:49,49,1,1
5,klinik-lilienthal,klinik-lilienthal:52,52,1,6
4,klinik-lilienthal,klinik-lilienthal:54,54,5,0
6,klinik-lilienthal,klinik-lilienthal:58,58,5,0
3,klinik-lilienthal,klinik-lilienthal:59,59,5,0
3,klinik-lilienthal,klinik-lilienthal:60,60,5,0
7,klinik-lilienthal,klinik-lilienthal:61,61,2,1
5,klinik-lilienthal,klinik-lilienthal:62,62,5,24
8,klinik-lilienthal,klinik-lilienthal:65,65,5,-1
6,klinik-lilienthal,klinik-lilienthal:66,66,1,-1
6,klinik-lilienthal,klinik-lilienthal:68,68,5,0
3,klinik-lilienthal,klinik-lilienthal:70,70,3,-1
8,klinik-lilienthal,klinik-lilienthal:71,71,1,-1
7,klinik-lilienthal,klinik-lilienthal:75,75,5,0
6,klinik-lilienthal,klinik-lilienthal:76,76,2,-1
4,klinik-lilienthal,klinik-lilienthal:78,78,3,0
5,klinik-lilienthal,klinik-lilienthal:80,80,5,0
3,klinik-lilienthal,klinik-lilienthal:81,81,5,-1
13,klinik-lilienthal,klinik-lilienthal:85,85,1,16
4,klinik-lilienthal,klinik-lilienthal:88,88,5,0
5,klinik-lilienthal,klinik-lilienthal:89,89,1,-1
6,klinik-lilienthal,klinik-lilienthal:90,90,5,0
13,klinik-lilienthal,klinik-lilienthal:91,91,1,6
3,klinik-lilienthal,klinik-lilienthal:93,93,5,0
5,klinik-lilienthal,klinik-lilienthal:96,96,5,0
6,klinik-lilienthal,klinik-lilienthal:98,98,5,-1
5,klinik-lilienthal,klinik-lilienthal:103,103,5,0
3,klinik-lilienthal,klinik-lilienthal:110,110,5,0
11,klinik-lilienthal,klinik-lilienthal:111,111,1,-1
7,klinik-lilienthal,klinik-lilienthal:112,112,5,1
4,klinik-lilienthal,klinik-lilienthal:115,115,5,-1
11,klinik-lilienthal,klinik-lilienthal:120,120,1,8
7,klinik-lilienthal,klinik-lilienthal:123,123,1,1
3,klinik-lilienthal,klinik-lilienthal:131,131,4,0
8,klinik-lilienthal,klinik-lilienthal:133,133,1,-1
4,klinik-lilienthal,klinik-lilienthal:141,141,1,-1
3,klinik-lilienthal,klinik-lilienthal:143,143,5,0
4,klinik-lilienthal,klinik-lilienthal:150,150,5,-1
3,klinik-lilienthal,klinik-lilienthal:151,151,5,0
4,klinik-lilienthal,klinik-lilienthal:152,152,2,-1
8,klinik-lilienthal,klinik-lilienthal:155,155,1,20
5,klinik-lilienthal,klinik-lilienthal:162,162,5,0
3,klinik-lilienthal,klinik-lilienthal:178,178,5,0
3,klinik-lilienthal,klinik-lilienthal:180,180,5,0
3,klinik-lilienthal,klinik-lilienthal:181,181,5,0
3,klinik-lilienthal,klinik-lilienthal:185,185,5,0
6,klinik-lilienthal,klinik-lilienthal:190,190,4,5
4,klinik-lilienthal,klinik-lilienthal:194,194,5,-1
3,klinik-lilienthal,klinik-lilienthal:199,199,5,0
4,klinik-lilienthal,klinik-lilienthal:217,217,1,5
3,klinik-lilienthal,klinik-lilienthal:220,220,1,-1
4,klinik-lilienthal,klinik-lilienthal:223,223,1,-1
5,klinik-sulingen,klinik-sulingen:20,20,1,2
3,klinik-sulingen,klinik-sulingen:30,30,5,-1
3,klinik-sulingen,klinik-sulingen:37,37,5,0
8,klinik-sulingen,klinik-sulingen:43,43,5,-1
10,klinik-sulingen,klinik-sulingen:44,44,1,-1
3,klinik-sulingen,klinik-sulingen:45,45,4,-1
12,klinik-sulingen,klinik-sulingen:48,48,1,-1
6,klinik-sulingen,klinik-sulingen:49,49,1,1
6,klinik-sulingen,klinik-sulingen:53,53,3,-1
3,klinik-sulingen,klinik-sulingen:56,56,5,1
3,klinik-sulingen,klinik-sulingen:57,57,5,0
6,klinik-sulingen,klinik-sulingen:62,62,1,-1
3,klinik-sulingen,klinik-sulingen:64,64,3,-1
13,klinik-sulingen,klinik-sulingen:66,66,1,-1
6,klinik-sulingen,klinik-sulingen:68,68,1,-1
10,klinik-sulingen,klinik-sulingen:69,69,1,9
3,klinik-sulingen,klinik-sulingen:70,70,1,13
9,klinik-sulingen,klinik-sulingen:71,71,1,-1
10,klinik-sulingen,klinik-sulingen:74,74,1,15
7,klinik-sulingen,klinik-sulingen:77,77,1,1
3,klinik-sulingen,klinik-sulingen:79,79,3,0
6,klinik-sulingen,klinik-sulingen:88,88,1,9
10,klinik-sulingen,klinik-sulingen:96,96,1,8
4,klinik-sulingen,klinik-sulingen:97,97,1,7
4,klinik-sulingen,klinik-sulingen:105,105,1,7
7,klinik-sulingen,klinik-sulingen:115,115,1,3
3,klinik-sulingen,klinik-sulingen:120,120,5,-1
9,klinik-sulingen,klinik-sulingen:124,124,1,14
7,klinik-sulingen,klinik-sulingen:125,125,1,4
4,klinikum-emden-hans-susemihl-krankenhaus-ggmbh,klinikum-emden-hans-susemihl-krankenhaus-ggmbh:36,36,4,1
15,klinikum-emden-hans-susemihl-krankenhaus-ggmbh,klinikum-emden-hans-susemihl-krankenhaus-ggmbh:42,42,1,10
3,klinikum-emden-hans-susemihl-krankenhaus-ggmbh,klinikum-emden-hans-susemihl-krankenhaus-ggmbh:44,44,1,-1
8,klinikum-emden-hans-susemihl-krankenhaus-ggmbh,klinikum-emden-hans-susemihl-krankenhaus-ggmbh:45,45,1,18
10,klinikum-emden-hans-susemihl-krankenhaus-ggmbh,klinikum-emden-hans-susemihl-krankenhaus-ggmbh:51,51,1,13
19,klinikum-emden-hans-susemihl-krankenhaus-ggmbh,klinikum-emden-hans-susemihl-krankenhaus-ggmbh:63,63,1,-1
3,klinikum-emden-hans-susemihl-krankenhaus-ggmbh,klinikum-emden-hans-susemihl-krankenhaus-ggmbh:68,68,5,13
4,klinikum-emden-hans-susemihl-krankenhaus-ggmbh,klinikum-emden-hans-susemihl-krankenhaus-ggmbh:70,70,1,-1
5,klinikum-emden-hans-susemihl-krankenhaus-ggmbh,klinikum-emden-hans-susemihl-krankenhaus-ggmbh:71,71,1,-1
13,klinikum-emden-hans-susemihl-krankenhaus-ggmbh,klinikum-emden-hans-susemihl-krankenhaus-ggmbh:72,72,1,1
10,klinikum-emden-hans-susemihl-krankenhaus-ggmbh,klinikum-emden-hans-susemihl-krankenhaus-ggmbh:76,76,1,6
3,klinikum-emden-hans-susemihl-krankenhaus-ggmbh,klinikum-emden-hans-susemihl-krankenhaus-ggmbh:81,81,1,4
9,klinikum-emden-hans-susemihl-krankenhaus-ggmbh,klinikum-emden-hans-susemihl-krankenhaus-ggmbh:82,82,1,-1
7,klinikum-emden-hans-susemihl-krankenhaus-ggmbh,klinikum-emden-hans-susemihl-krankenhaus-ggmbh:83,83,1,-1
4,klinikum-emden-hans-susemihl-krankenhaus-ggmbh,klinikum-emden-hans-susemihl-krankenhaus-ggmbh:85,85,1,-1
8,klinikum-emden-hans-susemihl-krankenhaus-ggmbh,klinikum-emden-hans-susemihl-krankenhaus-ggmbh:87,87,1,-1
11,klinikum-emden-hans-susemihl-krankenhaus-ggmbh,klinikum-emden-hans-susemihl-krankenhaus-ggmbh:91,91,1,-1
7,klinikum-emden-hans-susemihl-krankenhaus-ggmbh,klinikum-emden-hans-susemihl-krankenhaus-ggmbh:93,93,5,-1
8,klinikum-emden-hans-susemihl-krankenhaus-ggmbh,klinikum-emden-hans-susemihl-krankenhaus-ggmbh:95,95,1,4
5,klinikum-emden-hans-susemihl-krankenhaus-ggmbh,klinikum-emden-hans-susemihl-krankenhaus-ggmbh:96,96,1,-1
3,klinikum-emden-hans-susemihl-krankenhaus-ggmbh,klinikum-emden-hans-susemihl-krankenhaus-ggmbh:99,99,5,0
25,klinikum-emden-hans-susemihl-krankenhaus-ggmbh,klinikum-emden-hans-susemihl-krankenhaus-ggmbh:100,100,1,1
3,klinikum-emden-hans-susemihl-krankenhaus-ggmbh,klinikum-emden-hans-susemihl-krankenhaus-ggmbh:101,101,5,-1
12,klinikum-emden-hans-susemihl-krankenhaus-ggmbh,klinikum-emden-hans-susemihl-krankenhaus-ggmbh:102,102,2,6
11,klinikum-emden-hans-susemihl-krankenhaus-ggmbh,klinikum-emden-hans-susemihl-krankenhaus-ggmbh:103,103,1,2
3,klinikum-emden-hans-susemihl-krankenhaus-ggmbh,klinikum-emden-hans-susemihl-krankenhaus-ggmbh:104,104,2,-1
10,klinikum-emden-hans-susemihl-krankenhaus-ggmbh,klinikum-emden-hans-susemihl-krankenhaus-ggmbh:105,105,1,1
6,klinikum-emden-hans-susemihl-krankenhaus-ggmbh,klinikum-emden-hans-susemihl-krankenhaus-ggmbh:110,110,5,0
7,klinikum-emden-hans-susemihl-krankenhaus-ggmbh,klinikum-emden-hans-susemihl-krankenhaus-ggmbh:113,113,1,18
6,klinikum-emden-hans-susemihl-krankenhaus-ggmbh,klinikum-emden-hans-susemihl-krankenhaus-ggmbh:115,115,1,17
16,klinikum-emden-hans-susemihl-krankenhaus-ggmbh,klinikum-emden-hans-susemihl-krankenhaus-ggmbh:116,116,1,16
7,klinikum-emden-hans-susemihl-krankenhaus-ggmbh,klinikum-emden-hans-susemihl-krankenhaus-ggmbh:118,118,5,3
7,klinikum-emden-hans-susemihl-krankenhaus-ggmbh,klinikum-emden-hans-susemihl-krankenhaus-ggmbh:119,119,1,-1
17,klinikum-emden-hans-susemihl-krankenhaus-ggmbh,klinikum-emden-hans-susemihl-krankenhaus-ggmbh:121,121,1,-1
5,klinikum-emden-hans-susemihl-krankenhaus-ggmbh,klinikum-emden-hans-susemihl-krankenhaus-ggmbh:122,122,1,10
15,klinikum-emden-hans-susemihl-krankenhaus-ggmbh,klinikum-emden-hans-susemihl-krankenhaus-ggmbh:124,124,1,-1
15,klinikum-emden-hans-susemihl-krankenhaus-ggmbh,klinikum-emden-hans-susemihl-krankenhaus-ggmbh:125,125,1,-1
8,klinikum-emden-hans-susemihl-krankenhaus-ggmbh,klinikum-emden-hans-susemihl-krankenhaus-ggmbh:126,126,1,-1
13,klinikum-emden-hans-susemihl-krankenhaus-ggmbh,klinikum-emden-hans-susemihl-krankenhaus-ggmbh:127,127,1,3
9,klinikum-emden-hans-susemihl-krankenhaus-ggmbh,klinikum-emden-hans-susemihl-krankenhaus-ggmbh:129,129,2,-1
8,klinikum-emden-hans-susemihl-krankenhaus-ggmbh,klinikum-emden-hans-susemihl-krankenhaus-ggmbh:132,132,1,-1
7,klinikum-emden-hans-susemihl-krankenhaus-ggmbh,klinikum-emden-hans-susemihl-krankenhaus-ggmbh:133,133,5,0
4,klinikum-emden-hans-susemihl-krankenhaus-ggmbh,klinikum-emden-hans-susemihl-krankenhaus-ggmbh:135,135,5,0
11,klinikum-emden-hans-susemihl-krankenhaus-ggmbh,klinikum-emden-hans-susemihl-krankenhaus-ggmbh:136,136,1,-1
5,klinikum-emden-hans-susemihl-krankenhaus-ggmbh,klinikum-emden-hans-susemihl-krankenhaus-ggmbh:137,137,4,-1
13,klinikum-emden-hans-susemihl-krankenhaus-ggmbh,klinikum-emden-hans-susemihl-krankenhaus-ggmbh:139,139,1,-1
8,klinikum-emden-hans-susemihl-krankenhaus-ggmbh,klinikum-emden-hans-susemihl-krankenhaus-ggmbh:140,140,1,-1
8,klinikum-emden-hans-susemihl-krankenhaus-ggmbh,klinikum-emden-hans-susemihl-krankenhaus-ggmbh:141,141,1,1
23,klinikum-emden-hans-susemihl-krankenhaus-ggmbh,klinikum-emden-hans-susemihl-krankenhaus-ggmbh:142,142,1,-1
8,klinikum-emden-hans-susemihl-krankenhaus-ggmbh,klinikum-emden-hans-susemihl-krankenhaus-ggmbh:143,143,1,-1
20,klinikum-emden-hans-susemihl-krankenhaus-ggmbh,klinikum-emden-hans-susemihl-krankenhaus-ggmbh:144,144,1,-1
3,klinikum-emden-hans-susemihl-krankenhaus-ggmbh,klinikum-emden-hans-susemihl-krankenhaus-ggmbh:145,145,5,22
11,klinikum-emden-hans-susemihl-krankenhaus-ggmbh,klinikum-emden-hans-susemihl-krankenhaus-ggmbh:146,146,1,-1
7,klinikum-emden-hans-susemihl-krankenhaus-ggmbh,klinikum-emden-hans-susemihl-krankenhaus-ggmbh:148,148,5,0
7,klinikum-emden-hans-susemihl-krankenhaus-ggmbh,klinikum-emden-hans-susemihl-krankenhaus-ggmbh:149,149,1,-1
8,klinikum-emden-hans-susemihl-krankenhaus-ggmbh,klinikum-emden-hans-susemihl-krankenhaus-ggmbh:150,150,1,2
7,klinikum-emden-hans-susemihl-krankenhaus-ggmbh,klinikum-emden-hans-susemihl-krankenhaus-ggmbh:151,151,5,6
8,klinikum-emden-hans-susemihl-krankenhaus-ggmbh,klinikum-emden-hans-susemihl-krankenhaus-ggmbh:152,152,1,-1
6,klinikum-emden-hans-susemihl-krankenhaus-ggmbh,klinikum-emden-hans-susemihl-krankenhaus-ggmbh:153,153,1,16
10,klinikum-emden-hans-susemihl-krankenhaus-ggmbh,klinikum-emden-hans-susemihl-krankenhaus-ggmbh:154,154,1,2
20,klinikum-emden-hans-susemihl-krankenhaus-ggmbh,klinikum-emden-hans-susemihl-krankenhaus-ggmbh:155,155,1,-1
7,klinikum-emden-hans-susemihl-krankenhaus-ggmbh,klinikum-emden-hans-susemihl-krankenhaus-ggmbh:157,157,2,0
3,klinikum-emden-hans-susemihl-krankenhaus-ggmbh,klinikum-emden-hans-susemihl-krankenhaus-ggmbh:158,158,2,-1
13,klinikum-emden-hans-susemihl-krankenhaus-ggmbh,klinikum-emden-hans-susemihl-krankenhaus-ggmbh:160,160,1,1
5,klinikum-emden-hans-susemihl-krankenhaus-ggmbh,klinikum-emden-hans-susemihl-krankenhaus-ggmbh:162,162,1,1
12,klinikum-emden-hans-susemihl-krankenhaus-ggmbh,klinikum-emden-hans-susemihl-krankenhaus-ggmbh:163,163,1,-1
6,klinikum-emden-hans-susemihl-krankenhaus-ggmbh,klinikum-emden-hans-susemihl-krankenhaus-ggmbh:164,164,3,-1
5,klinikum-emden-hans-susemihl-krankenhaus-ggmbh,klinikum-emden-hans-susemihl-krankenhaus-ggmbh:165,165,5,1
8,klinikum-emden-hans-susemihl-krankenhaus-ggmbh,klinikum-emden-hans-susemihl-krankenhaus-ggmbh:166,166,1,-1
9,klinikum-emden-hans-susemihl-krankenhaus-ggmbh,klinikum-emden-hans-susemihl-krankenhaus-ggmbh:167,167,1,-1
15,klinikum-emden-hans-susemihl-krankenhaus-ggmbh,klinikum-emden-hans-susemihl-krankenhaus-ggmbh:168,168,1,-1
5,klinikum-emden-hans-susemihl-krankenhaus-ggmbh,klinikum-emden-hans-susemihl-krankenhaus-ggmbh:169,169,1,12
16,klinikum-emden-hans-susemihl-krankenhaus-ggmbh,klinikum-emden-hans-susemihl-krankenhaus-ggmbh:171,171,1,1
18,klinikum-emden-hans-susemihl-krankenhaus-ggmbh,klinikum-emden-hans-susemihl-krankenhaus-ggmbh:172,172,1,6
7,klinikum-emden-hans-susemihl-krankenhaus-ggmbh,klinikum-emden-hans-susemihl-krankenhaus-ggmbh:173,173,5,0
5,klinikum-emden-hans-susemihl-krankenhaus-ggmbh,klinikum-emden-hans-susemihl-krankenhaus-ggmbh:176,176,5,-1
17,klinikum-emden-hans-susemihl-krankenhaus-ggmbh,klinikum-emden-hans-susemihl-krankenhaus-ggmbh:177,177,1,-1
9,klinikum-emden-hans-susemihl-krankenhaus-ggmbh,klinikum-emden-hans-susemihl-krankenhaus-ggmbh:178,178,1,-1
5,klinikum-emden-hans-susemihl-krankenhaus-ggmbh,klinikum-emden-hans-susemihl-krankenhaus-ggmbh:179,179,1,12
11,klinikum-emden-hans-susemihl-krankenhaus-ggmbh,klinikum-emden-hans-susemihl-krankenhaus-ggmbh:181,181,1,3
7,klinikum-emden-hans-susemihl-krankenhaus-ggmbh,klinikum-emden-hans-susemihl-krankenhaus-ggmbh:182,182,1,-1
10,klinikum-emden-hans-susemihl-krankenhaus-ggmbh,klinikum-emden-hans-susemihl-krankenhaus-ggmbh:183,183,1,-1
14,klinikum-emden-hans-susemihl-krankenhaus-ggmbh,klinikum-emden-hans-susemihl-krankenhaus-ggmbh:184,184,1,20
12,klinikum-emden-hans-susemihl-krankenhaus-ggmbh,klinikum-emden-hans-susemihl-krankenhaus-ggmbh:188,188,2,-1
11,klinikum-emden-hans-susemihl-krankenhaus-ggmbh,klinikum-emden-hans-susemihl-krankenhaus-ggmbh:189,189,1,16
17,klinikum-emden-hans-susemihl-krankenhaus-ggmbh,klinikum-emden-hans-susemihl-krankenhaus-ggmbh:190,190,1,16
12,klinikum-emden-hans-susemihl-krankenhaus-ggmbh,klinikum-emden-hans-susemihl-krankenhaus-ggmbh:191,191,1,2
8,klinikum-emden-hans-susemihl-krankenhaus-ggmbh,klinikum-emden-hans-susemihl-krankenhaus-ggmbh:192,192,1,1
7,klinikum-emden-hans-susemihl-krankenhaus-ggmbh,klinikum-emden-hans-susemihl-krankenhaus-ggmbh:193,193,3,4
15,klinikum-emden-hans-susemihl-krankenhaus-ggmbh,klinikum-emden-hans-susemihl-krankenhaus-ggmbh:195,195,1,1
6,klinikum-emden-hans-susemihl-krankenhaus-ggmbh,klinikum-emden-hans-susemihl-krankenhaus-ggmbh:196,196,1,15
14,klinikum-emden-hans-susemihl-krankenhaus-ggmbh,klinikum-emden-hans-susemihl-krankenhaus-ggmbh:198,198,1,-1
11,klinikum-emden-hans-susemihl-krankenhaus-ggmbh,klinikum-emden-hans-susemihl-krankenhaus-ggmbh:199,199,1,-1
3,klinikum-emden-hans-susemihl-krankenhaus-ggmbh,klinikum-emden-hans-susemihl-krankenhaus-ggmbh:200,200,1,4
8,klinikum-emden-hans-susemihl-krankenhaus-ggmbh,klinikum-emden-hans-susemihl-krankenhaus-ggmbh:201,201,2,-1
5,klinikum-emden-hans-susemihl-krankenhaus-ggmbh,klinikum-emden-hans-susemihl-krankenhaus-ggmbh:202,202,1,15
12,klinikum-emden-hans-susemihl-krankenhaus-ggmbh,klinikum-emden-hans-susemihl-krankenhaus-ggmbh:204,204,1,2
8,klinikum-emden-hans-susemihl-krankenhaus-ggmbh,klinikum-emden-hans-susemihl-krankenhaus-ggmbh:205,205,1,-1
13,klinikum-emden-hans-susemihl-krankenhaus-ggmbh,klinikum-emden-hans-susemihl-krankenhaus-ggmbh:206,206,1,-1
9,klinikum-emden-hans-susemihl-krankenhaus-ggmbh,klinikum-emden-hans-susemihl-krankenhaus-ggmbh:207,207,1,8
13,klinikum-emden-hans-susemihl-krankenhaus-ggmbh,klinikum-emden-hans-susemihl-krankenhaus-ggmbh:209,209,1,4
6,klinikum-emden-hans-susemihl-krankenhaus-ggmbh,klinikum-emden-hans-susemihl-krankenhaus-ggmbh:210,210,2,-1
13,klinikum-emden-hans-susemihl-krankenhaus-ggmbh,klinikum-emden-hans-susemihl-krankenhaus-ggmbh:213,213,1,-1
11,klinikum-emden-hans-susemihl-krankenhaus-ggmbh,klinikum-emden-hans-susemihl-krankenhaus-ggmbh:214,214,1,2
9,klinikum-emden-hans-susemihl-krankenhaus-ggmbh,klinikum-emden-hans-susemihl-krankenhaus-ggmbh:215,215,1,-1
7,klinikum-emden-hans-susemihl-krankenhaus-ggmbh,klinikum-emden-hans-susemihl-krankenhaus-ggmbh:216,216,1,-1
12,klinikum-emden-hans-susemihl-krankenhaus-ggmbh,klinikum-emden-hans-susemihl-krankenhaus-ggmbh:218,218,1,2
6,klinikum-emden-hans-susemihl-krankenhaus-ggmbh,klinikum-emden-hans-susemihl-krankenhaus-ggmbh:221,221,1,2
12,klinikum-emden-hans-susemihl-krankenhaus-ggmbh,klinikum-emden-hans-susemihl-krankenhaus-ggmbh:222,222,1,-1
4,klinikum-emden-hans-susemihl-krankenhaus-ggmbh,klinikum-emden-hans-susemihl-krankenhaus-ggmbh:224,224,5,0
4,klinikum-emden-hans-susemihl-krankenhaus-ggmbh,klinikum-emden-hans-susemihl-krankenhaus-ggmbh:226,226,1,10
4,klinikum-emden-hans-susemihl-krankenhaus-ggmbh,klinikum-emden-hans-susemihl-krankenhaus-ggmbh:227,227,1,7
12,klinikum-emden-hans-susemihl-krankenhaus-ggmbh,klinikum-emden-hans-susemihl-krankenhaus-ggmbh:232,232,1,9
9,klinikum-emden-hans-susemihl-krankenhaus-ggmbh,klinikum-emden-hans-susemihl-krankenhaus-ggmbh:233,233,5,0
5,klinikum-emden-hans-susemihl-krankenhaus-ggmbh,klinikum-emden-hans-susemihl-krankenhaus-ggmbh:234,234,5,0
17,klinikum-emden-hans-susemihl-krankenhaus-ggmbh,klinikum-emden-hans-susemihl-krankenhaus-ggmbh:235,235,1,7
7,klinikum-emden-hans-susemihl-krankenhaus-ggmbh,klinikum-emden-hans-susemihl-krankenhaus-ggmbh:236,236,1,-1
8,klinikum-emden-hans-susemihl-krankenhaus-ggmbh,klinikum-emden-hans-susemihl-krankenhaus-ggmbh:238,238,1,-1
8,klinikum-emden-hans-susemihl-krankenhaus-ggmbh,klinikum-emden-hans-susemihl-krankenhaus-ggmbh:240,240,2,18
4,klinikum-emden-hans-susemihl-krankenhaus-ggmbh,klinikum-emden-hans-susemihl-krankenhaus-ggmbh:241,241,5,0
8,klinikum-emden-hans-susemihl-krankenhaus-ggmbh,klinikum-emden-hans-susemihl-krankenhaus-ggmbh:242,242,1,0
12,klinikum-emden-hans-susemihl-krankenhaus-ggmbh,klinikum-emden-hans-susemihl-krankenhaus-ggmbh:246,246,1,3
10,klinikum-emden-hans-susemihl-krankenhaus-ggmbh,klinikum-emden-hans-susemihl-krankenhaus-ggmbh:247,247,1,-1
3,klinikum-emden-hans-susemihl-krankenhaus-ggmbh,klinikum-emden-hans-susemihl-krankenhaus-ggmbh:248,248,1,2
8,klinikum-emden-hans-susemihl-krankenhaus-ggmbh,klinikum-emden-hans-susemihl-krankenhaus-ggmbh:250,250,1,-1
5,klinikum-emden-hans-susemihl-krankenhaus-ggmbh,klinikum-emden-hans-susemihl-krankenhaus-ggmbh:251,251,1,18
6,klinikum-emden-hans-susemihl-krankenhaus-ggmbh,klinikum-emden-hans-susemihl-krankenhaus-ggmbh:255,255,1,7
4,klinikum-emden-hans-susemihl-krankenhaus-ggmbh,klinikum-emden-hans-susemihl-krankenhaus-ggmbh:259,259,1,-1
12,klinikum-emden-hans-susemihl-krankenhaus-ggmbh,klinikum-emden-hans-susemihl-krankenhaus-ggmbh:260,260,1,8
10,klinikum-emden-hans-susemihl-krankenhaus-ggmbh,klinikum-emden-hans-susemihl-krankenhaus-ggmbh:262,262,1,-1
6,klinikum-emden-hans-susemihl-krankenhaus-ggmbh,klinikum-emden-hans-susemihl-krankenhaus-ggmbh:264,264,1,-1
3,klinikum-emden-hans-susemihl-krankenhaus-ggmbh,klinikum-emden-hans-susemihl-krankenhaus-ggmbh:265,265,1,17
11,klinikum-emden-hans-susemihl-krankenhaus-ggmbh,klinikum-emden-hans-susemihl-krankenhaus-ggmbh:266,266,1,8
5,klinikum-emden-hans-susemihl-krankenhaus-ggmbh,klinikum-emden-hans-susemihl-krankenhaus-ggmbh:267,267,1,-1
4,klinikum-emden-hans-susemihl-krankenhaus-ggmbh,klinikum-emden-hans-susemihl-krankenhaus-ggmbh:268,268,1,9
7,klinikum-emden-hans-susemihl-krankenhaus-ggmbh,klinikum-emden-hans-susemihl-krankenhaus-ggmbh:269,269,1,1
14,klinikum-emden-hans-susemihl-krankenhaus-ggmbh,klinikum-emden-hans-susemihl-krankenhaus-ggmbh:273,273,1,4
6,klinikum-emden-hans-susemihl-krankenhaus-ggmbh,klinikum-emden-hans-susemihl-krankenhaus-ggmbh:275,275,1,1
8,klinikum-emden-hans-susemihl-krankenhaus-ggmbh,klinikum-emden-hans-susemihl-krankenhaus-ggmbh:276,276,1,-1
4,klinikum-emden-hans-susemihl-krankenhaus-ggmbh,klinikum-emden-hans-susemihl-krankenhaus-ggmbh:277,277,1,7
5,klinikum-emden-hans-susemihl-krankenhaus-ggmbh,klinikum-emden-hans-susemihl-krankenhaus-ggmbh:280,280,1,-1
9,klinikum-emden-hans-susemihl-krankenhaus-ggmbh,klinikum-emden-hans-susemihl-krankenhaus-ggmbh:283,283,1,13
9,klinikum-emden-hans-susemihl-krankenhaus-ggmbh,klinikum-emden-hans-susemihl-krankenhaus-ggmbh:286,286,1,-1
13,klinikum-emden-hans-susemihl-krankenhaus-ggmbh,klinikum-emden-hans-susemihl-krankenhaus-ggmbh:294,294,1,-1
3,klinikum-emden-hans-susemihl-krankenhaus-ggmbh,klinikum-emden-hans-susemihl-krankenhaus-ggmbh:298,298,1,23
6,klinikum-emden-hans-susemihl-krankenhaus-ggmbh,klinikum-emden-hans-susemihl-krankenhaus-ggmbh:301,301,5,-1
3,klinikum-emden-hans-susemihl-krankenhaus-ggmbh,klinikum-emden-hans-susemihl-krankenhaus-ggmbh:302,302,1,-1
7,klinikum-emden-hans-susemihl-krankenhaus-ggmbh,klinikum-emden-hans-susemihl-krankenhaus-ggmbh:303,303,1,-1
4,klinikum-emden-hans-susemihl-krankenhaus-ggmbh,klinikum-emden-hans-susemihl-krankenhaus-ggmbh:307,307,1,14
4,klinikum-emden-hans-susemihl-krankenhaus-ggmbh,klinikum-emden-hans-susemihl-krankenhaus-ggmbh:309,309,1,-1
5,klinikum-emden-hans-susemihl-krankenhaus-ggmbh,klinikum-emden-hans-susemihl-krankenhaus-ggmbh:310,310,1,7
7,klinikum-emden-hans-susemihl-krankenhaus-ggmbh,klinikum-emden-hans-susemihl-krankenhaus-ggmbh:315,315,2,-1
6,klinikum-emden-hans-susemihl-krankenhaus-ggmbh,klinikum-emden-hans-susemihl-krankenhaus-ggmbh:316,316,1,-1
12,klinikum-emden-hans-susemihl-krankenhaus-ggmbh,klinikum-emden-hans-susemihl-krankenhaus-ggmbh:317,317,5,0
3,klinikum-emden-hans-susemihl-krankenhaus-ggmbh,klinikum-emden-hans-susemihl-krankenhaus-ggmbh:322,322,1,-1
8,klinikum-emden-hans-susemihl-krankenhaus-ggmbh,klinikum-emden-hans-susemihl-krankenhaus-ggmbh:323,323,1,3
6,klinikum-emden-hans-susemihl-krankenhaus-ggmbh,klinikum-emden-hans-susemihl-krankenhaus-ggmbh:324,324,1,9
6,klinikum-emden-hans-susemihl-krankenhaus-ggmbh,klinikum-emden-hans-susemihl-krankenhaus-ggmbh:328,328,1,3
3,klinikum-emden-hans-susemihl-krankenhaus-ggmbh,klinikum-emden-hans-susemihl-krankenhaus-ggmbh:331,331,3,-1
9,klinikum-emden-hans-susemihl-krankenhaus-ggmbh,klinikum-emden-hans-susemihl-krankenhaus-ggmbh:335,335,1,-1
9,klinikum-emden-hans-susemihl-krankenhaus-ggmbh,klinikum-emden-hans-susemihl-krankenhaus-ggmbh:338,338,1,14
7,klinikum-emden-hans-susemihl-krankenhaus-ggmbh,klinikum-emden-hans-susemihl-krankenhaus-ggmbh:340,340,1,7
8,klinikum-emden-hans-susemihl-krankenhaus-ggmbh,klinikum-emden-hans-susemihl-krankenhaus-ggmbh:341,341,1,-1
7,klinikum-emden-hans-susemihl-krankenhaus-ggmbh,klinikum-emden-hans-susemihl-krankenhaus-ggmbh:342,342,1,4
6,klinikum-emden-hans-susemihl-krankenhaus-ggmbh,klinikum-emden-hans-susemihl-krankenhaus-ggmbh:344,344,1,5
6,klinikum-emden-hans-susemihl-krankenhaus-ggmbh,klinikum-emden-hans-susemihl-krankenhaus-ggmbh:347,347,1,5
4,klinikum-emden-hans-susemihl-krankenhaus-ggmbh,klinikum-emden-hans-susemihl-krankenhaus-ggmbh:352,352,1,3
3,klinikum-emden-hans-susemihl-krankenhaus-ggmbh,klinikum-emden-hans-susemihl-krankenhaus-ggmbh:354,354,1,16
6,klinikum-emden-hans-susemihl-krankenhaus-ggmbh,klinikum-emden-hans-susemihl-krankenhaus-ggmbh:356,356,2,7
3,klinikum-emden-hans-susemihl-krankenhaus-ggmbh,klinikum-emden-hans-susemihl-krankenhaus-ggmbh:362,362,1,5
7,klinikum-emden-hans-susemihl-krankenhaus-ggmbh,klinikum-emden-hans-susemihl-krankenhaus-ggmbh:366,366,1,7
5,klinikum-emden-hans-susemihl-krankenhaus-ggmbh,klinikum-emden-hans-susemihl-krankenhaus-ggmbh:380,380,2,5
7,klinikum-emden-hans-susemihl-krankenhaus-ggmbh,klinikum-emden-hans-susemihl-krankenhaus-ggmbh:396,396,1,7
8,klinikum-hann-muenden-gmbh,klinikum-hann-muenden-gmbh:17,17,5,0
5,klinikum-hann-muenden-gmbh,klinikum-hann-muenden-gmbh:27,27,5,0
5,klinikum-hann-muenden-gmbh,klinikum-hann-muenden-gmbh:29,29,5,0
11,klinikum-hann-muenden-gmbh,klinikum-hann-muenden-gmbh:38,38,5,0
9,klinikum-hann-muenden-gmbh,klinikum-hann-muenden-gmbh:42,42,5,0
6,klinikum-hann-muenden-gmbh,klinikum-hann-muenden-gmbh:43,43,5,0
19,klinikum-hann-muenden-gmbh,klinikum-hann-muenden-gmbh:44,44,1,6
5,klinikum-hann-muenden-gmbh,klinikum-hann-muenden-gmbh:45,45,5,-1
4,klinikum-hann-muenden-gmbh,klinikum-hann-muenden-gmbh:46,46,5,-1
4,klinikum-hann-muenden-gmbh,klinikum-hann-muenden-gmbh:47,47,5,24
3,klinikum-hann-muenden-gmbh,klinikum-hann-muenden-gmbh:48,48,4,-1
3,klinikum-hann-muenden-gmbh,klinikum-hann-muenden-gmbh:52,52,4,-1
20,klinikum-hann-muenden-gmbh,klinikum-hann-muenden-gmbh:54,54,1,7
6,klinikum-hann-muenden-gmbh,klinikum-hann-muenden-gmbh:56,56,2,-1
4,klinikum-hann-muenden-gmbh,klinikum-hann-muenden-gmbh:57,57,4,0
4,klinikum-hann-muenden-gmbh,klinikum-hann-muenden-gmbh:58,58,5,0
11,klinikum-hann-muenden-gmbh,klinikum-hann-muenden-gmbh:59,59,1,1
8,klinikum-hann-muenden-gmbh,klinikum-hann-muenden-gmbh:60,60,1,18
3,klinikum-hann-muenden-gmbh,klinikum-hann-muenden-gmbh:61,61,1,0
17,klinikum-hann-muenden-gmbh,klinikum-hann-muenden-gmbh:62,62,1,6
5,klinikum-hann-muenden-gmbh,klinikum-hann-muenden-gmbh:64,64,2,-1
6,klinikum-hann-muenden-gmbh,klinikum-hann-muenden-gmbh:65,65,4,24
6,klinikum-hann-muenden-gmbh,klinikum-hann-muenden-gmbh:66,66,5,-1
5,klinikum-hann-muenden-gmbh,klinikum-hann-muenden-gmbh:67,67,1,-1
6,klinikum-hann-muenden-gmbh,klinikum-hann-muenden-gmbh:68,68,5,-1
15,klinikum-hann-muenden-gmbh,klinikum-hann-muenden-gmbh:70,70,1,7
12,klinikum-hann-muenden-gmbh,klinikum-hann-muenden-gmbh:71,71,1,-1
7,klinikum-hann-muenden-gmbh,klinikum-hann-muenden-gmbh:72,72,1,18
3,klinikum-hann-muenden-gmbh,klinikum-hann-muenden-gmbh:74,74,4,0
9,klinikum-hann-muenden-gmbh,klinikum-hann-muenden-gmbh:78,78,1,6
3,klinikum-hann-muenden-gmbh,klinikum-hann-muenden-gmbh:80,80,5,0
6,klinikum-hann-muenden-gmbh,klinikum-hann-muenden-gmbh:85,85,5,0
8,klinikum-hann-muenden-gmbh,klinikum-hann-muenden-gmbh:88,88,1,-1
4,klinikum-hann-muenden-gmbh,klinikum-hann-muenden-gmbh:115,115,5,-1
8,klinikum-leer-ggmbh,klinikum-leer-ggmbh:20,20,5,0
4,klinikum-leer-ggmbh,klinikum-leer-ggmbh:34,34,5,0
3,klinikum-leer-ggmbh,klinikum-leer-ggmbh:35,35,1,2
8,klinikum-leer-ggmbh,klinikum-leer-ggmbh:36,36,5,-1
3,klinikum-leer-ggmbh,klinikum-leer-ggmbh:38,38,1,2
5,klinikum-leer-ggmbh,klinikum-leer-ggmbh:49,49,5,11
17,klinikum-leer-ggmbh,klinikum-leer-ggmbh:52,52,1,-1
3,klinikum-leer-ggmbh,klinikum-leer-ggmbh:54,54,1,2
5,klinikum-leer-ggmbh,klinikum-leer-ggmbh:55,55,1,2
3,klinikum-leer-ggmbh,klinikum-leer-ggmbh:62,62,1,1
8,klinikum-leer-ggmbh,klinikum-leer-ggmbh:63,63,5,-1
3,klinikum-leer-ggmbh,klinikum-leer-ggmbh:67,67,1,1
3,klinikum-leer-ggmbh,klinikum-leer-ggmbh:69,69,1,2
4,klinikum-leer-ggmbh,klinikum-leer-ggmbh:71,71,1,2
13,klinikum-leer-ggmbh,klinikum-leer-ggmbh:72,72,5,0
5,klinikum-leer-ggmbh,klinikum-leer-ggmbh:73,73,5,0
6,klinikum-leer-ggmbh,klinikum-leer-ggmbh:75,75,1,-1
12,klinikum-leer-ggmbh,klinikum-leer-ggmbh:77,77,1,-1
5,klinikum-leer-ggmbh,klinikum-leer-ggmbh:79,79,1,2
5,klinikum-leer-ggmbh,klinikum-leer-ggmbh:82,82,1,2
6,klinikum-leer-ggmbh,klinikum-leer-ggmbh:84,84,2,-1
5,klinikum-leer-ggmbh,klinikum-leer-ggmbh:85,85,5,-1
6,klinikum-leer-ggmbh,klinikum-leer-ggmbh:86,86,5,-1
5,klinikum-leer-ggmbh,klinikum-leer-ggmbh:87,87,1,-1
7,klinikum-leer-ggmbh,klinikum-leer-ggmbh:89,89,5,0
7,klinikum-leer-ggmbh,klinikum-leer-ggmbh:90,90,5,0
4,klinikum-leer-ggmbh,klinikum-leer-ggmbh:91,91,1,-1
6,klinikum-leer-ggmbh,klinikum-leer-ggmbh:92,92,5,11
10,klinikum-leer-ggmbh,klinikum-leer-ggmbh:93,93,5,0
4,klinikum-leer-ggmbh,klinikum-leer-ggmbh:95,95,1,1
4,klinikum-leer-ggmbh,klinikum-leer-ggmbh:97,97,4,2
4,klinikum-leer-ggmbh,klinikum-leer-ggmbh:98,98,1,6
17,klinikum-leer-ggmbh,klinikum-leer-ggmbh:104,104,1,-1
15,klinikum-leer-ggmbh,klinikum-leer-ggmbh:105,105,2,-1
10,klinikum-leer-ggmbh,klinikum-leer-ggmbh:106,106,1,2
3,klinikum-leer-ggmbh,klinikum-leer-ggmbh:107,107,5,0
9,klinikum-leer-ggmbh,klinikum-leer-ggmbh:110,110,5,22
9,klinikum-leer-ggmbh,klinikum-leer-ggmbh:111,111,1,-1
4,klinikum-leer-ggmbh,klinikum-leer-ggmbh:115,115,2,-1
4,klinikum-leer-ggmbh,klinikum-leer-ggmbh:118,118,1,12
4,klinikum-leer-ggmbh,klinikum-leer-ggmbh:120,120,1,-1
8,klinikum-leer-ggmbh,klinikum-leer-ggmbh:121,121,5,0
18,klinikum-leer-ggmbh,klinikum-leer-ggmbh:122,122,1,2
4,klinikum-leer-ggmbh,klinikum-leer-ggmbh:124,124,5,11
7,klinikum-leer-ggmbh,klinikum-leer-ggmbh:126,126,1,-1
4,klinikum-leer-ggmbh,klinikum-leer-ggmbh:127,127,3,1
12,klinikum-leer-ggmbh,klinikum-leer-ggmbh:128,128,1,2
4,klinikum-leer-ggmbh,klinikum-leer-ggmbh:130,130,5,12
14,klinikum-leer-ggmbh,klinikum-leer-ggmbh:131,131,1,-1
9,klinikum-leer-ggmbh,klinikum-leer-ggmbh:134,134,1,-1
5,klinikum-leer-ggmbh,klinikum-leer-ggmbh:136,136,1,-1
5,klinikum-leer-ggmbh,klinikum-leer-ggmbh:137,137,1,2
6,klinikum-leer-ggmbh,klinikum-leer-ggmbh:138,138,5,2
5,klinikum-leer-ggmbh,klinikum-leer-ggmbh:139,139,1,-1
14,klinikum-leer-ggmbh,klinikum-leer-ggmbh:140,140,5,0
6,klinikum-leer-ggmbh,klinikum-leer-ggmbh:141,141,5,11
4,klinikum-leer-ggmbh,klinikum-leer-ggmbh:142,142,1,-1
4,klinikum-leer-ggmbh,klinikum-leer-ggmbh:143,143,1,-1
5,klinikum-leer-ggmbh,klinikum-leer-ggmbh:144,144,1,0
6,klinikum-leer-ggmbh,klinikum-leer-ggmbh:146,146,5,11
3,klinikum-leer-ggmbh,klinikum-leer-ggmbh:149,149,4,11
5,klinikum-leer-ggmbh,klinikum-leer-ggmbh:150,150,1,-1
10,klinikum-leer-ggmbh,klinikum-leer-ggmbh:151,151,1,12
10,klinikum-leer-ggmbh,klinikum-leer-ggmbh:152,152,1,2
8,klinikum-leer-ggmbh,klinikum-leer-ggmbh:154,154,5,0
10,klinikum-leer-ggmbh,klinikum-leer-ggmbh:155,155,1,-1
8,klinikum-leer-ggmbh,klinikum-leer-ggmbh:156,156,1,-1
10,klinikum-leer-ggmbh,klinikum-leer-ggmbh:158,158,1,20
5,klinikum-leer-ggmbh,klinikum-leer-ggmbh:160,160,5,0
10,klinikum-leer-ggmbh,klinikum-leer-ggmbh:161,161,1,-1
4,klinikum-leer-ggmbh,klinikum-leer-ggmbh:162,162,1,21
5,klinikum-leer-ggmbh,klinikum-leer-ggmbh:163,163,1,8
5,klinikum-leer-ggmbh,klinikum-leer-ggmbh:165,165,5,0
5,klinikum-leer-ggmbh,klinikum-leer-ggmbh:167,167,5,11
5,klinikum-leer-ggmbh,klinikum-leer-ggmbh:168,168,5,0
5,klinikum-leer-ggmbh,klinikum-leer-ggmbh:169,169,5,11
8,klinikum-leer-ggmbh,klinikum-leer-ggmbh:170,170,1,2
3,klinikum-leer-ggmbh,klinikum-leer-ggmbh:171,171,1,2
5,klinikum-leer-ggmbh,klinikum-leer-ggmbh:172,172,5,11
13,klinikum-leer-ggmbh,klinikum-leer-ggmbh:175,175,1,-1
4,klinikum-leer-ggmbh,klinikum-leer-ggmbh:176,176,4,-1
5,klinikum-leer-ggmbh,klinikum-leer-ggmbh:177,177,2,2
9,klinikum-leer-ggmbh,klinikum-leer-ggmbh:178,178,1,2
5,klinikum-leer-ggmbh,klinikum-leer-ggmbh:180,180,3,-1
3,klinikum-leer-ggmbh,klinikum-leer-ggmbh:181,181,2,24
13,klinikum-leer-ggmbh,klinikum-leer-ggmbh:182,182,1,2
10,klinikum-leer-ggmbh,klinikum-leer-ggmbh:183,183,1,-1
6,klinikum-leer-ggmbh,klinikum-leer-ggmbh:184,184,1,-1
6,klinikum-leer-ggmbh,klinikum-leer-ggmbh:185,185,1,2
4,klinikum-leer-ggmbh,klinikum-leer-ggmbh:186,186,3,26
11,klinikum-leer-ggmbh,klinikum-leer-ggmbh:188,188,1,-1
8,klinikum-leer-ggmbh,klinikum-leer-ggmbh:189,189,5,0
7,klinikum-leer-ggmbh,klinikum-leer-ggmbh:190,190,5,11
3,klinikum-leer-ggmbh,klinikum-leer-ggmbh:191,191,5,13
7,klinikum-leer-ggmbh,klinikum-leer-ggmbh:192,192,1,10
8,klinikum-leer-ggmbh,klinikum-leer-ggmbh:193,193,1,2
11,klinikum-leer-ggmbh,klinikum-leer-ggmbh:194,194,1,1
5,klinikum-leer-ggmbh,klinikum-leer-ggmbh:196,196,1,-1
3,klinikum-leer-ggmbh,klinikum-leer-ggmbh:200,200,5,-1
4,klinikum-leer-ggmbh,klinikum-leer-ggmbh:201,201,5,2
10,klinikum-leer-ggmbh,klinikum-leer-ggmbh:202,202,1,-1
7,klinikum-leer-ggmbh,klinikum-leer-ggmbh:203,203,5,0
10,klinikum-leer-ggmbh,klinikum-leer-ggmbh:204,204,1,18
4,klinikum-leer-ggmbh,klinikum-leer-ggmbh:205,205,5,0
4,klinikum-leer-ggmbh,klinikum-leer-ggmbh:208,208,5,-1
12,klinikum-leer-ggmbh,klinikum-leer-ggmbh:209,209,1,1
18,klinikum-leer-ggmbh,klinikum-leer-ggmbh:212,212,1,2
12,klinikum-leer-ggmbh,klinikum-leer-ggmbh:213,213,1,-1
10,klinikum-leer-ggmbh,klinikum-leer-ggmbh:215,215,1,1
9,klinikum-leer-ggmbh,klinikum-leer-ggmbh:217,217,1,2
13,klinikum-leer-ggmbh,klinikum-leer-ggmbh:218,218,1,-1
9,klinikum-leer-ggmbh,klinikum-leer-ggmbh:219,219,2,0
5,klinikum-leer-ggmbh,klinikum-leer-ggmbh:220,220,5,11
6,klinikum-leer-ggmbh,klinikum-leer-ggmbh:223,223,5,0
4,klinikum-leer-ggmbh,klinikum-leer-ggmbh:226,226,5,-1
8,klinikum-leer-ggmbh,klinikum-leer-ggmbh:227,227,1,-1
8,klinikum-leer-ggmbh,klinikum-leer-ggmbh:230,230,1,10
7,klinikum-leer-ggmbh,klinikum-leer-ggmbh:232,232,1,24
12,klinikum-leer-ggmbh,klinikum-leer-ggmbh:234,234,1,-1
11,klinikum-leer-ggmbh,klinikum-leer-ggmbh:237,237,1,4
5,klinikum-leer-ggmbh,klinikum-leer-ggmbh:238,238,1,-1
6,klinikum-leer-ggmbh,klinikum-leer-ggmbh:241,241,2,18
6,klinikum-leer-ggmbh,klinikum-leer-ggmbh:242,242,1,14
6,klinikum-leer-ggmbh,klinikum-leer-ggmbh:243,243,5,1
8,klinikum-leer-ggmbh,klinikum-leer-ggmbh:245,245,1,2
10,klinikum-leer-ggmbh,klinikum-leer-ggmbh:247,247,2,-1
8,klinikum-leer-ggmbh,klinikum-leer-ggmbh:248,248,1,-1
13,klinikum-leer-ggmbh,klinikum-leer-ggmbh:249,249,1,-1
3,klinikum-leer-ggmbh,klinikum-leer-ggmbh:251,251,5,0
6,klinikum-leer-ggmbh,klinikum-leer-ggmbh:255,255,1,27
8,klinikum-leer-ggmbh,klinikum-leer-ggmbh:257,257,1,-1
13,klinikum-leer-ggmbh,klinikum-leer-ggmbh:260,260,2,13
5,klinikum-leer-ggmbh,klinikum-leer-ggmbh:262,262,2,-1
3,klinikum-leer-ggmbh,klinikum-leer-ggmbh:263,263,1,3
13,klinikum-leer-ggmbh,klinikum-leer-ggmbh:265,265,1,-1
7,klinikum-leer-ggmbh,klinikum-leer-ggmbh:266,266,1,12
3,klinikum-leer-ggmbh,klinikum-leer-ggmbh:267,267,5,1
3,klinikum-leer-ggmbh,klinikum-leer-ggmbh:269,269,4,0
3,klinikum-leer-ggmbh,klinikum-leer-ggmbh:270,270,1,2
7,klinikum-leer-ggmbh,klinikum-leer-ggmbh:271,271,1,15
13,klinikum-leer-ggmbh,klinikum-leer-ggmbh:272,272,1,-1
3,klinikum-leer-ggmbh,klinikum-leer-ggmbh:273,273,1,-1
6,klinikum-leer-ggmbh,klinikum-leer-ggmbh:274,274,1,2
8,klinikum-leer-ggmbh,klinikum-leer-ggmbh:275,275,1,-1
4,klinikum-leer-ggmbh,klinikum-leer-ggmbh:276,276,2,2
7,klinikum-leer-ggmbh,klinikum-leer-ggmbh:277,277,1,-1
4,klinikum-leer-ggmbh,klinikum-leer-ggmbh:278,278,1,1
4,klinikum-leer-ggmbh,klinikum-leer-ggmbh:281,281,1,-1
14,klinikum-leer-ggmbh,klinikum-leer-ggmbh:284,284,1,-1
4,klinikum-leer-ggmbh,klinikum-leer-ggmbh:285,285,5,0
7,klinikum-leer-ggmbh,klinikum-leer-ggmbh:289,289,1,2
7,klinikum-leer-ggmbh,klinikum-leer-ggmbh:290,290,1,2
5,klinikum-leer-ggmbh,klinikum-leer-ggmbh:291,291,1,-1
4,klinikum-leer-ggmbh,klinikum-leer-ggmbh:295,295,5,-1
9,klinikum-leer-ggmbh,klinikum-leer-ggmbh:297,297,1,-1
4,klinikum-leer-ggmbh,klinikum-leer-ggmbh:299,299,5,0
3,klinikum-leer-ggmbh,klinikum-leer-ggmbh:300,300,2,9
4,klinikum-leer-ggmbh,klinikum-leer-ggmbh:303,303,5,0
5,klinikum-leer-ggmbh,klinikum-leer-ggmbh:304,304,2,4
3,klinikum-leer-ggmbh,klinikum-leer-ggmbh:306,306,5,0
3,klinikum-leer-ggmbh,klinikum-leer-ggmbh:307,307,1,2
3,klinikum-leer-ggmbh,klinikum-leer-ggmbh:308,308,1,15
8,klinikum-leer-ggmbh,klinikum-leer-ggmbh:309,309,1,-1
3,klinikum-leer-ggmbh,klinikum-leer-ggmbh:310,310,5,-1
11,klinikum-leer-ggmbh,klinikum-leer-ggmbh:313,313,1,24
4,klinikum-leer-ggmbh,klinikum-leer-ggmbh:314,314,5,11
7,klinikum-leer-ggmbh,klinikum-leer-ggmbh:315,315,1,-1
5,klinikum-leer-ggmbh,klinikum-leer-ggmbh:320,320,5,0
3,klinikum-leer-ggmbh,klinikum-leer-ggmbh:321,321,5,0
9,klinikum-leer-ggmbh,klinikum-leer-ggmbh:323,323,1,4
9,klinikum-leer-ggmbh,klinikum-leer-ggmbh:324,324,1,-1
3,klinikum-leer-ggmbh,klinikum-leer-ggmbh:332,332,1,17
5,klinikum-leer-ggmbh,klinikum-leer-ggmbh:335,335,3,0
4,klinikum-leer-ggmbh,klinikum-leer-ggmbh:340,340,1,9
5,klinikum-leer-ggmbh,klinikum-leer-ggmbh:341,341,1,-1
3,klinikum-leer-ggmbh,klinikum-leer-ggmbh:342,342,5,0
8,klinikum-leer-ggmbh,klinikum-leer-ggmbh:344,344,1,8
4,klinikum-leer-ggmbh,klinikum-leer-ggmbh:345,345,2,3
4,klinikum-leer-ggmbh,klinikum-leer-ggmbh:346,346,1,-1
6,klinikum-leer-ggmbh,klinikum-leer-ggmbh:348,348,1,-1
3,klinikum-leer-ggmbh,klinikum-leer-ggmbh:349,349,5,-1
9,klinikum-leer-ggmbh,klinikum-leer-ggmbh:352,352,1,-1
10,klinikum-leer-ggmbh,klinikum-leer-ggmbh:354,354,1,3
6,klinikum-leer-ggmbh,klinikum-leer-ggmbh:358,358,1,-1
3,klinikum-leer-ggmbh,klinikum-leer-ggmbh:360,360,5,0
3,klinikum-leer-ggmbh,klinikum-leer-ggmbh:361,361,5,0
4,klinikum-leer-ggmbh,klinikum-leer-ggmbh:363,363,1,23
7,klinikum-leer-ggmbh,klinikum-leer-ggmbh:366,366,1,-1
6,klinikum-leer-ggmbh,klinikum-leer-ggmbh:367,367,1,3
5,klinikum-leer-ggmbh,klinikum-leer-ggmbh:375,375,1,-1
3,klinikum-leer-ggmbh,klinikum-leer-ggmbh:377,377,5,0
4,klinikum-leer-ggmbh,klinikum-leer-ggmbh:379,379,5,0
4,klinikum-leer-ggmbh,klinikum-leer-ggmbh:380,380,5,0
10,klinikum-leer-ggmbh,klinikum-leer-ggmbh:381,381,1,14
5,klinikum-leer-ggmbh,klinikum-leer-ggmbh:383,383,1,-1
6,klinikum-leer-ggmbh,klinikum-leer-ggmbh:388,388,1,-1
3,klinikum-leer-ggmbh,klinikum-leer-ggmbh:393,393,2,-1
5,klinikum-leer-ggmbh,klinikum-leer-ggmbh:397,397,1,-1
6,klinikum-leer-ggmbh,klinikum-leer-ggmbh:399,399,1,3
3,klinikum-leer-ggmbh,klinikum-leer-ggmbh:400,400,5,5
8,klinikum-leer-ggmbh,klinikum-leer-ggmbh:405,405,1,5
7,klinikum-leer-ggmbh,klinikum-leer-ggmbh:408,408,1,-1
3,klinikum-leer-ggmbh,klinikum-leer-ggmbh:410,410,5,0
4,klinikum-leer-ggmbh,klinikum-leer-ggmbh:412,412,1,-1
3,klinikum-leer-ggmbh,klinikum-leer-ggmbh:413,413,1,-1
3,klinikum-leer-ggmbh,klinikum-leer-ggmbh:416,416,2,4
9,klinikum-leer-ggmbh,klinikum-leer-ggmbh:419,419,1,19
3,klinikum-leer-ggmbh,klinikum-leer-ggmbh:420,420,5,5
5,klinikum-leer-ggmbh,klinikum-leer-ggmbh:422,422,1,-1
3,klinikum-leer-ggmbh,klinikum-leer-ggmbh:426,426,5,-1
4,klinikum-leer-ggmbh,klinikum-leer-ggmbh:429,429,1,1
3,klinikum-leer-ggmbh,klinikum-leer-ggmbh:435,435,1,14
4,klinikum-leer-ggmbh,klinikum-leer-ggmbh:436,436,2,25
6,klinikum-leer-ggmbh,klinikum-leer-ggmbh:440,440,1,5
3,klinikum-leer-ggmbh,klinikum-leer-ggmbh:444,444,5,5
4,klinikum-leer-ggmbh,klinikum-leer-ggmbh:448,448,1,0
3,klinikum-leer-ggmbh,klinikum-leer-ggmbh:460,460,5,12
4,klinikum-leer-ggmbh,klinikum-leer-ggmbh:467,467,5,11
3,klinikum-leer-ggmbh,klinikum-leer-ggmbh:468,468,5,2
4,klinikum-leer-ggmbh,klinikum-leer-ggmbh:472,472,1,25
8,klinikum-leer-ggmbh,klinikum-leer-ggmbh:477,477,1,4
18,klinikum-osnabrueck,klinikum-osnabrueck:55,55,1,-1
10,klinikum-osnabrueck,klinikum-osnabrueck:59,59,5,-1
12,klinikum-osnabrueck,klinikum-osnabrueck:65,65,2,-1
20,klinikum-osnabrueck,klinikum-osnabrueck:81,81,1,-1
5,klinikum-osnabrueck,klinikum-osnabrueck:91,91,5,9
7,klinikum-osnabrueck,klinikum-osnabrueck:93,93,3,-1
4,klinikum-osnabrueck,klinikum-osnabrueck:100,100,1,-1
6,klinikum-osnabrueck,klinikum-osnabrueck:101,101,1,4
4,klinikum-osnabrueck,klinikum-osnabrueck:102,102,1,1
3,klinikum-osnabrueck,klinikum-osnabrueck:103,103,5,11
6,klinikum-osnabrueck,klinikum-osnabrueck:107,107,1,17
8,klinikum-osnabrueck,klinikum-osnabrueck:108,108,1,-1
8,klinikum-osnabrueck,klinikum-osnabrueck:109,109,1,16
5,klinikum-osnabrueck,klinikum-osnabrueck:110,110,1,18
25,klinikum-osnabrueck,klinikum-osnabrueck:115,115,1,-1
16,klinikum-osnabrueck,klinikum-osnabrueck:117,117,1,12
3,klinikum-osnabrueck,klinikum-osnabrueck:118,118,5,13
6,klinikum-osnabrueck,klinikum-osnabrueck:119,119,1,1
3,klinikum-osnabrueck,klinikum-osnabrueck:122,122,5,22
3,klinikum-osnabrueck,klinikum-osnabrueck:128,128,1,-1
10,klinikum-osnabrueck,klinikum-osnabrueck:129,129,1,1
18,klinikum-osnabrueck,klinikum-osnabrueck:131,131,1,18
9,klinikum-osnabrueck,klinikum-osnabrueck:133,133,1,7
9,klinikum-osnabrueck,klinikum-osnabrueck:136,136,2,12
4,klinikum-osnabrueck,klinikum-osnabrueck:137,137,3,-1
19,klinikum-osnabrueck,klinikum-osnabrueck:138,138,1,2
7,klinikum-osnabrueck,klinikum-osnabrueck:141,141,5,11
13,klinikum-osnabrueck,klinikum-osnabrueck:142,142,1,-1
6,klinikum-osnabrueck,klinikum-osnabrueck:143,143,5,0
3,klinikum-osnabrueck,klinikum-osnabrueck:144,144,3,-1
11,klinikum-osnabrueck,klinikum-osnabrueck:146,146,1,-1
3,klinikum-osnabrueck,klinikum-osnabrueck:147,147,3,-1
13,klinikum-osnabrueck,klinikum-osnabrueck:150,150,1,-1
4,klinikum-osnabrueck,klinikum-osnabrueck:152,152,4,0
6,klinikum-osnabrueck,klinikum-osnabrueck:154,154,1,-1
8,klinikum-osnabrueck,klinikum-osnabrueck:156,156,1,-1
7,klinikum-osnabrueck,klinikum-osnabrueck:158,158,,-1
3,klinikum-osnabrueck,klinikum-osnabrueck:165,165,5,22
11,klinikum-osnabrueck,klinikum-osnabrueck:167,167,1,-1
20,klinikum-osnabrueck,klinikum-osnabrueck:168,168,1,6
8,klinikum-osnabrueck,klinikum-osnabrueck:169,169,1,-1
11,klinikum-osnabrueck,klinikum-osnabrueck:170,170,1,-1
5,klinikum-osnabrueck,klinikum-osnabrueck:171,171,1,-1
7,klinikum-osnabrueck,klinikum-osnabrueck:172,172,1,19
12,klinikum-osnabrueck,klinikum-osnabrueck:173,173,2,-1
3,klinikum-osnabrueck,klinikum-osnabrueck:175,175,4,0
23,klinikum-osnabrueck,klinikum-osnabrueck:176,176,1,-1
3,klinikum-osnabrueck,klinikum-osnabrueck:177,177,5,22
5,klinikum-osnabrueck,klinikum-osnabrueck:179,179,5,11
5,klinikum-osnabrueck,klinikum-osnabrueck:181,181,5,-1
5,klinikum-osnabrueck,klinikum-osnabrueck:182,182,2,-1
6,klinikum-osnabrueck,klinikum-osnabrueck:184,184,3,-1
6,klinikum-osnabrueck,klinikum-osnabrueck:185,185,5,0
5,klinikum-osnabrueck,klinikum-osnabrueck:187,187,1,10
4,klinikum-osnabrueck,klinikum-osnabrueck:188,188,4,0
15,klinikum-osnabrueck,klinikum-osnabrueck:189,189,1,2
10,klinikum-osnabrueck,klinikum-osnabrueck:190,190,3,-1
4,klinikum-osnabrueck,klinikum-osnabrueck:191,191,3,-1
9,klinikum-osnabrueck,klinikum-osnabrueck:192,192,1,-1
3,klinikum-osnabrueck,klinikum-osnabrueck:193,193,5,0
12,klinikum-osnabrueck,klinikum-osnabrueck:195,195,1,10
5,klinikum-osnabrueck,klinikum-osnabrueck:196,196,2,-1
13,klinikum-osnabrueck,klinikum-osnabrueck:197,197,1,-1
5,klinikum-osnabrueck,klinikum-osnabrueck:198,198,5,-1
5,klinikum-osnabrueck,klinikum-osnabrueck:199,199,1,18
8,klinikum-osnabrueck,klinikum-osnabrueck:200,200,2,6
8,klinikum-osnabrueck,klinikum-osnabrueck:202,202,1,-1
14,klinikum-osnabrueck,klinikum-osnabrueck:205,205,1,-1
4,klinikum-osnabrueck,klinikum-osnabrueck:207,207,1,12
19,klinikum-osnabrueck,klinikum-osnabrueck:209,209,1,-1
7,klinikum-osnabrueck,klinikum-osnabrueck:212,212,3,26
4,klinikum-osnabrueck,klinikum-osnabrueck:213,213,1,-1
13,klinikum-osnabrueck,klinikum-osnabrueck:217,217,1,13
3,klinikum-osnabrueck,klinikum-osnabrueck:218,218,1,-1
18,klinikum-osnabrueck,klinikum-osnabrueck:219,219,1,-1
5,klinikum-osnabrueck,klinikum-osnabrueck:220,220,1,0
6,klinikum-osnabrueck,klinikum-osnabrueck:222,222,5,0
7,klinikum-osnabrueck,klinikum-osnabrueck:223,223,1,4
8,klinikum-osnabrueck,klinikum-osnabrueck:224,224,1,14
6,klinikum-osnabrueck,klinikum-osnabrueck:225,225,1,8
15,klinikum-osnabrueck,klinikum-osnabrueck:226,226,1,5
9,klinikum-osnabrueck,klinikum-osnabrueck:227,227,1,5
11,klinikum-osnabrueck,klinikum-osnabrueck:228,228,1,7
8,klinikum-osnabrueck,klinikum-osnabrueck:230,230,1,1
3,klinikum-osnabrueck,klinikum-osnabrueck:231,231,5,-1
10,klinikum-osnabrueck,klinikum-osnabrueck:233,233,1,27
4,klinikum-osnabrueck,klinikum-osnabrueck:234,234,1,6
6,klinikum-osnabrueck,klinikum-osnabrueck:236,236,1,-1
12,klinikum-osnabrueck,klinikum-osnabrueck:238,238,1,7
8,klinikum-osnabrueck,klinikum-osnabrueck:239,239,1,10
9,klinikum-osnabrueck,klinikum-osnabrueck:241,241,1,-1
3,klinikum-osnabrueck,klinikum-osnabrueck:243,243,1,1
7,klinikum-osnabrueck,klinikum-osnabrueck:245,245,1,-1
10,klinikum-osnabrueck,klinikum-osnabrueck:246,246,1,4
3,klinikum-osnabrueck,klinikum-osnabrueck:250,250,2,20
21,klinikum-osnabrueck,klinikum-osnabrueck:251,251,1,11
4,klinikum-osnabrueck,klinikum-osnabrueck:255,255,1,-1
22,klinikum-osnabrueck,klinikum-osnabrueck:258,258,1,10
8,klinikum-osnabrueck,klinikum-osnabrueck:259,259,1,-1
16,klinikum-osnabrueck,klinikum-osnabrueck:261,261,1,10
7,klinikum-osnabrueck,klinikum-osnabrueck:262,262,2,0
10,klinikum-osnabrueck,klinikum-osnabrueck:266,266,1,-1
6,klinikum-osnabrueck,klinikum-osnabrueck:267,267,2,10
10,klinikum-osnabrueck,klinikum-osnabrueck:268,268,1,10
8,klinikum-osnabrueck,klinikum-osnabrueck:271,271,1,-1
12,klinikum-osnabrueck,klinikum-osnabrueck:272,272,1,-1
4,klinikum-osnabrueck,klinikum-osnabrueck:273,273,5,0
4,klinikum-osnabrueck,klinikum-osnabrueck:274,274,2,16
14,klinikum-osnabrueck,klinikum-osnabrueck:276,276,1,-1
9,klinikum-osnabrueck,klinikum-osnabrueck:278,278,1,1
3,klinikum-osnabrueck,klinikum-osnabrueck:281,281,5,-1
9,klinikum-osnabrueck,klinikum-osnabrueck:282,282,1,23
11,klinikum-osnabrueck,klinikum-osnabrueck:283,283,1,7
4,klinikum-osnabrueck,klinikum-osnabrueck:286,286,1,1
18,klinikum-osnabrueck,klinikum-osnabrueck:287,287,1,-1
10,klinikum-osnabrueck,klinikum-osnabrueck:289,289,3,1
6,klinikum-osnabrueck,klinikum-osnabrueck:293,293,1,7
5,klinikum-osnabrueck,klinikum-osnabrueck:295,295,1,25
16,klinikum-osnabrueck,klinikum-osnabrueck:297,297,1,16
9,klinikum-osnabrueck,klinikum-osnabrueck:299,299,1,-1
5,klinikum-osnabrueck,klinikum-osnabrueck:300,300,1,-1
5,klinikum-osnabrueck,klinikum-osnabrueck:301,301,1,3
3,klinikum-osnabrueck,klinikum-osnabrueck:306,306,1,6
4,klinikum-osnabrueck,klinikum-osnabrueck:307,307,1,-1
18,klinikum-osnabrueck,klinikum-osnabrueck:308,308,1,-1
7,klinikum-osnabrueck,klinikum-osnabrueck:310,310,1,-1
4,klinikum-osnabrueck,klinikum-osnabrueck:311,311,3,-1
4,klinikum-osnabrueck,klinikum-osnabrueck:312,312,1,6
12,klinikum-osnabrueck,klinikum-osnabrueck:314,314,1,-1
4,klinikum-osnabrueck,klinikum-osnabrueck:315,315,1,-1
4,klinikum-osnabrueck,klinikum-osnabrueck:317,317,1,9
8,klinikum-osnabrueck,klinikum-osnabrueck:319,319,1,-1
10,klinikum-osnabrueck,klinikum-osnabrueck:323,323,1,-1
4,klinikum-osnabrueck,klinikum-osnabrueck:326,326,1,-1
3,klinikum-osnabrueck,klinikum-osnabrueck:327,327,2,-1
6,klinikum-osnabrueck,klinikum-osnabrueck:328,328,2,9
9,klinikum-osnabrueck,klinikum-osnabrueck:330,330,1,10
14,klinikum-osnabrueck,klinikum-osnabrueck:332,332,1,4
6,klinikum-osnabrueck,klinikum-osnabrueck:334,334,5,0
4,klinikum-osnabrueck,klinikum-osnabrueck:336,336,1,1
4,klinikum-osnabrueck,klinikum-osnabrueck:337,337,1,8
12,klinikum-osnabrueck,klinikum-osnabrueck:338,338,1,7
5,klinikum-osnabrueck,klinikum-osnabrueck:339,339,5,-1
6,klinikum-osnabrueck,klinikum-osnabrueck:342,342,3,11
4,klinikum-osnabrueck,klinikum-osnabrueck:343,343,1,1
4,klinikum-osnabrueck,klinikum-osnabrueck:345,345,5,0
4,klinikum-osnabrueck,klinikum-osnabrueck:347,347,1,3
5,klinikum-osnabrueck,klinikum-osnabrueck:348,348,1,-1
11,klinikum-osnabrueck,klinikum-osnabrueck:349,349,4,-1
8,klinikum-osnabrueck,klinikum-osnabrueck:355,355,1,-1
7,klinikum-osnabrueck,klinikum-osnabrueck:356,356,1,-1
7,klinikum-osnabrueck,klinikum-osnabrueck:359,359,1,23
6,klinikum-osnabrueck,klinikum-osnabrueck:360,360,1,-1
11,klinikum-osnabrueck,klinikum-osnabrueck:363,363,1,1
13,klinikum-osnabrueck,klinikum-osnabrueck:365,365,1,14
5,klinikum-osnabrueck,klinikum-osnabrueck:374,374,3,1
5,klinikum-osnabrueck,klinikum-osnabrueck:376,376,1,-1
9,klinikum-osnabrueck,klinikum-osnabrueck:379,379,2,15
3,klinikum-osnabrueck,klinikum-osnabrueck:381,381,5,3
10,klinikum-osnabrueck,klinikum-osnabrueck:383,383,1,15
7,klinikum-osnabrueck,klinikum-osnabrueck:385,385,1,-1
10,klinikum-osnabrueck,klinikum-osnabrueck:386,386,1,4
3,klinikum-osnabrueck,klinikum-osnabrueck:387,387,1,-1
7,klinikum-osnabrueck,klinikum-osnabrueck:388,388,1,3
4,klinikum-osnabrueck,klinikum-osnabrueck:396,396,1,20
4,klinikum-osnabrueck,klinikum-osnabrueck:397,397,1,1
5,klinikum-osnabrueck,klinikum-osnabrueck:398,398,1,7
3,klinikum-osnabrueck,klinikum-osnabrueck:399,399,1,4
5,klinikum-osnabrueck,klinikum-osnabrueck:400,400,1,4
4,klinikum-osnabrueck,klinikum-osnabrueck:408,408,1,-1
8,klinikum-osnabrueck,klinikum-osnabrueck:416,416,1,-1
5,klinikum-osnabrueck,klinikum-osnabrueck:422,422,1,-1
5,klinikum-osnabrueck,klinikum-osnabrueck:430,430,1,8
5,klinikum-osnabrueck,klinikum-osnabrueck:433,433,1,-1
4,klinikum-osnabrueck,klinikum-osnabrueck:435,435,1,-1
6,klinikum-osnabrueck,klinikum-osnabrueck:436,436,1,-1
4,klinikum-osnabrueck,klinikum-osnabrueck:438,438,1,9
8,klinikum-osnabrueck,klinikum-osnabrueck:439,439,4,24
4,klinikum-osnabrueck,klinikum-osnabrueck:459,459,1,-1
3,klinikum-osnabrueck,klinikum-osnabrueck:462,462,3,4
9,klinikum-osnabrueck,klinikum-osnabrueck:465,465,1,-1
3,klinikum-osnabrueck,klinikum-osnabrueck:467,467,1,16
4,klinikum-osnabrueck,klinikum-osnabrueck:470,470,1,-1
4,klinikum-osnabrueck,klinikum-osnabrueck:472,472,2,26
3,klinikum-osnabrueck,klinikum-osnabrueck:478,478,1,-1
3,klinikum-osnabrueck,klinikum-osnabrueck:481,481,1,23
3,klinikum-osnabrueck,klinikum-osnabrueck:493,493,1,7
3,klinikum-osnabrueck,klinikum-osnabrueck:495,495,1,4
4,klinikum-osnabrueck,klinikum-osnabrueck:496,496,1,17
5,klinikum-osnabrueck,klinikum-osnabrueck:497,497,1,25
4,klinikum-osnabrueck,klinikum-osnabrueck:500,500,1,-1
3,klinikum-osnabrueck,klinikum-osnabrueck:509,509,1,-1
4,klinikum-osnabrueck,klinikum-osnabrueck:510,510,1,8
10,klinikum-osnabrueck,klinikum-osnabrueck:512,512,1,-1
4,klinikum-osnabrueck,klinikum-osnabrueck:514,514,1,-1
3,klinikum-osnabrueck,klinikum-osnabrueck:515,515,1,-1
5,klinikum-osnabrueck,klinikum-osnabrueck:520,520,1,-1
24,klinikum-osnabrueck,klinikum-osnabrueck:525,525,1,17
14,klinikum-osnabrueck,klinikum-osnabrueck:531,531,1,5
3,klinikum-osnabrueck,klinikum-osnabrueck:536,536,1,3
3,klinikum-osnabrueck,klinikum-osnabrueck:540,540,5,0
4,klinikum-osnabrueck,klinikum-osnabrueck:560,560,1,5
3,klinikum-osnabrueck,klinikum-osnabrueck:609,609,5,0
29,klinikum-wahrendorff-gmbh,klinikum-wahrendorff-gmbh:2,2,1,-1
7,klinikum-wahrendorff-gmbh,klinikum-wahrendorff-gmbh:3,3,4,-1
24,klinikum-wahrendorff-gmbh,klinikum-wahrendorff-gmbh:4,4,1,-1
3,klinikum-wahrendorff-gmbh,klinikum-wahrendorff-gmbh:6,6,5,0
7,klinikum-wahrendorff-gmbh,klinikum-wahrendorff-gmbh:8,8,1,-1
6,klinikum-wahrendorff-gmbh,klinikum-wahrendorff-gmbh:10,10,5,0
8,klinikum-wahrendorff-gmbh,klinikum-wahrendorff-gmbh:11,11,1,-1
14,klinikum-wahrendorff-gmbh,klinikum-wahrendorff-gmbh:12,12,1,14
16,klinikum-wilhelmshaven-ggmbh,klinikum-wilhelmshaven-ggmbh:16,16,2,-1
28,klinikum-wilhelmshaven-ggmbh,klinikum-wilhelmshaven-ggmbh:25,25,1,-1
6,klinikum-wilhelmshaven-ggmbh,klinikum-wilhelmshaven-ggmbh:43,43,5,0
3,klinikum-wilhelmshaven-ggmbh,klinikum-wilhelmshaven-ggmbh:58,58,4,-1
3,klinikum-wilhelmshaven-ggmbh,klinikum-wilhelmshaven-ggmbh:59,59,5,11
6,klinikum-wilhelmshaven-ggmbh,klinikum-wilhelmshaven-ggmbh:61,61,5,0
6,klinikum-wilhelmshaven-ggmbh,klinikum-wilhelmshaven-ggmbh:66,66,1,15
21,klinikum-wilhelmshaven-ggmbh,klinikum-wilhelmshaven-ggmbh:67,67,1,-1
3,klinikum-wilhelmshaven-ggmbh,klinikum-wilhelmshaven-ggmbh:68,68,5,11
7,klinikum-wilhelmshaven-ggmbh,klinikum-wilhelmshaven-ggmbh:70,70,5,0
5,klinikum-wilhelmshaven-ggmbh,klinikum-wilhelmshaven-ggmbh:71,71,5,0
15,klinikum-wilhelmshaven-ggmbh,klinikum-wilhelmshaven-ggmbh:72,72,1,15
3,klinikum-wilhelmshaven-ggmbh,klinikum-wilhelmshaven-ggmbh:74,74,2,9
10,klinikum-wilhelmshaven-ggmbh,klinikum-wilhelmshaven-ggmbh:77,77,1,16
9,klinikum-wilhelmshaven-ggmbh,klinikum-wilhelmshaven-ggmbh:79,79,1,-1
8,klinikum-wilhelmshaven-ggmbh,klinikum-wilhelmshaven-ggmbh:80,80,5,0
7,klinikum-wilhelmshaven-ggmbh,klinikum-wilhelmshaven-ggmbh:81,81,1,-1
13,klinikum-wilhelmshaven-ggmbh,klinikum-wilhelmshaven-ggmbh:84,84,1,-1
5,klinikum-wilhelmshaven-ggmbh,klinikum-wilhelmshaven-ggmbh:85,85,4,0
6,klinikum-wilhelmshaven-ggmbh,klinikum-wilhelmshaven-ggmbh:86,86,5,-1
11,klinikum-wilhelmshaven-ggmbh,klinikum-wilhelmshaven-ggmbh:87,87,5,-1
8,klinikum-wilhelmshaven-ggmbh,klinikum-wilhelmshaven-ggmbh:88,88,1,-1
4,klinikum-wilhelmshaven-ggmbh,klinikum-wilhelmshaven-ggmbh:90,90,1,2
6,klinikum-wilhelmshaven-ggmbh,klinikum-wilhelmshaven-ggmbh:91,91,1,1
12,klinikum-wilhelmshaven-ggmbh,klinikum-wilhelmshaven-ggmbh:93,93,1,2
5,klinikum-wilhelmshaven-ggmbh,klinikum-wilhelmshaven-ggmbh:94,94,1,-1
3,klinikum-wilhelmshaven-ggmbh,klinikum-wilhelmshaven-ggmbh:100,100,1,2
12,klinikum-wilhelmshaven-ggmbh,klinikum-wilhelmshaven-ggmbh:101,101,1,6
4,klinikum-wilhelmshaven-ggmbh,klinikum-wilhelmshaven-ggmbh:102,102,5,-1
3,klinikum-wilhelmshaven-ggmbh,klinikum-wilhelmshaven-ggmbh:103,103,2,-1
18,klinikum-wilhelmshaven-ggmbh,klinikum-wilhelmshaven-ggmbh:105,105,1,-1
5,klinikum-wilhelmshaven-ggmbh,klinikum-wilhelmshaven-ggmbh:108,108,5,11
5,klinikum-wilhelmshaven-ggmbh,klinikum-wilhelmshaven-ggmbh:109,109,1,-1
5,klinikum-wilhelmshaven-ggmbh,klinikum-wilhelmshaven-ggmbh:110,110,1,-1
9,klinikum-wilhelmshaven-ggmbh,klinikum-wilhelmshaven-ggmbh:113,113,1,18
3,klinikum-wilhelmshaven-ggmbh,klinikum-wilhelmshaven-ggmbh:114,114,5,11
3,klinikum-wilhelmshaven-ggmbh,klinikum-wilhelmshaven-ggmbh:116,116,5,0
24,klinikum-wilhelmshaven-ggmbh,klinikum-wilhelmshaven-ggmbh:120,120,1,16
3,klinikum-wilhelmshaven-ggmbh,klinikum-wilhelmshaven-ggmbh:123,123,5,0
4,klinikum-wilhelmshaven-ggmbh,klinikum-wilhelmshaven-ggmbh:124,124,5,11
3,klinikum-wilhelmshaven-ggmbh,klinikum-wilhelmshaven-ggmbh:125,125,5,22
24,klinikum-wilhelmshaven-ggmbh,klinikum-wilhelmshaven-ggmbh:126,126,1,-1
3,klinikum-wilhelmshaven-ggmbh,klinikum-wilhelmshaven-ggmbh:127,127,5,-1
3,klinikum-wilhelmshaven-ggmbh,klinikum-wilhelmshaven-ggmbh:128,128,5,11
3,klinikum-wilhelmshaven-ggmbh,klinikum-wilhelmshaven-ggmbh:129,129,1,4
6,klinikum-wilhelmshaven-ggmbh,klinikum-wilhelmshaven-ggmbh:131,131,2,-1
27,klinikum-wilhelmshaven-ggmbh,klinikum-wilhelmshaven-ggmbh:132,132,1,6
7,klinikum-wilhelmshaven-ggmbh,klinikum-wilhelmshaven-ggmbh:134,134,1,-1
16,klinikum-wilhelmshaven-ggmbh,klinikum-wilhelmshaven-ggmbh:135,135,5,-1
6,klinikum-wilhelmshaven-ggmbh,klinikum-wilhelmshaven-ggmbh:136,136,1,1
3,klinikum-wilhelmshaven-ggmbh,klinikum-wilhelmshaven-ggmbh:137,137,5,-1
5,klinikum-wilhelmshaven-ggmbh,klinikum-wilhelmshaven-ggmbh:139,139,5,10
15,klinikum-wilhelmshaven-ggmbh,klinikum-wilhelmshaven-ggmbh:140,140,1,-1
18,klinikum-wilhelmshaven-ggmbh,klinikum-wilhelmshaven-ggmbh:141,141,1,-1
16,klinikum-wilhelmshaven-ggmbh,klinikum-wilhelmshaven-ggmbh:142,142,1,-1
3,klinikum-wilhelmshaven-ggmbh,klinikum-wilhelmshaven-ggmbh:144,144,1,3
10,klinikum-wilhelmshaven-ggmbh,klinikum-wilhelmshaven-ggmbh:146,146,1,12
6,klinikum-wilhelmshaven-ggmbh,klinikum-wilhelmshaven-ggmbh:147,147,1,18
4,klinikum-wilhelmshaven-ggmbh,klinikum-wilhelmshaven-ggmbh:148,148,5,-1
6,klinikum-wilhelmshaven-ggmbh,klinikum-wilhelmshaven-ggmbh:149,149,1,12
8,klinikum-wilhelmshaven-ggmbh,klinikum-wilhelmshaven-ggmbh:150,150,1,-1
7,klinikum-wilhelmshaven-ggmbh,klinikum-wilhelmshaven-ggmbh:152,152,2,1
12,klinikum-wilhelmshaven-ggmbh,klinikum-wilhelmshaven-ggmbh:153,153,1,-1
16,klinikum-wilhelmshaven-ggmbh,klinikum-wilhelmshaven-ggmbh:154,154,2,3
8,klinikum-wilhelmshaven-ggmbh,klinikum-wilhelmshaven-ggmbh:155,155,1,6
26,klinikum-wilhelmshaven-ggmbh,klinikum-wilhelmshaven-ggmbh:157,157,1,4
23,klinikum-wilhelmshaven-ggmbh,klinikum-wilhelmshaven-ggmbh:158,158,1,-1
4,klinikum-wilhelmshaven-ggmbh,klinikum-wilhelmshaven-ggmbh:161,161,4,0
6,klinikum-wilhelmshaven-ggmbh,klinikum-wilhelmshaven-ggmbh:163,163,4,-1
8,klinikum-wilhelmshaven-ggmbh,klinikum-wilhelmshaven-ggmbh:164,164,1,12
8,klinikum-wilhelmshaven-ggmbh,klinikum-wilhelmshaven-ggmbh:167,167,1,1
5,klinikum-wilhelmshaven-ggmbh,klinikum-wilhelmshaven-ggmbh:169,169,5,0
17,klinikum-wilhelmshaven-ggmbh,klinikum-wilhelmshaven-ggmbh:170,170,2,10
5,klinikum-wilhelmshaven-ggmbh,klinikum-wilhelmshaven-ggmbh:173,173,1,-1
5,klinikum-wilhelmshaven-ggmbh,klinikum-wilhelmshaven-ggmbh:176,176,1,-1
13,klinikum-wilhelmshaven-ggmbh,klinikum-wilhelmshaven-ggmbh:177,177,1,12
26,klinikum-wilhelmshaven-ggmbh,klinikum-wilhelmshaven-ggmbh:178,178,1,6
14,klinikum-wilhelmshaven-ggmbh,klinikum-wilhelmshaven-ggmbh:179,179,1,-1
28,klinikum-wilhelmshaven-ggmbh,klinikum-wilhelmshaven-ggmbh:181,181,1,-1
11,klinikum-wilhelmshaven-ggmbh,klinikum-wilhelmshaven-ggmbh:182,182,1,17
15,klinikum-wilhelmshaven-ggmbh,klinikum-wilhelmshaven-ggmbh:184,184,1,1
18,klinikum-wilhelmshaven-ggmbh,klinikum-wilhelmshaven-ggmbh:187,187,1,10
3,klinikum-wilhelmshaven-ggmbh,klinikum-wilhelmshaven-ggmbh:188,188,5,-1
17,klinikum-wilhelmshaven-ggmbh,klinikum-wilhelmshaven-ggmbh:190,190,1,6
3,klinikum-wilhelmshaven-ggmbh,klinikum-wilhelmshaven-ggmbh:191,191,5,-1
11,klinikum-wilhelmshaven-ggmbh,klinikum-wilhelmshaven-ggmbh:192,192,1,4
10,klinikum-wilhelmshaven-ggmbh,klinikum-wilhelmshaven-ggmbh:193,193,1,0
6,klinikum-wilhelmshaven-ggmbh,klinikum-wilhelmshaven-ggmbh:197,197,2,0
11,klinikum-wilhelmshaven-ggmbh,klinikum-wilhelmshaven-ggmbh:198,198,1,13
3,klinikum-wilhelmshaven-ggmbh,klinikum-wilhelmshaven-ggmbh:199,199,5,0
5,klinikum-wilhelmshaven-ggmbh,klinikum-wilhelmshaven-ggmbh:200,200,5,-1
3,klinikum-wilhelmshaven-ggmbh,klinikum-wilhelmshaven-ggmbh:201,201,5,0
9,klinikum-wilhelmshaven-ggmbh,klinikum-wilhelmshaven-ggmbh:202,202,1,16
3,klinikum-wilhelmshaven-ggmbh,klinikum-wilhelmshaven-ggmbh:203,203,4,17
3,klinikum-wilhelmshaven-ggmbh,klinikum-wilhelmshaven-ggmbh:206,206,5,11
12,klinikum-wilhelmshaven-ggmbh,klinikum-wilhelmshaven-ggmbh:207,207,1,9
9,klinikum-wilhelmshaven-ggmbh,klinikum-wilhelmshaven-ggmbh:209,209,2,-1
11,klinikum-wilhelmshaven-ggmbh,klinikum-wilhelmshaven-ggmbh:210,210,1,-1
10,klinikum-wilhelmshaven-ggmbh,klinikum-wilhelmshaven-ggmbh:214,214,1,2
10,klinikum-wilhelmshaven-ggmbh,klinikum-wilhelmshaven-ggmbh:216,216,1,-1
5,klinikum-wilhelmshaven-ggmbh,klinikum-wilhelmshaven-ggmbh:219,219,5,0
6,klinikum-wilhelmshaven-ggmbh,klinikum-wilhelmshaven-ggmbh:221,221,2,-1
17,klinikum-wilhelmshaven-ggmbh,klinikum-wilhelmshaven-ggmbh:223,223,1,-1
7,klinikum-wilhelmshaven-ggmbh,klinikum-wilhelmshaven-ggmbh:225,225,1,1
7,klinikum-wilhelmshaven-ggmbh,klinikum-wilhelmshaven-ggmbh:226,226,2,8
15,klinikum-wilhelmshaven-ggmbh,klinikum-wilhelmshaven-ggmbh:232,232,1,4
23,klinikum-wilhelmshaven-ggmbh,klinikum-wilhelmshaven-ggmbh:234,234,1,-1
3,klinikum-wilhelmshaven-ggmbh,klinikum-wilhelmshaven-ggmbh:236,236,5,11
9,klinikum-wilhelmshaven-ggmbh,klinikum-wilhelmshaven-ggmbh:240,240,1,-1
7,klinikum-wilhelmshaven-ggmbh,klinikum-wilhelmshaven-ggmbh:241,241,1,3
27,klinikum-wilhelmshaven-ggmbh,klinikum-wilhelmshaven-ggmbh:242,242,1,8
10,klinikum-wilhelmshaven-ggmbh,klinikum-wilhelmshaven-ggmbh:244,244,1,-1
3,klinikum-wilhelmshaven-ggmbh,klinikum-wilhelmshaven-ggmbh:246,246,1,-1
3,klinikum-wilhelmshaven-ggmbh,klinikum-wilhelmshaven-ggmbh:248,248,5,0
5,klinikum-wilhelmshaven-ggmbh,klinikum-wilhelmshaven-ggmbh:249,249,5,0
9,klinikum-wilhelmshaven-ggmbh,klinikum-wilhelmshaven-ggmbh:250,250,1,3
5,klinikum-wilhelmshaven-ggmbh,klinikum-wilhelmshaven-ggmbh:251,251,1,-1
10,klinikum-wilhelmshaven-ggmbh,klinikum-wilhelmshaven-ggmbh:252,252,1,-1
4,klinikum-wilhelmshaven-ggmbh,klinikum-wilhelmshaven-ggmbh:253,253,5,0
5,klinikum-wilhelmshaven-ggmbh,klinikum-wilhelmshaven-ggmbh:254,254,1,23
6,klinikum-wilhelmshaven-ggmbh,klinikum-wilhelmshaven-ggmbh:255,255,1,-1
4,klinikum-wilhelmshaven-ggmbh,klinikum-wilhelmshaven-ggmbh:257,257,5,8
4,klinikum-wilhelmshaven-ggmbh,klinikum-wilhelmshaven-ggmbh:259,259,5,0
4,klinikum-wilhelmshaven-ggmbh,klinikum-wilhelmshaven-ggmbh:261,261,1,-1
9,klinikum-wilhelmshaven-ggmbh,klinikum-wilhelmshaven-ggmbh:262,262,1,1
3,klinikum-wilhelmshaven-ggmbh,klinikum-wilhelmshaven-ggmbh:263,263,1,3
6,klinikum-wilhelmshaven-ggmbh,klinikum-wilhelmshaven-ggmbh:264,264,1,3
8,klinikum-wilhelmshaven-ggmbh,klinikum-wilhelmshaven-ggmbh:265,265,1,1
3,klinikum-wilhelmshaven-ggmbh,klinikum-wilhelmshaven-ggmbh:266,266,5,0
5,klinikum-wilhelmshaven-ggmbh,klinikum-wilhelmshaven-ggmbh:267,267,2,15
13,klinikum-wilhelmshaven-ggmbh,klinikum-wilhelmshaven-ggmbh:269,269,1,-1
6,klinikum-wilhelmshaven-ggmbh,klinikum-wilhelmshaven-ggmbh:270,270,1,-1
15,klinikum-wilhelmshaven-ggmbh,klinikum-wilhelmshaven-ggmbh:271,271,1,2
3,klinikum-wilhelmshaven-ggmbh,klinikum-wilhelmshaven-ggmbh:272,272,5,0
9,klinikum-wilhelmshaven-ggmbh,klinikum-wilhelmshaven-ggmbh:273,273,1,-1
4,klinikum-wilhelmshaven-ggmbh,klinikum-wilhelmshaven-ggmbh:275,275,1,-1
10,klinikum-wilhelmshaven-ggmbh,klinikum-wilhelmshaven-ggmbh:276,276,1,1
6,klinikum-wilhelmshaven-ggmbh,klinikum-wilhelmshaven-ggmbh:277,277,1,12
4,klinikum-wilhelmshaven-ggmbh,klinikum-wilhelmshaven-ggmbh:278,278,5,0
11,klinikum-wilhelmshaven-ggmbh,klinikum-wilhelmshaven-ggmbh:279,279,1,2
15,klinikum-wilhelmshaven-ggmbh,klinikum-wilhelmshaven-ggmbh:283,283,1,3
4,klinikum-wilhelmshaven-ggmbh,klinikum-wilhelmshaven-ggmbh:284,284,3,8
9,klinikum-wilhelmshaven-ggmbh,klinikum-wilhelmshaven-ggmbh:285,285,1,-1
10,klinikum-wilhelmshaven-ggmbh,klinikum-wilhelmshaven-ggmbh:287,287,1,-1
4,klinikum-wilhelmshaven-ggmbh,klinikum-wilhelmshaven-ggmbh:291,291,5,-1
8,klinikum-wilhelmshaven-ggmbh,klinikum-wilhelmshaven-ggmbh:296,296,1,1
6,klinikum-wilhelmshaven-ggmbh,klinikum-wilhelmshaven-ggmbh:298,298,3,10
6,klinikum-wilhelmshaven-ggmbh,klinikum-wilhelmshaven-ggmbh:299,299,1,-1
6,klinikum-wilhelmshaven-ggmbh,klinikum-wilhelmshaven-ggmbh:302,302,1,-1
10,klinikum-wilhelmshaven-ggmbh,klinikum-wilhelmshaven-ggmbh:303,303,1,-1
5,klinikum-wilhelmshaven-ggmbh,klinikum-wilhelmshaven-ggmbh:304,304,1,-1
7,klinikum-wilhelmshaven-ggmbh,klinikum-wilhelmshaven-ggmbh:307,307,1,3
3,klinikum-wilhelmshaven-ggmbh,klinikum-wilhelmshaven-ggmbh:309,309,4,0
3,klinikum-wilhelmshaven-ggmbh,klinikum-wilhelmshaven-ggmbh:312,312,4,12
3,klinikum-wilhelmshaven-ggmbh,klinikum-wilhelmshaven-ggmbh:313,313,5,0
7,klinikum-wilhelmshaven-ggmbh,klinikum-wilhelmshaven-ggmbh:315,315,1,2
9,klinikum-wilhelmshaven-ggmbh,klinikum-wilhelmshaven-ggmbh:316,316,1,12
4,klinikum-wilhelmshaven-ggmbh,klinikum-wilhelmshaven-ggmbh:317,317,1,-1
4,klinikum-wilhelmshaven-ggmbh,klinikum-wilhelmshaven-ggmbh:318,318,5,-1
8,klinikum-wilhelmshaven-ggmbh,klinikum-wilhelmshaven-ggmbh:322,322,1,23
5,klinikum-wilhelmshaven-ggmbh,klinikum-wilhelmshaven-ggmbh:324,324,1,-1
12,klinikum-wilhelmshaven-ggmbh,klinikum-wilhelmshaven-ggmbh:327,327,1,-1
8,klinikum-wilhelmshaven-ggmbh,klinikum-wilhelmshaven-ggmbh:328,328,1,1
4,klinikum-wilhelmshaven-ggmbh,klinikum-wilhelmshaven-ggmbh:330,330,1,9
7,klinikum-wilhelmshaven-ggmbh,klinikum-wilhelmshaven-ggmbh:332,332,1,2
8,klinikum-wilhelmshaven-ggmbh,klinikum-wilhelmshaven-ggmbh:333,333,1,4
13,klinikum-wilhelmshaven-ggmbh,klinikum-wilhelmshaven-ggmbh:335,335,1,7
8,klinikum-wilhelmshaven-ggmbh,klinikum-wilhelmshaven-ggmbh:337,337,1,10
6,klinikum-wilhelmshaven-ggmbh,klinikum-wilhelmshaven-ggmbh:338,338,1,-1
11,klinikum-wilhelmshaven-ggmbh,klinikum-wilhelmshaven-ggmbh:339,339,1,-1
5,klinikum-wilhelmshaven-ggmbh,klinikum-wilhelmshaven-ggmbh:340,340,1,-1
10,klinikum-wilhelmshaven-ggmbh,klinikum-wilhelmshaven-ggmbh:342,342,1,10
8,klinikum-wilhelmshaven-ggmbh,klinikum-wilhelmshaven-ggmbh:344,344,1,2
11,klinikum-wilhelmshaven-ggmbh,klinikum-wilhelmshaven-ggmbh:347,347,1,-1
4,klinikum-wilhelmshaven-ggmbh,klinikum-wilhelmshaven-ggmbh:350,350,1,3
3,klinikum-wilhelmshaven-ggmbh,klinikum-wilhelmshaven-ggmbh:351,351,1,2
6,klinikum-wilhelmshaven-ggmbh,klinikum-wilhelmshaven-ggmbh:353,353,1,7
6,klinikum-wilhelmshaven-ggmbh,klinikum-wilhelmshaven-ggmbh:354,354,1,2
7,klinikum-wilhelmshaven-ggmbh,klinikum-wilhelmshaven-ggmbh:356,356,1,3
3,klinikum-wilhelmshaven-ggmbh,klinikum-wilhelmshaven-ggmbh:358,358,1,7
3,klinikum-wilhelmshaven-ggmbh,klinikum-wilhelmshaven-ggmbh:361,361,,0
7,klinikum-wilhelmshaven-ggmbh,klinikum-wilhelmshaven-ggmbh:363,363,1,-1
9,klinikum-wilhelmshaven-ggmbh,klinikum-wilhelmshaven-ggmbh:371,371,1,-1
4,klinikum-wilhelmshaven-ggmbh,klinikum-wilhelmshaven-ggmbh:373,373,1,3
3,klinikum-wilhelmshaven-ggmbh,klinikum-wilhelmshaven-ggmbh:376,376,2,4
4,klinikum-wilhelmshaven-ggmbh,klinikum-wilhelmshaven-ggmbh:379,379,1,7
3,klinikum-wilhelmshaven-ggmbh,klinikum-wilhelmshaven-ggmbh:380,380,1,4
11,klinikum-wilhelmshaven-ggmbh,klinikum-wilhelmshaven-ggmbh:393,393,1,2
13,klinikum-wilhelmshaven-ggmbh,klinikum-wilhelmshaven-ggmbh:395,395,1,-1
8,klinikum-wilhelmshaven-ggmbh,klinikum-wilhelmshaven-ggmbh:396,396,1,7
3,klinikum-wilhelmshaven-ggmbh,klinikum-wilhelmshaven-ggmbh:399,399,2,26
5,klinikum-wilhelmshaven-ggmbh,klinikum-wilhelmshaven-ggmbh:401,401,1,4
7,klinikum-wilhelmshaven-ggmbh,klinikum-wilhelmshaven-ggmbh:404,404,1,8
7,klinikum-wilhelmshaven-ggmbh,klinikum-wilhelmshaven-ggmbh:405,405,1,7
11,klinikum-wilhelmshaven-ggmbh,klinikum-wilhelmshaven-ggmbh:406,406,1,-1
6,klinikum-wilhelmshaven-ggmbh,klinikum-wilhelmshaven-ggmbh:411,411,1,3
8,klinikum-wilhelmshaven-ggmbh,klinikum-wilhelmshaven-ggmbh:412,412,2,4
4,klinikum-wilhelmshaven-ggmbh,klinikum-wilhelmshaven-ggmbh:413,413,1,3
6,klinikum-wilhelmshaven-ggmbh,klinikum-wilhelmshaven-ggmbh:415,415,1,2
6,klinikum-wilhelmshaven-ggmbh,klinikum-wilhelmshaven-ggmbh:417,417,1,5
5,klinikum-wilhelmshaven-ggmbh,klinikum-wilhelmshaven-ggmbh:419,419,1,5
4,klinikum-wilhelmshaven-ggmbh,klinikum-wilhelmshaven-ggmbh:424,424,1,2
3,klinikum-wilhelmshaven-ggmbh,klinikum-wilhelmshaven-ggmbh:425,425,1,4
3,klinikum-wilhelmshaven-ggmbh,klinikum-wilhelmshaven-ggmbh:427,427,4,0
3,klinikum-wilhelmshaven-ggmbh,klinikum-wilhelmshaven-ggmbh:428,428,2,-1
7,klinikum-wilhelmshaven-ggmbh,klinikum-wilhelmshaven-ggmbh:431,431,1,5
8,klinikum-wilhelmshaven-ggmbh,klinikum-wilhelmshaven-ggmbh:448,448,1,7
3,klinikum-wilhelmshaven-ggmbh,klinikum-wilhelmshaven-ggmbh:453,453,1,5
5,klinikum-wilhelmshaven-ggmbh,klinikum-wilhelmshaven-ggmbh:454,454,1,0
7,klinikum-wilhelmshaven-ggmbh,klinikum-wilhelmshaven-ggmbh:467,467,1,8
5,klinikum-wilhelmshaven-ggmbh,klinikum-wilhelmshaven-ggmbh:469,469,1,7
5,klinikum-wilhelmshaven-ggmbh,klinikum-wilhelmshaven-ggmbh:471,471,1,20
5,klinikum-wilhelmshaven-ggmbh,klinikum-wilhelmshaven-ggmbh:474,474,1,5
3,klinikum-wolfsburg,klinikum-wolfsburg:78,78,5,11
3,klinikum-wolfsburg,klinikum-wolfsburg:97,97,1,1
6,klinikum-wolfsburg,klinikum-wolfsburg:99,99,1,-1
3,klinikum-wolfsburg,klinikum-wolfsburg:104,104,2,1
3,klinikum-wolfsburg,klinikum-wolfsburg:105,105,5,1
6,klinikum-wolfsburg,klinikum-wolfsburg:106,106,5,-1
10,klinikum-wolfsburg,klinikum-wolfsburg:111,111,3,12
6,klinikum-wolfsburg,klinikum-wolfsburg:114,114,1,-1
5,klinikum-wolfsburg,klinikum-wolfsburg:117,117,1,-1
6,klinikum-wolfsburg,klinikum-wolfsburg:118,118,1,2
6,klinikum-wolfsburg,klinikum-wolfsburg:126,126,2,1
3,klinikum-wolfsburg,klinikum-wolfsburg:127,127,3,1
3,klinikum-wolfsburg,klinikum-wolfsburg:129,129,5,-1
5,klinikum-wolfsburg,klinikum-wolfsburg:131,131,5,12
8,klinikum-wolfsburg,klinikum-wolfsburg:132,132,5,-1
5,klinikum-wolfsburg,klinikum-wolfsburg:135,135,1,-1
10,klinikum-wolfsburg,klinikum-wolfsburg:137,137,1,-1
3,klinikum-wolfsburg,klinikum-wolfsburg:138,138,5,0
3,klinikum-wolfsburg,klinikum-wolfsburg:139,139,5,11
3,klinikum-wolfsburg,klinikum-wolfsburg:141,141,1,-1
13,klinikum-wolfsburg,klinikum-wolfsburg:142,142,1,-1
7,klinikum-wolfsburg,klinikum-wolfsburg:143,143,1,2
3,klinikum-wolfsburg,klinikum-wolfsburg:146,146,5,0
5,klinikum-wolfsburg,klinikum-wolfsburg:148,148,5,0
6,klinikum-wolfsburg,klinikum-wolfsburg:149,149,5,11
3,klinikum-wolfsburg,klinikum-wolfsburg:150,150,5,1
4,klinikum-wolfsburg,klinikum-wolfsburg:152,152,3,4
5,klinikum-wolfsburg,klinikum-wolfsburg:154,154,2,-1
6,klinikum-wolfsburg,klinikum-wolfsburg:155,155,1,-1
6,klinikum-wolfsburg,klinikum-wolfsburg:156,156,1,-1
9,klinikum-wolfsburg,klinikum-wolfsburg:161,161,5,9
8,klinikum-wolfsburg,klinikum-wolfsburg:162,162,1,-1
5,klinikum-wolfsburg,klinikum-wolfsburg:168,168,5,11
16,klinikum-wolfsburg,klinikum-wolfsburg:169,169,1,1
5,klinikum-wolfsburg,klinikum-wolfsburg:170,170,5,-1
10,klinikum-wolfsburg,klinikum-wolfsburg:172,172,1,-1
3,klinikum-wolfsburg,klinikum-wolfsburg:173,173,5,-1
5,klinikum-wolfsburg,klinikum-wolfsburg:174,174,1,9
9,klinikum-wolfsburg,klinikum-wolfsburg:180,180,1,6
9,klinikum-wolfsburg,klinikum-wolfsburg:182,182,1,10
3,klinikum-wolfsburg,klinikum-wolfsburg:183,183,5,0
9,klinikum-wolfsburg,klinikum-wolfsburg:184,184,1,2
3,klinikum-wolfsburg,klinikum-wolfsburg:186,186,1,2
5,klinikum-wolfsburg,klinikum-wolfsburg:187,187,1,-1
6,klinikum-wolfsburg,klinikum-wolfsburg:188,188,1,1
6,klinikum-wolfsburg,klinikum-wolfsburg:190,190,5,12
11,klinikum-wolfsburg,klinikum-wolfsburg:194,194,1,-1
5,klinikum-wolfsburg,klinikum-wolfsburg:195,195,1,2
3,klinikum-wolfsburg,klinikum-wolfsburg:196,196,5,0
6,klinikum-wolfsburg,klinikum-wolfsburg:197,197,2,0
4,klinikum-wolfsburg,klinikum-wolfsburg:198,198,5,-1
5,klinikum-wolfsburg,klinikum-wolfsburg:200,200,1,2
9,klinikum-wolfsburg,klinikum-wolfsburg:201,201,1,9
12,klinikum-wolfsburg,klinikum-wolfsburg:202,202,5,-1
6,klinikum-wolfsburg,klinikum-wolfsburg:206,206,1,-1
3,klinikum-wolfsburg,klinikum-wolfsburg:207,207,5,0
5,klinikum-wolfsburg,klinikum-wolfsburg:208,208,1,-1
5,klinikum-wolfsburg,klinikum-wolfsburg:209,209,5,-1
7,klinikum-wolfsburg,klinikum-wolfsburg:211,211,1,-1
5,klinikum-wolfsburg,klinikum-wolfsburg:214,214,1,3
4,klinikum-wolfsburg,klinikum-wolfsburg:215,215,5,13
6,klinikum-wolfsburg,klinikum-wolfsburg:216,216,5,0
3,klinikum-wolfsburg,klinikum-wolfsburg:217,217,1,-1
6,klinikum-wolfsburg,klinikum-wolfsburg:218,218,5,13
9,klinikum-wolfsburg,klinikum-wolfsburg:219,219,1,-1
10,klinikum-wolfsburg,klinikum-wolfsburg:220,220,2,2
3,klinikum-wolfsburg,klinikum-wolfsburg:221,221,1,-1
4,klinikum-wolfsburg,klinikum-wolfsburg:222,222,4,9
19,klinikum-wolfsburg,klinikum-wolfsburg:223,223,1,-1
4,klinikum-wolfsburg,klinikum-wolfsburg:225,225,1,-1
5,klinikum-wolfsburg,klinikum-wolfsburg:226,226,5,11
12,klinikum-wolfsburg,klinikum-wolfsburg:227,227,1,3
3,klinikum-wolfsburg,klinikum-wolfsburg:228,228,1,-1
3,klinikum-wolfsburg,klinikum-wolfsburg:229,229,4,0
5,klinikum-wolfsburg,klinikum-wolfsburg:230,230,3,18
4,klinikum-wolfsburg,klinikum-wolfsburg:231,231,5,0
10,klinikum-wolfsburg,klinikum-wolfsburg:234,234,5,0
10,klinikum-wolfsburg,klinikum-wolfsburg:237,237,1,9
3,klinikum-wolfsburg,klinikum-wolfsburg:239,239,5,-1
17,klinikum-wolfsburg,klinikum-wolfsburg:241,241,1,6
6,klinikum-wolfsburg,klinikum-wolfsburg:243,243,5,0
4,klinikum-wolfsburg,klinikum-wolfsburg:244,244,1,3
10,klinikum-wolfsburg,klinikum-wolfsburg:245,245,1,12
5,klinikum-wolfsburg,klinikum-wolfsburg:246,246,4,11
5,klinikum-wolfsburg,klinikum-wolfsburg:248,248,1,2
8,klinikum-wolfsburg,klinikum-wolfsburg:252,252,1,-1
14,klinikum-wolfsburg,klinikum-wolfsburg:253,253,1,-1
6,klinikum-wolfsburg,klinikum-wolfsburg:255,255,1,2
3,klinikum-wolfsburg,klinikum-wolfsburg:257,257,5,0
5,klinikum-wolfsburg,klinikum-wolfsburg:258,258,2,-1
4,klinikum-wolfsburg,klinikum-wolfsburg:259,259,5,2
8,klinikum-wolfsburg,klinikum-wolfsburg:261,261,1,-1
8,klinikum-wolfsburg,klinikum-wolfsburg:263,263,1,-1
3,klinikum-wolfsburg,klinikum-wolfsburg:264,264,5,0
4,klinikum-wolfsburg,klinikum-wolfsburg:267,267,1,-1
3,klinikum-wolfsburg,klinikum-wolfsburg:268,268,5,11
3,klinikum-wolfsburg,klinikum-wolfsburg:269,269,1,1
8,klinikum-wolfsburg,klinikum-wolfsburg:271,271,1,3
7,klinikum-wolfsburg,klinikum-wolfsburg:273,273,1,-1
3,klinikum-wolfsburg,klinikum-wolfsburg:275,275,5,0
4,klinikum-wolfsburg,klinikum-wolfsburg:276,276,2,9
3,klinikum-wolfsburg,klinikum-wolfsburg:277,277,1,-1
12,klinikum-wolfsburg,klinikum-wolfsburg:281,281,1,13
4,klinikum-wolfsburg,klinikum-wolfsburg:282,282,1,3
4,klinikum-wolfsburg,klinikum-wolfsburg:285,285,1,1
10,klinikum-wolfsburg,klinikum-wolfsburg:288,288,1,1
5,klinikum-wolfsburg,klinikum-wolfsburg:292,292,1,-1
3,klinikum-wolfsburg,klinikum-wolfsburg:293,293,5,0
7,klinikum-wolfsburg,klinikum-wolfsburg:294,294,1,2
3,klinikum-wolfsburg,klinikum-wolfsburg:296,296,5,10
6,klinikum-wolfsburg,klinikum-wolfsburg:297,297,5,0
11,klinikum-wolfsburg,klinikum-wolfsburg:298,298,1,10
12,klinikum-wolfsburg,klinikum-wolfsburg:302,302,1,5
3,klinikum-wolfsburg,klinikum-wolfsburg:304,304,1,7
10,klinikum-wolfsburg,klinikum-wolfsburg:308,308,5,0
5,klinikum-wolfsburg,klinikum-wolfsburg:310,310,1,-1
9,klinikum-wolfsburg,klinikum-wolfsburg:311,311,1,12
8,klinikum-wolfsburg,klinikum-wolfsburg:312,312,1,-1
6,klinikum-wolfsburg,klinikum-wolfsburg:313,313,1,7
3,klinikum-wolfsburg,klinikum-wolfsburg:315,315,1,8
3,klinikum-wolfsburg,klinikum-wolfsburg:317,317,1,14
5,klinikum-wolfsburg,klinikum-wolfsburg:318,318,5,26
7,klinikum-wolfsburg,klinikum-wolfsburg:321,321,1,-1
7,klinikum-wolfsburg,klinikum-wolfsburg:323,323,1,10
7,klinikum-wolfsburg,klinikum-wolfsburg:325,325,1,3
6,klinikum-wolfsburg,klinikum-wolfsburg:328,328,1,-1
4,klinikum-wolfsburg,klinikum-wolfsburg:329,329,2,-1
3,klinikum-wolfsburg,klinikum-wolfsburg:330,330,1,9
6,klinikum-wolfsburg,klinikum-wolfsburg:333,333,2,4
3,klinikum-wolfsburg,klinikum-wolfsburg:334,334,1,-1
11,klinikum-wolfsburg,klinikum-wolfsburg:335,335,1,4
3,klinikum-wolfsburg,klinikum-wolfsburg:336,336,5,0
4,klinikum-wolfsburg,klinikum-wolfsburg:337,337,1,-1
3,klinikum-wolfsburg,klinikum-wolfsburg:341,341,1,-1
3,klinikum-wolfsburg,klinikum-wolfsburg:342,342,1,-1
3,klinikum-wolfsburg,klinikum-wolfsburg:344,344,1,2
9,klinikum-wolfsburg,klinikum-wolfsburg:348,348,1,-1
4,klinikum-wolfsburg,klinikum-wolfsburg:349,349,1,16
6,klinikum-wolfsburg,klinikum-wolfsburg:350,350,1,-1
10,klinikum-wolfsburg,klinikum-wolfsburg:353,353,1,-1
6,klinikum-wolfsburg,klinikum-wolfsburg:354,354,1,9
8,klinikum-wolfsburg,klinikum-wolfsburg:355,355,1,9
5,klinikum-wolfsburg,klinikum-wolfsburg:357,357,1,-1
6,klinikum-wolfsburg,klinikum-wolfsburg:358,358,1,8
3,klinikum-wolfsburg,klinikum-wolfsburg:361,361,5,-1
9,klinikum-wolfsburg,klinikum-wolfsburg:363,363,1,-1
5,klinikum-wolfsburg,klinikum-wolfsburg:365,365,1,-1
6,klinikum-wolfsburg,klinikum-wolfsburg:367,367,1,-1
7,klinikum-wolfsburg,klinikum-wolfsburg:369,369,1,-1
5,klinikum-wolfsburg,klinikum-wolfsburg:370,370,1,-1
6,klinikum-wolfsburg,klinikum-wolfsburg:374,374,1,9
6,klinikum-wolfsburg,klinikum-wolfsburg:377,377,2,6
5,klinikum-wolfsburg,klinikum-wolfsburg:378,378,1,-1
5,klinikum-wolfsburg,klinikum-wolfsburg:381,381,1,1
5,klinikum-wolfsburg,klinikum-wolfsburg:383,383,1,8
3,klinikum-wolfsburg,klinikum-wolfsburg:384,384,4,0
10,klinikum-wolfsburg,klinikum-wolfsburg:385,385,1,7
3,klinikum-wolfsburg,klinikum-wolfsburg:386,386,1,24
7,klinikum-wolfsburg,klinikum-wolfsburg:389,389,1,-1
8,klinikum-wolfsburg,klinikum-wolfsburg:393,393,1,3
3,klinikum-wolfsburg,klinikum-wolfsburg:394,394,5,-1
3,klinikum-wolfsburg,klinikum-wolfsburg:396,396,1,-1
14,klinikum-wolfsburg,klinikum-wolfsburg:398,398,1,-1
3,klinikum-wolfsburg,klinikum-wolfsburg:400,400,1,-1
4,klinikum-wolfsburg,klinikum-wolfsburg:402,402,1,25
10,klinikum-wolfsburg,klinikum-wolfsburg:409,409,1,7
7,klinikum-wolfsburg,klinikum-wolfsburg:411,411,1,4
5,klinikum-wolfsburg,klinikum-wolfsburg:412,412,1,14
5,klinikum-wolfsburg,klinikum-wolfsburg:413,413,1,4
4,klinikum-wolfsburg,klinikum-wolfsburg:416,416,5,4
4,klinikum-wolfsburg,klinikum-wolfsburg:421,421,5,-1
7,klinikum-wolfsburg,klinikum-wolfsburg:424,424,2,0
4,klinikum-wolfsburg,klinikum-wolfsburg:425,425,1,-1
7,klinikum-wolfsburg,klinikum-wolfsburg:427,427,1,1
3,klinikum-wolfsburg,klinikum-wolfsburg:430,430,5,0
8,klinikum-wolfsburg,klinikum-wolfsburg:431,431,1,-1
8,klinikum-wolfsburg,klinikum-wolfsburg:439,439,1,24
4,klinikum-wolfsburg,klinikum-wolfsburg:444,444,1,-1
3,klinikum-wolfsburg,klinikum-wolfsburg:446,446,2,4
4,klinikum-wolfsburg,klinikum-wolfsburg:448,448,1,-1
6,klinikum-wolfsburg,klinikum-wolfsburg:451,451,1,4
3,klinikum-wolfsburg,klinikum-wolfsburg:460,460,5,0
9,klinikum-wolfsburg,klinikum-wolfsburg:468,468,1,-1
7,klinikum-wolfsburg,klinikum-wolfsburg:472,472,1,-1
9,klinikum-wolfsburg,klinikum-wolfsburg:473,473,1,5
6,klinikum-wolfsburg,klinikum-wolfsburg:476,476,1,5
8,klinikum-wolfsburg,klinikum-wolfsburg:477,477,1,0
7,klinikum-wolfsburg,klinikum-wolfsburg:480,480,2,-1
7,klinikum-wolfsburg,klinikum-wolfsburg:482,482,1,5
9,klinikum-wolfsburg,klinikum-wolfsburg:484,484,1,5
4,klinikum-wolfsburg,klinikum-wolfsburg:485,485,1,-1
4,klinikum-wolfsburg,klinikum-wolfsburg:488,488,1,-1
3,klinikum-wolfsburg,klinikum-wolfsburg:495,495,1,14
3,klinikum-wolfsburg,klinikum-wolfsburg:501,501,1,25
4,klinikum-wolfsburg,klinikum-wolfsburg:513,513,1,5
4,klinikum-wolfsburg,klinikum-wolfsburg:532,532,5,-1
3,klinikum-wolfsburg,klinikum-wolfsburg:542,542,1,-1
5,krankenhaus-buchholz-und-winsen-ggmbh-krankenhaus-buchholz,krankenhaus-buchholz-und-winsen-ggmbh-krankenhaus-buchholz:35,35,2,-1
5,krankenhaus-buchholz-und-winsen-ggmbh-krankenhaus-buchholz,krankenhaus-buchholz-und-winsen-ggmbh-krankenhaus-buchholz:41,41,1,16
4,krankenhaus-buchholz-und-winsen-ggmbh-krankenhaus-buchholz,krankenhaus-buchholz-und-winsen-ggmbh-krankenhaus-buchholz:48,48,5,0
10,krankenhaus-buchholz-und-winsen-ggmbh-krankenhaus-buchholz,krankenhaus-buchholz-und-winsen-ggmbh-krankenhaus-buchholz:56,56,1,-1
3,krankenhaus-buchholz-und-winsen-ggmbh-krankenhaus-buchholz,krankenhaus-buchholz-und-winsen-ggmbh-krankenhaus-buchholz:60,60,5,0
3,krankenhaus-buchholz-und-winsen-ggmbh-krankenhaus-buchholz,krankenhaus-buchholz-und-winsen-ggmbh-krankenhaus-buchholz:65,65,4,0
4,krankenhaus-buchholz-und-winsen-ggmbh-krankenhaus-buchholz,krankenhaus-buchholz-und-winsen-ggmbh-krankenhaus-buchholz:67,67,5,-1
3,krankenhaus-buchholz-und-winsen-ggmbh-krankenhaus-buchholz,krankenhaus-buchholz-und-winsen-ggmbh-krankenhaus-buchholz:69,69,5,0
9,krankenhaus-buchholz-und-winsen-ggmbh-krankenhaus-buchholz,krankenhaus-buchholz-und-winsen-ggmbh-krankenhaus-buchholz:71,71,1,7
4,krankenhaus-buchholz-und-winsen-ggmbh-krankenhaus-buchholz,krankenhaus-buchholz-und-winsen-ggmbh-krankenhaus-buchholz:72,72,5,-1
4,krankenhaus-buchholz-und-winsen-ggmbh-krankenhaus-buchholz,krankenhaus-buchholz-und-winsen-ggmbh-krankenhaus-buchholz:74,74,4,-1
15,krankenhaus-buchholz-und-winsen-ggmbh-krankenhaus-buchholz,krankenhaus-buchholz-und-winsen-ggmbh-krankenhaus-buchholz:76,76,1,1
3,krankenhaus-buchholz-und-winsen-ggmbh-krankenhaus-buchholz,krankenhaus-buchholz-und-winsen-ggmbh-krankenhaus-buchholz:77,77,5,-1
5,krankenhaus-buchholz-und-winsen-ggmbh-krankenhaus-buchholz,krankenhaus-buchholz-und-winsen-ggmbh-krankenhaus-buchholz:79,79,5,-1
5,krankenhaus-buchholz-und-winsen-ggmbh-krankenhaus-buchholz,krankenhaus-buchholz-und-winsen-ggmbh-krankenhaus-buchholz:81,81,5,-1
14,krankenhaus-buchholz-und-winsen-ggmbh-krankenhaus-buchholz,krankenhaus-buchholz-und-winsen-ggmbh-krankenhaus-buchholz:82,82,1,3
5,krankenhaus-buchholz-und-winsen-ggmbh-krankenhaus-buchholz,krankenhaus-buchholz-und-winsen-ggmbh-krankenhaus-buchholz:84,84,5,0
10,krankenhaus-buchholz-und-winsen-ggmbh-krankenhaus-buchholz,krankenhaus-buchholz-und-winsen-ggmbh-krankenhaus-buchholz:86,86,1,-1
9,krankenhaus-buchholz-und-winsen-ggmbh-krankenhaus-buchholz,krankenhaus-buchholz-und-winsen-ggmbh-krankenhaus-buchholz:90,90,5,22
6,krankenhaus-buchholz-und-winsen-ggmbh-krankenhaus-buchholz,krankenhaus-buchholz-und-winsen-ggmbh-krankenhaus-buchholz:91,91,5,0
3,krankenhaus-buchholz-und-winsen-ggmbh-krankenhaus-buchholz,krankenhaus-buchholz-und-winsen-ggmbh-krankenhaus-buchholz:92,92,5,0
3,krankenhaus-buchholz-und-winsen-ggmbh-krankenhaus-buchholz,krankenhaus-buchholz-und-winsen-ggmbh-krankenhaus-buchholz:93,93,5,11
14,krankenhaus-buchholz-und-winsen-ggmbh-krankenhaus-buchholz,krankenhaus-buchholz-und-winsen-ggmbh-krankenhaus-buchholz:94,94,1,-1
13,krankenhaus-buchholz-und-winsen-ggmbh-krankenhaus-buchholz,krankenhaus-buchholz-und-winsen-ggmbh-krankenhaus-buchholz:95,95,1,1
4,krankenhaus-buchholz-und-winsen-ggmbh-krankenhaus-buchholz,krankenhaus-buchholz-und-winsen-ggmbh-krankenhaus-buchholz:99,99,1,-1
5,krankenhaus-buchholz-und-winsen-ggmbh-krankenhaus-buchholz,krankenhaus-buchholz-und-winsen-ggmbh-krankenhaus-buchholz:100,100,5,11
5,krankenhaus-buchholz-und-winsen-ggmbh-krankenhaus-buchholz,krankenhaus-buchholz-und-winsen-ggmbh-krankenhaus-buchholz:101,101,1,-1
4,krankenhaus-buchholz-und-winsen-ggmbh-krankenhaus-buchholz,krankenhaus-buchholz-und-winsen-ggmbh-krankenhaus-buchholz:102,102,5,0
7,krankenhaus-buchholz-und-winsen-ggmbh-krankenhaus-buchholz,krankenhaus-buchholz-und-winsen-ggmbh-krankenhaus-buchholz:103,103,1,10
16,krankenhaus-buchholz-und-winsen-ggmbh-krankenhaus-buchholz,krankenhaus-buchholz-und-winsen-ggmbh-krankenhaus-buchholz:104,104,1,13
3,krankenhaus-buchholz-und-winsen-ggmbh-krankenhaus-buchholz,krankenhaus-buchholz-und-winsen-ggmbh-krankenhaus-buchholz:107,107,4,-1
3,krankenhaus-buchholz-und-winsen-ggmbh-krankenhaus-buchholz,krankenhaus-buchholz-und-winsen-ggmbh-krankenhaus-buchholz:108,108,1,1
6,krankenhaus-buchholz-und-winsen-ggmbh-krankenhaus-buchholz,krankenhaus-buchholz-und-winsen-ggmbh-krankenhaus-buchholz:112,112,2,10
6,krankenhaus-buchholz-und-winsen-ggmbh-krankenhaus-buchholz,krankenhaus-buchholz-und-winsen-ggmbh-krankenhaus-buchholz:113,113,5,11
7,krankenhaus-buchholz-und-winsen-ggmbh-krankenhaus-buchholz,krankenhaus-buchholz-und-winsen-ggmbh-krankenhaus-buchholz:114,114,1,-1
7,krankenhaus-buchholz-und-winsen-ggmbh-krankenhaus-buchholz,krankenhaus-buchholz-und-winsen-ggmbh-krankenhaus-buchholz:115,115,1,1
23,krankenhaus-buchholz-und-winsen-ggmbh-krankenhaus-buchholz,krankenhaus-buchholz-und-winsen-ggmbh-krankenhaus-buchholz:117,117,1,-1
3,krankenhaus-buchholz-und-winsen-ggmbh-krankenhaus-buchholz,krankenhaus-buchholz-und-winsen-ggmbh-krankenhaus-buchholz:119,119,5,-1
14,krankenhaus-buchholz-und-winsen-ggmbh-krankenhaus-buchholz,krankenhaus-buchholz-und-winsen-ggmbh-krankenhaus-buchholz:123,123,1,1
6,krankenhaus-buchholz-und-winsen-ggmbh-krankenhaus-buchholz,krankenhaus-buchholz-und-winsen-ggmbh-krankenhaus-buchholz:124,124,5,11
6,krankenhaus-buchholz-und-winsen-ggmbh-krankenhaus-buchholz,krankenhaus-buchholz-und-winsen-ggmbh-krankenhaus-buchholz:125,125,3,2
4,krankenhaus-buchholz-und-winsen-ggmbh-krankenhaus-buchholz,krankenhaus-buchholz-und-winsen-ggmbh-krankenhaus-buchholz:126,126,4,0
7,krankenhaus-buchholz-und-winsen-ggmbh-krankenhaus-buchholz,krankenhaus-buchholz-und-winsen-ggmbh-krankenhaus-buchholz:128,128,1,-1
10,krankenhaus-buchholz-und-winsen-ggmbh-krankenhaus-buchholz,krankenhaus-buchholz-und-winsen-ggmbh-krankenhaus-buchholz:129,129,1,-1
4,krankenhaus-buchholz-und-winsen-ggmbh-krankenhaus-buchholz,krankenhaus-buchholz-und-winsen-ggmbh-krankenhaus-buchholz:130,130,3,6
21,krankenhaus-buchholz-und-winsen-ggmbh-krankenhaus-buchholz,krankenhaus-buchholz-und-winsen-ggmbh-krankenhaus-buchholz:131,131,1,-1
27,krankenhaus-buchholz-und-winsen-ggmbh-krankenhaus-buchholz,krankenhaus-buchholz-und-winsen-ggmbh-krankenhaus-buchholz:132,132,1,0
12,krankenhaus-buchholz-und-winsen-ggmbh-krankenhaus-buchholz,krankenhaus-buchholz-und-winsen-ggmbh-krankenhaus-buchholz:133,133,1,-1
9,krankenhaus-buchholz-und-winsen-ggmbh-krankenhaus-buchholz,krankenhaus-buchholz-und-winsen-ggmbh-krankenhaus-buchholz:135,135,5,-1
4,krankenhaus-buchholz-und-winsen-ggmbh-krankenhaus-buchholz,krankenhaus-buchholz-und-winsen-ggmbh-krankenhaus-buchholz:136,136,1,-1
3,krankenhaus-buchholz-und-winsen-ggmbh-krankenhaus-buchholz,krankenhaus-buchholz-und-winsen-ggmbh-krankenhaus-buchholz:140,140,5,-1
8,krankenhaus-buchholz-und-winsen-ggmbh-krankenhaus-buchholz,krankenhaus-buchholz-und-winsen-ggmbh-krankenhaus-buchholz:143,143,1,12
6,krankenhaus-buchholz-und-winsen-ggmbh-krankenhaus-buchholz,krankenhaus-buchholz-und-winsen-ggmbh-krankenhaus-buchholz:144,144,1,-1
5,krankenhaus-buchholz-und-winsen-ggmbh-krankenhaus-buchholz,krankenhaus-buchholz-und-winsen-ggmbh-krankenhaus-buchholz:145,145,1,0
4,krankenhaus-buchholz-und-winsen-ggmbh-krankenhaus-buchholz,krankenhaus-buchholz-und-winsen-ggmbh-krankenhaus-buchholz:146,146,2,9
9,krankenhaus-buchholz-und-winsen-ggmbh-krankenhaus-buchholz,krankenhaus-buchholz-und-winsen-ggmbh-krankenhaus-buchholz:148,148,1,3
9,krankenhaus-buchholz-und-winsen-ggmbh-krankenhaus-buchholz,krankenhaus-buchholz-und-winsen-ggmbh-krankenhaus-buchholz:149,149,1,-1
4,krankenhaus-buchholz-und-winsen-ggmbh-krankenhaus-buchholz,krankenhaus-buchholz-und-winsen-ggmbh-krankenhaus-buchholz:151,151,5,0
4,krankenhaus-buchholz-und-winsen-ggmbh-krankenhaus-buchholz,krankenhaus-buchholz-und-winsen-ggmbh-krankenhaus-buchholz:152,152,5,-1
18,krankenhaus-buchholz-und-winsen-ggmbh-krankenhaus-buchholz,krankenhaus-buchholz-und-winsen-ggmbh-krankenhaus-buchholz:154,154,1,6
7,krankenhaus-buchholz-und-winsen-ggmbh-krankenhaus-buchholz,krankenhaus-buchholz-und-winsen-ggmbh-krankenhaus-buchholz:156,156,4,-1
5,krankenhaus-buchholz-und-winsen-ggmbh-krankenhaus-buchholz,krankenhaus-buchholz-und-winsen-ggmbh-krankenhaus-buchholz:157,157,1,4
10,krankenhaus-buchholz-und-winsen-ggmbh-krankenhaus-buchholz,krankenhaus-buchholz-und-winsen-ggmbh-krankenhaus-buchholz:158,158,1,-1
6,krankenhaus-buchholz-und-winsen-ggmbh-krankenhaus-buchholz,krankenhaus-buchholz-und-winsen-ggmbh-krankenhaus-buchholz:159,159,5,0
4,krankenhaus-buchholz-und-winsen-ggmbh-krankenhaus-buchholz,krankenhaus-buchholz-und-winsen-ggmbh-krankenhaus-buchholz:160,160,5,0
14,krankenhaus-buchholz-und-winsen-ggmbh-krankenhaus-buchholz,krankenhaus-buchholz-und-winsen-ggmbh-krankenhaus-buchholz:161,161,1,9
10,krankenhaus-buchholz-und-winsen-ggmbh-krankenhaus-buchholz,krankenhaus-buchholz-und-winsen-ggmbh-krankenhaus-buchholz:163,163,1,-1
9,krankenhaus-buchholz-und-winsen-ggmbh-krankenhaus-buchholz,krankenhaus-buchholz-und-winsen-ggmbh-krankenhaus-buchholz:164,164,2,10
24,krankenhaus-buchholz-und-winsen-ggmbh-krankenhaus-buchholz,krankenhaus-buchholz-und-winsen-ggmbh-krankenhaus-buchholz:168,168,1,-1
6,krankenhaus-buchholz-und-winsen-ggmbh-krankenhaus-buchholz,krankenhaus-buchholz-und-winsen-ggmbh-krankenhaus-buchholz:170,170,1,-1
4,krankenhaus-buchholz-und-winsen-ggmbh-krankenhaus-buchholz,krankenhaus-buchholz-und-winsen-ggmbh-krankenhaus-buchholz:171,171,1,-1
3,krankenhaus-buchholz-und-winsen-ggmbh-krankenhaus-buchholz,krankenhaus-buchholz-und-winsen-ggmbh-krankenhaus-buchholz:172,172,1,-1
17,krankenhaus-buchholz-und-winsen-ggmbh-krankenhaus-buchholz,krankenhaus-buchholz-und-winsen-ggmbh-krankenhaus-buchholz:173,173,1,9
13,krankenhaus-buchholz-und-winsen-ggmbh-krankenhaus-buchholz,krankenhaus-buchholz-und-winsen-ggmbh-krankenhaus-buchholz:174,174,1,-1
22,krankenhaus-buchholz-und-winsen-ggmbh-krankenhaus-buchholz,krankenhaus-buchholz-und-winsen-ggmbh-krankenhaus-buchholz:179,179,1,4
15,krankenhaus-buchholz-und-winsen-ggmbh-krankenhaus-buchholz,krankenhaus-buchholz-und-winsen-ggmbh-krankenhaus-buchholz:180,180,1,-1
9,krankenhaus-buchholz-und-winsen-ggmbh-krankenhaus-buchholz,krankenhaus-buchholz-und-winsen-ggmbh-krankenhaus-buchholz:182,182,1,14
15,krankenhaus-buchholz-und-winsen-ggmbh-krankenhaus-buchholz,krankenhaus-buchholz-und-winsen-ggmbh-krankenhaus-buchholz:183,183,1,-1
7,krankenhaus-buchholz-und-winsen-ggmbh-krankenhaus-buchholz,krankenhaus-buchholz-und-winsen-ggmbh-krankenhaus-buchholz:184,184,2,-1
6,krankenhaus-buchholz-und-winsen-ggmbh-krankenhaus-buchholz,krankenhaus-buchholz-und-winsen-ggmbh-krankenhaus-buchholz:186,186,1,-1
7,krankenhaus-buchholz-und-winsen-ggmbh-krankenhaus-buchholz,krankenhaus-buchholz-und-winsen-ggmbh-krankenhaus-buchholz:188,188,1,-1
9,krankenhaus-buchholz-und-winsen-ggmbh-krankenhaus-buchholz,krankenhaus-buchholz-und-winsen-ggmbh-krankenhaus-buchholz:189,189,1,1
19,krankenhaus-buchholz-und-winsen-ggmbh-krankenhaus-buchholz,krankenhaus-buchholz-und-winsen-ggmbh-krankenhaus-buchholz:191,191,1,9
7,krankenhaus-buchholz-und-winsen-ggmbh-krankenhaus-buchholz,krankenhaus-buchholz-und-winsen-ggmbh-krankenhaus-buchholz:197,197,5,-1
12,krankenhaus-buchholz-und-winsen-ggmbh-krankenhaus-buchholz,krankenhaus-buchholz-und-winsen-ggmbh-krankenhaus-buchholz:198,198,1,-1
4,krankenhaus-buchholz-und-winsen-ggmbh-krankenhaus-buchholz,krankenhaus-buchholz-und-winsen-ggmbh-krankenhaus-buchholz:199,199,5,0
3,krankenhaus-buchholz-und-winsen-ggmbh-krankenhaus-buchholz,krankenhaus-buchholz-und-winsen-ggmbh-krankenhaus-buchholz:200,200,3,21
5,krankenhaus-buchholz-und-winsen-ggmbh-krankenhaus-buchholz,krankenhaus-buchholz-und-winsen-ggmbh-krankenhaus-buchholz:201,201,1,16
8,krankenhaus-buchholz-und-winsen-ggmbh-krankenhaus-buchholz,krankenhaus-buchholz-und-winsen-ggmbh-krankenhaus-buchholz:202,202,1,10
8,krankenhaus-buchholz-und-winsen-ggmbh-krankenhaus-buchholz,krankenhaus-buchholz-und-winsen-ggmbh-krankenhaus-buchholz:206,206,1,17
3,krankenhaus-buchholz-und-winsen-ggmbh-krankenhaus-buchholz,krankenhaus-buchholz-und-winsen-ggmbh-krankenhaus-buchholz:207,207,1,1
3,krankenhaus-buchholz-und-winsen-ggmbh-krankenhaus-buchholz,krankenhaus-buchholz-und-winsen-ggmbh-krankenhaus-buchholz:210,210,5,0
7,krankenhaus-buchholz-und-winsen-ggmbh-krankenhaus-buchholz,krankenhaus-buchholz-und-winsen-ggmbh-krankenhaus-buchholz:214,214,5,12
15,krankenhaus-buchholz-und-winsen-ggmbh-krankenhaus-buchholz,krankenhaus-buchholz-und-winsen-ggmbh-krankenhaus-buchholz:215,215,1,-1
11,krankenhaus-buchholz-und-winsen-ggmbh-krankenhaus-buchholz,krankenhaus-buchholz-und-winsen-ggmbh-krankenhaus-buchholz:216,216,1,-1
13,krankenhaus-buchholz-und-winsen-ggmbh-krankenhaus-buchholz,krankenhaus-buchholz-und-winsen-ggmbh-krankenhaus-buchholz:218,218,1,4
9,krankenhaus-buchholz-und-winsen-ggmbh-krankenhaus-buchholz,krankenhaus-buchholz-und-winsen-ggmbh-krankenhaus-buchholz:219,219,1,-1
10,krankenhaus-buchholz-und-winsen-ggmbh-krankenhaus-buchholz,krankenhaus-buchholz-und-winsen-ggmbh-krankenhaus-buchholz:221,221,2,17
8,krankenhaus-buchholz-und-winsen-ggmbh-krankenhaus-buchholz,krankenhaus-buchholz-und-winsen-ggmbh-krankenhaus-buchholz:222,222,1,10
5,krankenhaus-buchholz-und-winsen-ggmbh-krankenhaus-buchholz,krankenhaus-buchholz-und-winsen-ggmbh-krankenhaus-buchholz:223,223,4,-1
3,krankenhaus-buchholz-und-winsen-ggmbh-krankenhaus-buchholz,krankenhaus-buchholz-und-winsen-ggmbh-krankenhaus-buchholz:224,224,3,23
5,krankenhaus-buchholz-und-winsen-ggmbh-krankenhaus-buchholz,krankenhaus-buchholz-und-winsen-ggmbh-krankenhaus-buchholz:225,225,4,8
11,krankenhaus-buchholz-und-winsen-ggmbh-krankenhaus-buchholz,krankenhaus-buchholz-und-winsen-ggmbh-krankenhaus-buchholz:227,227,1,-1
4,krankenhaus-buchholz-und-winsen-ggmbh-krankenhaus-buchholz,krankenhaus-buchholz-und-winsen-ggmbh-krankenhaus-buchholz:228,228,5,11
9,krankenhaus-buchholz-und-winsen-ggmbh-krankenhaus-buchholz,krankenhaus-buchholz-und-winsen-ggmbh-krankenhaus-buchholz:231,231,1,16
3,krankenhaus-buchholz-und-winsen-ggmbh-krankenhaus-buchholz,krankenhaus-buchholz-und-winsen-ggmbh-krankenhaus-buchholz:235,235,1,2
4,krankenhaus-buchholz-und-winsen-ggmbh-krankenhaus-buchholz,krankenhaus-buchholz-und-winsen-ggmbh-krankenhaus-buchholz:237,237,5,0
10,krankenhaus-buchholz-und-winsen-ggmbh-krankenhaus-buchholz,krankenhaus-buchholz-und-winsen-ggmbh-krankenhaus-buchholz:238,238,1,4
5,krankenhaus-buchholz-und-winsen-ggmbh-krankenhaus-buchholz,krankenhaus-buchholz-und-winsen-ggmbh-krankenhaus-buchholz:240,240,1,-1
19,krankenhaus-buchholz-und-winsen-ggmbh-krankenhaus-buchholz,krankenhaus-buchholz-und-winsen-ggmbh-krankenhaus-buchholz:243,243,1,-1
13,krankenhaus-buchholz-und-winsen-ggmbh-krankenhaus-buchholz,krankenhaus-buchholz-und-winsen-ggmbh-krankenhaus-buchholz:244,244,1,-1
5,krankenhaus-buchholz-und-winsen-ggmbh-krankenhaus-buchholz,krankenhaus-buchholz-und-winsen-ggmbh-krankenhaus-buchholz:245,245,1,2
13,krankenhaus-buchholz-und-winsen-ggmbh-krankenhaus-buchholz,krankenhaus-buchholz-und-winsen-ggmbh-krankenhaus-buchholz:246,246,1,2
17,krankenhaus-buchholz-und-winsen-ggmbh-krankenhaus-buchholz,krankenhaus-buchholz-und-winsen-ggmbh-krankenhaus-buchholz:249,249,1,12
9,krankenhaus-buchholz-und-winsen-ggmbh-krankenhaus-buchholz,krankenhaus-buchholz-und-winsen-ggmbh-krankenhaus-buchholz:250,250,1,-1
3,krankenhaus-buchholz-und-winsen-ggmbh-krankenhaus-buchholz,krankenhaus-buchholz-und-winsen-ggmbh-krankenhaus-buchholz:251,251,5,0
5,krankenhaus-buchholz-und-winsen-ggmbh-krankenhaus-buchholz,krankenhaus-buchholz-und-winsen-ggmbh-krankenhaus-buchholz:257,257,1,-1
11,krankenhaus-buchholz-und-winsen-ggmbh-krankenhaus-buchholz,krankenhaus-buchholz-und-winsen-ggmbh-krankenhaus-buchholz:260,260,1,-1
3,krankenhaus-buchholz-und-winsen-ggmbh-krankenhaus-buchholz,krankenhaus-buchholz-und-winsen-ggmbh-krankenhaus-buchholz:261,261,1,1
7,krankenhaus-buchholz-und-winsen-ggmbh-krankenhaus-buchholz,krankenhaus-buchholz-und-winsen-ggmbh-krankenhaus-buchholz:262,262,1,7
3,krankenhaus-buchholz-und-winsen-ggmbh-krankenhaus-buchholz,krankenhaus-buchholz-und-winsen-ggmbh-krankenhaus-buchholz:264,264,1,17
8,krankenhaus-buchholz-und-winsen-ggmbh-krankenhaus-buchholz,krankenhaus-buchholz-und-winsen-ggmbh-krankenhaus-buchholz:265,265,1,-1
18,krankenhaus-buchholz-und-winsen-ggmbh-krankenhaus-buchholz,krankenhaus-buchholz-und-winsen-ggmbh-krankenhaus-buchholz:267,267,1,6
15,krankenhaus-buchholz-und-winsen-ggmbh-krankenhaus-buchholz,krankenhaus-buchholz-und-winsen-ggmbh-krankenhaus-buchholz:271,271,1,7
9,krankenhaus-buchholz-und-winsen-ggmbh-krankenhaus-buchholz,krankenhaus-buchholz-und-winsen-ggmbh-krankenhaus-buchholz:276,276,1,-1
6,krankenhaus-buchholz-und-winsen-ggmbh-krankenhaus-buchholz,krankenhaus-buchholz-und-winsen-ggmbh-krankenhaus-buchholz:277,277,5,0
5,krankenhaus-buchholz-und-winsen-ggmbh-krankenhaus-buchholz,krankenhaus-buchholz-und-winsen-ggmbh-krankenhaus-buchholz:281,281,1,18
3,krankenhaus-buchholz-und-winsen-ggmbh-krankenhaus-buchholz,krankenhaus-buchholz-und-winsen-ggmbh-krankenhaus-buchholz:283,283,1,-1
4,krankenhaus-buchholz-und-winsen-ggmbh-krankenhaus-buchholz,krankenhaus-buchholz-und-winsen-ggmbh-krankenhaus-buchholz:284,284,5,11
10,krankenhaus-buchholz-und-winsen-ggmbh-krankenhaus-buchholz,krankenhaus-buchholz-und-winsen-ggmbh-krankenhaus-buchholz:287,287,5,0
15,krankenhaus-buchholz-und-winsen-ggmbh-krankenhaus-buchholz,krankenhaus-buchholz-und-winsen-ggmbh-krankenhaus-buchholz:288,288,1,-1
6,krankenhaus-buchholz-und-winsen-ggmbh-krankenhaus-buchholz,krankenhaus-buchholz-und-winsen-ggmbh-krankenhaus-buchholz:291,291,1,4
9,krankenhaus-buchholz-und-winsen-ggmbh-krankenhaus-buchholz,krankenhaus-buchholz-und-winsen-ggmbh-krankenhaus-buchholz:297,297,1,-1
3,krankenhaus-buchholz-und-winsen-ggmbh-krankenhaus-buchholz,krankenhaus-buchholz-und-winsen-ggmbh-krankenhaus-buchholz:298,298,5,-1
4,krankenhaus-buchholz-und-winsen-ggmbh-krankenhaus-buchholz,krankenhaus-buchholz-und-winsen-ggmbh-krankenhaus-buchholz:299,299,1,13
4,krankenhaus-buchholz-und-winsen-ggmbh-krankenhaus-buchholz,krankenhaus-buchholz-und-winsen-ggmbh-krankenhaus-buchholz:301,301,1,-1
7,krankenhaus-buchholz-und-winsen-ggmbh-krankenhaus-buchholz,krankenhaus-buchholz-und-winsen-ggmbh-krankenhaus-buchholz:302,302,1,1
11,krankenhaus-buchholz-und-winsen-ggmbh-krankenhaus-buchholz,krankenhaus-buchholz-und-winsen-ggmbh-krankenhaus-buchholz:303,303,1,7
7,krankenhaus-buchholz-und-winsen-ggmbh-krankenhaus-buchholz,krankenhaus-buchholz-und-winsen-ggmbh-krankenhaus-buchholz:306,306,1,-1
3,krankenhaus-buchholz-und-winsen-ggmbh-krankenhaus-buchholz,krankenhaus-buchholz-und-winsen-ggmbh-krankenhaus-buchholz:307,307,5,-1
5,krankenhaus-buchholz-und-winsen-ggmbh-krankenhaus-buchholz,krankenhaus-buchholz-und-winsen-ggmbh-krankenhaus-buchholz:309,309,1,-1
5,krankenhaus-buchholz-und-winsen-ggmbh-krankenhaus-buchholz,krankenhaus-buchholz-und-winsen-ggmbh-krankenhaus-buchholz:312,312,1,-1
4,krankenhaus-buchholz-und-winsen-ggmbh-krankenhaus-buchholz,krankenhaus-buchholz-und-winsen-ggmbh-krankenhaus-buchholz:314,314,1,3
3,krankenhaus-buchholz-und-winsen-ggmbh-krankenhaus-buchholz,krankenhaus-buchholz-und-winsen-ggmbh-krankenhaus-buchholz:319,319,5,-1
11,krankenhaus-buchholz-und-winsen-ggmbh-krankenhaus-buchholz,krankenhaus-buchholz-und-winsen-ggmbh-krankenhaus-buchholz:331,331,1,10
5,krankenhaus-buchholz-und-winsen-ggmbh-krankenhaus-buchholz,krankenhaus-buchholz-und-winsen-ggmbh-krankenhaus-buchholz:338,338,1,4
9,krankenhaus-buchholz-und-winsen-ggmbh-krankenhaus-buchholz,krankenhaus-buchholz-und-winsen-ggmbh-krankenhaus-buchholz:341,341,1,9
5,krankenhaus-buchholz-und-winsen-ggmbh-krankenhaus-buchholz,krankenhaus-buchholz-und-winsen-ggmbh-krankenhaus-buchholz:344,344,1,7
4,krankenhaus-buchholz-und-winsen-ggmbh-krankenhaus-buchholz,krankenhaus-buchholz-und-winsen-ggmbh-krankenhaus-buchholz:348,348,1,14
3,krankenhaus-buchholz-und-winsen-ggmbh-krankenhaus-buchholz,krankenhaus-buchholz-und-winsen-ggmbh-krankenhaus-buchholz:361,361,5,0
6,krankenhaus-buchholz-und-winsen-ggmbh-krankenhaus-buchholz,krankenhaus-buchholz-und-winsen-ggmbh-krankenhaus-buchholz:367,367,1,9
5,krankenhaus-buchholz-und-winsen-ggmbh-krankenhaus-buchholz,krankenhaus-buchholz-und-winsen-ggmbh-krankenhaus-buchholz:368,368,2,-1
6,krankenhaus-buchholz-und-winsen-ggmbh-krankenhaus-buchholz,krankenhaus-buchholz-und-winsen-ggmbh-krankenhaus-buchholz:376,376,4,5
6,krankenhaus-buchholz-und-winsen-ggmbh-krankenhaus-buchholz,krankenhaus-buchholz-und-winsen-ggmbh-krankenhaus-buchholz:378,378,1,-1
7,krankenhaus-buchholz-und-winsen-ggmbh-krankenhaus-buchholz,krankenhaus-buchholz-und-winsen-ggmbh-krankenhaus-buchholz:383,383,1,9
3,krankenhaus-buchholz-und-winsen-ggmbh-krankenhaus-buchholz,krankenhaus-buchholz-und-winsen-ggmbh-krankenhaus-buchholz:385,385,1,9
6,krankenhaus-buchholz-und-winsen-ggmbh-krankenhaus-buchholz,krankenhaus-buchholz-und-winsen-ggmbh-krankenhaus-buchholz:403,403,1,5
3,krankenhaus-buchholz-und-winsen-ggmbh-krankenhaus-winsen,krankenhaus-buchholz-und-winsen-ggmbh-krankenhaus-winsen:47,47,5,-1
9,krankenhaus-buchholz-und-winsen-ggmbh-krankenhaus-winsen,krankenhaus-buchholz-und-winsen-ggmbh-krankenhaus-winsen:48,48,1,2
6,krankenhaus-buchholz-und-winsen-ggmbh-krankenhaus-winsen,krankenhaus-buchholz-und-winsen-ggmbh-krankenhaus-winsen:53,53,1,-1
6,krankenhaus-buchholz-und-winsen-ggmbh-krankenhaus-winsen,krankenhaus-buchholz-und-winsen-ggmbh-krankenhaus-winsen:57,57,5,-1
3,krankenhaus-buchholz-und-winsen-ggmbh-krankenhaus-winsen,krankenhaus-buchholz-und-winsen-ggmbh-krankenhaus-winsen:60,60,5,0
4,krankenhaus-buchholz-und-winsen-ggmbh-krankenhaus-winsen,krankenhaus-buchholz-und-winsen-ggmbh-krankenhaus-winsen:61,61,1,-1
4,krankenhaus-buchholz-und-winsen-ggmbh-krankenhaus-winsen,krankenhaus-buchholz-und-winsen-ggmbh-krankenhaus-winsen:63,63,5,0
26,krankenhaus-buchholz-und-winsen-ggmbh-krankenhaus-winsen,krankenhaus-buchholz-und-winsen-ggmbh-krankenhaus-winsen:65,65,1,10
5,krankenhaus-buchholz-und-winsen-ggmbh-krankenhaus-winsen,krankenhaus-buchholz-und-winsen-ggmbh-krankenhaus-winsen:68,68,4,0
8,krankenhaus-buchholz-und-winsen-ggmbh-krankenhaus-winsen,krankenhaus-buchholz-und-winsen-ggmbh-krankenhaus-winsen:71,71,1,-1
6,krankenhaus-buchholz-und-winsen-ggmbh-krankenhaus-winsen,krankenhaus-buchholz-und-winsen-ggmbh-krankenhaus-winsen:73,73,1,9
11,krankenhaus-buchholz-und-winsen-ggmbh-krankenhaus-winsen,krankenhaus-buchholz-und-winsen-ggmbh-krankenhaus-winsen:74,74,1,-1
5,krankenhaus-buchholz-und-winsen-ggmbh-krankenhaus-winsen,krankenhaus-buchholz-und-winsen-ggmbh-krankenhaus-winsen:80,80,5,-1
4,krankenhaus-buchholz-und-winsen-ggmbh-krankenhaus-winsen,krankenhaus-buchholz-und-winsen-ggmbh-krankenhaus-winsen:82,82,2,-1
4,krankenhaus-buchholz-und-winsen-ggmbh-krankenhaus-winsen,krankenhaus-buchholz-und-winsen-ggmbh-krankenhaus-winsen:85,85,2,-1
7,krankenhaus-buchholz-und-winsen-ggmbh-krankenhaus-winsen,krankenhaus-buchholz-und-winsen-ggmbh-krankenhaus-winsen:86,86,5,0
9,krankenhaus-buchholz-und-winsen-ggmbh-krankenhaus-winsen,krankenhaus-buchholz-und-winsen-ggmbh-krankenhaus-winsen:87,87,1,20
6,krankenhaus-buchholz-und-winsen-ggmbh-krankenhaus-winsen,krankenhaus-buchholz-und-winsen-ggmbh-krankenhaus-winsen:88,88,1,-1
7,krankenhaus-buchholz-und-winsen-ggmbh-krankenhaus-winsen,krankenhaus-buchholz-und-winsen-ggmbh-krankenhaus-winsen:90,90,1,-1
18,krankenhaus-buchholz-und-winsen-ggmbh-krankenhaus-winsen,krankenhaus-buchholz-und-winsen-ggmbh-krankenhaus-winsen:91,91,1,18
7,krankenhaus-buchholz-und-winsen-ggmbh-krankenhaus-winsen,krankenhaus-buchholz-und-winsen-ggmbh-krankenhaus-winsen:93,93,1,-1
12,krankenhaus-buchholz-und-winsen-ggmbh-krankenhaus-winsen,krankenhaus-buchholz-und-winsen-ggmbh-krankenhaus-winsen:94,94,3,-1
8,krankenhaus-buchholz-und-winsen-ggmbh-krankenhaus-winsen,krankenhaus-buchholz-und-winsen-ggmbh-krankenhaus-winsen:95,95,5,0
11,krankenhaus-buchholz-und-winsen-ggmbh-krankenhaus-winsen,krankenhaus-buchholz-und-winsen-ggmbh-krankenhaus-winsen:100,100,1,-1
5,krankenhaus-buchholz-und-winsen-ggmbh-krankenhaus-winsen,krankenhaus-buchholz-und-winsen-ggmbh-krankenhaus-winsen:101,101,1,2
9,krankenhaus-buchholz-und-winsen-ggmbh-krankenhaus-winsen,krankenhaus-buchholz-und-winsen-ggmbh-krankenhaus-winsen:102,102,5,12
6,krankenhaus-buchholz-und-winsen-ggmbh-krankenhaus-winsen,krankenhaus-buchholz-und-winsen-ggmbh-krankenhaus-winsen:103,103,5,11
4,krankenhaus-buchholz-und-winsen-ggmbh-krankenhaus-winsen,krankenhaus-buchholz-und-winsen-ggmbh-krankenhaus-winsen:104,104,4,13
5,krankenhaus-buchholz-und-winsen-ggmbh-krankenhaus-winsen,krankenhaus-buchholz-und-winsen-ggmbh-krankenhaus-winsen:105,105,5,0
9,krankenhaus-buchholz-und-winsen-ggmbh-krankenhaus-winsen,krankenhaus-buchholz-und-winsen-ggmbh-krankenhaus-winsen:107,107,1,1
16,krankenhaus-buchholz-und-winsen-ggmbh-krankenhaus-winsen,krankenhaus-buchholz-und-winsen-ggmbh-krankenhaus-winsen:108,108,1,9
14,krankenhaus-buchholz-und-winsen-ggmbh-krankenhaus-winsen,krankenhaus-buchholz-und-winsen-ggmbh-krankenhaus-winsen:111,111,1,8
14,krankenhaus-buchholz-und-winsen-ggmbh-krankenhaus-winsen,krankenhaus-buchholz-und-winsen-ggmbh-krankenhaus-winsen:112,112,1,-1
3,krankenhaus-buchholz-und-winsen-ggmbh-krankenhaus-winsen,krankenhaus-buchholz-und-winsen-ggmbh-krankenhaus-winsen:113,113,5,0
3,krankenhaus-buchholz-und-winsen-ggmbh-krankenhaus-winsen,krankenhaus-buchholz-und-winsen-ggmbh-krankenhaus-winsen:114,114,5,0
7,krankenhaus-buchholz-und-winsen-ggmbh-krankenhaus-winsen,krankenhaus-buchholz-und-winsen-ggmbh-krankenhaus-winsen:115,115,1,1
3,krankenhaus-buchholz-und-winsen-ggmbh-krankenhaus-winsen,krankenhaus-buchholz-und-winsen-ggmbh-krankenhaus-winsen:116,116,5,0
9,krankenhaus-buchholz-und-winsen-ggmbh-krankenhaus-winsen,krankenhaus-buchholz-und-winsen-ggmbh-krankenhaus-winsen:119,119,1,-1
10,krankenhaus-buchholz-und-winsen-ggmbh-krankenhaus-winsen,krankenhaus-buchholz-und-winsen-ggmbh-krankenhaus-winsen:120,120,1,1
3,krankenhaus-buchholz-und-winsen-ggmbh-krankenhaus-winsen,krankenhaus-buchholz-und-winsen-ggmbh-krankenhaus-winsen:122,122,4,12
3,krankenhaus-buchholz-und-winsen-ggmbh-krankenhaus-winsen,krankenhaus-buchholz-und-winsen-ggmbh-krankenhaus-winsen:123,123,5,0
4,krankenhaus-buchholz-und-winsen-ggmbh-krankenhaus-winsen,krankenhaus-buchholz-und-winsen-ggmbh-krankenhaus-winsen:124,124,5,0
3,krankenhaus-buchholz-und-winsen-ggmbh-krankenhaus-winsen,krankenhaus-buchholz-und-winsen-ggmbh-krankenhaus-winsen:126,126,5,12
13,krankenhaus-buchholz-und-winsen-ggmbh-krankenhaus-winsen,krankenhaus-buchholz-und-winsen-ggmbh-krankenhaus-winsen:128,128,1,-1
17,krankenhaus-buchholz-und-winsen-ggmbh-krankenhaus-winsen,krankenhaus-buchholz-und-winsen-ggmbh-krankenhaus-winsen:129,129,2,1
3,krankenhaus-buchholz-und-winsen-ggmbh-krankenhaus-winsen,krankenhaus-buchholz-und-winsen-ggmbh-krankenhaus-winsen:133,133,5,0
4,krankenhaus-buchholz-und-winsen-ggmbh-krankenhaus-winsen,krankenhaus-buchholz-und-winsen-ggmbh-krankenhaus-winsen:134,134,5,0
7,krankenhaus-buchholz-und-winsen-ggmbh-krankenhaus-winsen,krankenhaus-buchholz-und-winsen-ggmbh-krankenhaus-winsen:135,135,1,12
5,krankenhaus-buchholz-und-winsen-ggmbh-krankenhaus-winsen,krankenhaus-buchholz-und-winsen-ggmbh-krankenhaus-winsen:136,136,5,11
10,krankenhaus-buchholz-und-winsen-ggmbh-krankenhaus-winsen,krankenhaus-buchholz-und-winsen-ggmbh-krankenhaus-winsen:137,137,1,6
14,krankenhaus-buchholz-und-winsen-ggmbh-krankenhaus-winsen,krankenhaus-buchholz-und-winsen-ggmbh-krankenhaus-winsen:138,138,1,-1
25,krankenhaus-buchholz-und-winsen-ggmbh-krankenhaus-winsen,krankenhaus-buchholz-und-winsen-ggmbh-krankenhaus-winsen:140,140,1,4
4,krankenhaus-buchholz-und-winsen-ggmbh-krankenhaus-winsen,krankenhaus-buchholz-und-winsen-ggmbh-krankenhaus-winsen:142,142,5,0
3,krankenhaus-buchholz-und-winsen-ggmbh-krankenhaus-winsen,krankenhaus-buchholz-und-winsen-ggmbh-krankenhaus-winsen:145,145,2,-1
3,krankenhaus-buchholz-und-winsen-ggmbh-krankenhaus-winsen,krankenhaus-buchholz-und-winsen-ggmbh-krankenhaus-winsen:147,147,5,0
14,krankenhaus-buchholz-und-winsen-ggmbh-krankenhaus-winsen,krankenhaus-buchholz-und-winsen-ggmbh-krankenhaus-winsen:150,150,1,-1
3,krankenhaus-buchholz-und-winsen-ggmbh-krankenhaus-winsen,krankenhaus-buchholz-und-winsen-ggmbh-krankenhaus-winsen:151,151,5,0
3,krankenhaus-buchholz-und-winsen-ggmbh-krankenhaus-winsen,krankenhaus-buchholz-und-winsen-ggmbh-krankenhaus-winsen:153,153,4,0
4,krankenhaus-buchholz-und-winsen-ggmbh-krankenhaus-winsen,krankenhaus-buchholz-und-winsen-ggmbh-krankenhaus-winsen:154,154,1,-1
11,krankenhaus-buchholz-und-winsen-ggmbh-krankenhaus-winsen,krankenhaus-buchholz-und-winsen-ggmbh-krankenhaus-winsen:155,155,1,-1
7,krankenhaus-buchholz-und-winsen-ggmbh-krankenhaus-winsen,krankenhaus-buchholz-und-winsen-ggmbh-krankenhaus-winsen:156,156,5,19
5,krankenhaus-buchholz-und-winsen-ggmbh-krankenhaus-winsen,krankenhaus-buchholz-und-winsen-ggmbh-krankenhaus-winsen:160,160,5,11
3,krankenhaus-buchholz-und-winsen-ggmbh-krankenhaus-winsen,krankenhaus-buchholz-und-winsen-ggmbh-krankenhaus-winsen:161,161,5,1
5,krankenhaus-buchholz-und-winsen-ggmbh-krankenhaus-winsen,krankenhaus-buchholz-und-winsen-ggmbh-krankenhaus-winsen:164,164,1,-1
9,krankenhaus-buchholz-und-winsen-ggmbh-krankenhaus-winsen,krankenhaus-buchholz-und-winsen-ggmbh-krankenhaus-winsen:165,165,1,-1
4,krankenhaus-buchholz-und-winsen-ggmbh-krankenhaus-winsen,krankenhaus-buchholz-und-winsen-ggmbh-krankenhaus-winsen:166,166,4,0
3,krankenhaus-buchholz-und-winsen-ggmbh-krankenhaus-winsen,krankenhaus-buchholz-und-winsen-ggmbh-krankenhaus-winsen:167,167,5,-1
7,krankenhaus-buchholz-und-winsen-ggmbh-krankenhaus-winsen,krankenhaus-buchholz-und-winsen-ggmbh-krankenhaus-winsen:168,168,5,0
3,krankenhaus-buchholz-und-winsen-ggmbh-krankenhaus-winsen,krankenhaus-buchholz-und-winsen-ggmbh-krankenhaus-winsen:169,169,5,4
10,krankenhaus-buchholz-und-winsen-ggmbh-krankenhaus-winsen,krankenhaus-buchholz-und-winsen-ggmbh-krankenhaus-winsen:170,170,1,-1
9,krankenhaus-buchholz-und-winsen-ggmbh-krankenhaus-winsen,krankenhaus-buchholz-und-winsen-ggmbh-krankenhaus-winsen:171,171,1,9
3,krankenhaus-buchholz-und-winsen-ggmbh-krankenhaus-winsen,krankenhaus-buchholz-und-winsen-ggmbh-krankenhaus-winsen:173,173,5,0
8,krankenhaus-buchholz-und-winsen-ggmbh-krankenhaus-winsen,krankenhaus-buchholz-und-winsen-ggmbh-krankenhaus-winsen:174,174,1,4
11,krankenhaus-buchholz-und-winsen-ggmbh-krankenhaus-winsen,krankenhaus-buchholz-und-winsen-ggmbh-krankenhaus-winsen:176,176,1,-1
3,krankenhaus-buchholz-und-winsen-ggmbh-krankenhaus-winsen,krankenhaus-buchholz-und-winsen-ggmbh-krankenhaus-winsen:177,177,1,-1
7,krankenhaus-buchholz-und-winsen-ggmbh-krankenhaus-winsen,krankenhaus-buchholz-und-winsen-ggmbh-krankenhaus-winsen:180,180,2,-1
9,krankenhaus-buchholz-und-winsen-ggmbh-krankenhaus-winsen,krankenhaus-buchholz-und-winsen-ggmbh-krankenhaus-winsen:181,181,4,-1
3,krankenhaus-buchholz-und-winsen-ggmbh-krankenhaus-winsen,krankenhaus-buchholz-und-winsen-ggmbh-krankenhaus-winsen:184,184,1,-1
11,krankenhaus-buchholz-und-winsen-ggmbh-krankenhaus-winsen,krankenhaus-buchholz-und-winsen-ggmbh-krankenhaus-winsen:185,185,1,8
3,krankenhaus-buchholz-und-winsen-ggmbh-krankenhaus-winsen,krankenhaus-buchholz-und-winsen-ggmbh-krankenhaus-winsen:186,186,4,0
6,krankenhaus-buchholz-und-winsen-ggmbh-krankenhaus-winsen,krankenhaus-buchholz-und-winsen-ggmbh-krankenhaus-winsen:189,189,1,-1
12,krankenhaus-buchholz-und-winsen-ggmbh-krankenhaus-winsen,krankenhaus-buchholz-und-winsen-ggmbh-krankenhaus-winsen:191,191,1,-1
3,krankenhaus-buchholz-und-winsen-ggmbh-krankenhaus-winsen,krankenhaus-buchholz-und-winsen-ggmbh-krankenhaus-winsen:193,193,1,12
9,krankenhaus-buchholz-und-winsen-ggmbh-krankenhaus-winsen,krankenhaus-buchholz-und-winsen-ggmbh-krankenhaus-winsen:195,195,,-1
4,krankenhaus-buchholz-und-winsen-ggmbh-krankenhaus-winsen,krankenhaus-buchholz-und-winsen-ggmbh-krankenhaus-winsen:196,196,1,3
3,krankenhaus-buchholz-und-winsen-ggmbh-krankenhaus-winsen,krankenhaus-buchholz-und-winsen-ggmbh-krankenhaus-winsen:197,197,5,0
3,krankenhaus-buchholz-und-winsen-ggmbh-krankenhaus-winsen,krankenhaus-buchholz-und-winsen-ggmbh-krankenhaus-winsen:199,199,5,0
13,krankenhaus-buchholz-und-winsen-ggmbh-krankenhaus-winsen,krankenhaus-buchholz-und-winsen-ggmbh-krankenhaus-winsen:200,200,1,7
8,krankenhaus-buchholz-und-winsen-ggmbh-krankenhaus-winsen,krankenhaus-buchholz-und-winsen-ggmbh-krankenhaus-winsen:202,202,5,0
11,krankenhaus-buchholz-und-winsen-ggmbh-krankenhaus-winsen,krankenhaus-buchholz-und-winsen-ggmbh-krankenhaus-winsen:207,207,1,17
15,krankenhaus-buchholz-und-winsen-ggmbh-krankenhaus-winsen,krankenhaus-buchholz-und-winsen-ggmbh-krankenhaus-winsen:214,214,5,-1
7,krankenhaus-buchholz-und-winsen-ggmbh-krankenhaus-winsen,krankenhaus-buchholz-und-winsen-ggmbh-krankenhaus-winsen:217,217,1,-1
5,krankenhaus-buchholz-und-winsen-ggmbh-krankenhaus-winsen,krankenhaus-buchholz-und-winsen-ggmbh-krankenhaus-winsen:218,218,1,10
4,krankenhaus-buchholz-und-winsen-ggmbh-krankenhaus-winsen,krankenhaus-buchholz-und-winsen-ggmbh-krankenhaus-winsen:219,219,4,0
3,krankenhaus-buchholz-und-winsen-ggmbh-krankenhaus-winsen,krankenhaus-buchholz-und-winsen-ggmbh-krankenhaus-winsen:223,223,5,0
3,krankenhaus-buchholz-und-winsen-ggmbh-krankenhaus-winsen,krankenhaus-buchholz-und-winsen-ggmbh-krankenhaus-winsen:224,224,4,11
16,krankenhaus-buchholz-und-winsen-ggmbh-krankenhaus-winsen,krankenhaus-buchholz-und-winsen-ggmbh-krankenhaus-winsen:227,227,1,12
9,krankenhaus-buchholz-und-winsen-ggmbh-krankenhaus-winsen,krankenhaus-buchholz-und-winsen-ggmbh-krankenhaus-winsen:230,230,1,1
9,krankenhaus-buchholz-und-winsen-ggmbh-krankenhaus-winsen,krankenhaus-buchholz-und-winsen-ggmbh-krankenhaus-winsen:232,232,1,2
5,krankenhaus-buchholz-und-winsen-ggmbh-krankenhaus-winsen,krankenhaus-buchholz-und-winsen-ggmbh-krankenhaus-winsen:234,234,5,0
3,krankenhaus-buchholz-und-winsen-ggmbh-krankenhaus-winsen,krankenhaus-buchholz-und-winsen-ggmbh-krankenhaus-winsen:238,238,4,0
8,krankenhaus-buchholz-und-winsen-ggmbh-krankenhaus-winsen,krankenhaus-buchholz-und-winsen-ggmbh-krankenhaus-winsen:240,240,1,-1
5,krankenhaus-buchholz-und-winsen-ggmbh-krankenhaus-winsen,krankenhaus-buchholz-und-winsen-ggmbh-krankenhaus-winsen:249,249,5,-1
3,krankenhaus-buchholz-und-winsen-ggmbh-krankenhaus-winsen,krankenhaus-buchholz-und-winsen-ggmbh-krankenhaus-winsen:250,250,1,3
15,krankenhaus-buchholz-und-winsen-ggmbh-krankenhaus-winsen,krankenhaus-buchholz-und-winsen-ggmbh-krankenhaus-winsen:251,251,1,7
6,krankenhaus-buchholz-und-winsen-ggmbh-krankenhaus-winsen,krankenhaus-buchholz-und-winsen-ggmbh-krankenhaus-winsen:253,253,1,14
3,krankenhaus-buchholz-und-winsen-ggmbh-krankenhaus-winsen,krankenhaus-buchholz-und-winsen-ggmbh-krankenhaus-winsen:257,257,5,0
3,krankenhaus-buchholz-und-winsen-ggmbh-krankenhaus-winsen,krankenhaus-buchholz-und-winsen-ggmbh-krankenhaus-winsen:264,264,5,0
3,krankenhaus-buchholz-und-winsen-ggmbh-krankenhaus-winsen,krankenhaus-buchholz-und-winsen-ggmbh-krankenhaus-winsen:268,268,1,-1
12,krankenhaus-buchholz-und-winsen-ggmbh-krankenhaus-winsen,krankenhaus-buchholz-und-winsen-ggmbh-krankenhaus-winsen:273,273,1,6
7,krankenhaus-buchholz-und-winsen-ggmbh-krankenhaus-winsen,krankenhaus-buchholz-und-winsen-ggmbh-krankenhaus-winsen:274,274,1,-1
14,krankenhaus-buchholz-und-winsen-ggmbh-krankenhaus-winsen,krankenhaus-buchholz-und-winsen-ggmbh-krankenhaus-winsen:276,276,1,-1
14,krankenhaus-buchholz-und-winsen-ggmbh-krankenhaus-winsen,krankenhaus-buchholz-und-winsen-ggmbh-krankenhaus-winsen:277,277,1,-1
3,krankenhaus-buchholz-und-winsen-ggmbh-krankenhaus-winsen,krankenhaus-buchholz-und-winsen-ggmbh-krankenhaus-winsen:283,283,2,0
4,krankenhaus-buchholz-und-winsen-ggmbh-krankenhaus-winsen,krankenhaus-buchholz-und-winsen-ggmbh-krankenhaus-winsen:287,287,5,0
3,krankenhaus-buchholz-und-winsen-ggmbh-krankenhaus-winsen,krankenhaus-buchholz-und-winsen-ggmbh-krankenhaus-winsen:290,290,1,3
8,krankenhaus-buchholz-und-winsen-ggmbh-krankenhaus-winsen,krankenhaus-buchholz-und-winsen-ggmbh-krankenhaus-winsen:294,294,1,-1
7,krankenhaus-buchholz-und-winsen-ggmbh-krankenhaus-winsen,krankenhaus-buchholz-und-winsen-ggmbh-krankenhaus-winsen:300,300,1,5
12,krankenhaus-buchholz-und-winsen-ggmbh-krankenhaus-winsen,krankenhaus-buchholz-und-winsen-ggmbh-krankenhaus-winsen:301,301,1,5
4,krankenhaus-buchholz-und-winsen-ggmbh-krankenhaus-winsen,krankenhaus-buchholz-und-winsen-ggmbh-krankenhaus-winsen:307,307,5,-1
12,krankenhaus-buchholz-und-winsen-ggmbh-krankenhaus-winsen,krankenhaus-buchholz-und-winsen-ggmbh-krankenhaus-winsen:310,310,1,3
5,krankenhaus-buchholz-und-winsen-ggmbh-krankenhaus-winsen,krankenhaus-buchholz-und-winsen-ggmbh-krankenhaus-winsen:315,315,5,11
3,krankenhaus-buchholz-und-winsen-ggmbh-krankenhaus-winsen,krankenhaus-buchholz-und-winsen-ggmbh-krankenhaus-winsen:321,321,5,5
4,krankenhaus-buchholz-und-winsen-ggmbh-krankenhaus-winsen,krankenhaus-buchholz-und-winsen-ggmbh-krankenhaus-winsen:322,322,5,0
10,krankenhaus-buchholz-und-winsen-ggmbh-krankenhaus-winsen,krankenhaus-buchholz-und-winsen-ggmbh-krankenhaus-winsen:329,329,1,5
3,krankenhaus-buchholz-und-winsen-ggmbh-krankenhaus-winsen,krankenhaus-buchholz-und-winsen-ggmbh-krankenhaus-winsen:331,331,5,0
9,krankenhaus-buchholz-und-winsen-ggmbh-krankenhaus-winsen,krankenhaus-buchholz-und-winsen-ggmbh-krankenhaus-winsen:332,332,1,5
3,krankenhaus-buchholz-und-winsen-ggmbh-krankenhaus-winsen,krankenhaus-buchholz-und-winsen-ggmbh-krankenhaus-winsen:350,350,5,0
18,krankenhaus-ginsterhof,krankenhaus-ginsterhof:7,7,5,-1
10,krankenhaus-ginsterhof,krankenhaus-ginsterhof:8,8,5,0
13,krankenhaus-ginsterhof,krankenhaus-ginsterhof:9,9,5,0
15,krankenhaus-ginsterhof,krankenhaus-ginsterhof:11,11,5,0
32,krankenhaus-ginsterhof,krankenhaus-ginsterhof:12,12,4,0
15,krankenhaus-ginsterhof,krankenhaus-ginsterhof:13,13,4,0
12,krankenhaus-ginsterhof,krankenhaus-ginsterhof:15,15,5,0
9,krankenhaus-ginsterhof,krankenhaus-ginsterhof:16,16,5,0
7,krankenhaus-ginsterhof,krankenhaus-ginsterhof:17,17,5,0
11,krankenhaus-ginsterhof,krankenhaus-ginsterhof:18,18,5,-1
14,krankenhaus-ginsterhof,krankenhaus-ginsterhof:19,19,5,0
13,krankenhaus-ginsterhof,krankenhaus-ginsterhof:21,21,5,0
14,krankenhaus-ginsterhof,krankenhaus-ginsterhof:22,22,5,0
13,krankenhaus-ginsterhof,krankenhaus-ginsterhof:23,23,5,0
57,krankenhaus-ginsterhof,krankenhaus-ginsterhof:24,24,1,-1
13,krankenhaus-ginsterhof,krankenhaus-ginsterhof:25,25,5,0
17,krankenhaus-ginsterhof,krankenhaus-ginsterhof:26,26,5,0
17,krankenhaus-ginsterhof,krankenhaus-ginsterhof:27,27,5,0
9,krankenhaus-ginsterhof,krankenhaus-ginsterhof:28,28,5,-1
9,krankenhaus-ginsterhof,krankenhaus-ginsterhof:29,29,4,-1
4,krankenhaus-ginsterhof,krankenhaus-ginsterhof:30,30,4,-1
5,krankenhaus-ginsterhof,krankenhaus-ginsterhof:32,32,5,0
5,krankenhaus-ginsterhof,krankenhaus-ginsterhof:34,34,5,0
5,krankenhaus-ginsterhof,krankenhaus-ginsterhof:35,35,5,0
4,krankenhaus-ginsterhof,krankenhaus-ginsterhof:37,37,5,-1
4,krankenhaus-johanneum,krankenhaus-johanneum:31,31,5,0
4,krankenhaus-johanneum,krankenhaus-johanneum:56,56,1,-1
3,krankenhaus-johanneum,krankenhaus-johanneum:69,69,5,0
4,krankenhaus-johanneum,krankenhaus-johanneum:74,74,5,0
5,krankenhaus-johanneum,krankenhaus-johanneum:76,76,5,11
5,krankenhaus-johanneum,krankenhaus-johanneum:77,77,5,12
4,krankenhaus-johanneum,krankenhaus-johanneum:79,79,1,2
4,krankenhaus-johanneum,krankenhaus-johanneum:81,81,1,18
5,krankenhaus-johanneum,krankenhaus-johanneum:83,83,5,-1
8,krankenhaus-johanneum,krankenhaus-johanneum:84,84,5,0
3,krankenhaus-johanneum,krankenhaus-johanneum:87,87,2,-1
3,krankenhaus-johanneum,krankenhaus-johanneum:89,89,5,11
6,krankenhaus-johanneum,krankenhaus-johanneum:90,90,1,12
11,krankenhaus-johanneum,krankenhaus-johanneum:91,91,1,1
6,krankenhaus-johanneum,krankenhaus-johanneum:94,94,1,-1
8,krankenhaus-johanneum,krankenhaus-johanneum:96,96,1,12
8,krankenhaus-johanneum,krankenhaus-johanneum:98,98,1,16
6,krankenhaus-johanneum,krankenhaus-johanneum:99,99,5,-1
3,krankenhaus-johanneum,krankenhaus-johanneum:101,101,5,-1
6,krankenhaus-johanneum,krankenhaus-johanneum:102,102,1,-1
6,krankenhaus-johanneum,krankenhaus-johanneum:105,105,5,0
7,krankenhaus-johanneum,krankenhaus-johanneum:106,106,1,12
10,krankenhaus-johanneum,krankenhaus-johanneum:109,109,1,21
6,krankenhaus-johanneum,krankenhaus-johanneum:112,112,5,0
7,krankenhaus-johanneum,krankenhaus-johanneum:113,113,2,27
3,krankenhaus-johanneum,krankenhaus-johanneum:114,114,1,-1
7,krankenhaus-johanneum,krankenhaus-johanneum:115,115,1,-1
4,krankenhaus-johanneum,krankenhaus-johanneum:119,119,5,-1
3,krankenhaus-johanneum,krankenhaus-johanneum:122,122,2,12
4,krankenhaus-johanneum,krankenhaus-johanneum:124,124,2,-1
7,krankenhaus-johanneum,krankenhaus-johanneum:127,127,1,-1
16,krankenhaus-johanneum,krankenhaus-johanneum:128,128,1,12
11,krankenhaus-johanneum,krankenhaus-johanneum:129,129,1,10
4,krankenhaus-johanneum,krankenhaus-johanneum:130,130,1,-1
5,krankenhaus-johanneum,krankenhaus-johanneum:134,134,3,-1
4,krankenhaus-johanneum,krankenhaus-johanneum:139,139,1,-1
3,krankenhaus-johanneum,krankenhaus-johanneum:140,140,5,0
3,krankenhaus-johanneum,krankenhaus-johanneum:141,141,1,-1
12,krankenhaus-johanneum,krankenhaus-johanneum:142,142,1,-1
8,krankenhaus-johanneum,krankenhaus-johanneum:143,143,1,-1
3,krankenhaus-johanneum,krankenhaus-johanneum:146,146,1,4
9,krankenhaus-johanneum,krankenhaus-johanneum:147,147,1,10
4,krankenhaus-johanneum,krankenhaus-johanneum:148,148,5,0
4,krankenhaus-johanneum,krankenhaus-johanneum:154,154,5,-1
4,krankenhaus-johanneum,krankenhaus-johanneum:156,156,1,-1
4,krankenhaus-johanneum,krankenhaus-johanneum:158,158,1,8
6,krankenhaus-johanneum,krankenhaus-johanneum:159,159,1,3
6,krankenhaus-johanneum,krankenhaus-johanneum:162,162,5,-1
8,krankenhaus-johanneum,krankenhaus-johanneum:163,163,2,1
4,krankenhaus-johanneum,krankenhaus-johanneum:166,166,1,-1
12,krankenhaus-johanneum,krankenhaus-johanneum:173,173,1,7
3,krankenhaus-johanneum,krankenhaus-johanneum:175,175,5,0
6,krankenhaus-johanneum,krankenhaus-johanneum:180,180,1,-1
5,krankenhaus-johanneum,krankenhaus-johanneum:186,186,1,-1
4,krankenhaus-johanneum,krankenhaus-johanneum:188,188,1,-1
5,krankenhaus-johanneum,krankenhaus-johanneum:195,195,1,9
3,krankenhaus-johanneum,krankenhaus-johanneum:196,196,5,0
4,krankenhaus-johanneum,krankenhaus-johanneum:205,205,1,4
6,krankenhaus-johanneum,krankenhaus-johanneum:208,208,1,5
3,krankenhaus-johanneum,krankenhaus-johanneum:218,218,1,5
3,krankenhaus-johanneum,krankenhaus-johanneum:238,238,1,5
3,krankenhaus-land-hadeln,krankenhaus-land-hadeln:34,34,4,-1
3,krankenhaus-land-hadeln,krankenhaus-land-hadeln:38,38,1,1
3,krankenhaus-land-hadeln,krankenhaus-land-hadeln:39,39,1,-1
3,krankenhaus-land-hadeln,krankenhaus-land-hadeln:51,51,1,6
4,krankenhaus-land-hadeln,krankenhaus-land-hadeln:52,52,5,13
6,krankenhaus-land-hadeln,krankenhaus-land-hadeln:53,53,2,-1
3,krankenhaus-land-hadeln,krankenhaus-land-hadeln:54,54,5,0
4,krankenhaus-land-hadeln,krankenhaus-land-hadeln:55,55,1,-1
9,krankenhaus-land-hadeln,krankenhaus-land-hadeln:57,57,5,-1
4,krankenhaus-land-hadeln,krankenhaus-land-hadeln:58,58,5,0
9,krankenhaus-land-hadeln,krankenhaus-land-hadeln:59,59,1,6
3,krankenhaus-land-hadeln,krankenhaus-land-hadeln:62,62,5,-1
14,krankenhaus-land-hadeln,krankenhaus-land-hadeln:64,64,1,-1
10,krankenhaus-land-hadeln,krankenhaus-land-hadeln:65,65,1,-1
7,krankenhaus-land-hadeln,krankenhaus-land-hadeln:66,66,2,2
6,krankenhaus-land-hadeln,krankenhaus-land-hadeln:69,69,5,0
8,krankenhaus-land-hadeln,krankenhaus-land-hadeln:70,70,5,6
3,krankenhaus-land-hadeln,krankenhaus-land-hadeln:72,72,1,6
3,krankenhaus-land-hadeln,krankenhaus-land-hadeln:74,74,5,0
3,krankenhaus-land-hadeln,krankenhaus-land-hadeln:76,76,5,0
5,krankenhaus-land-hadeln,krankenhaus-land-hadeln:77,77,5,0
5,krankenhaus-land-hadeln,krankenhaus-land-hadeln:79,79,1,-1
4,krankenhaus-land-hadeln,krankenhaus-land-hadeln:81,81,1,-1
3,krankenhaus-land-hadeln,krankenhaus-land-hadeln:82,82,5,0
12,krankenhaus-land-hadeln,krankenhaus-land-hadeln:84,84,1,10
3,krankenhaus-land-hadeln,krankenhaus-land-hadeln:85,85,1,2
4,krankenhaus-land-hadeln,krankenhaus-land-hadeln:89,89,5,-1
3,krankenhaus-land-hadeln,krankenhaus-land-hadeln:91,91,5,10
6,krankenhaus-land-hadeln,krankenhaus-land-hadeln:92,92,5,-1
3,krankenhaus-land-hadeln,krankenhaus-land-hadeln:93,93,1,-1
3,krankenhaus-land-hadeln,krankenhaus-land-hadeln:94,94,5,-1
3,krankenhaus-land-hadeln,krankenhaus-land-hadeln:95,95,5,0
3,krankenhaus-land-hadeln,krankenhaus-land-hadeln:99,99,5,0
5,krankenhaus-land-hadeln,krankenhaus-land-hadeln:100,100,2,8
12,krankenhaus-land-hadeln,krankenhaus-land-hadeln:102,102,1,-1
15,krankenhaus-land-hadeln,krankenhaus-land-hadeln:103,103,1,-1
13,krankenhaus-land-hadeln,krankenhaus-land-hadeln:104,104,1,-1
8,krankenhaus-land-hadeln,krankenhaus-land-hadeln:105,105,3,1
3,krankenhaus-land-hadeln,krankenhaus-land-hadeln:108,108,5,0
6,krankenhaus-land-hadeln,krankenhaus-land-hadeln:109,109,2,1
4,krankenhaus-land-hadeln,krankenhaus-land-hadeln:110,110,5,-1
5,krankenhaus-land-hadeln,krankenhaus-land-hadeln:114,114,5,0
6,krankenhaus-land-hadeln,krankenhaus-land-hadeln:121,121,2,-1
11,krankenhaus-land-hadeln,krankenhaus-land-hadeln:123,123,1,-1
4,krankenhaus-land-hadeln,krankenhaus-land-hadeln:125,125,1,-1
3,krankenhaus-land-hadeln,krankenhaus-land-hadeln:127,127,5,0
4,krankenhaus-land-hadeln,krankenhaus-land-hadeln:131,131,1,8
3,krankenhaus-land-hadeln,krankenhaus-land-hadeln:135,135,5,0
3,krankenhaus-land-hadeln,krankenhaus-land-hadeln:141,141,5,0
11,krankenhaus-land-hadeln,krankenhaus-land-hadeln:145,145,1,17
3,krankenhaus-land-hadeln,krankenhaus-land-hadeln:150,150,1,20
3,krankenhaus-land-hadeln,krankenhaus-land-hadeln:151,151,4,0
3,krankenhaus-land-hadeln,krankenhaus-land-hadeln:158,158,5,0
5,krankenhaus-land-hadeln,krankenhaus-land-hadeln:174,174,1,14
4,krankenhaus-land-hadeln,krankenhaus-land-hadeln:178,178,1,5
4,krankenhaus-land-hadeln,krankenhaus-land-hadeln:179,179,1,5
4,krankenhaus-land-hadeln,krankenhaus-land-hadeln:186,186,1,-1
6,krankenhaus-lindenbrunn,krankenhaus-lindenbrunn:5,5,5,22
6,krankenhaus-lindenbrunn,krankenhaus-lindenbrunn:8,8,4,-1
5,krankenhaus-lindenbrunn,krankenhaus-lindenbrunn:11,11,5,-1
7,krankenhaus-lindenbrunn,krankenhaus-lindenbrunn:12,12,5,22
7,krankenhaus-lindenbrunn,krankenhaus-lindenbrunn:13,13,1,-1
11,krankenhaus-lindenbrunn,krankenhaus-lindenbrunn:15,15,5,6
4,krankenhaus-lindenbrunn,krankenhaus-lindenbrunn:16,16,5,0
4,krankenhaus-lindenbrunn,krankenhaus-lindenbrunn:17,17,5,-1
15,krankenhaus-lindenbrunn,krankenhaus-lindenbrunn:18,18,5,-1
14,krankenhaus-lindenbrunn,krankenhaus-lindenbrunn:20,20,1,6
4,krankenhaus-lindenbrunn,krankenhaus-lindenbrunn:21,21,1,-1
33,krankenhaus-lindenbrunn,krankenhaus-lindenbrunn:22,22,1,4
5,krankenhaus-lindenbrunn,krankenhaus-lindenbrunn:23,23,5,22
11,krankenhaus-lindenbrunn,krankenhaus-lindenbrunn:24,24,5,22
9,krankenhaus-lindenbrunn,krankenhaus-lindenbrunn:25,25,1,13
17,krankenhaus-lindenbrunn,krankenhaus-lindenbrunn:26,26,5,-1
14,krankenhaus-lindenbrunn,krankenhaus-lindenbrunn:27,27,1,6
5,krankenhaus-lindenbrunn,krankenhaus-lindenbrunn:29,29,1,6
11,krankenhaus-lindenbrunn,krankenhaus-lindenbrunn:30,30,2,-1
3,krankenhaus-lindenbrunn,krankenhaus-lindenbrunn:31,31,5,-1
5,krankenhaus-lindenbrunn,krankenhaus-lindenbrunn:33,33,5,-1
16,krankenhaus-lindenbrunn,krankenhaus-lindenbrunn:34,34,5,-1
10,krankenhaus-lindenbrunn,krankenhaus-lindenbrunn:35,35,5,0
5,krankenhaus-lindenbrunn,krankenhaus-lindenbrunn:36,36,5,-1
17,krankenhaus-lindenbrunn,krankenhaus-lindenbrunn:37,37,2,-1
4,krankenhaus-lindenbrunn,krankenhaus-lindenbrunn:38,38,5,-1
18,krankenhaus-lindenbrunn,krankenhaus-lindenbrunn:39,39,5,-1
48,krankenhaus-lindenbrunn,krankenhaus-lindenbrunn:40,40,1,-1
3,krankenhaus-lindenbrunn,krankenhaus-lindenbrunn:41,41,2,-1
14,krankenhaus-lindenbrunn,krankenhaus-lindenbrunn:42,42,5,-1
9,krankenhaus-lindenbrunn,krankenhaus-lindenbrunn:43,43,5,-1
32,krankenhaus-lindenbrunn,krankenhaus-lindenbrunn:45,45,1,8
13,krankenhaus-lindenbrunn,krankenhaus-lindenbrunn:46,46,5,22
4,krankenhaus-lindenbrunn,krankenhaus-lindenbrunn:47,47,5,-1
4,krankenhaus-lindenbrunn,krankenhaus-lindenbrunn:48,48,5,-1
3,krankenhaus-lindenbrunn,krankenhaus-lindenbrunn:49,49,4,-1
8,krankenhaus-lindenbrunn,krankenhaus-lindenbrunn:50,50,5,-1
37,krankenhaus-lindenbrunn,krankenhaus-lindenbrunn:51,51,1,-1
7,krankenhaus-lindenbrunn,krankenhaus-lindenbrunn:52,52,4,-1
14,krankenhaus-lindenbrunn,krankenhaus-lindenbrunn:53,53,1,10
3,krankenhaus-lindenbrunn,krankenhaus-lindenbrunn:54,54,5,-1
5,krankenhaus-lindenbrunn,krankenhaus-lindenbrunn:56,56,1,-1
16,krankenhaus-lindenbrunn,krankenhaus-lindenbrunn:57,57,1,-1
8,krankenhaus-lindenbrunn,krankenhaus-lindenbrunn:58,58,5,-1
4,krankenhaus-lindenbrunn,krankenhaus-lindenbrunn:59,59,4,0
7,krankenhaus-lindenbrunn,krankenhaus-lindenbrunn:60,60,1,10
5,krankenhaus-lindenbrunn,krankenhaus-lindenbrunn:61,61,4,0
26,krankenhaus-lindenbrunn,krankenhaus-lindenbrunn:62,62,1,-1
10,krankenhaus-lindenbrunn,krankenhaus-lindenbrunn:63,63,2,-1
9,krankenhaus-lindenbrunn,krankenhaus-lindenbrunn:64,64,3,-1
5,krankenhaus-lindenbrunn,krankenhaus-lindenbrunn:65,65,4,0
11,krankenhaus-lindenbrunn,krankenhaus-lindenbrunn:69,69,1,6
4,krankenhaus-lindenbrunn,krankenhaus-lindenbrunn:70,70,5,0
18,krankenhaus-lindenbrunn,krankenhaus-lindenbrunn:71,71,1,8
15,krankenhaus-lindenbrunn,krankenhaus-lindenbrunn:72,72,2,-1
11,krankenhaus-lindenbrunn,krankenhaus-lindenbrunn:73,73,1,4
6,krankenhaus-lindenbrunn,krankenhaus-lindenbrunn:75,75,5,-1
14,krankenhaus-lindenbrunn,krankenhaus-lindenbrunn:76,76,1,-1
3,krankenhaus-lindenbrunn,krankenhaus-lindenbrunn:79,79,5,-1
5,krankenhaus-lindenbrunn,krankenhaus-lindenbrunn:80,80,5,0
14,krankenhaus-lindenbrunn,krankenhaus-lindenbrunn:81,81,2,5
3,krankenhaus-lindenbrunn,krankenhaus-lindenbrunn:82,82,5,0
11,krankenhaus-lindenbrunn,krankenhaus-lindenbrunn:83,83,1,5
4,krankenhaus-lindenbrunn,krankenhaus-lindenbrunn:84,84,5,0
5,krankenhaus-lindenbrunn,krankenhaus-lindenbrunn:85,85,1,3
12,krankenhaus-lindenbrunn,krankenhaus-lindenbrunn:86,86,1,5
8,krankenhaus-ludmillenstift-meppen,krankenhaus-ludmillenstift-meppen:8,8,5,0
4,krankenhaus-ludmillenstift-meppen,krankenhaus-ludmillenstift-meppen:34,34,2,3
3,krankenhaus-ludmillenstift-meppen,krankenhaus-ludmillenstift-meppen:42,42,1,9
5,krankenhaus-ludmillenstift-meppen,krankenhaus-ludmillenstift-meppen:44,44,4,-1
4,krankenhaus-ludmillenstift-meppen,krankenhaus-ludmillenstift-meppen:46,46,1,3
3,krankenhaus-ludmillenstift-meppen,krankenhaus-ludmillenstift-meppen:47,47,1,-1
3,krankenhaus-ludmillenstift-meppen,krankenhaus-ludmillenstift-meppen:48,48,5,-1
7,krankenhaus-ludmillenstift-meppen,krankenhaus-ludmillenstift-meppen:52,52,1,-1
3,krankenhaus-ludmillenstift-meppen,krankenhaus-ludmillenstift-meppen:54,54,5,-1
4,krankenhaus-ludmillenstift-meppen,krankenhaus-ludmillenstift-meppen:57,57,5,11
4,krankenhaus-ludmillenstift-meppen,krankenhaus-ludmillenstift-meppen:59,59,5,0
6,krankenhaus-ludmillenstift-meppen,krankenhaus-ludmillenstift-meppen:62,62,3,-1
3,krankenhaus-ludmillenstift-meppen,krankenhaus-ludmillenstift-meppen:64,64,5,11
3,krankenhaus-ludmillenstift-meppen,krankenhaus-ludmillenstift-meppen:66,66,5,0
10,krankenhaus-ludmillenstift-meppen,krankenhaus-ludmillenstift-meppen:70,70,1,20
4,krankenhaus-ludmillenstift-meppen,krankenhaus-ludmillenstift-meppen:71,71,5,0
3,krankenhaus-ludmillenstift-meppen,krankenhaus-ludmillenstift-meppen:72,72,1,18
3,krankenhaus-ludmillenstift-meppen,krankenhaus-ludmillenstift-meppen:73,73,1,3
7,krankenhaus-ludmillenstift-meppen,krankenhaus-ludmillenstift-meppen:74,74,5,0
8,krankenhaus-ludmillenstift-meppen,krankenhaus-ludmillenstift-meppen:77,77,1,9
3,krankenhaus-ludmillenstift-meppen,krankenhaus-ludmillenstift-meppen:78,78,5,22
5,krankenhaus-ludmillenstift-meppen,krankenhaus-ludmillenstift-meppen:79,79,3,2
9,krankenhaus-ludmillenstift-meppen,krankenhaus-ludmillenstift-meppen:81,81,5,0
17,krankenhaus-ludmillenstift-meppen,krankenhaus-ludmillenstift-meppen:82,82,5,14
5,krankenhaus-ludmillenstift-meppen,krankenhaus-ludmillenstift-meppen:83,83,1,6
3,krankenhaus-ludmillenstift-meppen,krankenhaus-ludmillenstift-meppen:84,84,5,0
3,krankenhaus-ludmillenstift-meppen,krankenhaus-ludmillenstift-meppen:86,86,2,-1
5,krankenhaus-ludmillenstift-meppen,krankenhaus-ludmillenstift-meppen:89,89,5,-1
5,krankenhaus-ludmillenstift-meppen,krankenhaus-ludmillenstift-meppen:93,93,5,2
10,krankenhaus-ludmillenstift-meppen,krankenhaus-ludmillenstift-meppen:97,97,1,-1
3,krankenhaus-ludmillenstift-meppen,krankenhaus-ludmillenstift-meppen:98,98,3,-1
10,krankenhaus-ludmillenstift-meppen,krankenhaus-ludmillenstift-meppen:100,100,1,17
11,krankenhaus-ludmillenstift-meppen,krankenhaus-ludmillenstift-meppen:102,102,1,-1
3,krankenhaus-ludmillenstift-meppen,krankenhaus-ludmillenstift-meppen:104,104,5,-1
10,krankenhaus-ludmillenstift-meppen,krankenhaus-ludmillenstift-meppen:105,105,1,2
3,krankenhaus-ludmillenstift-meppen,krankenhaus-ludmillenstift-meppen:107,107,5,11
13,krankenhaus-ludmillenstift-meppen,krankenhaus-ludmillenstift-meppen:108,108,5,-1
13,krankenhaus-ludmillenstift-meppen,krankenhaus-ludmillenstift-meppen:112,112,1,8
12,krankenhaus-ludmillenstift-meppen,krankenhaus-ludmillenstift-meppen:113,113,1,2
4,krankenhaus-ludmillenstift-meppen,krankenhaus-ludmillenstift-meppen:114,114,1,8
8,krankenhaus-ludmillenstift-meppen,krankenhaus-ludmillenstift-meppen:116,116,1,2
19,krankenhaus-ludmillenstift-meppen,krankenhaus-ludmillenstift-meppen:117,117,1,10
19,krankenhaus-ludmillenstift-meppen,krankenhaus-ludmillenstift-meppen:120,120,1,-1
6,krankenhaus-ludmillenstift-meppen,krankenhaus-ludmillenstift-meppen:122,122,5,-1
6,krankenhaus-ludmillenstift-meppen,krankenhaus-ludmillenstift-meppen:123,123,1,23
8,krankenhaus-ludmillenstift-meppen,krankenhaus-ludmillenstift-meppen:124,124,1,8
7,krankenhaus-ludmillenstift-meppen,krankenhaus-ludmillenstift-meppen:125,125,1,14
12,krankenhaus-ludmillenstift-meppen,krankenhaus-ludmillenstift-meppen:126,126,1,-1
6,krankenhaus-ludmillenstift-meppen,krankenhaus-ludmillenstift-meppen:127,127,5,-1
12,krankenhaus-ludmillenstift-meppen,krankenhaus-ludmillenstift-meppen:128,128,3,1
11,krankenhaus-ludmillenstift-meppen,krankenhaus-ludmillenstift-meppen:131,131,1,2
7,krankenhaus-ludmillenstift-meppen,krankenhaus-ludmillenstift-meppen:135,135,3,24
5,krankenhaus-ludmillenstift-meppen,krankenhaus-ludmillenstift-meppen:136,136,2,1
4,krankenhaus-ludmillenstift-meppen,krankenhaus-ludmillenstift-meppen:137,137,5,0
18,krankenhaus-ludmillenstift-meppen,krankenhaus-ludmillenstift-meppen:139,139,1,3
4,krankenhaus-ludmillenstift-meppen,krankenhaus-ludmillenstift-meppen:141,141,3,9
14,krankenhaus-ludmillenstift-meppen,krankenhaus-ludmillenstift-meppen:143,143,1,1
12,krankenhaus-ludmillenstift-meppen,krankenhaus-ludmillenstift-meppen:145,145,1,-1
13,krankenhaus-ludmillenstift-meppen,krankenhaus-ludmillenstift-meppen:146,146,1,2
3,krankenhaus-ludmillenstift-meppen,krankenhaus-ludmillenstift-meppen:147,147,4,0
13,krankenhaus-ludmillenstift-meppen,krankenhaus-ludmillenstift-meppen:148,148,1,7
3,krankenhaus-ludmillenstift-meppen,krankenhaus-ludmillenstift-meppen:149,149,1,-1
12,krankenhaus-ludmillenstift-meppen,krankenhaus-ludmillenstift-meppen:150,150,1,24
8,krankenhaus-ludmillenstift-meppen,krankenhaus-ludmillenstift-meppen:152,152,1,-1
3,krankenhaus-ludmillenstift-meppen,krankenhaus-ludmillenstift-meppen:153,153,5,-1
3,krankenhaus-ludmillenstift-meppen,krankenhaus-ludmillenstift-meppen:154,154,2,2
9,krankenhaus-ludmillenstift-meppen,krankenhaus-ludmillenstift-meppen:155,155,1,-1
3,krankenhaus-ludmillenstift-meppen,krankenhaus-ludmillenstift-meppen:156,156,5,22
11,krankenhaus-ludmillenstift-meppen,krankenhaus-ludmillenstift-meppen:157,157,1,20
13,krankenhaus-ludmillenstift-meppen,krankenhaus-ludmillenstift-meppen:158,158,1,-1
3,krankenhaus-ludmillenstift-meppen,krankenhaus-ludmillenstift-meppen:159,159,5,11
12,krankenhaus-ludmillenstift-meppen,krankenhaus-ludmillenstift-meppen:160,160,1,3
3,krankenhaus-ludmillenstift-meppen,krankenhaus-ludmillenstift-meppen:161,161,5,0
5,krankenhaus-ludmillenstift-meppen,krankenhaus-ludmillenstift-meppen:164,164,5,0
9,krankenhaus-ludmillenstift-meppen,krankenhaus-ludmillenstift-meppen:165,165,1,20
3,krankenhaus-ludmillenstift-meppen,krankenhaus-ludmillenstift-meppen:166,166,5,0
4,krankenhaus-ludmillenstift-meppen,krankenhaus-ludmillenstift-meppen:168,168,5,0
16,krankenhaus-ludmillenstift-meppen,krankenhaus-ludmillenstift-meppen:170,170,2,-1
3,krankenhaus-ludmillenstift-meppen,krankenhaus-ludmillenstift-meppen:171,171,5,0
13,krankenhaus-ludmillenstift-meppen,krankenhaus-ludmillenstift-meppen:172,172,1,-1
3,krankenhaus-ludmillenstift-meppen,krankenhaus-ludmillenstift-meppen:175,175,5,0
16,krankenhaus-ludmillenstift-meppen,krankenhaus-ludmillenstift-meppen:177,177,1,5
9,krankenhaus-ludmillenstift-meppen,krankenhaus-ludmillenstift-meppen:181,181,1,3
3,krankenhaus-ludmillenstift-meppen,krankenhaus-ludmillenstift-meppen:182,182,1,-1
5,krankenhaus-ludmillenstift-meppen,krankenhaus-ludmillenstift-meppen:186,186,5,8
5,krankenhaus-ludmillenstift-meppen,krankenhaus-ludmillenstift-meppen:190,190,1,-1
12,krankenhaus-ludmillenstift-meppen,krankenhaus-ludmillenstift-meppen:191,191,1,-1
9,krankenhaus-ludmillenstift-meppen,krankenhaus-ludmillenstift-meppen:192,192,2,6
9,krankenhaus-ludmillenstift-meppen,krankenhaus-ludmillenstift-meppen:194,194,1,21
3,krankenhaus-ludmillenstift-meppen,krankenhaus-ludmillenstift-meppen:195,195,5,-1
4,krankenhaus-ludmillenstift-meppen,krankenhaus-ludmillenstift-meppen:196,196,5,0
4,krankenhaus-ludmillenstift-meppen,krankenhaus-ludmillenstift-meppen:197,197,5,0
5,krankenhaus-ludmillenstift-meppen,krankenhaus-ludmillenstift-meppen:198,198,1,-1
15,krankenhaus-ludmillenstift-meppen,krankenhaus-ludmillenstift-meppen:200,200,1,14
4,krankenhaus-ludmillenstift-meppen,krankenhaus-ludmillenstift-meppen:201,201,5,0
6,krankenhaus-ludmillenstift-meppen,krankenhaus-ludmillenstift-meppen:202,202,1,23
8,krankenhaus-ludmillenstift-meppen,krankenhaus-ludmillenstift-meppen:203,203,1,1
9,krankenhaus-ludmillenstift-meppen,krankenhaus-ludmillenstift-meppen:206,206,1,9
8,krankenhaus-ludmillenstift-meppen,krankenhaus-ludmillenstift-meppen:209,209,1,-1
3,krankenhaus-ludmillenstift-meppen,krankenhaus-ludmillenstift-meppen:210,210,1,2
11,krankenhaus-ludmillenstift-meppen,krankenhaus-ludmillenstift-meppen:211,211,1,-1
9,krankenhaus-ludmillenstift-meppen,krankenhaus-ludmillenstift-meppen:215,215,1,8
9,krankenhaus-ludmillenstift-meppen,krankenhaus-ludmillenstift-meppen:217,217,1,-1
5,krankenhaus-ludmillenstift-meppen,krankenhaus-ludmillenstift-meppen:218,218,5,0
6,krankenhaus-ludmillenstift-meppen,krankenhaus-ludmillenstift-meppen:220,220,2,8
5,krankenhaus-ludmillenstift-meppen,krankenhaus-ludmillenstift-meppen:221,221,5,-1
5,krankenhaus-ludmillenstift-meppen,krankenhaus-ludmillenstift-meppen:224,224,1,-1
13,krankenhaus-ludmillenstift-meppen,krankenhaus-ludmillenstift-meppen:225,225,1,5
4,krankenhaus-ludmillenstift-meppen,krankenhaus-ludmillenstift-meppen:230,230,4,0
3,krankenhaus-ludmillenstift-meppen,krankenhaus-ludmillenstift-meppen:236,236,1,21
3,krankenhaus-ludmillenstift-meppen,krankenhaus-ludmillenstift-meppen:243,243,5,0
3,krankenhaus-ludmillenstift-meppen,krankenhaus-ludmillenstift-meppen:248,248,1,14
4,krankenhaus-ludmillenstift-meppen,krankenhaus-ludmillenstift-meppen:250,250,1,-1
3,krankenhaus-ludmillenstift-meppen,krankenhaus-ludmillenstift-meppen:254,254,5,22
7,krankenhaus-ludmillenstift-meppen,krankenhaus-ludmillenstift-meppen:255,255,1,9
7,krankenhaus-ludmillenstift-meppen,krankenhaus-ludmillenstift-meppen:259,259,1,5
5,krankenhaus-ludmillenstift-meppen,krankenhaus-ludmillenstift-meppen:262,262,1,23
5,krankenhaus-ludmillenstift-meppen,krankenhaus-ludmillenstift-meppen:263,263,1,-1
3,krankenhaus-ludmillenstift-meppen,krankenhaus-ludmillenstift-meppen:265,265,5,0
3,krankenhaus-ludmillenstift-meppen,krankenhaus-ludmillenstift-meppen:266,266,1,5
3,krankenhaus-ludmillenstift-meppen,krankenhaus-ludmillenstift-meppen:268,268,5,0
7,krankenhaus-ludmillenstift-meppen,krankenhaus-ludmillenstift-meppen:269,269,1,3
3,krankenhaus-ludmillenstift-meppen,krankenhaus-ludmillenstift-meppen:272,272,5,0
5,krankenhaus-ludmillenstift-meppen,krankenhaus-ludmillenstift-meppen:273,273,1,7
3,krankenhaus-ludmillenstift-meppen,krankenhaus-ludmillenstift-meppen:276,276,1,-1
6,krankenhaus-ludmillenstift-meppen,krankenhaus-ludmillenstift-meppen:278,278,1,7
3,krankenhaus-ludmillenstift-meppen,krankenhaus-ludmillenstift-meppen:279,279,5,-1
4,krankenhaus-ludmillenstift-meppen,krankenhaus-ludmillenstift-meppen:283,283,1,2
4,krankenhaus-ludmillenstift-meppen,krankenhaus-ludmillenstift-meppen:285,285,5,0
3,krankenhaus-ludmillenstift-meppen,krankenhaus-ludmillenstift-meppen:287,287,5,0
3,krankenhaus-ludmillenstift-meppen,krankenhaus-ludmillenstift-meppen:289,289,1,9
4,krankenhaus-ludmillenstift-meppen,krankenhaus-ludmillenstift-meppen:291,291,1,5
3,krankenhaus-ludmillenstift-meppen,krankenhaus-ludmillenstift-meppen:296,296,1,5
3,krankenhaus-ludmillenstift-meppen,krankenhaus-ludmillenstift-meppen:303,303,2,5
4,krankenhaus-ludmillenstift-meppen,krankenhaus-ludmillenstift-meppen:323,323,1,7
4,krankenhaus-norderney,krankenhaus-norderney:17,17,5,0
5,krankenhaus-norderney,krankenhaus-norderney:20,20,5,0
6,krankenhaus-norderney,krankenhaus-norderney:21,21,1,1
3,krankenhaus-norderney,krankenhaus-norderney:22,22,5,0
12,krankenhaus-norderney,krankenhaus-norderney:23,23,5,15
10,krankenhaus-norderney,krankenhaus-norderney:27,27,5,0
3,krankenhaus-norderney,krankenhaus-norderney:29,29,5,0
11,krankenhaus-norderney,krankenhaus-norderney:31,31,1,-1
3,krankenhaus-norderney,krankenhaus-norderney:34,34,5,0
7,krankenhaus-norderney,krankenhaus-norderney:35,35,1,-1
4,krankenhaus-norderney,krankenhaus-norderney:36,36,1,-1
7,krankenhaus-norderney,krankenhaus-norderney:38,38,4,-1
3,krankenhaus-norderney,krankenhaus-norderney:41,41,4,0
5,krankenhaus-norderney,krankenhaus-norderney:42,42,2,-1
13,krankenhaus-norderney,krankenhaus-norderney:43,43,1,20
3,krankenhaus-norderney,krankenhaus-norderney:45,45,1,3
6,krankenhaus-norderney,krankenhaus-norderney:47,47,1,3
6,krankenhaus-norderney,krankenhaus-norderney:48,48,5,13
3,krankenhaus-norderney,krankenhaus-norderney:49,49,1,13
3,krankenhaus-norderney,krankenhaus-norderney:50,50,5,-1
3,krankenhaus-norderney,krankenhaus-norderney:53,53,5,0
3,krankenhaus-norderney,krankenhaus-norderney:55,55,5,-1
4,krankenhaus-rheiderland,krankenhaus-rheiderland:14,14,2,20
5,krankenhaus-rheiderland,krankenhaus-rheiderland:17,17,1,-1
9,krankenhaus-rheiderland,krankenhaus-rheiderland:19,19,5,-1
4,krankenhaus-rheiderland,krankenhaus-rheiderland:20,20,5,0
4,krankenhaus-rheiderland,krankenhaus-rheiderland:29,29,4,-1
4,krankenhaus-rheiderland,krankenhaus-rheiderland:30,30,1,-1
8,krankenhaus-rheiderland,krankenhaus-rheiderland:32,32,1,5
3,krankenhaus-rheiderland,krankenhaus-rheiderland:45,45,1,4
3,krankenhaus-st-elisabeth-ggmbh,krankenhaus-st-elisabeth-ggmbh:26,26,1,1
6,krankenhaus-st-elisabeth-ggmbh,krankenhaus-st-elisabeth-ggmbh:27,27,5,-1
6,krankenhaus-st-elisabeth-ggmbh,krankenhaus-st-elisabeth-ggmbh:32,32,5,-1
15,krankenhaus-st-elisabeth-ggmbh,krankenhaus-st-elisabeth-ggmbh:43,43,1,1
4,krankenhaus-st-elisabeth-ggmbh,krankenhaus-st-elisabeth-ggmbh:45,45,5,0
10,krankenhaus-st-elisabeth-ggmbh,krankenhaus-st-elisabeth-ggmbh:51,51,1,-1
4,krankenhaus-st-elisabeth-ggmbh,krankenhaus-st-elisabeth-ggmbh:54,54,5,0
4,krankenhaus-st-elisabeth-ggmbh,krankenhaus-st-elisabeth-ggmbh:55,55,1,-1
15,krankenhaus-st-elisabeth-ggmbh,krankenhaus-st-elisabeth-ggmbh:56,56,1,13
4,krankenhaus-st-elisabeth-ggmbh,krankenhaus-st-elisabeth-ggmbh:57,57,5,0
9,krankenhaus-st-elisabeth-ggmbh,krankenhaus-st-elisabeth-ggmbh:58,58,2,15
12,krankenhaus-st-elisabeth-ggmbh,krankenhaus-st-elisabeth-ggmbh:64,64,1,-1
3,krankenhaus-st-elisabeth-ggmbh,krankenhaus-st-elisabeth-ggmbh:65,65,5,0
3,krankenhaus-st-elisabeth-ggmbh,krankenhaus-st-elisabeth-ggmbh:66,66,5,12
10,krankenhaus-st-elisabeth-ggmbh,krankenhaus-st-elisabeth-ggmbh:74,74,1,17
5,krankenhaus-st-elisabeth-ggmbh,krankenhaus-st-elisabeth-ggmbh:77,77,1,-1
4,krankenhaus-st-elisabeth-ggmbh,krankenhaus-st-elisabeth-ggmbh:78,78,4,0
22,krankenhaus-st-elisabeth-ggmbh,krankenhaus-st-elisabeth-ggmbh:79,79,1,8
3,krankenhaus-st-elisabeth-ggmbh,krankenhaus-st-elisabeth-ggmbh:80,80,4,15
15,krankenhaus-st-elisabeth-ggmbh,krankenhaus-st-elisabeth-ggmbh:83,83,1,-1
3,krankenhaus-st-elisabeth-ggmbh,krankenhaus-st-elisabeth-ggmbh:84,84,2,4
4,krankenhaus-st-elisabeth-ggmbh,krankenhaus-st-elisabeth-ggmbh:89,89,1,-1
3,krankenhaus-st-elisabeth-ggmbh,krankenhaus-st-elisabeth-ggmbh:91,91,1,-1
15,krankenhaus-st-elisabeth-ggmbh,krankenhaus-st-elisabeth-ggmbh:92,92,1,1
4,krankenhaus-st-elisabeth-ggmbh,krankenhaus-st-elisabeth-ggmbh:93,93,1,-1
7,krankenhaus-st-elisabeth-ggmbh,krankenhaus-st-elisabeth-ggmbh:94,94,1,-1
3,krankenhaus-st-elisabeth-ggmbh,krankenhaus-st-elisabeth-ggmbh:96,96,5,0
4,krankenhaus-st-elisabeth-ggmbh,krankenhaus-st-elisabeth-ggmbh:97,97,5,10
3,krankenhaus-st-elisabeth-ggmbh,krankenhaus-st-elisabeth-ggmbh:98,98,5,0
3,krankenhaus-st-elisabeth-ggmbh,krankenhaus-st-elisabeth-ggmbh:100,100,5,-1
8,krankenhaus-st-elisabeth-ggmbh,krankenhaus-st-elisabeth-ggmbh:103,103,1,-1
10,krankenhaus-st-elisabeth-ggmbh,krankenhaus-st-elisabeth-ggmbh:107,107,1,2
6,krankenhaus-st-elisabeth-ggmbh,krankenhaus-st-elisabeth-ggmbh:110,110,1,1
10,krankenhaus-st-elisabeth-ggmbh,krankenhaus-st-elisabeth-ggmbh:112,112,1,1
4,krankenhaus-st-elisabeth-ggmbh,krankenhaus-st-elisabeth-ggmbh:113,113,3,-1
12,krankenhaus-st-elisabeth-ggmbh,krankenhaus-st-elisabeth-ggmbh:115,115,1,-1
6,krankenhaus-st-elisabeth-ggmbh,krankenhaus-st-elisabeth-ggmbh:117,117,1,-1
7,krankenhaus-st-elisabeth-ggmbh,krankenhaus-st-elisabeth-ggmbh:122,122,1,-1
4,krankenhaus-st-elisabeth-ggmbh,krankenhaus-st-elisabeth-ggmbh:124,124,1,-1
6,krankenhaus-st-elisabeth-ggmbh,krankenhaus-st-elisabeth-ggmbh:125,125,1,-1
4,krankenhaus-st-elisabeth-ggmbh,krankenhaus-st-elisabeth-ggmbh:128,128,1,8
4,krankenhaus-st-elisabeth-ggmbh,krankenhaus-st-elisabeth-ggmbh:130,130,1,-1
3,krankenhaus-st-elisabeth-ggmbh,krankenhaus-st-elisabeth-ggmbh:132,132,1,1
6,krankenhaus-st-elisabeth-ggmbh,krankenhaus-st-elisabeth-ggmbh:134,134,1,13
4,krankenhaus-st-elisabeth-ggmbh,krankenhaus-st-elisabeth-ggmbh:139,139,1,-1
3,krankenhaus-st-elisabeth-ggmbh,krankenhaus-st-elisabeth-ggmbh:146,146,5,0
4,krankenhaus-st-elisabeth-ggmbh,krankenhaus-st-elisabeth-ggmbh:147,147,1,7
3,krankenhaus-st-elisabeth-ggmbh,krankenhaus-st-elisabeth-ggmbh:154,154,1,7
5,krankenhaus-st-elisabeth-ggmbh,krankenhaus-st-elisabeth-ggmbh:155,155,1,-1
7,krankenhaus-st-elisabeth-ggmbh,krankenhaus-st-elisabeth-ggmbh:161,161,1,4
8,krankenhaus-st-elisabeth-ggmbh,krankenhaus-st-elisabeth-ggmbh:163,163,1,-1
3,krankenhaus-st-elisabeth-ggmbh,krankenhaus-st-elisabeth-ggmbh:166,166,1,-1
3,krankenhaus-st-elisabeth-ggmbh,krankenhaus-st-elisabeth-ggmbh:177,177,1,-1
4,krankenhaus-st-elisabeth-ggmbh,krankenhaus-st-elisabeth-ggmbh:178,178,1,4
4,krankenhaus-st-elisabeth-ggmbh,krankenhaus-st-elisabeth-ggmbh:180,180,1,-1
3,krankenhaus-st-elisabeth-ggmbh,krankenhaus-st-elisabeth-ggmbh:200,200,5,0
3,krankenhaus-st-elisabeth-ggmbh,krankenhaus-st-elisabeth-ggmbh:202,202,1,-1
3,krankenhaus-st-elisabeth-ggmbh,krankenhaus-st-elisabeth-ggmbh:207,207,2,5
3,krankenhaus-wittmund-ggmbh,krankenhaus-wittmund-ggmbh:32,32,5,0
3,krankenhaus-wittmund-ggmbh,krankenhaus-wittmund-ggmbh:38,38,1,1
4,krankenhaus-wittmund-ggmbh,krankenhaus-wittmund-ggmbh:44,44,5,0
8,krankenhaus-wittmund-ggmbh,krankenhaus-wittmund-ggmbh:46,46,5,0
4,krankenhaus-wittmund-ggmbh,krankenhaus-wittmund-ggmbh:50,50,5,6
3,krankenhaus-wittmund-ggmbh,krankenhaus-wittmund-ggmbh:56,56,5,0
4,krankenhaus-wittmund-ggmbh,krankenhaus-wittmund-ggmbh:59,59,1,0
6,krankenhaus-wittmund-ggmbh,krankenhaus-wittmund-ggmbh:60,60,5,0
7,krankenhaus-wittmund-ggmbh,krankenhaus-wittmund-ggmbh:61,61,5,0
6,krankenhaus-wittmund-ggmbh,krankenhaus-wittmund-ggmbh:62,62,1,6
3,krankenhaus-wittmund-ggmbh,krankenhaus-wittmund-ggmbh:64,64,1,8
3,krankenhaus-wittmund-ggmbh,krankenhaus-wittmund-ggmbh:65,65,4,1
7,krankenhaus-wittmund-ggmbh,krankenhaus-wittmund-ggmbh:69,69,5,-1
13,krankenhaus-wittmund-ggmbh,krankenhaus-wittmund-ggmbh:71,71,1,-1
6,krankenhaus-wittmund-ggmbh,krankenhaus-wittmund-ggmbh:72,72,1,-1
6,krankenhaus-wittmund-ggmbh,krankenhaus-wittmund-ggmbh:75,75,3,15
5,krankenhaus-wittmund-ggmbh,krankenhaus-wittmund-ggmbh:77,77,1,15
8,krankenhaus-wittmund-ggmbh,krankenhaus-wittmund-ggmbh:78,78,5,0
5,krankenhaus-wittmund-ggmbh,krankenhaus-wittmund-ggmbh:79,79,5,2
6,krankenhaus-wittmund-ggmbh,krankenhaus-wittmund-ggmbh:82,82,5,-1
6,krankenhaus-wittmund-ggmbh,krankenhaus-wittmund-ggmbh:85,85,1,21
21,krankenhaus-wittmund-ggmbh,krankenhaus-wittmund-ggmbh:87,87,1,-1
3,krankenhaus-wittmund-ggmbh,krankenhaus-wittmund-ggmbh:88,88,5,-1
4,krankenhaus-wittmund-ggmbh,krankenhaus-wittmund-ggmbh:89,89,5,0
4,krankenhaus-wittmund-ggmbh,krankenhaus-wittmund-ggmbh:90,90,5,0
3,krankenhaus-wittmund-ggmbh,krankenhaus-wittmund-ggmbh:92,92,5,0
3,krankenhaus-wittmund-ggmbh,krankenhaus-wittmund-ggmbh:95,95,5,0
4,krankenhaus-wittmund-ggmbh,krankenhaus-wittmund-ggmbh:97,97,5,-1
15,krankenhaus-wittmund-ggmbh,krankenhaus-wittmund-ggmbh:99,99,1,-1
13,krankenhaus-wittmund-ggmbh,krankenhaus-wittmund-ggmbh:105,105,1,1
5,krankenhaus-wittmund-ggmbh,krankenhaus-wittmund-ggmbh:107,107,1,-1
12,krankenhaus-wittmund-ggmbh,krankenhaus-wittmund-ggmbh:108,108,1,6
10,krankenhaus-wittmund-ggmbh,krankenhaus-wittmund-ggmbh:109,109,1,-1
15,krankenhaus-wittmund-ggmbh,krankenhaus-wittmund-ggmbh:111,111,1,-1
6,krankenhaus-wittmund-ggmbh,krankenhaus-wittmund-ggmbh:112,112,5,-1
5,krankenhaus-wittmund-ggmbh,krankenhaus-wittmund-ggmbh:114,114,5,0
10,krankenhaus-wittmund-ggmbh,krankenhaus-wittmund-ggmbh:115,115,1,-1
7,krankenhaus-wittmund-ggmbh,krankenhaus-wittmund-ggmbh:118,118,1,-1
4,krankenhaus-wittmund-ggmbh,krankenhaus-wittmund-ggmbh:120,120,5,0
11,krankenhaus-wittmund-ggmbh,krankenhaus-wittmund-ggmbh:122,122,1,4
5,krankenhaus-wittmund-ggmbh,krankenhaus-wittmund-ggmbh:123,123,1,27
6,krankenhaus-wittmund-ggmbh,krankenhaus-wittmund-ggmbh:124,124,1,1
8,krankenhaus-wittmund-ggmbh,krankenhaus-wittmund-ggmbh:128,128,1,-1
7,krankenhaus-wittmund-ggmbh,krankenhaus-wittmund-ggmbh:129,129,1,10
4,krankenhaus-wittmund-ggmbh,krankenhaus-wittmund-ggmbh:130,130,5,0
4,krankenhaus-wittmund-ggmbh,krankenhaus-wittmund-ggmbh:135,135,5,0
9,krankenhaus-wittmund-ggmbh,krankenhaus-wittmund-ggmbh:137,137,1,8
4,krankenhaus-wittmund-ggmbh,krankenhaus-wittmund-ggmbh:139,139,1,8
8,krankenhaus-wittmund-ggmbh,krankenhaus-wittmund-ggmbh:141,141,1,1
12,krankenhaus-wittmund-ggmbh,krankenhaus-wittmund-ggmbh:142,142,1,-1
3,krankenhaus-wittmund-ggmbh,krankenhaus-wittmund-ggmbh:143,143,1,-1
3,krankenhaus-wittmund-ggmbh,krankenhaus-wittmund-ggmbh:148,148,5,0
8,krankenhaus-wittmund-ggmbh,krankenhaus-wittmund-ggmbh:150,150,1,1
3,krankenhaus-wittmund-ggmbh,krankenhaus-wittmund-ggmbh:151,151,5,0
13,krankenhaus-wittmund-ggmbh,krankenhaus-wittmund-ggmbh:154,154,1,8
4,krankenhaus-wittmund-ggmbh,krankenhaus-wittmund-ggmbh:155,155,4,0
6,krankenhaus-wittmund-ggmbh,krankenhaus-wittmund-ggmbh:158,158,1,-1
7,krankenhaus-wittmund-ggmbh,krankenhaus-wittmund-ggmbh:160,160,1,5
3,krankenhaus-wittmund-ggmbh,krankenhaus-wittmund-ggmbh:165,165,5,0
3,krankenhaus-wittmund-ggmbh,krankenhaus-wittmund-ggmbh:169,169,5,0
4,krankenhaus-wittmund-ggmbh,krankenhaus-wittmund-ggmbh:178,178,4,0
4,krankenhaus-wittmund-ggmbh,krankenhaus-wittmund-ggmbh:179,179,1,9
5,krankenhaus-wittmund-ggmbh,krankenhaus-wittmund-ggmbh:180,180,5,-1
4,krankenhaus-wittmund-ggmbh,krankenhaus-wittmund-ggmbh:183,183,5,0
4,krankenhaus-wittmund-ggmbh,krankenhaus-wittmund-ggmbh:189,189,1,-1
10,krankenhaus-wittmund-ggmbh,krankenhaus-wittmund-ggmbh:193,193,1,7
4,krankenhaus-wittmund-ggmbh,krankenhaus-wittmund-ggmbh:195,195,5,0
4,krankenhaus-wittmund-ggmbh,krankenhaus-wittmund-ggmbh:198,198,1,21
8,krankenhaus-wittmund-ggmbh,krankenhaus-wittmund-ggmbh:199,199,1,3
3,krankenhaus-wittmund-ggmbh,krankenhaus-wittmund-ggmbh:200,200,5,0
6,krankenhaus-wittmund-ggmbh,krankenhaus-wittmund-ggmbh:207,207,1,-1
3,krankenhaus-wittmund-ggmbh,krankenhaus-wittmund-ggmbh:220,220,3,8
5,krankenhaus-wittmund-ggmbh,krankenhaus-wittmund-ggmbh:237,237,1,5
3,krankenhaus-wittmund-ggmbh,krankenhaus-wittmund-ggmbh:254,254,2,5
4,kreiskrankenhaus-osterholz,kreiskrankenhaus-osterholz:43,43,5,0
6,kreiskrankenhaus-osterholz,kreiskrankenhaus-osterholz:51,51,1,-1
7,kreiskrankenhaus-osterholz,kreiskrankenhaus-osterholz:52,52,5,11
7,kreiskrankenhaus-osterholz,kreiskrankenhaus-osterholz:53,53,1,-1
6,kreiskrankenhaus-osterholz,kreiskrankenhaus-osterholz:56,56,5,-1
3,kreiskrankenhaus-osterholz,kreiskrankenhaus-osterholz:62,62,2,1
9,kreiskrankenhaus-osterholz,kreiskrankenhaus-osterholz:64,64,1,3
6,kreiskrankenhaus-osterholz,kreiskrankenhaus-osterholz:75,75,5,0
6,kreiskrankenhaus-osterholz,kreiskrankenhaus-osterholz:76,76,3,-1
7,kreiskrankenhaus-osterholz,kreiskrankenhaus-osterholz:78,78,1,13
4,kreiskrankenhaus-osterholz,kreiskrankenhaus-osterholz:82,82,2,8
7,kreiskrankenhaus-osterholz,kreiskrankenhaus-osterholz:84,84,1,9
3,kreiskrankenhaus-osterholz,kreiskrankenhaus-osterholz:86,86,3,4
3,kreiskrankenhaus-osterholz,kreiskrankenhaus-osterholz:87,87,5,-1
4,kreiskrankenhaus-osterholz,kreiskrankenhaus-osterholz:88,88,1,16
24,kreiskrankenhaus-osterholz,kreiskrankenhaus-osterholz:94,94,1,-1
14,kreiskrankenhaus-osterholz,kreiskrankenhaus-osterholz:95,95,1,-1
20,kreiskrankenhaus-osterholz,kreiskrankenhaus-osterholz:97,97,1,-1
6,kreiskrankenhaus-osterholz,kreiskrankenhaus-osterholz:101,101,5,-1
4,kreiskrankenhaus-osterholz,kreiskrankenhaus-osterholz:103,103,4,12
14,kreiskrankenhaus-osterholz,kreiskrankenhaus-osterholz:104,104,1,1
4,kreiskrankenhaus-osterholz,kreiskrankenhaus-osterholz:108,108,1,10
5,kreiskrankenhaus-osterholz,kreiskrankenhaus-osterholz:114,114,1,6
3,kreiskrankenhaus-osterholz,kreiskrankenhaus-osterholz:115,115,5,0
11,kreiskrankenhaus-osterholz,kreiskrankenhaus-osterholz:117,117,1,-1
3,kreiskrankenhaus-osterholz,kreiskrankenhaus-osterholz:118,118,1,-1
7,kreiskrankenhaus-osterholz,kreiskrankenhaus-osterholz:120,120,1,6
7,kreiskrankenhaus-osterholz,kreiskrankenhaus-osterholz:124,124,1,7
4,kreiskrankenhaus-osterholz,kreiskrankenhaus-osterholz:135,135,1,-1
5,kreiskrankenhaus-osterholz,kreiskrankenhaus-osterholz:137,137,5,0
21,kreiskrankenhaus-osterholz,kreiskrankenhaus-osterholz:139,139,1,-1
6,kreiskrankenhaus-osterholz,kreiskrankenhaus-osterholz:141,141,1,-1
11,kreiskrankenhaus-osterholz,kreiskrankenhaus-osterholz:142,142,1,14
3,kreiskrankenhaus-osterholz,kreiskrankenhaus-osterholz:143,143,2,-1
14,kreiskrankenhaus-osterholz,kreiskrankenhaus-osterholz:148,148,1,-1
4,kreiskrankenhaus-osterholz,kreiskrankenhaus-osterholz:149,149,5,0
3,kreiskrankenhaus-osterholz,kreiskrankenhaus-osterholz:150,150,1,-1
5,kreiskrankenhaus-osterholz,kreiskrankenhaus-osterholz:161,161,1,-1
3,kreiskrankenhaus-osterholz,kreiskrankenhaus-osterholz:168,168,1,19
6,kreiskrankenhaus-osterholz,kreiskrankenhaus-osterholz:178,178,1,4
4,kreiskrankenhaus-osterholz,kreiskrankenhaus-osterholz:183,183,1,7
3,kreiskrankenhaus-osterholz,kreiskrankenhaus-osterholz:186,186,1,7
5,kreiskrankenhaus-osterholz,kreiskrankenhaus-osterholz:201,201,1,-1
3,kreiskrankenhaus-osterholz,kreiskrankenhaus-osterholz:203,203,2,8
6,kreiskrankenhaus-osterholz,kreiskrankenhaus-osterholz:206,206,1,3
9,kreiskrankenhaus-osterholz,kreiskrankenhaus-osterholz:209,209,1,5
6,kreiskrankenhaus-osterholz,kreiskrankenhaus-osterholz:218,218,1,4
6,krh-klinikum-agnes-karll-laatzen,krh-klinikum-agnes-karll-laatzen:32,32,1,-1
3,krh-klinikum-agnes-karll-laatzen,krh-klinikum-agnes-karll-laatzen:33,33,1,-1
4,krh-klinikum-agnes-karll-laatzen,krh-klinikum-agnes-karll-laatzen:38,38,2,-1
4,krh-klinikum-agnes-karll-laatzen,krh-klinikum-agnes-karll-laatzen:45,45,5,-1
7,krh-klinikum-agnes-karll-laatzen,krh-klinikum-agnes-karll-laatzen:47,47,5,-1
5,krh-klinikum-agnes-karll-laatzen,krh-klinikum-agnes-karll-laatzen:50,50,3,-1
4,krh-klinikum-agnes-karll-laatzen,krh-klinikum-agnes-karll-laatzen:51,51,5,0
3,krh-klinikum-agnes-karll-laatzen,krh-klinikum-agnes-karll-laatzen:56,56,5,0
4,krh-klinikum-agnes-karll-laatzen,krh-klinikum-agnes-karll-laatzen:57,57,5,-1
5,krh-klinikum-agnes-karll-laatzen,krh-klinikum-agnes-karll-laatzen:60,60,1,-1
4,krh-klinikum-agnes-karll-laatzen,krh-klinikum-agnes-karll-laatzen:61,61,1,-1
4,krh-klinikum-agnes-karll-laatzen,krh-klinikum-agnes-karll-laatzen:63,63,1,-1
6,krh-klinikum-agnes-karll-laatzen,krh-klinikum-agnes-karll-laatzen:64,64,2,4
4,krh-klinikum-agnes-karll-laatzen,krh-klinikum-agnes-karll-laatzen:65,65,5,-1
6,krh-klinikum-agnes-karll-laatzen,krh-klinikum-agnes-karll-laatzen:70,70,5,0
12,krh-klinikum-agnes-karll-laatzen,krh-klinikum-agnes-karll-laatzen:71,71,1,19
5,krh-klinikum-agnes-karll-laatzen,krh-klinikum-agnes-karll-laatzen:79,79,1,-1
4,krh-klinikum-agnes-karll-laatzen,krh-klinikum-agnes-karll-laatzen:80,80,1,6
7,krh-klinikum-agnes-karll-laatzen,krh-klinikum-agnes-karll-laatzen:81,81,5,13
7,krh-klinikum-agnes-karll-laatzen,krh-klinikum-agnes-karll-laatzen:84,84,1,15
3,krh-klinikum-agnes-karll-laatzen,krh-klinikum-agnes-karll-laatzen:85,85,4,10
6,krh-klinikum-agnes-karll-laatzen,krh-klinikum-agnes-karll-laatzen:90,90,1,4
8,krh-klinikum-agnes-karll-laatzen,krh-klinikum-agnes-karll-laatzen:93,93,1,8
8,krh-klinikum-agnes-karll-laatzen,krh-klinikum-agnes-karll-laatzen:94,94,1,-1
8,krh-klinikum-agnes-karll-laatzen,krh-klinikum-agnes-karll-laatzen:97,97,1,7
4,krh-klinikum-agnes-karll-laatzen,krh-klinikum-agnes-karll-laatzen:98,98,5,-1
7,krh-klinikum-agnes-karll-laatzen,krh-klinikum-agnes-karll-laatzen:100,100,5,-1
8,krh-klinikum-agnes-karll-laatzen,krh-klinikum-agnes-karll-laatzen:102,102,1,16
14,krh-klinikum-agnes-karll-laatzen,krh-klinikum-agnes-karll-laatzen:103,103,1,10
3,krh-klinikum-agnes-karll-laatzen,krh-klinikum-agnes-karll-laatzen:104,104,2,-1
8,krh-klinikum-agnes-karll-laatzen,krh-klinikum-agnes-karll-laatzen:108,108,2,-1
8,krh-klinikum-agnes-karll-laatzen,krh-klinikum-agnes-karll-laatzen:111,111,1,1
9,krh-klinikum-agnes-karll-laatzen,krh-klinikum-agnes-karll-laatzen:114,114,1,-1
9,krh-klinikum-agnes-karll-laatzen,krh-klinikum-agnes-karll-laatzen:117,117,1,1
9,krh-klinikum-agnes-karll-laatzen,krh-klinikum-agnes-karll-laatzen:119,119,4,0
3,krh-klinikum-agnes-karll-laatzen,krh-klinikum-agnes-karll-laatzen:121,121,5,0
3,krh-klinikum-agnes-karll-laatzen,krh-klinikum-agnes-karll-laatzen:123,123,1,-1
6,krh-klinikum-agnes-karll-laatzen,krh-klinikum-agnes-karll-laatzen:125,125,1,-1
6,krh-klinikum-agnes-karll-laatzen,krh-klinikum-agnes-karll-laatzen:128,128,1,1
3,krh-klinikum-agnes-karll-laatzen,krh-klinikum-agnes-karll-laatzen:134,134,1,6
16,krh-klinikum-agnes-karll-laatzen,krh-klinikum-agnes-karll-laatzen:135,135,1,15
15,krh-klinikum-agnes-karll-laatzen,krh-klinikum-agnes-karll-laatzen:137,137,1,-1
7,krh-klinikum-agnes-karll-laatzen,krh-klinikum-agnes-karll-laatzen:141,141,1,6
6,krh-klinikum-agnes-karll-laatzen,krh-klinikum-agnes-karll-laatzen:144,144,1,-1
9,krh-klinikum-agnes-karll-laatzen,krh-klinikum-agnes-karll-laatzen:145,145,1,6
4,krh-klinikum-agnes-karll-laatzen,krh-klinikum-agnes-karll-laatzen:147,147,1,3
4,krh-klinikum-agnes-karll-laatzen,krh-klinikum-agnes-karll-laatzen:154,154,5,0
3,krh-klinikum-agnes-karll-laatzen,krh-klinikum-agnes-karll-laatzen:156,156,5,0
4,krh-klinikum-agnes-karll-laatzen,krh-klinikum-agnes-karll-laatzen:157,157,1,-1
6,krh-klinikum-agnes-karll-laatzen,krh-klinikum-agnes-karll-laatzen:158,158,1,1
7,krh-klinikum-agnes-karll-laatzen,krh-klinikum-agnes-karll-laatzen:163,163,2,6
9,krh-klinikum-agnes-karll-laatzen,krh-klinikum-agnes-karll-laatzen:164,164,1,1
7,krh-klinikum-agnes-karll-laatzen,krh-klinikum-agnes-karll-laatzen:167,167,4,-1
12,krh-klinikum-agnes-karll-laatzen,krh-klinikum-agnes-karll-laatzen:168,168,1,16
14,krh-klinikum-agnes-karll-laatzen,krh-klinikum-agnes-karll-laatzen:170,170,1,2
10,krh-klinikum-agnes-karll-laatzen,krh-klinikum-agnes-karll-laatzen:171,171,1,26
3,krh-klinikum-agnes-karll-laatzen,krh-klinikum-agnes-karll-laatzen:172,172,5,0
3,krh-klinikum-agnes-karll-laatzen,krh-klinikum-agnes-karll-laatzen:173,173,5,0
11,krh-klinikum-agnes-karll-laatzen,krh-klinikum-agnes-karll-laatzen:179,179,1,15
6,krh-klinikum-agnes-karll-laatzen,krh-klinikum-agnes-karll-laatzen:190,190,1,-1
3,krh-klinikum-agnes-karll-laatzen,krh-klinikum-agnes-karll-laatzen:191,191,1,3
10,krh-klinikum-agnes-karll-laatzen,krh-klinikum-agnes-karll-laatzen:192,192,1,-1
5,krh-klinikum-agnes-karll-laatzen,krh-klinikum-agnes-karll-laatzen:198,198,1,-1
7,krh-klinikum-agnes-karll-laatzen,krh-klinikum-agnes-karll-laatzen:199,199,1,4
12,krh-klinikum-agnes-karll-laatzen,krh-klinikum-agnes-karll-laatzen:201,201,1,-1
6,krh-klinikum-agnes-karll-laatzen,krh-klinikum-agnes-karll-laatzen:204,204,1,6
3,krh-klinikum-agnes-karll-laatzen,krh-klinikum-agnes-karll-laatzen:207,207,1,3
3,krh-klinikum-agnes-karll-laatzen,krh-klinikum-agnes-karll-laatzen:211,211,1,1
6,krh-klinikum-agnes-karll-laatzen,krh-klinikum-agnes-karll-laatzen:212,212,1,7
8,krh-klinikum-agnes-karll-laatzen,krh-klinikum-agnes-karll-laatzen:213,213,1,-1
3,krh-klinikum-agnes-karll-laatzen,krh-klinikum-agnes-karll-laatzen:215,215,5,0
12,krh-klinikum-agnes-karll-laatzen,krh-klinikum-agnes-karll-laatzen:218,218,1,-1
7,krh-klinikum-agnes-karll-laatzen,krh-klinikum-agnes-karll-laatzen:220,220,1,1
8,krh-klinikum-agnes-karll-laatzen,krh-klinikum-agnes-karll-laatzen:223,223,2,15
6,krh-klinikum-agnes-karll-laatzen,krh-klinikum-agnes-karll-laatzen:226,226,1,-1
5,krh-klinikum-agnes-karll-laatzen,krh-klinikum-agnes-karll-laatzen:227,227,1,-1
3,krh-klinikum-agnes-karll-laatzen,krh-klinikum-agnes-karll-laatzen:229,229,1,15
3,krh-klinikum-agnes-karll-laatzen,krh-klinikum-agnes-karll-laatzen:230,230,1,5
3,krh-klinikum-agnes-karll-laatzen,krh-klinikum-agnes-karll-laatzen:233,233,1,-1
9,krh-klinikum-agnes-karll-laatzen,krh-klinikum-agnes-karll-laatzen:242,242,1,-1
8,krh-klinikum-agnes-karll-laatzen,krh-klinikum-agnes-karll-laatzen:243,243,1,4
11,krh-klinikum-agnes-karll-laatzen,krh-klinikum-agnes-karll-laatzen:246,246,1,4
4,krh-klinikum-agnes-karll-laatzen,krh-klinikum-agnes-karll-laatzen:262,262,1,7
5,krh-klinikum-agnes-karll-laatzen,krh-klinikum-agnes-karll-laatzen:264,264,1,7
3,krh-klinikum-agnes-karll-laatzen,krh-klinikum-agnes-karll-laatzen:269,269,5,0
10,krh-klinikum-agnes-karll-laatzen,krh-klinikum-agnes-karll-laatzen:273,273,1,0
3,krh-klinikum-agnes-karll-laatzen,krh-klinikum-agnes-karll-laatzen:275,275,1,-1
8,krh-klinikum-agnes-karll-laatzen,krh-klinikum-agnes-karll-laatzen:278,278,1,5
5,krh-klinikum-agnes-karll-laatzen,krh-klinikum-agnes-karll-laatzen:280,280,1,13
4,krh-klinikum-agnes-karll-laatzen,krh-klinikum-agnes-karll-laatzen:285,285,1,15
3,krh-klinikum-agnes-karll-laatzen,krh-klinikum-agnes-karll-laatzen:308,308,1,5
3,krh-klinikum-agnes-karll-laatzen,krh-klinikum-agnes-karll-laatzen:319,319,1,5
3,krh-klinikum-agnes-karll-laatzen,krh-klinikum-agnes-karll-laatzen:323,323,1,5
4,krh-klinikum-grossburgwedel,krh-klinikum-grossburgwedel:47,47,5,-1
6,krh-klinikum-grossburgwedel,krh-klinikum-grossburgwedel:66,66,5,-1
3,krh-klinikum-grossburgwedel,krh-klinikum-grossburgwedel:69,69,1,-1
3,krh-klinikum-grossburgwedel,krh-klinikum-grossburgwedel:72,72,5,0
3,krh-klinikum-grossburgwedel,krh-klinikum-grossburgwedel:76,76,5,0
6,krh-klinikum-grossburgwedel,krh-klinikum-grossburgwedel:86,86,5,1
7,krh-klinikum-grossburgwedel,krh-klinikum-grossburgwedel:88,88,2,15
7,krh-klinikum-grossburgwedel,krh-klinikum-grossburgwedel:92,92,5,11
5,krh-klinikum-grossburgwedel,krh-klinikum-grossburgwedel:115,115,3,16
7,krh-klinikum-grossburgwedel,krh-klinikum-grossburgwedel:118,118,1,13
4,krh-klinikum-grossburgwedel,krh-klinikum-grossburgwedel:121,121,1,-1
3,krh-klinikum-grossburgwedel,krh-klinikum-grossburgwedel:122,122,1,2
6,krh-klinikum-grossburgwedel,krh-klinikum-grossburgwedel:124,124,2,-1
4,krh-klinikum-grossburgwedel,krh-klinikum-grossburgwedel:127,127,1,-1
5,krh-klinikum-grossburgwedel,krh-klinikum-grossburgwedel:130,130,1,-1
3,krh-klinikum-grossburgwedel,krh-klinikum-grossburgwedel:143,143,2,1
5,krh-klinikum-grossburgwedel,krh-klinikum-grossburgwedel:146,146,1,2
4,krh-klinikum-grossburgwedel,krh-klinikum-grossburgwedel:149,149,2,13
5,krh-klinikum-grossburgwedel,krh-klinikum-grossburgwedel:166,166,1,7
3,krh-klinikum-grossburgwedel,krh-klinikum-grossburgwedel:170,170,3,17
4,krh-klinikum-grossburgwedel,krh-klinikum-grossburgwedel:172,172,1,6
7,krh-klinikum-grossburgwedel,krh-klinikum-grossburgwedel:176,176,1,-1
16,krh-klinikum-grossburgwedel,krh-klinikum-grossburgwedel:178,178,1,14
3,krh-klinikum-grossburgwedel,krh-klinikum-grossburgwedel:181,181,1,8
5,krh-klinikum-grossburgwedel,krh-klinikum-grossburgwedel:186,186,2,-1
5,krh-klinikum-grossburgwedel,krh-klinikum-grossburgwedel:189,189,1,12
4,krh-klinikum-grossburgwedel,krh-klinikum-grossburgwedel:192,192,1,-1
4,krh-klinikum-grossburgwedel,krh-klinikum-grossburgwedel:193,193,3,-1
4,krh-klinikum-grossburgwedel,krh-klinikum-grossburgwedel:195,195,1,-1
12,krh-klinikum-grossburgwedel,krh-klinikum-grossburgwedel:200,200,1,10
5,krh-klinikum-grossburgwedel,krh-klinikum-grossburgwedel:201,201,1,-1
3,krh-klinikum-grossburgwedel,krh-klinikum-grossburgwedel:204,204,1,10
4,krh-klinikum-grossburgwedel,krh-klinikum-grossburgwedel:205,205,3,-1
7,krh-klinikum-grossburgwedel,krh-klinikum-grossburgwedel:212,212,1,12
7,krh-klinikum-grossburgwedel,krh-klinikum-grossburgwedel:229,229,1,15
8,krh-klinikum-grossburgwedel,krh-klinikum-grossburgwedel:233,233,1,-1
6,krh-klinikum-grossburgwedel,krh-klinikum-grossburgwedel:242,242,1,9
3,krh-klinikum-grossburgwedel,krh-klinikum-grossburgwedel:254,254,3,26
4,krh-klinikum-grossburgwedel,krh-klinikum-grossburgwedel:258,258,1,18
8,krh-klinikum-grossburgwedel,krh-klinikum-grossburgwedel:271,271,1,-1
8,krh-klinikum-grossburgwedel,krh-klinikum-grossburgwedel:272,272,1,15
3,krh-klinikum-grossburgwedel,krh-klinikum-grossburgwedel:279,279,5,0
3,krh-klinikum-grossburgwedel,krh-klinikum-grossburgwedel:280,280,4,1
5,krh-klinikum-grossburgwedel,krh-klinikum-grossburgwedel:285,285,1,-1
6,krh-klinikum-grossburgwedel,krh-klinikum-grossburgwedel:286,286,1,-1
5,krh-klinikum-grossburgwedel,krh-klinikum-grossburgwedel:287,287,1,-1
3,krh-klinikum-grossburgwedel,krh-klinikum-grossburgwedel:289,289,5,11
4,krh-klinikum-grossburgwedel,krh-klinikum-grossburgwedel:292,292,1,16
7,krh-klinikum-grossburgwedel,krh-klinikum-grossburgwedel:304,304,1,15
6,krh-klinikum-grossburgwedel,krh-klinikum-grossburgwedel:318,318,1,-1
3,krh-klinikum-grossburgwedel,krh-klinikum-grossburgwedel:320,320,5,-1
4,krh-klinikum-grossburgwedel,krh-klinikum-grossburgwedel:333,333,1,-1
4,krh-klinikum-grossburgwedel,krh-klinikum-grossburgwedel:337,337,1,14
3,krh-klinikum-grossburgwedel,krh-klinikum-grossburgwedel:343,343,1,3
4,krh-klinikum-grossburgwedel,krh-klinikum-grossburgwedel:354,354,2,5
3,krh-klinikum-grossburgwedel,krh-klinikum-grossburgwedel:361,361,5,11
5,krh-klinikum-grossburgwedel,krh-klinikum-grossburgwedel:365,365,1,5
4,krh-klinikum-lehrte,krh-klinikum-lehrte:7,7,5,0
5,krh-klinikum-lehrte,krh-klinikum-lehrte:10,10,1,6
3,krh-klinikum-lehrte,krh-klinikum-lehrte:11,11,1,-1
4,krh-klinikum-lehrte,krh-klinikum-lehrte:14,14,5,13
6,krh-klinikum-lehrte,krh-klinikum-lehrte:18,18,1,1
7,krh-klinikum-lehrte,krh-klinikum-lehrte:20,20,1,-1
4,krh-klinikum-lehrte,krh-klinikum-lehrte:26,26,1,-1
3,krh-klinikum-lehrte,krh-klinikum-lehrte:28,28,5,0
6,krh-klinikum-lehrte,krh-klinikum-lehrte:35,35,1,1
5,krh-klinikum-lehrte,krh-klinikum-lehrte:36,36,1,1
4,krh-klinikum-lehrte,krh-klinikum-lehrte:39,39,1,-1
8,krh-klinikum-lehrte,krh-klinikum-lehrte:40,40,1,-1
4,krh-klinikum-lehrte,krh-klinikum-lehrte:44,44,1,-1
6,krh-klinikum-lehrte,krh-klinikum-lehrte:45,45,1,9
7,krh-klinikum-lehrte,krh-klinikum-lehrte:48,48,1,1
5,krh-klinikum-lehrte,krh-klinikum-lehrte:49,49,4,1
4,krh-klinikum-lehrte,krh-klinikum-lehrte:52,52,2,1
4,krh-klinikum-lehrte,krh-klinikum-lehrte:59,59,5,-1
5,krh-klinikum-lehrte,krh-klinikum-lehrte:60,60,1,-1
4,krh-klinikum-lehrte,krh-klinikum-lehrte:62,62,5,0
6,krh-klinikum-lehrte,krh-klinikum-lehrte:69,69,1,-1
3,krh-klinikum-lehrte,krh-klinikum-lehrte:74,74,1,4
5,krh-klinikum-lehrte,krh-klinikum-lehrte:84,84,5,11
3,krh-klinikum-lehrte,krh-klinikum-lehrte:91,91,5,0
3,krh-klinikum-lehrte,krh-klinikum-lehrte:93,93,3,-1
4,krh-klinikum-lehrte,krh-klinikum-lehrte:94,94,1,6
4,krh-klinikum-lehrte,krh-klinikum-lehrte:97,97,1,3
7,krh-klinikum-lehrte,krh-klinikum-lehrte:100,100,5,0
4,krh-klinikum-lehrte,krh-klinikum-lehrte:110,110,5,0
3,krh-klinikum-lehrte,krh-klinikum-lehrte:141,141,1,5
4,krh-klinikum-neustadt-am-ruebenberge,krh-klinikum-neustadt-am-ruebenberge:69,69,1,2
4,krh-klinikum-neustadt-am-ruebenberge,krh-klinikum-neustadt-am-ruebenberge:72,72,5,11
4,krh-klinikum-neustadt-am-ruebenberge,krh-klinikum-neustadt-am-ruebenberge:73,73,2,-1
11,krh-klinikum-neustadt-am-ruebenberge,krh-klinikum-neustadt-am-ruebenberge:91,91,1,-1
3,krh-klinikum-neustadt-am-ruebenberge,krh-klinikum-neustadt-am-ruebenberge:93,93,5,12
4,krh-klinikum-neustadt-am-ruebenberge,krh-klinikum-neustadt-am-ruebenberge:94,94,1,-1
4,krh-klinikum-neustadt-am-ruebenberge,krh-klinikum-neustadt-am-ruebenberge:95,95,2,-1
4,krh-klinikum-neustadt-am-ruebenberge,krh-klinikum-neustadt-am-ruebenberge:108,108,2,-1
6,krh-klinikum-neustadt-am-ruebenberge,krh-klinikum-neustadt-am-ruebenberge:110,110,5,-1
25,krh-klinikum-neustadt-am-ruebenberge,krh-klinikum-neustadt-am-ruebenberge:111,111,1,6
3,krh-klinikum-neustadt-am-ruebenberge,krh-klinikum-neustadt-am-ruebenberge:115,115,1,-1
7,krh-klinikum-neustadt-am-ruebenberge,krh-klinikum-neustadt-am-ruebenberge:123,123,1,2
4,krh-klinikum-neustadt-am-ruebenberge,krh-klinikum-neustadt-am-ruebenberge:126,126,1,1
10,krh-klinikum-neustadt-am-ruebenberge,krh-klinikum-neustadt-am-ruebenberge:131,131,1,18
6,krh-klinikum-neustadt-am-ruebenberge,krh-klinikum-neustadt-am-ruebenberge:133,133,5,11
4,krh-klinikum-neustadt-am-ruebenberge,krh-klinikum-neustadt-am-ruebenberge:141,141,5,-1
23,krh-klinikum-neustadt-am-ruebenberge,krh-klinikum-neustadt-am-ruebenberge:144,144,1,-1
3,krh-klinikum-neustadt-am-ruebenberge,krh-klinikum-neustadt-am-ruebenberge:145,145,5,11
11,krh-klinikum-neustadt-am-ruebenberge,krh-klinikum-neustadt-am-ruebenberge:147,147,1,3
5,krh-klinikum-neustadt-am-ruebenberge,krh-klinikum-neustadt-am-ruebenberge:148,148,1,14
3,krh-klinikum-neustadt-am-ruebenberge,krh-klinikum-neustadt-am-ruebenberge:154,154,1,-1
6,krh-klinikum-neustadt-am-ruebenberge,krh-klinikum-neustadt-am-ruebenberge:155,155,1,2
12,krh-klinikum-neustadt-am-ruebenberge,krh-klinikum-neustadt-am-ruebenberge:156,156,1,2
9,krh-klinikum-neustadt-am-ruebenberge,krh-klinikum-neustadt-am-ruebenberge:161,161,1,10
10,krh-klinikum-neustadt-am-ruebenberge,krh-klinikum-neustadt-am-ruebenberge:163,163,1,-1
5,krh-klinikum-neustadt-am-ruebenberge,krh-klinikum-neustadt-am-ruebenberge:164,164,1,-1
12,krh-klinikum-neustadt-am-ruebenberge,krh-klinikum-neustadt-am-ruebenberge:165,165,1,-1
6,krh-klinikum-neustadt-am-ruebenberge,krh-klinikum-neustadt-am-ruebenberge:167,167,3,17
4,krh-klinikum-neustadt-am-ruebenberge,krh-klinikum-neustadt-am-ruebenberge:168,168,1,16
4,krh-klinikum-neustadt-am-ruebenberge,krh-klinikum-neustadt-am-ruebenberge:169,169,1,20
4,krh-klinikum-neustadt-am-ruebenberge,krh-klinikum-neustadt-am-ruebenberge:173,173,1,2
3,krh-klinikum-neustadt-am-ruebenberge,krh-klinikum-neustadt-am-ruebenberge:176,176,5,22
5,krh-klinikum-neustadt-am-ruebenberge,krh-klinikum-neustadt-am-ruebenberge:182,182,2,-1
7,krh-klinikum-neustadt-am-ruebenberge,krh-klinikum-neustadt-am-ruebenberge:190,190,1,0
7,krh-klinikum-neustadt-am-ruebenberge,krh-klinikum-neustadt-am-ruebenberge:193,193,1,7
8,krh-klinikum-neustadt-am-ruebenberge,krh-klinikum-neustadt-am-ruebenberge:194,194,1,4
8,krh-klinikum-neustadt-am-ruebenberge,krh-klinikum-neustadt-am-ruebenberge:199,199,1,-1
4,krh-klinikum-neustadt-am-ruebenberge,krh-klinikum-neustadt-am-ruebenberge:204,204,1,13
3,krh-klinikum-neustadt-am-ruebenberge,krh-klinikum-neustadt-am-ruebenberge:205,205,1,8
4,krh-klinikum-neustadt-am-ruebenberge,krh-klinikum-neustadt-am-ruebenberge:206,206,5,5
5,krh-klinikum-neustadt-am-ruebenberge,krh-klinikum-neustadt-am-ruebenberge:211,211,5,21
8,krh-klinikum-neustadt-am-ruebenberge,krh-klinikum-neustadt-am-ruebenberge:213,213,1,14
5,krh-klinikum-neustadt-am-ruebenberge,krh-klinikum-neustadt-am-ruebenberge:214,214,1,16
6,krh-klinikum-neustadt-am-ruebenberge,krh-klinikum-neustadt-am-ruebenberge:217,217,5,-1
5,krh-klinikum-neustadt-am-ruebenberge,krh-klinikum-neustadt-am-ruebenberge:221,221,1,1
6,krh-klinikum-neustadt-am-ruebenberge,krh-klinikum-neustadt-am-ruebenberge:224,224,1,2
4,krh-klinikum-neustadt-am-ruebenberge,krh-klinikum-neustadt-am-ruebenberge:226,226,1,12
3,krh-klinikum-neustadt-am-ruebenberge,krh-klinikum-neustadt-am-ruebenberge:227,227,5,0
5,krh-klinikum-neustadt-am-ruebenberge,krh-klinikum-neustadt-am-ruebenberge:228,228,1,-1
6,krh-klinikum-neustadt-am-ruebenberge,krh-klinikum-neustadt-am-ruebenberge:231,231,1,3
7,krh-klinikum-neustadt-am-ruebenberge,krh-klinikum-neustadt-am-ruebenberge:233,233,1,7
6,krh-klinikum-neustadt-am-ruebenberge,krh-klinikum-neustadt-am-ruebenberge:236,236,1,2
3,krh-klinikum-neustadt-am-ruebenberge,krh-klinikum-neustadt-am-ruebenberge:238,238,4,-1
3,krh-klinikum-neustadt-am-ruebenberge,krh-klinikum-neustadt-am-ruebenberge:239,239,1,12
8,krh-klinikum-neustadt-am-ruebenberge,krh-klinikum-neustadt-am-ruebenberge:240,240,1,21
4,krh-klinikum-neustadt-am-ruebenberge,krh-klinikum-neustadt-am-ruebenberge:241,241,1,-1
6,krh-klinikum-neustadt-am-ruebenberge,krh-klinikum-neustadt-am-ruebenberge:244,244,2,12
3,krh-klinikum-neustadt-am-ruebenberge,krh-klinikum-neustadt-am-ruebenberge:245,245,5,-1
8,krh-klinikum-neustadt-am-ruebenberge,krh-klinikum-neustadt-am-ruebenberge:246,246,1,-1
6,krh-klinikum-neustadt-am-ruebenberge,krh-klinikum-neustadt-am-ruebenberge:251,251,1,13
3,krh-klinikum-neustadt-am-ruebenberge,krh-klinikum-neustadt-am-ruebenberge:253,253,1,-1
3,krh-klinikum-neustadt-am-ruebenberge,krh-klinikum-neustadt-am-ruebenberge:256,256,5,11
3,krh-klinikum-neustadt-am-ruebenberge,krh-klinikum-neustadt-am-ruebenberge:262,262,1,12
6,krh-klinikum-neustadt-am-ruebenberge,krh-klinikum-neustadt-am-ruebenberge:264,264,1,10
7,krh-klinikum-neustadt-am-ruebenberge,krh-klinikum-neustadt-am-ruebenberge:266,266,1,9
5,krh-klinikum-neustadt-am-ruebenberge,krh-klinikum-neustadt-am-ruebenberge:275,275,5,11
10,krh-klinikum-neustadt-am-ruebenberge,krh-klinikum-neustadt-am-ruebenberge:276,276,1,-1
8,krh-klinikum-neustadt-am-ruebenberge,krh-klinikum-neustadt-am-ruebenberge:279,279,1,27
3,krh-klinikum-neustadt-am-ruebenberge,krh-klinikum-neustadt-am-ruebenberge:281,281,1,12
5,krh-klinikum-neustadt-am-ruebenberge,krh-klinikum-neustadt-am-ruebenberge:282,282,1,-1
6,krh-klinikum-neustadt-am-ruebenberge,krh-klinikum-neustadt-am-ruebenberge:286,286,1,-1
7,krh-klinikum-neustadt-am-ruebenberge,krh-klinikum-neustadt-am-ruebenberge:288,288,1,1
7,krh-klinikum-neustadt-am-ruebenberge,krh-klinikum-neustadt-am-ruebenberge:289,289,1,-1
6,krh-klinikum-neustadt-am-ruebenberge,krh-klinikum-neustadt-am-ruebenberge:291,291,1,-1
9,krh-klinikum-neustadt-am-ruebenberge,krh-klinikum-neustadt-am-ruebenberge:293,293,4,-1
5,krh-klinikum-neustadt-am-ruebenberge,krh-klinikum-neustadt-am-ruebenberge:299,299,1,-1
3,krh-klinikum-neustadt-am-ruebenberge,krh-klinikum-neustadt-am-ruebenberge:303,303,1,2
7,krh-klinikum-neustadt-am-ruebenberge,krh-klinikum-neustadt-am-ruebenberge:304,304,1,6
3,krh-klinikum-neustadt-am-ruebenberge,krh-klinikum-neustadt-am-ruebenberge:308,308,1,-1
5,krh-klinikum-neustadt-am-ruebenberge,krh-klinikum-neustadt-am-ruebenberge:316,316,1,1
3,krh-klinikum-neustadt-am-ruebenberge,krh-klinikum-neustadt-am-ruebenberge:323,323,1,-1
3,krh-klinikum-neustadt-am-ruebenberge,krh-klinikum-neustadt-am-ruebenberge:324,324,2,-1
7,krh-klinikum-neustadt-am-ruebenberge,krh-klinikum-neustadt-am-ruebenberge:329,329,1,3
9,krh-klinikum-neustadt-am-ruebenberge,krh-klinikum-neustadt-am-ruebenberge:338,338,1,-1
6,krh-klinikum-neustadt-am-ruebenberge,krh-klinikum-neustadt-am-ruebenberge:339,339,1,17
7,krh-klinikum-neustadt-am-ruebenberge,krh-klinikum-neustadt-am-ruebenberge:340,340,1,1
4,krh-klinikum-neustadt-am-ruebenberge,krh-klinikum-neustadt-am-ruebenberge:342,342,1,6
4,krh-klinikum-neustadt-am-ruebenberge,krh-klinikum-neustadt-am-ruebenberge:343,343,1,8
6,krh-klinikum-neustadt-am-ruebenberge,krh-klinikum-neustadt-am-ruebenberge:346,346,4,1
6,krh-klinikum-neustadt-am-ruebenberge,krh-klinikum-neustadt-am-ruebenberge:348,348,5,0
3,krh-klinikum-neustadt-am-ruebenberge,krh-klinikum-neustadt-am-ruebenberge:351,351,5,0
3,krh-klinikum-neustadt-am-ruebenberge,krh-klinikum-neustadt-am-ruebenberge:352,352,2,23
7,krh-klinikum-neustadt-am-ruebenberge,krh-klinikum-neustadt-am-ruebenberge:353,353,1,-1
4,krh-klinikum-neustadt-am-ruebenberge,krh-klinikum-neustadt-am-ruebenberge:356,356,1,-1
4,krh-klinikum-neustadt-am-ruebenberge,krh-klinikum-neustadt-am-ruebenberge:357,357,2,-1
6,krh-klinikum-neustadt-am-ruebenberge,krh-klinikum-neustadt-am-ruebenberge:361,361,1,3
3,krh-klinikum-neustadt-am-ruebenberge,krh-klinikum-neustadt-am-ruebenberge:364,364,5,-1
3,krh-klinikum-neustadt-am-ruebenberge,krh-klinikum-neustadt-am-ruebenberge:368,368,2,-1
7,krh-klinikum-neustadt-am-ruebenberge,krh-klinikum-neustadt-am-ruebenberge:371,371,1,-1
9,krh-klinikum-neustadt-am-ruebenberge,krh-klinikum-neustadt-am-ruebenberge:372,372,1,0
4,krh-klinikum-neustadt-am-ruebenberge,krh-klinikum-neustadt-am-ruebenberge:376,376,1,-1
4,krh-klinikum-neustadt-am-ruebenberge,krh-klinikum-neustadt-am-ruebenberge:382,382,1,-1
6,krh-klinikum-neustadt-am-ruebenberge,krh-klinikum-neustadt-am-ruebenberge:383,383,1,2
4,krh-klinikum-neustadt-am-ruebenberge,krh-klinikum-neustadt-am-ruebenberge:385,385,1,-1
3,krh-klinikum-neustadt-am-ruebenberge,krh-klinikum-neustadt-am-ruebenberge:403,403,5,0
7,krh-klinikum-neustadt-am-ruebenberge,krh-klinikum-neustadt-am-ruebenberge:422,422,1,6
4,krh-klinikum-neustadt-am-ruebenberge,krh-klinikum-neustadt-am-ruebenberge:428,428,1,26
8,krh-klinikum-neustadt-am-ruebenberge,krh-klinikum-neustadt-am-ruebenberge:430,430,1,-1
8,krh-klinikum-neustadt-am-ruebenberge,krh-klinikum-neustadt-am-ruebenberge:433,433,1,3
3,krh-klinikum-neustadt-am-ruebenberge,krh-klinikum-neustadt-am-ruebenberge:438,438,5,0
4,krh-klinikum-neustadt-am-ruebenberge,krh-klinikum-neustadt-am-ruebenberge:439,439,1,-1
10,krh-klinikum-neustadt-am-ruebenberge,krh-klinikum-neustadt-am-ruebenberge:450,450,1,-1
3,krh-klinikum-neustadt-am-ruebenberge,krh-klinikum-neustadt-am-ruebenberge:452,452,1,-1
4,krh-klinikum-neustadt-am-ruebenberge,krh-klinikum-neustadt-am-ruebenberge:458,458,1,7
3,krh-klinikum-neustadt-am-ruebenberge,krh-klinikum-neustadt-am-ruebenberge:469,469,5,0
5,krh-klinikum-neustadt-am-ruebenberge,krh-klinikum-neustadt-am-ruebenberge:470,470,1,3
3,krh-klinikum-neustadt-am-ruebenberge,krh-klinikum-neustadt-am-ruebenberge:477,477,1,3
3,krh-klinikum-neustadt-am-ruebenberge,krh-klinikum-neustadt-am-ruebenberge:480,480,5,-1
5,krh-klinikum-neustadt-am-ruebenberge,krh-klinikum-neustadt-am-ruebenberge:482,482,1,2
3,krh-klinikum-neustadt-am-ruebenberge,krh-klinikum-neustadt-am-ruebenberge:503,503,1,3
3,krh-klinikum-neustadt-am-ruebenberge,krh-klinikum-neustadt-am-ruebenberge:512,512,1,4
4,krh-klinikum-neustadt-am-ruebenberge,krh-klinikum-neustadt-am-ruebenberge:513,513,1,3
3,krh-klinikum-neustadt-am-ruebenberge,krh-klinikum-neustadt-am-ruebenberge:525,525,1,-1
3,krh-klinikum-neustadt-am-ruebenberge,krh-klinikum-neustadt-am-ruebenberge:542,542,1,-1
4,krh-klinikum-neustadt-am-ruebenberge,krh-klinikum-neustadt-am-ruebenberge:559,559,1,4
3,krh-klinikum-neustadt-am-ruebenberge,krh-klinikum-neustadt-am-ruebenberge:563,563,1,25
3,krh-klinikum-neustadt-am-ruebenberge,krh-klinikum-neustadt-am-ruebenberge:569,569,1,25
3,krh-klinikum-nordstadt,krh-klinikum-nordstadt:8,8,1,12
3,krh-klinikum-nordstadt,krh-klinikum-nordstadt:15,15,1,-1
5,krh-klinikum-nordstadt,krh-klinikum-nordstadt:26,26,4,8
7,krh-klinikum-nordstadt,krh-klinikum-nordstadt:38,38,1,10
3,krh-klinikum-nordstadt,krh-klinikum-nordstadt:50,50,1,-1
5,krh-klinikum-nordstadt,krh-klinikum-nordstadt:60,60,4,-1
3,krh-klinikum-nordstadt,krh-klinikum-nordstadt:62,62,1,-1
3,krh-klinikum-nordstadt,krh-klinikum-nordstadt:64,64,1,-1
7,krh-klinikum-nordstadt,krh-klinikum-nordstadt:66,66,2,9
7,krh-klinikum-nordstadt,krh-klinikum-nordstadt:70,70,5,0
10,krh-klinikum-nordstadt,krh-klinikum-nordstadt:73,73,5,-1
3,krh-klinikum-nordstadt,krh-klinikum-nordstadt:74,74,1,-1
4,krh-klinikum-nordstadt,krh-klinikum-nordstadt:79,79,5,0
4,krh-klinikum-nordstadt,krh-klinikum-nordstadt:85,85,1,3
4,krh-klinikum-nordstadt,krh-klinikum-nordstadt:88,88,1,-1
7,krh-klinikum-nordstadt,krh-klinikum-nordstadt:92,92,1,9
5,krh-klinikum-nordstadt,krh-klinikum-nordstadt:95,95,5,0
3,krh-klinikum-nordstadt,krh-klinikum-nordstadt:98,98,1,-1
13,krh-klinikum-nordstadt,krh-klinikum-nordstadt:99,99,1,1
3,krh-klinikum-nordstadt,krh-klinikum-nordstadt:100,100,2,0
7,krh-klinikum-nordstadt,krh-klinikum-nordstadt:103,103,2,10
5,krh-klinikum-nordstadt,krh-klinikum-nordstadt:104,104,1,-1
4,krh-klinikum-nordstadt,krh-klinikum-nordstadt:105,105,1,-1
7,krh-klinikum-nordstadt,krh-klinikum-nordstadt:110,110,1,-1
7,krh-klinikum-nordstadt,krh-klinikum-nordstadt:111,111,5,-1
6,krh-klinikum-nordstadt,krh-klinikum-nordstadt:112,112,1,-1
4,krh-klinikum-nordstadt,krh-klinikum-nordstadt:113,113,5,0
7,krh-klinikum-nordstadt,krh-klinikum-nordstadt:115,115,5,-1
8,krh-klinikum-nordstadt,krh-klinikum-nordstadt:116,116,1,6
3,krh-klinikum-nordstadt,krh-klinikum-nordstadt:120,120,5,1
10,krh-klinikum-nordstadt,krh-klinikum-nordstadt:123,123,1,16
3,krh-klinikum-nordstadt,krh-klinikum-nordstadt:124,124,5,8
8,krh-klinikum-nordstadt,krh-klinikum-nordstadt:125,125,1,-1
3,krh-klinikum-nordstadt,krh-klinikum-nordstadt:127,127,2,9
4,krh-klinikum-nordstadt,krh-klinikum-nordstadt:128,128,2,1
4,krh-klinikum-nordstadt,krh-klinikum-nordstadt:129,129,1,-1
5,krh-klinikum-nordstadt,krh-klinikum-nordstadt:130,130,1,6
8,krh-klinikum-nordstadt,krh-klinikum-nordstadt:131,131,1,-1
9,krh-klinikum-nordstadt,krh-klinikum-nordstadt:133,133,1,0
7,krh-klinikum-nordstadt,krh-klinikum-nordstadt:137,137,1,9
13,krh-klinikum-nordstadt,krh-klinikum-nordstadt:138,138,1,10
10,krh-klinikum-nordstadt,krh-klinikum-nordstadt:142,142,1,-1
8,krh-klinikum-nordstadt,krh-klinikum-nordstadt:143,143,1,10
3,krh-klinikum-nordstadt,krh-klinikum-nordstadt:145,145,1,-1
11,krh-klinikum-nordstadt,krh-klinikum-nordstadt:147,147,1,-1
7,krh-klinikum-nordstadt,krh-klinikum-nordstadt:149,149,1,9
3,krh-klinikum-nordstadt,krh-klinikum-nordstadt:151,151,5,20
3,krh-klinikum-nordstadt,krh-klinikum-nordstadt:152,152,5,0
9,krh-klinikum-nordstadt,krh-klinikum-nordstadt:153,153,2,10
14,krh-klinikum-nordstadt,krh-klinikum-nordstadt:157,157,1,4
3,krh-klinikum-nordstadt,krh-klinikum-nordstadt:158,158,1,-1
5,krh-klinikum-nordstadt,krh-klinikum-nordstadt:161,161,1,3
4,krh-klinikum-nordstadt,krh-klinikum-nordstadt:162,162,1,1
6,krh-klinikum-nordstadt,krh-klinikum-nordstadt:163,163,5,-1
4,krh-klinikum-nordstadt,krh-klinikum-nordstadt:166,166,1,19
27,krh-klinikum-nordstadt,krh-klinikum-nordstadt:167,167,1,20
10,krh-klinikum-nordstadt,krh-klinikum-nordstadt:170,170,1,-1
4,krh-klinikum-nordstadt,krh-klinikum-nordstadt:171,171,5,-1
4,krh-klinikum-nordstadt,krh-klinikum-nordstadt:173,173,2,6
6,krh-klinikum-nordstadt,krh-klinikum-nordstadt:174,174,1,14
15,krh-klinikum-nordstadt,krh-klinikum-nordstadt:175,175,1,-1
6,krh-klinikum-nordstadt,krh-klinikum-nordstadt:177,177,1,3
4,krh-klinikum-nordstadt,krh-klinikum-nordstadt:178,178,1,-1
8,krh-klinikum-nordstadt,krh-klinikum-nordstadt:179,179,1,-1
3,krh-klinikum-nordstadt,krh-klinikum-nordstadt:180,180,5,13
7,krh-klinikum-nordstadt,krh-klinikum-nordstadt:181,181,1,19
5,krh-klinikum-nordstadt,krh-klinikum-nordstadt:182,182,1,1
3,krh-klinikum-nordstadt,krh-klinikum-nordstadt:183,183,4,-1
8,krh-klinikum-nordstadt,krh-klinikum-nordstadt:184,184,1,-1
3,krh-klinikum-nordstadt,krh-klinikum-nordstadt:185,185,4,6
6,krh-klinikum-nordstadt,krh-klinikum-nordstadt:188,188,1,-1
8,krh-klinikum-nordstadt,krh-klinikum-nordstadt:190,190,1,27
3,krh-klinikum-nordstadt,krh-klinikum-nordstadt:193,193,4,-1
8,krh-klinikum-nordstadt,krh-klinikum-nordstadt:194,194,1,9
4,krh-klinikum-nordstadt,krh-klinikum-nordstadt:195,195,5,13
12,krh-klinikum-nordstadt,krh-klinikum-nordstadt:196,196,1,1
15,krh-klinikum-nordstadt,krh-klinikum-nordstadt:200,200,1,14
7,krh-klinikum-nordstadt,krh-klinikum-nordstadt:201,201,1,13
11,krh-klinikum-nordstadt,krh-klinikum-nordstadt:205,205,1,-1
12,krh-klinikum-nordstadt,krh-klinikum-nordstadt:206,206,1,21
10,krh-klinikum-nordstadt,krh-klinikum-nordstadt:207,207,1,9
4,krh-klinikum-nordstadt,krh-klinikum-nordstadt:208,208,1,10
4,krh-klinikum-nordstadt,krh-klinikum-nordstadt:210,210,4,0
6,krh-klinikum-nordstadt,krh-klinikum-nordstadt:211,211,1,-1
5,krh-klinikum-nordstadt,krh-klinikum-nordstadt:212,212,2,-1
3,krh-klinikum-nordstadt,krh-klinikum-nordstadt:214,214,5,0
4,krh-klinikum-nordstadt,krh-klinikum-nordstadt:215,215,1,-1
6,krh-klinikum-nordstadt,krh-klinikum-nordstadt:216,216,1,-1
7,krh-klinikum-nordstadt,krh-klinikum-nordstadt:220,220,1,-1
7,krh-klinikum-nordstadt,krh-klinikum-nordstadt:222,222,1,14
10,krh-klinikum-nordstadt,krh-klinikum-nordstadt:225,225,1,-1
12,krh-klinikum-nordstadt,krh-klinikum-nordstadt:227,227,1,-1
7,krh-klinikum-nordstadt,krh-klinikum-nordstadt:229,229,2,0
8,krh-klinikum-nordstadt,krh-klinikum-nordstadt:230,230,1,-1
13,krh-klinikum-nordstadt,krh-klinikum-nordstadt:231,231,1,6
8,krh-klinikum-nordstadt,krh-klinikum-nordstadt:232,232,1,1
3,krh-klinikum-nordstadt,krh-klinikum-nordstadt:234,234,5,-1
5,krh-klinikum-nordstadt,krh-klinikum-nordstadt:241,241,1,16
17,krh-klinikum-nordstadt,krh-klinikum-nordstadt:243,243,1,1
12,krh-klinikum-nordstadt,krh-klinikum-nordstadt:244,244,1,3
11,krh-klinikum-nordstadt,krh-klinikum-nordstadt:247,247,1,-1
6,krh-klinikum-nordstadt,krh-klinikum-nordstadt:248,248,1,14
8,krh-klinikum-nordstadt,krh-klinikum-nordstadt:249,249,1,1
3,krh-klinikum-nordstadt,krh-klinikum-nordstadt:250,250,1,10
5,krh-klinikum-nordstadt,krh-klinikum-nordstadt:251,251,1,-1
11,krh-klinikum-nordstadt,krh-klinikum-nordstadt:252,252,1,-1
11,krh-klinikum-nordstadt,krh-klinikum-nordstadt:253,253,1,6
3,krh-klinikum-nordstadt,krh-klinikum-nordstadt:254,254,5,-1
7,krh-klinikum-nordstadt,krh-klinikum-nordstadt:255,255,1,-1
4,krh-klinikum-nordstadt,krh-klinikum-nordstadt:256,256,3,16
5,krh-klinikum-nordstadt,krh-klinikum-nordstadt:257,257,4,1
8,krh-klinikum-nordstadt,krh-klinikum-nordstadt:259,259,1,18
3,krh-klinikum-nordstadt,krh-klinikum-nordstadt:260,260,5,20
9,krh-klinikum-nordstadt,krh-klinikum-nordstadt:262,262,1,-1
5,krh-klinikum-nordstadt,krh-klinikum-nordstadt:263,263,5,-1
8,krh-klinikum-nordstadt,krh-klinikum-nordstadt:264,264,1,9
5,krh-klinikum-nordstadt,krh-klinikum-nordstadt:265,265,1,-1
14,krh-klinikum-nordstadt,krh-klinikum-nordstadt:266,266,1,1
5,krh-klinikum-nordstadt,krh-klinikum-nordstadt:267,267,1,23
6,krh-klinikum-nordstadt,krh-klinikum-nordstadt:268,268,2,17
5,krh-klinikum-nordstadt,krh-klinikum-nordstadt:270,270,1,3
3,krh-klinikum-nordstadt,krh-klinikum-nordstadt:272,272,5,-1
5,krh-klinikum-nordstadt,krh-klinikum-nordstadt:273,273,1,-1
9,krh-klinikum-nordstadt,krh-klinikum-nordstadt:274,274,2,-1
9,krh-klinikum-nordstadt,krh-klinikum-nordstadt:275,275,1,6
8,krh-klinikum-nordstadt,krh-klinikum-nordstadt:276,276,1,-1
3,krh-klinikum-nordstadt,krh-klinikum-nordstadt:278,278,5,-1
11,krh-klinikum-nordstadt,krh-klinikum-nordstadt:280,280,1,10
10,krh-klinikum-nordstadt,krh-klinikum-nordstadt:281,281,1,7
3,krh-klinikum-nordstadt,krh-klinikum-nordstadt:283,283,1,20
10,krh-klinikum-nordstadt,krh-klinikum-nordstadt:284,284,1,4
6,krh-klinikum-nordstadt,krh-klinikum-nordstadt:285,285,1,0
3,krh-klinikum-nordstadt,krh-klinikum-nordstadt:286,286,1,-1
8,krh-klinikum-nordstadt,krh-klinikum-nordstadt:288,288,1,-1
8,krh-klinikum-nordstadt,krh-klinikum-nordstadt:294,294,1,-1
4,krh-klinikum-nordstadt,krh-klinikum-nordstadt:296,296,1,-1
17,krh-klinikum-nordstadt,krh-klinikum-nordstadt:297,297,1,9
12,krh-klinikum-nordstadt,krh-klinikum-nordstadt:299,299,1,18
7,krh-klinikum-nordstadt,krh-klinikum-nordstadt:300,300,2,1
10,krh-klinikum-nordstadt,krh-klinikum-nordstadt:301,301,1,0
7,krh-klinikum-nordstadt,krh-klinikum-nordstadt:302,302,2,-1
8,krh-klinikum-nordstadt,krh-klinikum-nordstadt:304,304,1,3
13,krh-klinikum-nordstadt,krh-klinikum-nordstadt:305,305,1,-1
16,krh-klinikum-nordstadt,krh-klinikum-nordstadt:309,309,1,-1
15,krh-klinikum-nordstadt,krh-klinikum-nordstadt:310,310,1,9
12,krh-klinikum-nordstadt,krh-klinikum-nordstadt:311,311,1,-1
5,krh-klinikum-nordstadt,krh-klinikum-nordstadt:313,313,1,-1
15,krh-klinikum-nordstadt,krh-klinikum-nordstadt:315,315,1,-1
9,krh-klinikum-nordstadt,krh-klinikum-nordstadt:316,316,2,-1
3,krh-klinikum-nordstadt,krh-klinikum-nordstadt:318,318,5,0
5,krh-klinikum-nordstadt,krh-klinikum-nordstadt:321,321,1,15
20,krh-klinikum-nordstadt,krh-klinikum-nordstadt:322,322,1,4
4,krh-klinikum-nordstadt,krh-klinikum-nordstadt:323,323,1,5
6,krh-klinikum-nordstadt,krh-klinikum-nordstadt:324,324,1,-1
7,krh-klinikum-nordstadt,krh-klinikum-nordstadt:326,326,2,3
7,krh-klinikum-nordstadt,krh-klinikum-nordstadt:330,330,1,6
17,krh-klinikum-nordstadt,krh-klinikum-nordstadt:334,334,1,-1
3,krh-klinikum-nordstadt,krh-klinikum-nordstadt:336,336,5,0
4,krh-klinikum-nordstadt,krh-klinikum-nordstadt:337,337,5,0
6,krh-klinikum-nordstadt,krh-klinikum-nordstadt:339,339,2,0
10,krh-klinikum-nordstadt,krh-klinikum-nordstadt:340,340,1,2
9,krh-klinikum-nordstadt,krh-klinikum-nordstadt:341,341,1,1
5,krh-klinikum-nordstadt,krh-klinikum-nordstadt:342,342,1,3
12,krh-klinikum-nordstadt,krh-klinikum-nordstadt:343,343,1,-1
9,krh-klinikum-nordstadt,krh-klinikum-nordstadt:345,345,1,-1
15,krh-klinikum-nordstadt,krh-klinikum-nordstadt:346,346,1,-1
8,krh-klinikum-nordstadt,krh-klinikum-nordstadt:347,347,1,2
5,krh-klinikum-nordstadt,krh-klinikum-nordstadt:348,348,2,21
10,krh-klinikum-nordstadt,krh-klinikum-nordstadt:349,349,1,3
3,krh-klinikum-nordstadt,krh-klinikum-nordstadt:350,350,1,-1
15,krh-klinikum-nordstadt,krh-klinikum-nordstadt:351,351,1,3
7,krh-klinikum-nordstadt,krh-klinikum-nordstadt:352,352,1,-1
8,krh-klinikum-nordstadt,krh-klinikum-nordstadt:353,353,5,16
5,krh-klinikum-nordstadt,krh-klinikum-nordstadt:355,355,1,13
3,krh-klinikum-nordstadt,krh-klinikum-nordstadt:358,358,1,-1
4,krh-klinikum-nordstadt,krh-klinikum-nordstadt:359,359,1,-1
13,krh-klinikum-nordstadt,krh-klinikum-nordstadt:360,360,1,20
6,krh-klinikum-nordstadt,krh-klinikum-nordstadt:361,361,1,1
10,krh-klinikum-nordstadt,krh-klinikum-nordstadt:362,362,1,-1
8,krh-klinikum-nordstadt,krh-klinikum-nordstadt:363,363,1,-1
10,krh-klinikum-nordstadt,krh-klinikum-nordstadt:365,365,1,27
4,krh-klinikum-nordstadt,krh-klinikum-nordstadt:366,366,1,-1
13,krh-klinikum-nordstadt,krh-klinikum-nordstadt:367,367,1,13
8,krh-klinikum-nordstadt,krh-klinikum-nordstadt:368,368,1,-1
12,krh-klinikum-nordstadt,krh-klinikum-nordstadt:369,369,1,7
15,krh-klinikum-nordstadt,krh-klinikum-nordstadt:370,370,1,-1
11,krh-klinikum-nordstadt,krh-klinikum-nordstadt:371,371,1,1
8,krh-klinikum-nordstadt,krh-klinikum-nordstadt:374,374,1,26
7,krh-klinikum-nordstadt,krh-klinikum-nordstadt:375,375,1,-1
10,krh-klinikum-nordstadt,krh-klinikum-nordstadt:381,381,1,6
5,krh-klinikum-nordstadt,krh-klinikum-nordstadt:384,384,1,23
4,krh-klinikum-nordstadt,krh-klinikum-nordstadt:385,385,2,3
14,krh-klinikum-nordstadt,krh-klinikum-nordstadt:387,387,1,-1
3,krh-klinikum-nordstadt,krh-klinikum-nordstadt:388,388,5,-1
8,krh-klinikum-nordstadt,krh-klinikum-nordstadt:390,390,1,1
23,krh-klinikum-nordstadt,krh-klinikum-nordstadt:391,391,1,-1
3,krh-klinikum-nordstadt,krh-klinikum-nordstadt:392,392,1,27
8,krh-klinikum-nordstadt,krh-klinikum-nordstadt:393,393,1,13
9,krh-klinikum-nordstadt,krh-klinikum-nordstadt:394,394,1,-1
8,krh-klinikum-nordstadt,krh-klinikum-nordstadt:398,398,1,14
8,krh-klinikum-nordstadt,krh-klinikum-nordstadt:399,399,1,9
6,krh-klinikum-nordstadt,krh-klinikum-nordstadt:400,400,1,-1
5,krh-klinikum-nordstadt,krh-klinikum-nordstadt:401,401,1,-1
16,krh-klinikum-nordstadt,krh-klinikum-nordstadt:402,402,1,3
4,krh-klinikum-nordstadt,krh-klinikum-nordstadt:405,405,3,15
3,krh-klinikum-nordstadt,krh-klinikum-nordstadt:407,407,5,0
6,krh-klinikum-nordstadt,krh-klinikum-nordstadt:408,408,1,-1
16,krh-klinikum-nordstadt,krh-klinikum-nordstadt:409,409,1,9
5,krh-klinikum-nordstadt,krh-klinikum-nordstadt:416,416,5,-1
3,krh-klinikum-nordstadt,krh-klinikum-nordstadt:419,419,1,8
3,krh-klinikum-nordstadt,krh-klinikum-nordstadt:421,421,1,1
6,krh-klinikum-nordstadt,krh-klinikum-nordstadt:422,422,1,-1
8,krh-klinikum-nordstadt,krh-klinikum-nordstadt:423,423,1,-1
3,krh-klinikum-nordstadt,krh-klinikum-nordstadt:424,424,1,-1
11,krh-klinikum-nordstadt,krh-klinikum-nordstadt:427,427,1,9
6,krh-klinikum-nordstadt,krh-klinikum-nordstadt:428,428,1,-1
3,krh-klinikum-nordstadt,krh-klinikum-nordstadt:429,429,1,-1
11,krh-klinikum-nordstadt,krh-klinikum-nordstadt:433,433,1,18
3,krh-klinikum-nordstadt,krh-klinikum-nordstadt:434,434,5,-1
5,krh-klinikum-nordstadt,krh-klinikum-nordstadt:436,436,1,9
7,krh-klinikum-nordstadt,krh-klinikum-nordstadt:438,438,1,3
3,krh-klinikum-nordstadt,krh-klinikum-nordstadt:443,443,5,0
3,krh-klinikum-nordstadt,krh-klinikum-nordstadt:444,444,3,20
5,krh-klinikum-nordstadt,krh-klinikum-nordstadt:451,451,5,-1
12,krh-klinikum-nordstadt,krh-klinikum-nordstadt:452,452,1,1
3,krh-klinikum-nordstadt,krh-klinikum-nordstadt:462,462,5,0
11,krh-klinikum-nordstadt,krh-klinikum-nordstadt:463,463,1,9
6,krh-klinikum-nordstadt,krh-klinikum-nordstadt:467,467,1,-1
4,krh-klinikum-nordstadt,krh-klinikum-nordstadt:468,468,5,0
7,krh-klinikum-nordstadt,krh-klinikum-nordstadt:470,470,1,6
10,krh-klinikum-nordstadt,krh-klinikum-nordstadt:471,471,1,17
9,krh-klinikum-nordstadt,krh-klinikum-nordstadt:472,472,1,-1
5,krh-klinikum-nordstadt,krh-klinikum-nordstadt:477,477,1,3
8,krh-klinikum-nordstadt,krh-klinikum-nordstadt:479,479,1,18
4,krh-klinikum-nordstadt,krh-klinikum-nordstadt:480,480,1,-1
5,krh-klinikum-nordstadt,krh-klinikum-nordstadt:482,482,1,-1
3,krh-klinikum-nordstadt,krh-klinikum-nordstadt:484,484,1,20
3,krh-klinikum-nordstadt,krh-klinikum-nordstadt:488,488,5,1
12,krh-klinikum-nordstadt,krh-klinikum-nordstadt:490,490,1,-1
6,krh-klinikum-nordstadt,krh-klinikum-nordstadt:493,493,1,-1
12,krh-klinikum-nordstadt,krh-klinikum-nordstadt:496,496,1,4
6,krh-klinikum-nordstadt,krh-klinikum-nordstadt:499,499,5,-1
6,krh-klinikum-nordstadt,krh-klinikum-nordstadt:500,500,1,-1
4,krh-klinikum-nordstadt,krh-klinikum-nordstadt:501,501,5,0
3,krh-klinikum-nordstadt,krh-klinikum-nordstadt:510,510,2,-1
4,krh-klinikum-nordstadt,krh-klinikum-nordstadt:513,513,1,7
5,krh-klinikum-nordstadt,krh-klinikum-nordstadt:516,516,1,9
7,krh-klinikum-nordstadt,krh-klinikum-nordstadt:527,527,1,-1
7,krh-klinikum-nordstadt,krh-klinikum-nordstadt:528,528,1,-1
3,krh-klinikum-nordstadt,krh-klinikum-nordstadt:532,532,1,-1
3,krh-klinikum-nordstadt,krh-klinikum-nordstadt:534,534,5,0
6,krh-klinikum-nordstadt,krh-klinikum-nordstadt:535,535,1,9
10,krh-klinikum-nordstadt,krh-klinikum-nordstadt:539,539,1,-1
7,krh-klinikum-nordstadt,krh-klinikum-nordstadt:541,541,1,25
11,krh-klinikum-nordstadt,krh-klinikum-nordstadt:542,542,1,-1
10,krh-klinikum-nordstadt,krh-klinikum-nordstadt:543,543,1,-1
13,krh-klinikum-nordstadt,krh-klinikum-nordstadt:544,544,1,-1
4,krh-klinikum-nordstadt,krh-klinikum-nordstadt:545,545,1,-1
4,krh-klinikum-nordstadt,krh-klinikum-nordstadt:546,546,5,0
8,krh-klinikum-nordstadt,krh-klinikum-nordstadt:549,549,1,-1
5,krh-klinikum-nordstadt,krh-klinikum-nordstadt:553,553,1,-1
3,krh-klinikum-nordstadt,krh-klinikum-nordstadt:554,554,5,-1
12,krh-klinikum-nordstadt,krh-klinikum-nordstadt:555,555,1,5
12,krh-klinikum-nordstadt,krh-klinikum-nordstadt:560,560,1,4
12,krh-klinikum-nordstadt,krh-klinikum-nordstadt:563,563,1,-1
13,krh-klinikum-nordstadt,krh-klinikum-nordstadt:566,566,1,-1
5,krh-klinikum-nordstadt,krh-klinikum-nordstadt:568,568,1,-1
12,krh-klinikum-nordstadt,krh-klinikum-nordstadt:569,569,1,-1
11,krh-klinikum-nordstadt,krh-klinikum-nordstadt:570,570,1,25
7,krh-klinikum-nordstadt,krh-klinikum-nordstadt:572,572,1,14
5,krh-klinikum-nordstadt,krh-klinikum-nordstadt:573,573,1,26
8,krh-klinikum-nordstadt,krh-klinikum-nordstadt:576,576,1,-1
4,krh-klinikum-nordstadt,krh-klinikum-nordstadt:577,577,1,3
11,krh-klinikum-nordstadt,krh-klinikum-nordstadt:579,579,1,2
3,krh-klinikum-nordstadt,krh-klinikum-nordstadt:581,581,2,9
3,krh-klinikum-nordstadt,krh-klinikum-nordstadt:584,584,1,7
19,krh-klinikum-nordstadt,krh-klinikum-nordstadt:593,593,1,7
8,krh-klinikum-nordstadt,krh-klinikum-nordstadt:596,596,1,7
3,krh-klinikum-nordstadt,krh-klinikum-nordstadt:598,598,1,19
4,krh-klinikum-nordstadt,krh-klinikum-nordstadt:601,601,1,23
5,krh-klinikum-nordstadt,krh-klinikum-nordstadt:602,602,5,0
5,krh-klinikum-nordstadt,krh-klinikum-nordstadt:603,603,1,23
8,krh-klinikum-nordstadt,krh-klinikum-nordstadt:604,604,1,4
5,krh-klinikum-nordstadt,krh-klinikum-nordstadt:608,608,1,-1
3,krh-klinikum-nordstadt,krh-klinikum-nordstadt:611,611,5,0
7,krh-klinikum-nordstadt,krh-klinikum-nordstadt:614,614,1,23
4,krh-klinikum-nordstadt,krh-klinikum-nordstadt:615,615,1,3
7,krh-klinikum-nordstadt,krh-klinikum-nordstadt:619,619,1,25
13,krh-klinikum-nordstadt,krh-klinikum-nordstadt:620,620,1,14
4,krh-klinikum-nordstadt,krh-klinikum-nordstadt:624,624,4,0
9,krh-klinikum-nordstadt,krh-klinikum-nordstadt:630,630,1,-1
3,krh-klinikum-nordstadt,krh-klinikum-nordstadt:631,631,1,23
5,krh-klinikum-nordstadt,krh-klinikum-nordstadt:632,632,1,4
6,krh-klinikum-nordstadt,krh-klinikum-nordstadt:633,633,1,5
5,krh-klinikum-nordstadt,krh-klinikum-nordstadt:636,636,1,7
7,krh-klinikum-nordstadt,krh-klinikum-nordstadt:639,639,1,5
3,krh-klinikum-nordstadt,krh-klinikum-nordstadt:641,641,1,5
5,krh-klinikum-nordstadt,krh-klinikum-nordstadt:642,642,1,-1
5,krh-klinikum-nordstadt,krh-klinikum-nordstadt:643,643,1,14
4,krh-klinikum-nordstadt,krh-klinikum-nordstadt:668,668,1,-1
6,krh-klinikum-nordstadt,krh-klinikum-nordstadt:669,669,1,-1
5,krh-klinikum-nordstadt,krh-klinikum-nordstadt:670,670,1,1
8,krh-klinikum-nordstadt,krh-klinikum-nordstadt:672,672,1,-1
5,krh-klinikum-nordstadt,krh-klinikum-nordstadt:679,679,1,-1
6,krh-klinikum-nordstadt,krh-klinikum-nordstadt:682,682,1,3
3,krh-klinikum-nordstadt,krh-klinikum-nordstadt:686,686,2,-1
4,krh-klinikum-robert-koch-gehrden,krh-klinikum-robert-koch-gehrden:23,23,1,15
23,krh-klinikum-robert-koch-gehrden,krh-klinikum-robert-koch-gehrden:31,31,4,-1
3,krh-klinikum-robert-koch-gehrden,krh-klinikum-robert-koch-gehrden:79,79,5,0
3,krh-klinikum-robert-koch-gehrden,krh-klinikum-robert-koch-gehrden:87,87,5,-1
3,krh-klinikum-robert-koch-gehrden,krh-klinikum-robert-koch-gehrden:89,89,5,11
3,krh-klinikum-robert-koch-gehrden,krh-klinikum-robert-koch-gehrden:93,93,4,-1
3,krh-klinikum-robert-koch-gehrden,krh-klinikum-robert-koch-gehrden:95,95,3,24
3,krh-klinikum-robert-koch-gehrden,krh-klinikum-robert-koch-gehrden:98,98,1,-1
3,krh-klinikum-robert-koch-gehrden,krh-klinikum-robert-koch-gehrden:101,101,3,-1
5,krh-klinikum-robert-koch-gehrden,krh-klinikum-robert-koch-gehrden:105,105,1,10
6,krh-klinikum-robert-koch-gehrden,krh-klinikum-robert-koch-gehrden:120,120,5,0
8,krh-klinikum-robert-koch-gehrden,krh-klinikum-robert-koch-gehrden:124,124,5,12
6,krh-klinikum-robert-koch-gehrden,krh-klinikum-robert-koch-gehrden:126,126,5,11
8,krh-klinikum-robert-koch-gehrden,krh-klinikum-robert-koch-gehrden:134,134,5,22
4,krh-klinikum-robert-koch-gehrden,krh-klinikum-robert-koch-gehrden:137,137,3,12
4,krh-klinikum-robert-koch-gehrden,krh-klinikum-robert-koch-gehrden:138,138,4,-1
4,krh-klinikum-robert-koch-gehrden,krh-klinikum-robert-koch-gehrden:140,140,5,11
7,krh-klinikum-robert-koch-gehrden,krh-klinikum-robert-koch-gehrden:141,141,5,-1
4,krh-klinikum-robert-koch-gehrden,krh-klinikum-robert-koch-gehrden:145,145,4,0
3,krh-klinikum-robert-koch-gehrden,krh-klinikum-robert-koch-gehrden:146,146,1,-1
4,krh-klinikum-robert-koch-gehrden,krh-klinikum-robert-koch-gehrden:148,148,1,-1
4,krh-klinikum-robert-koch-gehrden,krh-klinikum-robert-koch-gehrden:150,150,5,0
3,krh-klinikum-robert-koch-gehrden,krh-klinikum-robert-koch-gehrden:152,152,1,17
19,krh-klinikum-robert-koch-gehrden,krh-klinikum-robert-koch-gehrden:153,153,1,-1
4,krh-klinikum-robert-koch-gehrden,krh-klinikum-robert-koch-gehrden:159,159,1,-1
7,krh-klinikum-robert-koch-gehrden,krh-klinikum-robert-koch-gehrden:160,160,1,-1
7,krh-klinikum-robert-koch-gehrden,krh-klinikum-robert-koch-gehrden:161,161,5,11
8,krh-klinikum-robert-koch-gehrden,krh-klinikum-robert-koch-gehrden:166,166,1,-1
5,krh-klinikum-robert-koch-gehrden,krh-klinikum-robert-koch-gehrden:170,170,5,-1
5,krh-klinikum-robert-koch-gehrden,krh-klinikum-robert-koch-gehrden:181,181,5,-1
5,krh-klinikum-robert-koch-gehrden,krh-klinikum-robert-koch-gehrden:182,182,1,-1
12,krh-klinikum-robert-koch-gehrden,krh-klinikum-robert-koch-gehrden:183,183,1,16
4,krh-klinikum-robert-koch-gehrden,krh-klinikum-robert-koch-gehrden:184,184,1,1
4,krh-klinikum-robert-koch-gehrden,krh-klinikum-robert-koch-gehrden:187,187,2,-1
8,krh-klinikum-robert-koch-gehrden,krh-klinikum-robert-koch-gehrden:189,189,5,-1
6,krh-klinikum-robert-koch-gehrden,krh-klinikum-robert-koch-gehrden:192,192,5,-1
5,krh-klinikum-robert-koch-gehrden,krh-klinikum-robert-koch-gehrden:193,193,2,-1
7,krh-klinikum-robert-koch-gehrden,krh-klinikum-robert-koch-gehrden:196,196,1,8
4,krh-klinikum-robert-koch-gehrden,krh-klinikum-robert-koch-gehrden:199,199,1,10
7,krh-klinikum-robert-koch-gehrden,krh-klinikum-robert-koch-gehrden:201,201,5,18
3,krh-klinikum-robert-koch-gehrden,krh-klinikum-robert-koch-gehrden:206,206,3,-1
7,krh-klinikum-robert-koch-gehrden,krh-klinikum-robert-koch-gehrden:207,207,1,-1
4,krh-klinikum-robert-koch-gehrden,krh-klinikum-robert-koch-gehrden:208,208,1,8
3,krh-klinikum-robert-koch-gehrden,krh-klinikum-robert-koch-gehrden:210,210,1,1
4,krh-klinikum-robert-koch-gehrden,krh-klinikum-robert-koch-gehrden:212,212,5,22
4,krh-klinikum-robert-koch-gehrden,krh-klinikum-robert-koch-gehrden:213,213,1,-1
4,krh-klinikum-robert-koch-gehrden,krh-klinikum-robert-koch-gehrden:214,214,1,1
10,krh-klinikum-robert-koch-gehrden,krh-klinikum-robert-koch-gehrden:215,215,1,-1
9,krh-klinikum-robert-koch-gehrden,krh-klinikum-robert-koch-gehrden:216,216,1,20
4,krh-klinikum-robert-koch-gehrden,krh-klinikum-robert-koch-gehrden:219,219,1,10
6,krh-klinikum-robert-koch-gehrden,krh-klinikum-robert-koch-gehrden:222,222,1,17
10,krh-klinikum-robert-koch-gehrden,krh-klinikum-robert-koch-gehrden:225,225,1,9
10,krh-klinikum-robert-koch-gehrden,krh-klinikum-robert-koch-gehrden:227,227,4,15
4,krh-klinikum-robert-koch-gehrden,krh-klinikum-robert-koch-gehrden:228,228,1,12
4,krh-klinikum-robert-koch-gehrden,krh-klinikum-robert-koch-gehrden:230,230,5,0
3,krh-klinikum-robert-koch-gehrden,krh-klinikum-robert-koch-gehrden:232,232,1,-1
4,krh-klinikum-robert-koch-gehrden,krh-klinikum-robert-koch-gehrden:234,234,3,12
3,krh-klinikum-robert-koch-gehrden,krh-klinikum-robert-koch-gehrden:235,235,5,0
8,krh-klinikum-robert-koch-gehrden,krh-klinikum-robert-koch-gehrden:238,238,1,20
5,krh-klinikum-robert-koch-gehrden,krh-klinikum-robert-koch-gehrden:241,241,5,8
4,krh-klinikum-robert-koch-gehrden,krh-klinikum-robert-koch-gehrden:242,242,4,1
9,krh-klinikum-robert-koch-gehrden,krh-klinikum-robert-koch-gehrden:243,243,1,1
14,krh-klinikum-robert-koch-gehrden,krh-klinikum-robert-koch-gehrden:244,244,1,6
7,krh-klinikum-robert-koch-gehrden,krh-klinikum-robert-koch-gehrden:245,245,1,-1
8,krh-klinikum-robert-koch-gehrden,krh-klinikum-robert-koch-gehrden:248,248,1,8
4,krh-klinikum-robert-koch-gehrden,krh-klinikum-robert-koch-gehrden:250,250,4,-1
4,krh-klinikum-robert-koch-gehrden,krh-klinikum-robert-koch-gehrden:251,251,5,0
7,krh-klinikum-robert-koch-gehrden,krh-klinikum-robert-koch-gehrden:252,252,1,-1
5,krh-klinikum-robert-koch-gehrden,krh-klinikum-robert-koch-gehrden:253,253,1,-1
4,krh-klinikum-robert-koch-gehrden,krh-klinikum-robert-koch-gehrden:254,254,1,11
6,krh-klinikum-robert-koch-gehrden,krh-klinikum-robert-koch-gehrden:256,256,1,6
5,krh-klinikum-robert-koch-gehrden,krh-klinikum-robert-koch-gehrden:258,258,4,-1
7,krh-klinikum-robert-koch-gehrden,krh-klinikum-robert-koch-gehrden:260,260,5,0
4,krh-klinikum-robert-koch-gehrden,krh-klinikum-robert-koch-gehrden:261,261,1,9
11,krh-klinikum-robert-koch-gehrden,krh-klinikum-robert-koch-gehrden:264,264,1,6
7,krh-klinikum-robert-koch-gehrden,krh-klinikum-robert-koch-gehrden:266,266,5,-1
3,krh-klinikum-robert-koch-gehrden,krh-klinikum-robert-koch-gehrden:267,267,1,-1
3,krh-klinikum-robert-koch-gehrden,krh-klinikum-robert-koch-gehrden:268,268,1,9
6,krh-klinikum-robert-koch-gehrden,krh-klinikum-robert-koch-gehrden:270,270,5,-1
9,krh-klinikum-robert-koch-gehrden,krh-klinikum-robert-koch-gehrden:273,273,1,-1
5,krh-klinikum-robert-koch-gehrden,krh-klinikum-robert-koch-gehrden:275,275,1,-1
3,krh-klinikum-robert-koch-gehrden,krh-klinikum-robert-koch-gehrden:278,278,1,14
3,krh-klinikum-robert-koch-gehrden,krh-klinikum-robert-koch-gehrden:279,279,1,1
6,krh-klinikum-robert-koch-gehrden,krh-klinikum-robert-koch-gehrden:282,282,1,16
8,krh-klinikum-robert-koch-gehrden,krh-klinikum-robert-koch-gehrden:285,285,1,26
5,krh-klinikum-robert-koch-gehrden,krh-klinikum-robert-koch-gehrden:289,289,2,-1
10,krh-klinikum-robert-koch-gehrden,krh-klinikum-robert-koch-gehrden:292,292,1,-1
5,krh-klinikum-robert-koch-gehrden,krh-klinikum-robert-koch-gehrden:294,294,1,-1
11,krh-klinikum-robert-koch-gehrden,krh-klinikum-robert-koch-gehrden:297,297,1,9
11,krh-klinikum-robert-koch-gehrden,krh-klinikum-robert-koch-gehrden:299,299,1,15
6,krh-klinikum-robert-koch-gehrden,krh-klinikum-robert-koch-gehrden:301,301,1,4
3,krh-klinikum-robert-koch-gehrden,krh-klinikum-robert-koch-gehrden:302,302,5,0
7,krh-klinikum-robert-koch-gehrden,krh-klinikum-robert-koch-gehrden:304,304,1,5
5,krh-klinikum-robert-koch-gehrden,krh-klinikum-robert-koch-gehrden:311,311,1,-1
4,krh-klinikum-robert-koch-gehrden,krh-klinikum-robert-koch-gehrden:313,313,2,20
3,krh-klinikum-robert-koch-gehrden,krh-klinikum-robert-koch-gehrden:314,314,5,22
3,krh-klinikum-robert-koch-gehrden,krh-klinikum-robert-koch-gehrden:315,315,5,0
7,krh-klinikum-robert-koch-gehrden,krh-klinikum-robert-koch-gehrden:316,316,1,-1
3,krh-klinikum-robert-koch-gehrden,krh-klinikum-robert-koch-gehrden:317,317,5,0
5,krh-klinikum-robert-koch-gehrden,krh-klinikum-robert-koch-gehrden:323,323,1,3
3,krh-klinikum-robert-koch-gehrden,krh-klinikum-robert-koch-gehrden:327,327,2,24
3,krh-klinikum-robert-koch-gehrden,krh-klinikum-robert-koch-gehrden:329,329,3,17
3,krh-klinikum-robert-koch-gehrden,krh-klinikum-robert-koch-gehrden:330,330,4,0
6,krh-klinikum-robert-koch-gehrden,krh-klinikum-robert-koch-gehrden:334,334,1,5
3,krh-klinikum-robert-koch-gehrden,krh-klinikum-robert-koch-gehrden:336,336,1,-1
6,krh-klinikum-robert-koch-gehrden,krh-klinikum-robert-koch-gehrden:339,339,1,-1
8,krh-klinikum-robert-koch-gehrden,krh-klinikum-robert-koch-gehrden:341,341,1,-1
5,krh-klinikum-robert-koch-gehrden,krh-klinikum-robert-koch-gehrden:344,344,1,18
3,krh-klinikum-robert-koch-gehrden,krh-klinikum-robert-koch-gehrden:349,349,5,0
9,krh-klinikum-robert-koch-gehrden,krh-klinikum-robert-koch-gehrden:353,353,2,-1
9,krh-klinikum-robert-koch-gehrden,krh-klinikum-robert-koch-gehrden:354,354,1,18
6,krh-klinikum-robert-koch-gehrden,krh-klinikum-robert-koch-gehrden:359,359,1,14
3,krh-klinikum-robert-koch-gehrden,krh-klinikum-robert-koch-gehrden:360,360,3,-1
3,krh-klinikum-robert-koch-gehrden,krh-klinikum-robert-koch-gehrden:362,362,1,15
4,krh-klinikum-robert-koch-gehrden,krh-klinikum-robert-koch-gehrden:363,363,1,6
4,krh-klinikum-robert-koch-gehrden,krh-klinikum-robert-koch-gehrden:364,364,1,14
3,krh-klinikum-robert-koch-gehrden,krh-klinikum-robert-koch-gehrden:365,365,1,-1
5,krh-klinikum-robert-koch-gehrden,krh-klinikum-robert-koch-gehrden:373,373,1,18
4,krh-klinikum-robert-koch-gehrden,krh-klinikum-robert-koch-gehrden:379,379,5,11
3,krh-klinikum-robert-koch-gehrden,krh-klinikum-robert-koch-gehrden:382,382,1,9
8,krh-klinikum-robert-koch-gehrden,krh-klinikum-robert-koch-gehrden:390,390,1,4
3,krh-klinikum-robert-koch-gehrden,krh-klinikum-robert-koch-gehrden:396,396,5,22
4,krh-klinikum-robert-koch-gehrden,krh-klinikum-robert-koch-gehrden:397,397,1,3
7,krh-klinikum-robert-koch-gehrden,krh-klinikum-robert-koch-gehrden:399,399,1,-1
3,krh-klinikum-robert-koch-gehrden,krh-klinikum-robert-koch-gehrden:403,403,1,-1
4,krh-klinikum-robert-koch-gehrden,krh-klinikum-robert-koch-gehrden:412,412,1,-1
3,krh-klinikum-robert-koch-gehrden,krh-klinikum-robert-koch-gehrden:415,415,1,2
3,krh-klinikum-robert-koch-gehrden,krh-klinikum-robert-koch-gehrden:416,416,1,10
3,krh-klinikum-robert-koch-gehrden,krh-klinikum-robert-koch-gehrden:429,429,1,-1
3,krh-klinikum-robert-koch-gehrden,krh-klinikum-robert-koch-gehrden:434,434,1,4
3,krh-klinikum-robert-koch-gehrden,krh-klinikum-robert-koch-gehrden:443,443,1,4
3,krh-klinikum-robert-koch-gehrden,krh-klinikum-robert-koch-gehrden:457,457,1,5
6,krh-klinikum-robert-koch-gehrden,krh-klinikum-robert-koch-gehrden:460,460,5,-1
3,krh-klinikum-robert-koch-gehrden,krh-klinikum-robert-koch-gehrden:461,461,2,7
3,krh-klinikum-robert-koch-gehrden,krh-klinikum-robert-koch-gehrden:464,464,1,3
3,krh-klinikum-robert-koch-gehrden,krh-klinikum-robert-koch-gehrden:468,468,1,26
7,krh-klinikum-robert-koch-gehrden,krh-klinikum-robert-koch-gehrden:502,502,1,8
4,krh-klinikum-robert-koch-gehrden,krh-klinikum-robert-koch-gehrden:505,505,5,0
7,krh-klinikum-siloah,krh-klinikum-siloah:23,23,5,0
18,krh-klinikum-siloah,krh-klinikum-siloah:28,28,1,-1
14,krh-klinikum-siloah,krh-klinikum-siloah:34,34,5,-1
4,krh-klinikum-siloah,krh-klinikum-siloah:48,48,5,-1
4,krh-klinikum-siloah,krh-klinikum-siloah:51,51,5,0
9,krh-klinikum-siloah,krh-klinikum-siloah:53,53,4,-1
3,krh-klinikum-siloah,krh-klinikum-siloah:58,58,1,-1
5,krh-klinikum-siloah,krh-klinikum-siloah:72,72,1,-1
3,krh-klinikum-siloah,krh-klinikum-siloah:73,73,1,-1
17,krh-klinikum-siloah,krh-klinikum-siloah:81,81,1,-1
4,krh-klinikum-siloah,krh-klinikum-siloah:89,89,1,-1
4,krh-klinikum-siloah,krh-klinikum-siloah:94,94,2,10
3,krh-klinikum-siloah,krh-klinikum-siloah:95,95,1,2
4,krh-klinikum-siloah,krh-klinikum-siloah:97,97,2,-1
6,krh-klinikum-siloah,krh-klinikum-siloah:98,98,5,-1
6,krh-klinikum-siloah,krh-klinikum-siloah:101,101,3,-1
5,krh-klinikum-siloah,krh-klinikum-siloah:106,106,3,-1
3,krh-klinikum-siloah,krh-klinikum-siloah:108,108,1,-1
15,krh-klinikum-siloah,krh-klinikum-siloah:111,111,5,-1
5,krh-klinikum-siloah,krh-klinikum-siloah:113,113,4,-1
3,krh-klinikum-siloah,krh-klinikum-siloah:114,114,1,-1
4,krh-klinikum-siloah,krh-klinikum-siloah:116,116,5,1
3,krh-klinikum-siloah,krh-klinikum-siloah:117,117,5,0
9,krh-klinikum-siloah,krh-klinikum-siloah:118,118,3,-1
7,krh-klinikum-siloah,krh-klinikum-siloah:119,119,1,13
6,krh-klinikum-siloah,krh-klinikum-siloah:126,126,1,10
4,krh-klinikum-siloah,krh-klinikum-siloah:128,128,5,0
17,krh-klinikum-siloah,krh-klinikum-siloah:129,129,1,6
4,krh-klinikum-siloah,krh-klinikum-siloah:130,130,1,-1
8,krh-klinikum-siloah,krh-klinikum-siloah:131,131,1,-1
4,krh-klinikum-siloah,krh-klinikum-siloah:133,133,1,-1
5,krh-klinikum-siloah,krh-klinikum-siloah:136,136,1,12
9,krh-klinikum-siloah,krh-klinikum-siloah:137,137,5,8
3,krh-klinikum-siloah,krh-klinikum-siloah:139,139,1,9
8,krh-klinikum-siloah,krh-klinikum-siloah:140,140,,-1
6,krh-klinikum-siloah,krh-klinikum-siloah:141,141,1,1
3,krh-klinikum-siloah,krh-klinikum-siloah:142,142,5,13
3,krh-klinikum-siloah,krh-klinikum-siloah:143,143,4,-1
5,krh-klinikum-siloah,krh-klinikum-siloah:144,144,1,10
14,krh-klinikum-siloah,krh-klinikum-siloah:148,148,1,-1
4,krh-klinikum-siloah,krh-klinikum-siloah:149,149,1,-1
8,krh-klinikum-siloah,krh-klinikum-siloah:150,150,1,-1
6,krh-klinikum-siloah,krh-klinikum-siloah:152,152,2,13
16,krh-klinikum-siloah,krh-klinikum-siloah:153,153,1,1
16,krh-klinikum-siloah,krh-klinikum-siloah:155,155,1,6
5,krh-klinikum-siloah,krh-klinikum-siloah:156,156,1,-1
5,krh-klinikum-siloah,krh-klinikum-siloah:159,159,5,-1
3,krh-klinikum-siloah,krh-klinikum-siloah:160,160,5,13
9,krh-klinikum-siloah,krh-klinikum-siloah:163,163,1,-1
5,krh-klinikum-siloah,krh-klinikum-siloah:166,166,1,-1
17,krh-klinikum-siloah,krh-klinikum-siloah:167,167,1,-1
4,krh-klinikum-siloah,krh-klinikum-siloah:168,168,1,24
11,krh-klinikum-siloah,krh-klinikum-siloah:170,170,1,-1
7,krh-klinikum-siloah,krh-klinikum-siloah:172,172,3,15
15,krh-klinikum-siloah,krh-klinikum-siloah:174,174,1,-1
4,krh-klinikum-siloah,krh-klinikum-siloah:176,176,5,0
8,krh-klinikum-siloah,krh-klinikum-siloah:178,178,5,0
3,krh-klinikum-siloah,krh-klinikum-siloah:179,179,5,0
11,krh-klinikum-siloah,krh-klinikum-siloah:181,181,1,-1
5,krh-klinikum-siloah,krh-klinikum-siloah:182,182,1,20
4,krh-klinikum-siloah,krh-klinikum-siloah:183,183,1,-1
36,krh-klinikum-siloah,krh-klinikum-siloah:184,184,4,-1
8,krh-klinikum-siloah,krh-klinikum-siloah:185,185,1,1
10,krh-klinikum-siloah,krh-klinikum-siloah:186,186,1,15
7,krh-klinikum-siloah,krh-klinikum-siloah:187,187,2,-1
16,krh-klinikum-siloah,krh-klinikum-siloah:190,190,1,16
4,krh-klinikum-siloah,krh-klinikum-siloah:192,192,1,1
18,krh-klinikum-siloah,krh-klinikum-siloah:193,193,1,0
4,krh-klinikum-siloah,krh-klinikum-siloah:196,196,4,0
9,krh-klinikum-siloah,krh-klinikum-siloah:197,197,1,27
10,krh-klinikum-siloah,krh-klinikum-siloah:198,198,1,-1
7,krh-klinikum-siloah,krh-klinikum-siloah:200,200,1,-1
5,krh-klinikum-siloah,krh-klinikum-siloah:201,201,2,1
3,krh-klinikum-siloah,krh-klinikum-siloah:202,202,1,15
3,krh-klinikum-siloah,krh-klinikum-siloah:203,203,5,0
9,krh-klinikum-siloah,krh-klinikum-siloah:204,204,2,-1
10,krh-klinikum-siloah,krh-klinikum-siloah:205,205,1,3
6,krh-klinikum-siloah,krh-klinikum-siloah:206,206,1,-1
3,krh-klinikum-siloah,krh-klinikum-siloah:207,207,5,-1
3,krh-klinikum-siloah,krh-klinikum-siloah:208,208,2,10
12,krh-klinikum-siloah,krh-klinikum-siloah:209,209,1,4
3,krh-klinikum-siloah,krh-klinikum-siloah:210,210,1,-1
12,krh-klinikum-siloah,krh-klinikum-siloah:212,212,1,20
4,krh-klinikum-siloah,krh-klinikum-siloah:213,213,2,3
11,krh-klinikum-siloah,krh-klinikum-siloah:214,214,1,-1
8,krh-klinikum-siloah,krh-klinikum-siloah:215,215,2,-1
3,krh-klinikum-siloah,krh-klinikum-siloah:216,216,5,-1
13,krh-klinikum-siloah,krh-klinikum-siloah:218,218,1,10
4,krh-klinikum-siloah,krh-klinikum-siloah:221,221,2,-1
13,krh-klinikum-siloah,krh-klinikum-siloah:223,223,1,-1
20,krh-klinikum-siloah,krh-klinikum-siloah:225,225,1,7
6,krh-klinikum-siloah,krh-klinikum-siloah:229,229,1,-1
3,krh-klinikum-siloah,krh-klinikum-siloah:230,230,5,0
11,krh-klinikum-siloah,krh-klinikum-siloah:231,231,1,6
10,krh-klinikum-siloah,krh-klinikum-siloah:233,233,1,7
8,krh-klinikum-siloah,krh-klinikum-siloah:234,234,1,-1
9,krh-klinikum-siloah,krh-klinikum-siloah:237,237,1,3
13,krh-klinikum-siloah,krh-klinikum-siloah:238,238,1,-1
5,krh-klinikum-siloah,krh-klinikum-siloah:240,240,3,24
9,krh-klinikum-siloah,krh-klinikum-siloah:242,242,1,-1
11,krh-klinikum-siloah,krh-klinikum-siloah:244,244,1,-1
11,krh-klinikum-siloah,krh-klinikum-siloah:246,246,1,15
3,krh-klinikum-siloah,krh-klinikum-siloah:247,247,5,-1
19,krh-klinikum-siloah,krh-klinikum-siloah:248,248,1,20
7,krh-klinikum-siloah,krh-klinikum-siloah:250,250,1,1
9,krh-klinikum-siloah,krh-klinikum-siloah:252,252,1,-1
18,krh-klinikum-siloah,krh-klinikum-siloah:254,254,1,6
13,krh-klinikum-siloah,krh-klinikum-siloah:255,255,1,-1
3,krh-klinikum-siloah,krh-klinikum-siloah:257,257,5,0
9,krh-klinikum-siloah,krh-klinikum-siloah:261,261,1,7
7,krh-klinikum-siloah,krh-klinikum-siloah:262,262,1,1
7,krh-klinikum-siloah,krh-klinikum-siloah:263,263,1,-1
16,krh-klinikum-siloah,krh-klinikum-siloah:264,264,1,20
4,krh-klinikum-siloah,krh-klinikum-siloah:265,265,1,-1
7,krh-klinikum-siloah,krh-klinikum-siloah:268,268,1,9
3,krh-klinikum-siloah,krh-klinikum-siloah:270,270,4,-1
8,krh-klinikum-siloah,krh-klinikum-siloah:271,271,1,4
11,krh-klinikum-siloah,krh-klinikum-siloah:273,273,1,3
10,krh-klinikum-siloah,krh-klinikum-siloah:274,274,1,-1
8,krh-klinikum-siloah,krh-klinikum-siloah:275,275,1,21
3,krh-klinikum-siloah,krh-klinikum-siloah:277,277,3,21
23,krh-klinikum-siloah,krh-klinikum-siloah:278,278,1,3
10,krh-klinikum-siloah,krh-klinikum-siloah:279,279,1,-1
14,krh-klinikum-siloah,krh-klinikum-siloah:281,281,1,1
6,krh-klinikum-siloah,krh-klinikum-siloah:283,283,2,14
11,krh-klinikum-siloah,krh-klinikum-siloah:284,284,1,-1
18,krh-klinikum-siloah,krh-klinikum-siloah:285,285,1,6
11,krh-klinikum-siloah,krh-klinikum-siloah:286,286,1,-1
12,krh-klinikum-siloah,krh-klinikum-siloah:287,287,1,3
8,krh-klinikum-siloah,krh-klinikum-siloah:288,288,1,-1
6,krh-klinikum-siloah,krh-klinikum-siloah:289,289,1,-1
11,krh-klinikum-siloah,krh-klinikum-siloah:290,290,1,18
9,krh-klinikum-siloah,krh-klinikum-siloah:292,292,1,17
8,krh-klinikum-siloah,krh-klinikum-siloah:293,293,1,-1
5,krh-klinikum-siloah,krh-klinikum-siloah:299,299,1,6
4,krh-klinikum-siloah,krh-klinikum-siloah:301,301,5,0
7,krh-klinikum-siloah,krh-klinikum-siloah:302,302,1,1
5,krh-klinikum-siloah,krh-klinikum-siloah:304,304,5,0
14,krh-klinikum-siloah,krh-klinikum-siloah:305,305,1,-1
9,krh-klinikum-siloah,krh-klinikum-siloah:307,307,1,-1
14,krh-klinikum-siloah,krh-klinikum-siloah:308,308,1,-1
3,krh-klinikum-siloah,krh-klinikum-siloah:311,311,4,-1
3,krh-klinikum-siloah,krh-klinikum-siloah:314,314,1,-1
7,krh-klinikum-siloah,krh-klinikum-siloah:315,315,1,20
14,krh-klinikum-siloah,krh-klinikum-siloah:317,317,1,6
13,krh-klinikum-siloah,krh-klinikum-siloah:320,320,1,16
11,krh-klinikum-siloah,krh-klinikum-siloah:324,324,1,-1
6,krh-klinikum-siloah,krh-klinikum-siloah:325,325,1,-1
8,krh-klinikum-siloah,krh-klinikum-siloah:326,326,1,-1
6,krh-klinikum-siloah,krh-klinikum-siloah:327,327,5,-1
17,krh-klinikum-siloah,krh-klinikum-siloah:328,328,1,-1
12,krh-klinikum-siloah,krh-klinikum-siloah:329,329,1,10
17,krh-klinikum-siloah,krh-klinikum-siloah:332,332,1,-1
13,krh-klinikum-siloah,krh-klinikum-siloah:333,333,2,-1
6,krh-klinikum-siloah,krh-klinikum-siloah:334,334,2,-1
3,krh-klinikum-siloah,krh-klinikum-siloah:335,335,3,-1
6,krh-klinikum-siloah,krh-klinikum-siloah:336,336,1,9
9,krh-klinikum-siloah,krh-klinikum-siloah:338,338,1,8
15,krh-klinikum-siloah,krh-klinikum-siloah:340,340,1,3
3,krh-klinikum-siloah,krh-klinikum-siloah:347,347,5,-1
5,krh-klinikum-siloah,krh-klinikum-siloah:348,348,5,-1
9,krh-klinikum-siloah,krh-klinikum-siloah:349,349,1,-1
7,krh-klinikum-siloah,krh-klinikum-siloah:350,350,1,-1
5,krh-klinikum-siloah,krh-klinikum-siloah:353,353,2,9
6,krh-klinikum-siloah,krh-klinikum-siloah:354,354,1,1
6,krh-klinikum-siloah,krh-klinikum-siloah:356,356,1,27
12,krh-klinikum-siloah,krh-klinikum-siloah:357,357,1,7
8,krh-klinikum-siloah,krh-klinikum-siloah:358,358,1,-1
8,krh-klinikum-siloah,krh-klinikum-siloah:359,359,1,-1
5,krh-klinikum-siloah,krh-klinikum-siloah:360,360,1,6
6,krh-klinikum-siloah,krh-klinikum-siloah:361,361,1,-1
5,krh-klinikum-siloah,krh-klinikum-siloah:364,364,1,23
4,krh-klinikum-siloah,krh-klinikum-siloah:365,365,1,-1
8,krh-klinikum-siloah,krh-klinikum-siloah:368,368,1,3
6,krh-klinikum-siloah,krh-klinikum-siloah:370,370,1,-1
3,krh-klinikum-siloah,krh-klinikum-siloah:373,373,1,-1
4,krh-klinikum-siloah,krh-klinikum-siloah:374,374,1,21
16,krh-klinikum-siloah,krh-klinikum-siloah:375,375,5,5
12,krh-klinikum-siloah,krh-klinikum-siloah:377,377,1,10
3,krh-klinikum-siloah,krh-klinikum-siloah:378,378,2,15
5,krh-klinikum-siloah,krh-klinikum-siloah:379,379,1,-1
11,krh-klinikum-siloah,krh-klinikum-siloah:383,383,1,10
3,krh-klinikum-siloah,krh-klinikum-siloah:385,385,4,-1
9,krh-klinikum-siloah,krh-klinikum-siloah:386,386,1,16
11,krh-klinikum-siloah,krh-klinikum-siloah:387,387,1,-1
10,krh-klinikum-siloah,krh-klinikum-siloah:388,388,1,21
11,krh-klinikum-siloah,krh-klinikum-siloah:391,391,1,3
8,krh-klinikum-siloah,krh-klinikum-siloah:392,392,1,3
5,krh-klinikum-siloah,krh-klinikum-siloah:393,393,2,15
4,krh-klinikum-siloah,krh-klinikum-siloah:394,394,5,0
6,krh-klinikum-siloah,krh-klinikum-siloah:396,396,1,-1
5,krh-klinikum-siloah,krh-klinikum-siloah:398,398,1,-1
7,krh-klinikum-siloah,krh-klinikum-siloah:400,400,1,3
5,krh-klinikum-siloah,krh-klinikum-siloah:401,401,1,25
13,krh-klinikum-siloah,krh-klinikum-siloah:404,404,1,-1
16,krh-klinikum-siloah,krh-klinikum-siloah:405,405,1,-1
6,krh-klinikum-siloah,krh-klinikum-siloah:406,406,1,1
13,krh-klinikum-siloah,krh-klinikum-siloah:408,408,1,7
7,krh-klinikum-siloah,krh-klinikum-siloah:409,409,1,23
15,krh-klinikum-siloah,krh-klinikum-siloah:410,410,1,-1
9,krh-klinikum-siloah,krh-klinikum-siloah:412,412,1,24
13,krh-klinikum-siloah,krh-klinikum-siloah:413,413,1,-1
5,krh-klinikum-siloah,krh-klinikum-siloah:414,414,1,5
3,krh-klinikum-siloah,krh-klinikum-siloah:416,416,2,-1
4,krh-klinikum-siloah,krh-klinikum-siloah:418,418,1,-1
7,krh-klinikum-siloah,krh-klinikum-siloah:420,420,1,-1
7,krh-klinikum-siloah,krh-klinikum-siloah:421,421,1,7
8,krh-klinikum-siloah,krh-klinikum-siloah:422,422,1,1
5,krh-klinikum-siloah,krh-klinikum-siloah:425,425,1,-1
13,krh-klinikum-siloah,krh-klinikum-siloah:428,428,1,-1
3,krh-klinikum-siloah,krh-klinikum-siloah:430,430,2,1
10,krh-klinikum-siloah,krh-klinikum-siloah:431,431,1,-1
3,krh-klinikum-siloah,krh-klinikum-siloah:435,435,5,-1
3,krh-klinikum-siloah,krh-klinikum-siloah:437,437,1,19
3,krh-klinikum-siloah,krh-klinikum-siloah:438,438,1,-1
5,krh-klinikum-siloah,krh-klinikum-siloah:439,439,1,10
7,krh-klinikum-siloah,krh-klinikum-siloah:440,440,5,0
7,krh-klinikum-siloah,krh-klinikum-siloah:441,441,1,-1
4,krh-klinikum-siloah,krh-klinikum-siloah:444,444,1,-1
5,krh-klinikum-siloah,krh-klinikum-siloah:446,446,1,-1
5,krh-klinikum-siloah,krh-klinikum-siloah:447,447,2,27
4,krh-klinikum-siloah,krh-klinikum-siloah:448,448,2,26
14,krh-klinikum-siloah,krh-klinikum-siloah:449,449,1,-1
3,krh-klinikum-siloah,krh-klinikum-siloah:451,451,1,-1
4,krh-klinikum-siloah,krh-klinikum-siloah:452,452,1,-1
3,krh-klinikum-siloah,krh-klinikum-siloah:453,453,5,-1
8,krh-klinikum-siloah,krh-klinikum-siloah:454,454,1,-1
4,krh-klinikum-siloah,krh-klinikum-siloah:455,455,1,23
5,krh-klinikum-siloah,krh-klinikum-siloah:456,456,1,-1
5,krh-klinikum-siloah,krh-klinikum-siloah:457,457,3,-1
4,krh-klinikum-siloah,krh-klinikum-siloah:458,458,1,19
8,krh-klinikum-siloah,krh-klinikum-siloah:459,459,1,1
6,krh-klinikum-siloah,krh-klinikum-siloah:460,460,5,-1
7,krh-klinikum-siloah,krh-klinikum-siloah:462,462,1,14
9,krh-klinikum-siloah,krh-klinikum-siloah:463,463,1,17
4,krh-klinikum-siloah,krh-klinikum-siloah:465,465,1,8
7,krh-klinikum-siloah,krh-klinikum-siloah:467,467,1,9
12,krh-klinikum-siloah,krh-klinikum-siloah:470,470,1,7
15,krh-klinikum-siloah,krh-klinikum-siloah:471,471,2,-1
5,krh-klinikum-siloah,krh-klinikum-siloah:473,473,1,19
7,krh-klinikum-siloah,krh-klinikum-siloah:477,477,1,-1
4,krh-klinikum-siloah,krh-klinikum-siloah:478,478,1,-1
6,krh-klinikum-siloah,krh-klinikum-siloah:479,479,5,-1
3,krh-klinikum-siloah,krh-klinikum-siloah:480,480,1,-1
3,krh-klinikum-siloah,krh-klinikum-siloah:481,481,1,-1
8,krh-klinikum-siloah,krh-klinikum-siloah:487,487,1,1
5,krh-klinikum-siloah,krh-klinikum-siloah:493,493,1,23
6,krh-klinikum-siloah,krh-klinikum-siloah:494,494,1,-1
8,krh-klinikum-siloah,krh-klinikum-siloah:498,498,1,4
5,krh-klinikum-siloah,krh-klinikum-siloah:499,499,2,-1
7,krh-klinikum-siloah,krh-klinikum-siloah:504,504,1,-1
3,krh-klinikum-siloah,krh-klinikum-siloah:506,506,1,9
3,krh-klinikum-siloah,krh-klinikum-siloah:513,513,1,8
5,krh-klinikum-siloah,krh-klinikum-siloah:515,515,1,-1
7,krh-klinikum-siloah,krh-klinikum-siloah:518,518,1,4
9,krh-klinikum-siloah,krh-klinikum-siloah:519,519,1,-1
8,krh-klinikum-siloah,krh-klinikum-siloah:521,521,1,8
14,krh-klinikum-siloah,krh-klinikum-siloah:522,522,1,-1
6,krh-klinikum-siloah,krh-klinikum-siloah:523,523,1,-1
13,krh-klinikum-siloah,krh-klinikum-siloah:524,524,1,-1
4,krh-klinikum-siloah,krh-klinikum-siloah:528,528,1,7
11,krh-klinikum-siloah,krh-klinikum-siloah:529,529,1,3
6,krh-klinikum-siloah,krh-klinikum-siloah:532,532,1,1
7,krh-klinikum-siloah,krh-klinikum-siloah:533,533,1,21
14,krh-klinikum-siloah,krh-klinikum-siloah:535,535,1,8
5,krh-klinikum-siloah,krh-klinikum-siloah:539,539,1,26
7,krh-klinikum-siloah,krh-klinikum-siloah:540,540,1,-1
3,krh-klinikum-siloah,krh-klinikum-siloah:541,541,2,-1
3,krh-klinikum-siloah,krh-klinikum-siloah:544,544,1,-1
8,krh-klinikum-siloah,krh-klinikum-siloah:546,546,1,7
5,krh-klinikum-siloah,krh-klinikum-siloah:547,547,1,3
6,krh-klinikum-siloah,krh-klinikum-siloah:548,548,1,23
3,krh-klinikum-siloah,krh-klinikum-siloah:549,549,1,9
8,krh-klinikum-siloah,krh-klinikum-siloah:554,554,1,7
14,krh-klinikum-siloah,krh-klinikum-siloah:557,557,1,4
4,krh-klinikum-siloah,krh-klinikum-siloah:558,558,1,9
5,krh-klinikum-siloah,krh-klinikum-siloah:561,561,1,18
3,krh-klinikum-siloah,krh-klinikum-siloah:566,566,1,7
5,krh-klinikum-siloah,krh-klinikum-siloah:569,569,1,21
6,krh-klinikum-siloah,krh-klinikum-siloah:570,570,1,-1
8,krh-klinikum-siloah,krh-klinikum-siloah:572,572,1,19
12,krh-klinikum-siloah,krh-klinikum-siloah:573,573,1,3
5,krh-klinikum-siloah,krh-klinikum-siloah:575,575,1,-1
3,krh-klinikum-siloah,krh-klinikum-siloah:578,578,1,5
7,krh-klinikum-siloah,krh-klinikum-siloah:585,585,1,5
12,krh-klinikum-siloah,krh-klinikum-siloah:589,589,1,-1
4,krh-klinikum-siloah,krh-klinikum-siloah:590,590,1,-1
12,krh-klinikum-siloah,krh-klinikum-siloah:591,591,1,5
6,krh-klinikum-siloah,krh-klinikum-siloah:593,593,1,5
13,krh-klinikum-siloah,krh-klinikum-siloah:595,595,1,-1
10,krh-klinikum-siloah,krh-klinikum-siloah:607,607,1,5
3,krh-klinikum-siloah,krh-klinikum-siloah:610,610,1,14
3,krh-klinikum-siloah,krh-klinikum-siloah:611,611,1,5
3,krh-klinikum-siloah,krh-klinikum-siloah:615,615,1,5
4,krh-klinikum-siloah,krh-klinikum-siloah:616,616,1,3
9,krh-klinikum-siloah,krh-klinikum-siloah:617,617,1,5
8,krh-klinikum-siloah,krh-klinikum-siloah:619,619,1,4
3,krh-klinikum-siloah,krh-klinikum-siloah:633,633,1,-1
4,krh-klinikum-siloah,krh-klinikum-siloah:650,650,1,20
5,krh-klinikum-siloah,krh-klinikum-siloah:651,651,2,-1
3,krh-klinikum-siloah,krh-klinikum-siloah:652,652,1,-1
4,krh-klinikum-siloah,krh-klinikum-siloah:653,653,1,-1
4,krh-klinikum-siloah,krh-klinikum-siloah:654,654,1,-1
8,krh-klinikum-siloah,krh-klinikum-siloah:655,655,1,-1
4,krh-klinikum-siloah,krh-klinikum-siloah:657,657,1,25
3,krh-klinikum-siloah,krh-klinikum-siloah:659,659,1,-1
3,krh-klinikum-siloah,krh-klinikum-siloah:660,660,1,-1
4,krh-klinikum-siloah,krh-klinikum-siloah:666,666,1,-1
5,krh-klinikum-siloah,krh-klinikum-siloah:668,668,1,0
5,krh-klinikum-siloah,krh-klinikum-siloah:670,670,1,8
23,median-zentrum-fuer-verhaltensmedizin-bad-pyrmont-fachkrankenhaus,median-zentrum-fuer-verhaltensmedizin-bad-pyrmont-fachkrankenhaus:15,15,5,0
3,median-zentrum-fuer-verhaltensmedizin-bad-pyrmont-fachkrankenhaus,median-zentrum-fuer-verhaltensmedizin-bad-pyrmont-fachkrankenhaus:18,18,5,0
18,median-zentrum-fuer-verhaltensmedizin-bad-pyrmont-fachkrankenhaus,median-zentrum-fuer-verhaltensmedizin-bad-pyrmont-fachkrankenhaus:27,27,5,0
22,median-zentrum-fuer-verhaltensmedizin-bad-pyrmont-fachkrankenhaus,median-zentrum-fuer-verhaltensmedizin-bad-pyrmont-fachkrankenhaus:29,29,5,0
9,median-zentrum-fuer-verhaltensmedizin-bad-pyrmont-fachkrankenhaus,median-zentrum-fuer-verhaltensmedizin-bad-pyrmont-fachkrankenhaus:31,31,5,0
9,median-zentrum-fuer-verhaltensmedizin-bad-pyrmont-fachkrankenhaus,median-zentrum-fuer-verhaltensmedizin-bad-pyrmont-fachkrankenhaus:32,32,5,0
5,median-zentrum-fuer-verhaltensmedizin-bad-pyrmont-fachkrankenhaus,median-zentrum-fuer-verhaltensmedizin-bad-pyrmont-fachkrankenhaus:34,34,5,0
19,median-zentrum-fuer-verhaltensmedizin-bad-pyrmont-fachkrankenhaus,median-zentrum-fuer-verhaltensmedizin-bad-pyrmont-fachkrankenhaus:35,35,5,0
13,median-zentrum-fuer-verhaltensmedizin-bad-pyrmont-fachkrankenhaus,median-zentrum-fuer-verhaltensmedizin-bad-pyrmont-fachkrankenhaus:36,36,5,0
11,median-zentrum-fuer-verhaltensmedizin-bad-pyrmont-fachkrankenhaus,median-zentrum-fuer-verhaltensmedizin-bad-pyrmont-fachkrankenhaus:37,37,3,0
10,median-zentrum-fuer-verhaltensmedizin-bad-pyrmont-fachkrankenhaus,median-zentrum-fuer-verhaltensmedizin-bad-pyrmont-fachkrankenhaus:38,38,5,0
9,median-zentrum-fuer-verhaltensmedizin-bad-pyrmont-fachkrankenhaus,median-zentrum-fuer-verhaltensmedizin-bad-pyrmont-fachkrankenhaus:39,39,5,-1
6,median-zentrum-fuer-verhaltensmedizin-bad-pyrmont-fachkrankenhaus,median-zentrum-fuer-verhaltensmedizin-bad-pyrmont-fachkrankenhaus:40,40,5,-1
12,median-zentrum-fuer-verhaltensmedizin-bad-pyrmont-fachkrankenhaus,median-zentrum-fuer-verhaltensmedizin-bad-pyrmont-fachkrankenhaus:41,41,5,0
3,median-zentrum-fuer-verhaltensmedizin-bad-pyrmont-fachkrankenhaus,median-zentrum-fuer-verhaltensmedizin-bad-pyrmont-fachkrankenhaus:43,43,5,0
3,median-zentrum-fuer-verhaltensmedizin-bad-pyrmont-fachkrankenhaus,median-zentrum-fuer-verhaltensmedizin-bad-pyrmont-fachkrankenhaus:44,44,5,0
4,median-zentrum-fuer-verhaltensmedizin-bad-pyrmont-fachkrankenhaus,median-zentrum-fuer-verhaltensmedizin-bad-pyrmont-fachkrankenhaus:45,45,5,-1
7,median-zentrum-fuer-verhaltensmedizin-bad-pyrmont-fachkrankenhaus,median-zentrum-fuer-verhaltensmedizin-bad-pyrmont-fachkrankenhaus:46,46,4,26
10,median-zentrum-fuer-verhaltensmedizin-bad-pyrmont-fachkrankenhaus,median-zentrum-fuer-verhaltensmedizin-bad-pyrmont-fachkrankenhaus:47,47,5,0
30,median-zentrum-fuer-verhaltensmedizin-bad-pyrmont-fachkrankenhaus,median-zentrum-fuer-verhaltensmedizin-bad-pyrmont-fachkrankenhaus:48,48,4,0
3,median-zentrum-fuer-verhaltensmedizin-bad-pyrmont-fachkrankenhaus,median-zentrum-fuer-verhaltensmedizin-bad-pyrmont-fachkrankenhaus:49,49,4,0
26,median-zentrum-fuer-verhaltensmedizin-bad-pyrmont-fachkrankenhaus,median-zentrum-fuer-verhaltensmedizin-bad-pyrmont-fachkrankenhaus:50,50,3,0
8,median-zentrum-fuer-verhaltensmedizin-bad-pyrmont-fachkrankenhaus,median-zentrum-fuer-verhaltensmedizin-bad-pyrmont-fachkrankenhaus:51,51,4,0
14,median-zentrum-fuer-verhaltensmedizin-bad-pyrmont-fachkrankenhaus,median-zentrum-fuer-verhaltensmedizin-bad-pyrmont-fachkrankenhaus:52,52,3,0
12,median-zentrum-fuer-verhaltensmedizin-bad-pyrmont-fachkrankenhaus,median-zentrum-fuer-verhaltensmedizin-bad-pyrmont-fachkrankenhaus:53,53,5,0
8,median-zentrum-fuer-verhaltensmedizin-bad-pyrmont-fachkrankenhaus,median-zentrum-fuer-verhaltensmedizin-bad-pyrmont-fachkrankenhaus:54,54,3,15
9,median-zentrum-fuer-verhaltensmedizin-bad-pyrmont-fachkrankenhaus,median-zentrum-fuer-verhaltensmedizin-bad-pyrmont-fachkrankenhaus:55,55,5,-1
5,median-zentrum-fuer-verhaltensmedizin-bad-pyrmont-fachkrankenhaus,median-zentrum-fuer-verhaltensmedizin-bad-pyrmont-fachkrankenhaus:56,56,5,-1
7,median-zentrum-fuer-verhaltensmedizin-bad-pyrmont-fachkrankenhaus,median-zentrum-fuer-verhaltensmedizin-bad-pyrmont-fachkrankenhaus:57,57,5,0
3,median-zentrum-fuer-verhaltensmedizin-bad-pyrmont-fachkrankenhaus,median-zentrum-fuer-verhaltensmedizin-bad-pyrmont-fachkrankenhaus:59,59,5,0
4,median-zentrum-fuer-verhaltensmedizin-bad-pyrmont-fachkrankenhaus,median-zentrum-fuer-verhaltensmedizin-bad-pyrmont-fachkrankenhaus:61,61,5,0
8,median-zentrum-fuer-verhaltensmedizin-bad-pyrmont-fachkrankenhaus,median-zentrum-fuer-verhaltensmedizin-bad-pyrmont-fachkrankenhaus:65,65,5,-1
9,median-zentrum-fuer-verhaltensmedizin-bad-pyrmont-fachkrankenhaus,median-zentrum-fuer-verhaltensmedizin-bad-pyrmont-fachkrankenhaus:66,66,5,0
4,median-zentrum-fuer-verhaltensmedizin-bad-pyrmont-fachkrankenhaus,median-zentrum-fuer-verhaltensmedizin-bad-pyrmont-fachkrankenhaus:67,67,5,-1
18,median-zentrum-fuer-verhaltensmedizin-bad-pyrmont-fachkrankenhaus,median-zentrum-fuer-verhaltensmedizin-bad-pyrmont-fachkrankenhaus:68,68,4,-1
5,median-zentrum-fuer-verhaltensmedizin-bad-pyrmont-fachkrankenhaus,median-zentrum-fuer-verhaltensmedizin-bad-pyrmont-fachkrankenhaus:74,74,5,0
4,median-zentrum-fuer-verhaltensmedizin-bad-pyrmont-fachkrankenhaus,median-zentrum-fuer-verhaltensmedizin-bad-pyrmont-fachkrankenhaus:81,81,1,5
23,mediclin-hedon-klinik,mediclin-hedon-klinik:9,9,1,-1
4,mediclin-hedon-klinik,mediclin-hedon-klinik:22,22,1,-1
3,mediclin-hedon-klinik,mediclin-hedon-klinik:24,24,5,0
4,mediclin-hedon-klinik,mediclin-hedon-klinik:25,25,5,-1
9,mediclin-hedon-klinik,mediclin-hedon-klinik:27,27,3,13
17,mediclin-hedon-klinik,mediclin-hedon-klinik:28,28,4,0
3,mediclin-hedon-klinik,mediclin-hedon-klinik:29,29,5,0
7,mediclin-hedon-klinik,mediclin-hedon-klinik:30,30,1,-1
4,mediclin-hedon-klinik,mediclin-hedon-klinik:31,31,1,-1
3,mediclin-hedon-klinik,mediclin-hedon-klinik:32,32,3,-1
14,mediclin-hedon-klinik,mediclin-hedon-klinik:33,33,1,6
15,mediclin-hedon-klinik,mediclin-hedon-klinik:36,36,5,0
4,mediclin-hedon-klinik,mediclin-hedon-klinik:38,38,4,0
26,mediclin-hedon-klinik,mediclin-hedon-klinik:41,41,1,-1
9,mediclin-hedon-klinik,mediclin-hedon-klinik:43,43,4,-1
12,mediclin-hedon-klinik,mediclin-hedon-klinik:45,45,2,-1
7,mediclin-hedon-klinik,mediclin-hedon-klinik:46,46,5,0
13,mediclin-hedon-klinik,mediclin-hedon-klinik:48,48,1,1
15,mediclin-hedon-klinik,mediclin-hedon-klinik:50,50,1,6
17,mediclin-hedon-klinik,mediclin-hedon-klinik:52,52,1,10
13,mediclin-hedon-klinik,mediclin-hedon-klinik:53,53,1,21
14,mediclin-hedon-klinik,mediclin-hedon-klinik:54,54,1,-1
13,mediclin-hedon-klinik,mediclin-hedon-klinik:55,55,1,17
10,mediclin-hedon-klinik,mediclin-hedon-klinik:57,57,2,0
10,mediclin-hedon-klinik,mediclin-hedon-klinik:58,58,1,10
12,mediclin-hedon-klinik,mediclin-hedon-klinik:59,59,2,-1
25,mediclin-hedon-klinik,mediclin-hedon-klinik:61,61,1,-1
8,mediclin-hedon-klinik,mediclin-hedon-klinik:62,62,1,-1
20,mediclin-hedon-klinik,mediclin-hedon-klinik:63,63,1,6
6,mediclin-hedon-klinik,mediclin-hedon-klinik:64,64,5,1
4,mediclin-hedon-klinik,mediclin-hedon-klinik:65,65,5,0
6,mediclin-hedon-klinik,mediclin-hedon-klinik:66,66,1,-1
3,mediclin-hedon-klinik,mediclin-hedon-klinik:68,68,3,0
9,mediclin-hedon-klinik,mediclin-hedon-klinik:70,70,1,10
3,mediclin-hedon-klinik,mediclin-hedon-klinik:71,71,5,-1
5,mediclin-hedon-klinik,mediclin-hedon-klinik:73,73,1,-1
14,mediclin-hedon-klinik,mediclin-hedon-klinik:74,74,1,-1
4,mediclin-hedon-klinik,mediclin-hedon-klinik:75,75,5,0
19,mediclin-hedon-klinik,mediclin-hedon-klinik:76,76,1,-1
5,mediclin-hedon-klinik,mediclin-hedon-klinik:78,78,4,0
17,mediclin-hedon-klinik,mediclin-hedon-klinik:79,79,1,-1
4,mediclin-hedon-klinik,mediclin-hedon-klinik:80,80,5,0
19,mediclin-hedon-klinik,mediclin-hedon-klinik:81,81,1,-1
17,mediclin-hedon-klinik,mediclin-hedon-klinik:82,82,1,6
3,mediclin-hedon-klinik,mediclin-hedon-klinik:83,83,4,0
8,mediclin-hedon-klinik,mediclin-hedon-klinik:86,86,1,4
12,mediclin-hedon-klinik,mediclin-hedon-klinik:87,87,2,-1
8,mediclin-hedon-klinik,mediclin-hedon-klinik:89,89,1,-1
8,mediclin-hedon-klinik,mediclin-hedon-klinik:90,90,5,0
6,mediclin-hedon-klinik,mediclin-hedon-klinik:92,92,5,0
5,mediclin-hedon-klinik,mediclin-hedon-klinik:93,93,4,-1
7,mediclin-hedon-klinik,mediclin-hedon-klinik:94,94,1,-1
4,mediclin-hedon-klinik,mediclin-hedon-klinik:95,95,5,-1
3,mediclin-hedon-klinik,mediclin-hedon-klinik:97,97,3,0
13,mediclin-hedon-klinik,mediclin-hedon-klinik:98,98,1,-1
11,mediclin-hedon-klinik,mediclin-hedon-klinik:99,99,1,-1
13,mediclin-hedon-klinik,mediclin-hedon-klinik:100,100,1,-1
5,mediclin-hedon-klinik,mediclin-hedon-klinik:101,101,5,-1
8,mediclin-hedon-klinik,mediclin-hedon-klinik:103,103,5,10
8,mediclin-hedon-klinik,mediclin-hedon-klinik:109,109,4,0
3,mediclin-hedon-klinik,mediclin-hedon-klinik:110,110,5,0
9,mediclin-hedon-klinik,mediclin-hedon-klinik:111,111,1,-1
3,mediclin-hedon-klinik,mediclin-hedon-klinik:116,116,2,-1
12,mediclin-hedon-klinik,mediclin-hedon-klinik:124,124,1,0
3,mediclin-hedon-klinik,mediclin-hedon-klinik:142,142,5,0
6,mediclin-klinikum-soltau,mediclin-klinikum-soltau:14,14,2,0
20,mediclin-klinikum-soltau,mediclin-klinikum-soltau:18,18,4,0
4,mediclin-klinikum-soltau,mediclin-klinikum-soltau:38,38,1,15
6,mediclin-klinikum-soltau,mediclin-klinikum-soltau:39,39,5,0
13,mediclin-klinikum-soltau,mediclin-klinikum-soltau:41,41,4,0
5,mediclin-klinikum-soltau,mediclin-klinikum-soltau:42,42,5,0
3,mediclin-klinikum-soltau,mediclin-klinikum-soltau:43,43,5,0
5,mediclin-klinikum-soltau,mediclin-klinikum-soltau:44,44,5,0
5,mediclin-klinikum-soltau,mediclin-klinikum-soltau:45,45,1,26
23,mediclin-klinikum-soltau,mediclin-klinikum-soltau:46,46,5,0
8,mediclin-klinikum-soltau,mediclin-klinikum-soltau:47,47,4,0
11,mediclin-klinikum-soltau,mediclin-klinikum-soltau:49,49,3,-1
24,mediclin-klinikum-soltau,mediclin-klinikum-soltau:50,50,5,-1
8,mediclin-klinikum-soltau,mediclin-klinikum-soltau:52,52,5,0
5,mediclin-klinikum-soltau,mediclin-klinikum-soltau:53,53,2,-1
9,mediclin-klinikum-soltau,mediclin-klinikum-soltau:54,54,3,-1
8,mediclin-klinikum-soltau,mediclin-klinikum-soltau:57,57,5,-1
4,mediclin-klinikum-soltau,mediclin-klinikum-soltau:58,58,4,0
5,mediclin-klinikum-soltau,mediclin-klinikum-soltau:59,59,3,-1
8,mediclin-klinikum-soltau,mediclin-klinikum-soltau:63,63,5,0
23,mediclin-klinikum-soltau,mediclin-klinikum-soltau:64,64,3,0
29,mediclin-klinikum-soltau,mediclin-klinikum-soltau:65,65,3,-1
9,mediclin-klinikum-soltau,mediclin-klinikum-soltau:66,66,3,-1
6,mediclin-klinikum-soltau,mediclin-klinikum-soltau:69,69,5,16
3,mediclin-klinikum-soltau,mediclin-klinikum-soltau:70,70,5,-1
5,mediclin-klinikum-soltau,mediclin-klinikum-soltau:71,71,2,6
16,mediclin-klinikum-soltau,mediclin-klinikum-soltau:72,72,1,-1
11,mediclin-klinikum-soltau,mediclin-klinikum-soltau:73,73,5,0
14,mediclin-klinikum-soltau,mediclin-klinikum-soltau:75,75,2,-1
8,mediclin-klinikum-soltau,mediclin-klinikum-soltau:76,76,5,0
6,mediclin-klinikum-soltau,mediclin-klinikum-soltau:78,78,5,22
7,mediclin-klinikum-soltau,mediclin-klinikum-soltau:79,79,4,1
44,mediclin-klinikum-soltau,mediclin-klinikum-soltau:80,80,5,-1
28,mediclin-klinikum-soltau,mediclin-klinikum-soltau:83,83,1,6
8,mediclin-klinikum-soltau,mediclin-klinikum-soltau:84,84,5,0
4,mediclin-klinikum-soltau,mediclin-klinikum-soltau:85,85,4,0
17,mediclin-klinikum-soltau,mediclin-klinikum-soltau:86,86,1,-1
21,mediclin-klinikum-soltau,mediclin-klinikum-soltau:87,87,1,4
13,mediclin-klinikum-soltau,mediclin-klinikum-soltau:88,88,1,24
13,mediclin-klinikum-soltau,mediclin-klinikum-soltau:89,89,3,0
6,mediclin-klinikum-soltau,mediclin-klinikum-soltau:90,90,4,-1
9,mediclin-klinikum-soltau,mediclin-klinikum-soltau:91,91,1,4
15,mediclin-klinikum-soltau,mediclin-klinikum-soltau:92,92,2,-1
14,mediclin-klinikum-soltau,mediclin-klinikum-soltau:93,93,2,-1
23,mediclin-klinikum-soltau,mediclin-klinikum-soltau:95,95,1,4
27,mediclin-klinikum-soltau,mediclin-klinikum-soltau:96,96,1,-1
21,mediclin-klinikum-soltau,mediclin-klinikum-soltau:97,97,1,-1
10,mediclin-klinikum-soltau,mediclin-klinikum-soltau:98,98,1,9
15,mediclin-klinikum-soltau,mediclin-klinikum-soltau:99,99,1,21
4,mediclin-klinikum-soltau,mediclin-klinikum-soltau:100,100,5,0
8,mediclin-klinikum-soltau,mediclin-klinikum-soltau:101,101,4,-1
20,mediclin-klinikum-soltau,mediclin-klinikum-soltau:102,102,1,4
3,mediclin-klinikum-soltau,mediclin-klinikum-soltau:103,103,1,19
3,mediclin-klinikum-soltau,mediclin-klinikum-soltau:104,104,1,14
6,mediclin-klinikum-soltau,mediclin-klinikum-soltau:107,107,2,-1
8,mediclin-klinikum-soltau,mediclin-klinikum-soltau:108,108,1,-1
5,mediclin-klinikum-soltau,mediclin-klinikum-soltau:109,109,5,0
3,mediclin-klinikum-soltau,mediclin-klinikum-soltau:111,111,5,0
17,mediclin-klinikum-soltau,mediclin-klinikum-soltau:112,112,5,0
19,mediclin-klinikum-soltau,mediclin-klinikum-soltau:113,113,2,19
7,mediclin-klinikum-soltau,mediclin-klinikum-soltau:114,114,4,-1
5,mediclin-klinikum-soltau,mediclin-klinikum-soltau:115,115,5,0
11,mediclin-klinikum-soltau,mediclin-klinikum-soltau:116,116,1,15
7,mediclin-klinikum-soltau,mediclin-klinikum-soltau:118,118,1,26
9,mediclin-klinikum-soltau,mediclin-klinikum-soltau:119,119,1,4
4,mediclin-klinikum-soltau,mediclin-klinikum-soltau:120,120,4,-1
6,mediclin-klinikum-soltau,mediclin-klinikum-soltau:121,121,1,26
5,mediclin-klinikum-soltau,mediclin-klinikum-soltau:122,122,5,0
3,mediclin-klinikum-soltau,mediclin-klinikum-soltau:123,123,5,0
7,mediclin-klinikum-soltau,mediclin-klinikum-soltau:124,124,1,15
6,mediclin-klinikum-soltau,mediclin-klinikum-soltau:127,127,1,-1
5,mediclin-klinikum-soltau,mediclin-klinikum-soltau:128,128,5,0
3,mediclin-klinikum-soltau,mediclin-klinikum-soltau:129,129,5,0
8,mediclin-klinikum-soltau,mediclin-klinikum-soltau:130,130,1,-1
8,mediclin-klinikum-soltau,mediclin-klinikum-soltau:131,131,5,0
3,mediclin-klinikum-soltau,mediclin-klinikum-soltau:132,132,4,0
3,mediclin-klinikum-soltau,mediclin-klinikum-soltau:134,134,5,0
4,mediclin-klinikum-soltau,mediclin-klinikum-soltau:135,135,5,22
5,mediclin-klinikum-soltau,mediclin-klinikum-soltau:136,136,5,0
3,mediclin-klinikum-soltau,mediclin-klinikum-soltau:141,141,5,0
6,mediclin-klinikum-soltau,mediclin-klinikum-soltau:143,143,5,0
3,mediclin-klinikum-soltau,mediclin-klinikum-soltau:144,144,5,0
5,mediclin-klinikum-soltau,mediclin-klinikum-soltau:146,146,4,-1
6,mediclin-klinikum-soltau,mediclin-klinikum-soltau:147,147,1,-1
5,mediclin-klinikum-soltau,mediclin-klinikum-soltau:149,149,1,-1
14,mediclin-klinikum-soltau,mediclin-klinikum-soltau:151,151,1,3
5,mediclin-klinikum-soltau,mediclin-klinikum-soltau:152,152,1,-1
6,mediclin-klinikum-soltau,mediclin-klinikum-soltau:154,154,3,4
6,mediclin-klinikum-soltau,mediclin-klinikum-soltau:163,163,1,-1
7,mediclin-klinikum-soltau,mediclin-klinikum-soltau:165,165,1,1
5,mediclin-klinikum-soltau,mediclin-klinikum-soltau:167,167,1,14
6,mediclin-klinikum-soltau,mediclin-klinikum-soltau:170,170,1,7
4,mediclin-klinikum-soltau,mediclin-klinikum-soltau:174,174,1,5
5,mediclin-klinikum-soltau,mediclin-klinikum-soltau:183,183,1,6
3,mediclin-seepark-klinik-akutpsychosomatik-schwerpunkt-essstoerungen,mediclin-seepark-klinik-akutpsychosomatik-schwerpunkt-essstoerungen:4,4,4,-1
34,mediclin-seepark-klinik-akutpsychosomatik-schwerpunkt-essstoerungen,mediclin-seepark-klinik-akutpsychosomatik-schwerpunkt-essstoerungen:11,11,5,-1
45,mediclin-seepark-klinik-akutpsychosomatik-schwerpunkt-essstoerungen,mediclin-seepark-klinik-akutpsychosomatik-schwerpunkt-essstoerungen:12,12,5,-1
5,mediclin-seepark-klinik-akutpsychosomatik-schwerpunkt-essstoerungen,mediclin-seepark-klinik-akutpsychosomatik-schwerpunkt-essstoerungen:24,24,2,-1
5,mediclin-seepark-klinik-akutpsychosomatik-schwerpunkt-essstoerungen,mediclin-seepark-klinik-akutpsychosomatik-schwerpunkt-essstoerungen:29,29,5,0
60,mediclin-seepark-klinik-akutpsychosomatik-schwerpunkt-essstoerungen,mediclin-seepark-klinik-akutpsychosomatik-schwerpunkt-essstoerungen:31,31,2,-1
16,mediclin-seepark-klinik-akutpsychosomatik-schwerpunkt-essstoerungen,mediclin-seepark-klinik-akutpsychosomatik-schwerpunkt-essstoerungen:34,34,2,-1
4,mediclin-seepark-klinik-akutpsychosomatik-schwerpunkt-essstoerungen,mediclin-seepark-klinik-akutpsychosomatik-schwerpunkt-essstoerungen:35,35,3,0
5,mediclin-seepark-klinik-akutpsychosomatik-schwerpunkt-essstoerungen,mediclin-seepark-klinik-akutpsychosomatik-schwerpunkt-essstoerungen:36,36,2,0
21,mediclin-seepark-klinik-akutpsychosomatik-schwerpunkt-essstoerungen,mediclin-seepark-klinik-akutpsychosomatik-schwerpunkt-essstoerungen:37,37,5,-1
12,mediclin-seepark-klinik-akutpsychosomatik-schwerpunkt-essstoerungen,mediclin-seepark-klinik-akutpsychosomatik-schwerpunkt-essstoerungen:38,38,4,0
25,mediclin-seepark-klinik-akutpsychosomatik-schwerpunkt-essstoerungen,mediclin-seepark-klinik-akutpsychosomatik-schwerpunkt-essstoerungen:39,39,5,0
9,mediclin-seepark-klinik-akutpsychosomatik-schwerpunkt-essstoerungen,mediclin-seepark-klinik-akutpsychosomatik-schwerpunkt-essstoerungen:40,40,5,-1
20,mediclin-seepark-klinik-akutpsychosomatik-schwerpunkt-essstoerungen,mediclin-seepark-klinik-akutpsychosomatik-schwerpunkt-essstoerungen:41,41,4,0
7,mediclin-seepark-klinik-akutpsychosomatik-schwerpunkt-essstoerungen,mediclin-seepark-klinik-akutpsychosomatik-schwerpunkt-essstoerungen:42,42,5,0
27,mediclin-seepark-klinik-akutpsychosomatik-schwerpunkt-essstoerungen,mediclin-seepark-klinik-akutpsychosomatik-schwerpunkt-essstoerungen:43,43,3,4
11,mediclin-seepark-klinik-akutpsychosomatik-schwerpunkt-essstoerungen,mediclin-seepark-klinik-akutpsychosomatik-schwerpunkt-essstoerungen:44,44,5,0
8,mediclin-seepark-klinik-akutpsychosomatik-schwerpunkt-essstoerungen,mediclin-seepark-klinik-akutpsychosomatik-schwerpunkt-essstoerungen:45,45,5,0
19,mediclin-seepark-klinik-akutpsychosomatik-schwerpunkt-essstoerungen,mediclin-seepark-klinik-akutpsychosomatik-schwerpunkt-essstoerungen:46,46,5,-1
4,mediclin-seepark-klinik-akutpsychosomatik-schwerpunkt-essstoerungen,mediclin-seepark-klinik-akutpsychosomatik-schwerpunkt-essstoerungen:47,47,4,0
12,mediclin-seepark-klinik-akutpsychosomatik-schwerpunkt-essstoerungen,mediclin-seepark-klinik-akutpsychosomatik-schwerpunkt-essstoerungen:48,48,5,0
25,mediclin-seepark-klinik-akutpsychosomatik-schwerpunkt-essstoerungen,mediclin-seepark-klinik-akutpsychosomatik-schwerpunkt-essstoerungen:49,49,1,-1
14,mediclin-seepark-klinik-akutpsychosomatik-schwerpunkt-essstoerungen,mediclin-seepark-klinik-akutpsychosomatik-schwerpunkt-essstoerungen:50,50,2,0
18,mediclin-seepark-klinik-akutpsychosomatik-schwerpunkt-essstoerungen,mediclin-seepark-klinik-akutpsychosomatik-schwerpunkt-essstoerungen:51,51,2,0
6,mediclin-seepark-klinik-akutpsychosomatik-schwerpunkt-essstoerungen,mediclin-seepark-klinik-akutpsychosomatik-schwerpunkt-essstoerungen:52,52,5,-1
21,mediclin-seepark-klinik-akutpsychosomatik-schwerpunkt-essstoerungen,mediclin-seepark-klinik-akutpsychosomatik-schwerpunkt-essstoerungen:53,53,1,8
21,mediclin-seepark-klinik-akutpsychosomatik-schwerpunkt-essstoerungen,mediclin-seepark-klinik-akutpsychosomatik-schwerpunkt-essstoerungen:54,54,1,-1
13,mediclin-seepark-klinik-akutpsychosomatik-schwerpunkt-essstoerungen,mediclin-seepark-klinik-akutpsychosomatik-schwerpunkt-essstoerungen:55,55,4,0
29,mediclin-seepark-klinik-akutpsychosomatik-schwerpunkt-essstoerungen,mediclin-seepark-klinik-akutpsychosomatik-schwerpunkt-essstoerungen:56,56,1,-1
20,mediclin-seepark-klinik-akutpsychosomatik-schwerpunkt-essstoerungen,mediclin-seepark-klinik-akutpsychosomatik-schwerpunkt-essstoerungen:57,57,2,2
17,mediclin-seepark-klinik-akutpsychosomatik-schwerpunkt-essstoerungen,mediclin-seepark-klinik-akutpsychosomatik-schwerpunkt-essstoerungen:58,58,1,-1
19,mediclin-seepark-klinik-akutpsychosomatik-schwerpunkt-essstoerungen,mediclin-seepark-klinik-akutpsychosomatik-schwerpunkt-essstoerungen:59,59,5,0
17,mediclin-seepark-klinik-akutpsychosomatik-schwerpunkt-essstoerungen,mediclin-seepark-klinik-akutpsychosomatik-schwerpunkt-essstoerungen:60,60,2,13
25,mediclin-seepark-klinik-akutpsychosomatik-schwerpunkt-essstoerungen,mediclin-seepark-klinik-akutpsychosomatik-schwerpunkt-essstoerungen:61,61,1,2
15,mediclin-seepark-klinik-akutpsychosomatik-schwerpunkt-essstoerungen,mediclin-seepark-klinik-akutpsychosomatik-schwerpunkt-essstoerungen:62,62,3,0
8,mediclin-seepark-klinik-akutpsychosomatik-schwerpunkt-essstoerungen,mediclin-seepark-klinik-akutpsychosomatik-schwerpunkt-essstoerungen:63,63,5,0
21,mediclin-seepark-klinik-akutpsychosomatik-schwerpunkt-essstoerungen,mediclin-seepark-klinik-akutpsychosomatik-schwerpunkt-essstoerungen:64,64,1,-1
16,mediclin-seepark-klinik-akutpsychosomatik-schwerpunkt-essstoerungen,mediclin-seepark-klinik-akutpsychosomatik-schwerpunkt-essstoerungen:65,65,2,-1
13,mediclin-seepark-klinik-akutpsychosomatik-schwerpunkt-essstoerungen,mediclin-seepark-klinik-akutpsychosomatik-schwerpunkt-essstoerungen:66,66,5,0
11,mediclin-seepark-klinik-akutpsychosomatik-schwerpunkt-essstoerungen,mediclin-seepark-klinik-akutpsychosomatik-schwerpunkt-essstoerungen:67,67,1,-1
10,mediclin-seepark-klinik-akutpsychosomatik-schwerpunkt-essstoerungen,mediclin-seepark-klinik-akutpsychosomatik-schwerpunkt-essstoerungen:68,68,1,13
14,mediclin-seepark-klinik-akutpsychosomatik-schwerpunkt-essstoerungen,mediclin-seepark-klinik-akutpsychosomatik-schwerpunkt-essstoerungen:69,69,5,0
11,mediclin-seepark-klinik-akutpsychosomatik-schwerpunkt-essstoerungen,mediclin-seepark-klinik-akutpsychosomatik-schwerpunkt-essstoerungen:70,70,1,-1
13,mediclin-seepark-klinik-akutpsychosomatik-schwerpunkt-essstoerungen,mediclin-seepark-klinik-akutpsychosomatik-schwerpunkt-essstoerungen:71,71,1,4
3,mediclin-seepark-klinik-akutpsychosomatik-schwerpunkt-essstoerungen,mediclin-seepark-klinik-akutpsychosomatik-schwerpunkt-essstoerungen:73,73,5,0
13,mediclin-seepark-klinik-akutpsychosomatik-schwerpunkt-essstoerungen,mediclin-seepark-klinik-akutpsychosomatik-schwerpunkt-essstoerungen:74,74,1,-1
5,mediclin-seepark-klinik-akutpsychosomatik-schwerpunkt-essstoerungen,mediclin-seepark-klinik-akutpsychosomatik-schwerpunkt-essstoerungen:75,75,2,-1
3,mediclin-seepark-klinik-akutpsychosomatik-schwerpunkt-essstoerungen,mediclin-seepark-klinik-akutpsychosomatik-schwerpunkt-essstoerungen:78,78,2,0
3,mediclin-seepark-klinik-akutpsychosomatik-schwerpunkt-essstoerungen,mediclin-seepark-klinik-akutpsychosomatik-schwerpunkt-essstoerungen:80,80,3,19
5,mediclin-seepark-klinik-akutpsychosomatik-schwerpunkt-essstoerungen,mediclin-seepark-klinik-akutpsychosomatik-schwerpunkt-essstoerungen:82,82,5,-1
4,mediclin-seepark-klinik-akutpsychosomatik-schwerpunkt-essstoerungen,mediclin-seepark-klinik-akutpsychosomatik-schwerpunkt-essstoerungen:83,83,2,4
7,mediclin-seepark-klinik-akutpsychosomatik-schwerpunkt-essstoerungen,mediclin-seepark-klinik-akutpsychosomatik-schwerpunkt-essstoerungen:84,84,1,-1
9,mediclin-seepark-klinik-akutpsychosomatik-schwerpunkt-essstoerungen,mediclin-seepark-klinik-akutpsychosomatik-schwerpunkt-essstoerungen:85,85,1,-1
3,mediclin-seepark-klinik-akutpsychosomatik-schwerpunkt-essstoerungen,mediclin-seepark-klinik-akutpsychosomatik-schwerpunkt-essstoerungen:86,86,1,-1
5,mediclin-seepark-klinik-akutpsychosomatik-schwerpunkt-essstoerungen,mediclin-seepark-klinik-akutpsychosomatik-schwerpunkt-essstoerungen:87,87,1,-1
3,mediclin-seepark-klinik-akutpsychosomatik-schwerpunkt-essstoerungen,mediclin-seepark-klinik-akutpsychosomatik-schwerpunkt-essstoerungen:89,89,1,-1
10,mediclin-seepark-klinik-akutpsychosomatik-schwerpunkt-essstoerungen,mediclin-seepark-klinik-akutpsychosomatik-schwerpunkt-essstoerungen:90,90,1,19
3,mediclin-seepark-klinik-akutpsychosomatik-schwerpunkt-essstoerungen,mediclin-seepark-klinik-akutpsychosomatik-schwerpunkt-essstoerungen:92,92,1,14
5,mediclin-seepark-klinik-akutpsychosomatik-schwerpunkt-essstoerungen,mediclin-seepark-klinik-akutpsychosomatik-schwerpunkt-essstoerungen:93,93,1,5
6,mediclin-seepark-klinik-akutpsychosomatik-schwerpunkt-essstoerungen,mediclin-seepark-klinik-akutpsychosomatik-schwerpunkt-essstoerungen:94,94,1,3
5,mediclin-seepark-klinik-akutpsychosomatik-schwerpunkt-essstoerungen,mediclin-seepark-klinik-akutpsychosomatik-schwerpunkt-essstoerungen:95,95,5,0
5,mediclin-seepark-klinik-akutpsychosomatik-schwerpunkt-essstoerungen,mediclin-seepark-klinik-akutpsychosomatik-schwerpunkt-essstoerungen:96,96,1,-1
9,medizinische-hochschule-hannover,medizinische-hochschule-hannover:17,17,2,8
3,medizinische-hochschule-hannover,medizinische-hochschule-hannover:29,29,5,-1
7,medizinische-hochschule-hannover,medizinische-hochschule-hannover:37,37,5,-1
3,medizinische-hochschule-hannover,medizinische-hochschule-hannover:46,46,5,0
3,medizinische-hochschule-hannover,medizinische-hochschule-hannover:47,47,5,0
4,medizinische-hochschule-hannover,medizinische-hochschule-hannover:92,92,1,-1
18,medizinische-hochschule-hannover,medizinische-hochschule-hannover:116,116,1,9
4,medizinische-hochschule-hannover,medizinische-hochschule-hannover:133,133,1,-1
4,medizinische-hochschule-hannover,medizinische-hochschule-hannover:135,135,1,6
5,medizinische-hochschule-hannover,medizinische-hochschule-hannover:138,138,2,-1
4,medizinische-hochschule-hannover,medizinische-hochschule-hannover:150,150,1,1
14,medizinische-hochschule-hannover,medizinische-hochschule-hannover:152,152,1,-1
4,medizinische-hochschule-hannover,medizinische-hochschule-hannover:164,164,1,-1
3,medizinische-hochschule-hannover,medizinische-hochschule-hannover:170,170,3,14
11,medizinische-hochschule-hannover,medizinische-hochschule-hannover:171,171,1,-1
6,medizinische-hochschule-hannover,medizinische-hochschule-hannover:179,179,1,20
4,medizinische-hochschule-hannover,medizinische-hochschule-hannover:180,180,5,-1
8,medizinische-hochschule-hannover,medizinische-hochschule-hannover:183,183,1,-1
9,medizinische-hochschule-hannover,medizinische-hochschule-hannover:189,189,4,-1
6,medizinische-hochschule-hannover,medizinische-hochschule-hannover:190,190,1,-1
4,medizinische-hochschule-hannover,medizinische-hochschule-hannover:191,191,5,0
7,medizinische-hochschule-hannover,medizinische-hochschule-hannover:192,192,1,20
18,medizinische-hochschule-hannover,medizinische-hochschule-hannover:195,195,1,4
7,medizinische-hochschule-hannover,medizinische-hochschule-hannover:197,197,3,-1
12,medizinische-hochschule-hannover,medizinische-hochschule-hannover:198,198,1,3
5,medizinische-hochschule-hannover,medizinische-hochschule-hannover:200,200,1,2
8,medizinische-hochschule-hannover,medizinische-hochschule-hannover:201,201,1,3
20,medizinische-hochschule-hannover,medizinische-hochschule-hannover:203,203,1,-1
13,medizinische-hochschule-hannover,medizinische-hochschule-hannover:207,207,1,3
9,medizinische-hochschule-hannover,medizinische-hochschule-hannover:208,208,1,5
9,medizinische-hochschule-hannover,medizinische-hochschule-hannover:210,210,1,1
10,medizinische-hochschule-hannover,medizinische-hochschule-hannover:213,213,1,-1
11,medizinische-hochschule-hannover,medizinische-hochschule-hannover:214,214,1,2
8,medizinische-hochschule-hannover,medizinische-hochschule-hannover:215,215,1,2
7,medizinische-hochschule-hannover,medizinische-hochschule-hannover:218,218,1,-1
16,medizinische-hochschule-hannover,medizinische-hochschule-hannover:219,219,1,-1
6,medizinische-hochschule-hannover,medizinische-hochschule-hannover:220,220,1,20
6,medizinische-hochschule-hannover,medizinische-hochschule-hannover:224,224,1,-1
10,medizinische-hochschule-hannover,medizinische-hochschule-hannover:225,225,1,3
8,medizinische-hochschule-hannover,medizinische-hochschule-hannover:227,227,1,3
7,medizinische-hochschule-hannover,medizinische-hochschule-hannover:232,232,5,22
7,medizinische-hochschule-hannover,medizinische-hochschule-hannover:233,233,1,-1
4,medizinische-hochschule-hannover,medizinische-hochschule-hannover:236,236,1,-1
6,medizinische-hochschule-hannover,medizinische-hochschule-hannover:237,237,1,-1
3,medizinische-hochschule-hannover,medizinische-hochschule-hannover:241,241,1,-1
9,medizinische-hochschule-hannover,medizinische-hochschule-hannover:242,242,5,0
5,medizinische-hochschule-hannover,medizinische-hochschule-hannover:243,243,2,-1
13,medizinische-hochschule-hannover,medizinische-hochschule-hannover:244,244,1,3
6,medizinische-hochschule-hannover,medizinische-hochschule-hannover:245,245,1,6
12,medizinische-hochschule-hannover,medizinische-hochschule-hannover:247,247,1,-1
7,medizinische-hochschule-hannover,medizinische-hochschule-hannover:248,248,2,-1
12,medizinische-hochschule-hannover,medizinische-hochschule-hannover:249,249,1,4
3,medizinische-hochschule-hannover,medizinische-hochschule-hannover:250,250,5,-1
5,medizinische-hochschule-hannover,medizinische-hochschule-hannover:252,252,5,3
9,medizinische-hochschule-hannover,medizinische-hochschule-hannover:253,253,1,10
5,medizinische-hochschule-hannover,medizinische-hochschule-hannover:256,256,1,6
16,medizinische-hochschule-hannover,medizinische-hochschule-hannover:257,257,1,9
6,medizinische-hochschule-hannover,medizinische-hochschule-hannover:259,259,1,-1
29,medizinische-hochschule-hannover,medizinische-hochschule-hannover:260,260,1,-1
8,medizinische-hochschule-hannover,medizinische-hochschule-hannover:261,261,2,-1
3,medizinische-hochschule-hannover,medizinische-hochschule-hannover:263,263,1,10
5,medizinische-hochschule-hannover,medizinische-hochschule-hannover:264,264,1,-1
3,medizinische-hochschule-hannover,medizinische-hochschule-hannover:265,265,5,-1
15,medizinische-hochschule-hannover,medizinische-hochschule-hannover:266,266,1,2
6,medizinische-hochschule-hannover,medizinische-hochschule-hannover:267,267,2,-1
5,medizinische-hochschule-hannover,medizinische-hochschule-hannover:268,268,2,-1
7,medizinische-hochschule-hannover,medizinische-hochschule-hannover:270,270,1,14
3,medizinische-hochschule-hannover,medizinische-hochschule-hannover:271,271,5,8
7,medizinische-hochschule-hannover,medizinische-hochschule-hannover:272,272,1,1
6,medizinische-hochschule-hannover,medizinische-hochschule-hannover:273,273,5,0
8,medizinische-hochschule-hannover,medizinische-hochschule-hannover:277,277,1,3
11,medizinische-hochschule-hannover,medizinische-hochschule-hannover:278,278,1,6
17,medizinische-hochschule-hannover,medizinische-hochschule-hannover:279,279,1,-1
10,medizinische-hochschule-hannover,medizinische-hochschule-hannover:281,281,1,13
9,medizinische-hochschule-hannover,medizinische-hochschule-hannover:282,282,1,-1
4,medizinische-hochschule-hannover,medizinische-hochschule-hannover:283,283,5,-1
6,medizinische-hochschule-hannover,medizinische-hochschule-hannover:284,284,1,-1
10,medizinische-hochschule-hannover,medizinische-hochschule-hannover:286,286,1,-1
11,medizinische-hochschule-hannover,medizinische-hochschule-hannover:289,289,1,-1
7,medizinische-hochschule-hannover,medizinische-hochschule-hannover:290,290,1,9
8,medizinische-hochschule-hannover,medizinische-hochschule-hannover:293,293,1,-1
14,medizinische-hochschule-hannover,medizinische-hochschule-hannover:294,294,1,-1
12,medizinische-hochschule-hannover,medizinische-hochschule-hannover:296,296,1,-1
7,medizinische-hochschule-hannover,medizinische-hochschule-hannover:298,298,5,-1
3,medizinische-hochschule-hannover,medizinische-hochschule-hannover:299,299,5,-1
33,medizinische-hochschule-hannover,medizinische-hochschule-hannover:300,300,1,8
13,medizinische-hochschule-hannover,medizinische-hochschule-hannover:301,301,1,4
3,medizinische-hochschule-hannover,medizinische-hochschule-hannover:302,302,3,1
5,medizinische-hochschule-hannover,medizinische-hochschule-hannover:304,304,5,0
4,medizinische-hochschule-hannover,medizinische-hochschule-hannover:305,305,1,-1
12,medizinische-hochschule-hannover,medizinische-hochschule-hannover:308,308,1,-1
5,medizinische-hochschule-hannover,medizinische-hochschule-hannover:309,309,1,-1
9,medizinische-hochschule-hannover,medizinische-hochschule-hannover:315,315,1,-1
5,medizinische-hochschule-hannover,medizinische-hochschule-hannover:316,316,4,-1
9,medizinische-hochschule-hannover,medizinische-hochschule-hannover:317,317,1,1
3,medizinische-hochschule-hannover,medizinische-hochschule-hannover:318,318,5,11
9,medizinische-hochschule-hannover,medizinische-hochschule-hannover:323,323,1,20
6,medizinische-hochschule-hannover,medizinische-hochschule-hannover:324,324,1,16
7,medizinische-hochschule-hannover,medizinische-hochschule-hannover:325,325,1,3
11,medizinische-hochschule-hannover,medizinische-hochschule-hannover:326,326,5,0
21,medizinische-hochschule-hannover,medizinische-hochschule-hannover:328,328,1,-1
3,medizinische-hochschule-hannover,medizinische-hochschule-hannover:329,329,5,11
4,medizinische-hochschule-hannover,medizinische-hochschule-hannover:330,330,1,9
4,medizinische-hochschule-hannover,medizinische-hochschule-hannover:331,331,5,11
11,medizinische-hochschule-hannover,medizinische-hochschule-hannover:334,334,1,2
5,medizinische-hochschule-hannover,medizinische-hochschule-hannover:336,336,5,4
20,medizinische-hochschule-hannover,medizinische-hochschule-hannover:338,338,1,7
7,medizinische-hochschule-hannover,medizinische-hochschule-hannover:339,339,1,-1
4,medizinische-hochschule-hannover,medizinische-hochschule-hannover:340,340,1,-1
4,medizinische-hochschule-hannover,medizinische-hochschule-hannover:345,345,1,-1
9,medizinische-hochschule-hannover,medizinische-hochschule-hannover:348,348,1,0
3,medizinische-hochschule-hannover,medizinische-hochschule-hannover:349,349,4,0
7,medizinische-hochschule-hannover,medizinische-hochschule-hannover:350,350,1,6
8,medizinische-hochschule-hannover,medizinische-hochschule-hannover:351,351,1,-1
8,medizinische-hochschule-hannover,medizinische-hochschule-hannover:355,355,1,6
5,medizinische-hochschule-hannover,medizinische-hochschule-hannover:356,356,1,2
13,medizinische-hochschule-hannover,medizinische-hochschule-hannover:357,357,1,12
7,medizinische-hochschule-hannover,medizinische-hochschule-hannover:358,358,1,1
5,medizinische-hochschule-hannover,medizinische-hochschule-hannover:359,359,1,2
9,medizinische-hochschule-hannover,medizinische-hochschule-hannover:360,360,2,8
21,medizinische-hochschule-hannover,medizinische-hochschule-hannover:363,363,1,10
7,medizinische-hochschule-hannover,medizinische-hochschule-hannover:364,364,1,3
4,medizinische-hochschule-hannover,medizinische-hochschule-hannover:367,367,2,3
13,medizinische-hochschule-hannover,medizinische-hochschule-hannover:368,368,1,2
6,medizinische-hochschule-hannover,medizinische-hochschule-hannover:370,370,1,21
4,medizinische-hochschule-hannover,medizinische-hochschule-hannover:371,371,5,0
3,medizinische-hochschule-hannover,medizinische-hochschule-hannover:373,373,5,0
5,medizinische-hochschule-hannover,medizinische-hochschule-hannover:374,374,1,-1
4,medizinische-hochschule-hannover,medizinische-hochschule-hannover:375,375,5,8
5,medizinische-hochschule-hannover,medizinische-hochschule-hannover:376,376,1,-1
3,medizinische-hochschule-hannover,medizinische-hochschule-hannover:377,377,1,-1
3,medizinische-hochschule-hannover,medizinische-hochschule-hannover:379,379,5,1
6,medizinische-hochschule-hannover,medizinische-hochschule-hannover:380,380,1,1
10,medizinische-hochschule-hannover,medizinische-hochschule-hannover:384,384,1,-1
8,medizinische-hochschule-hannover,medizinische-hochschule-hannover:386,386,1,16
3,medizinische-hochschule-hannover,medizinische-hochschule-hannover:387,387,1,6
8,medizinische-hochschule-hannover,medizinische-hochschule-hannover:388,388,1,-1
6,medizinische-hochschule-hannover,medizinische-hochschule-hannover:389,389,1,-1
3,medizinische-hochschule-hannover,medizinische-hochschule-hannover:390,390,5,-1
11,medizinische-hochschule-hannover,medizinische-hochschule-hannover:393,393,1,-1
3,medizinische-hochschule-hannover,medizinische-hochschule-hannover:394,394,3,0
5,medizinische-hochschule-hannover,medizinische-hochschule-hannover:397,397,1,12
3,medizinische-hochschule-hannover,medizinische-hochschule-hannover:400,400,5,13
3,medizinische-hochschule-hannover,medizinische-hochschule-hannover:401,401,3,9
3,medizinische-hochschule-hannover,medizinische-hochschule-hannover:404,404,2,0
4,medizinische-hochschule-hannover,medizinische-hochschule-hannover:407,407,1,-1
19,medizinische-hochschule-hannover,medizinische-hochschule-hannover:408,408,1,17
3,medizinische-hochschule-hannover,medizinische-hochschule-hannover:410,410,1,-1
6,medizinische-hochschule-hannover,medizinische-hochschule-hannover:411,411,1,-1
4,medizinische-hochschule-hannover,medizinische-hochschule-hannover:413,413,4,0
7,medizinische-hochschule-hannover,medizinische-hochschule-hannover:414,414,1,-1
5,medizinische-hochschule-hannover,medizinische-hochschule-hannover:415,415,1,-1
4,medizinische-hochschule-hannover,medizinische-hochschule-hannover:416,416,1,-1
8,medizinische-hochschule-hannover,medizinische-hochschule-hannover:417,417,1,2
10,medizinische-hochschule-hannover,medizinische-hochschule-hannover:418,418,1,2
4,medizinische-hochschule-hannover,medizinische-hochschule-hannover:419,419,1,12
19,medizinische-hochschule-hannover,medizinische-hochschule-hannover:422,422,1,-1
3,medizinische-hochschule-hannover,medizinische-hochschule-hannover:423,423,1,-1
3,medizinische-hochschule-hannover,medizinische-hochschule-hannover:424,424,1,1
9,medizinische-hochschule-hannover,medizinische-hochschule-hannover:426,426,1,-1
7,medizinische-hochschule-hannover,medizinische-hochschule-hannover:429,429,1,-1
10,medizinische-hochschule-hannover,medizinische-hochschule-hannover:430,430,1,-1
5,medizinische-hochschule-hannover,medizinische-hochschule-hannover:434,434,2,17
8,medizinische-hochschule-hannover,medizinische-hochschule-hannover:435,435,1,-1
14,medizinische-hochschule-hannover,medizinische-hochschule-hannover:436,436,1,12
16,medizinische-hochschule-hannover,medizinische-hochschule-hannover:438,438,1,-1
9,medizinische-hochschule-hannover,medizinische-hochschule-hannover:439,439,1,-1
4,medizinische-hochschule-hannover,medizinische-hochschule-hannover:441,441,1,-1
8,medizinische-hochschule-hannover,medizinische-hochschule-hannover:442,442,1,21
4,medizinische-hochschule-hannover,medizinische-hochschule-hannover:443,443,1,-1
9,medizinische-hochschule-hannover,medizinische-hochschule-hannover:447,447,2,-1
7,medizinische-hochschule-hannover,medizinische-hochschule-hannover:448,448,1,2
14,medizinische-hochschule-hannover,medizinische-hochschule-hannover:450,450,1,4
12,medizinische-hochschule-hannover,medizinische-hochschule-hannover:453,453,1,18
3,medizinische-hochschule-hannover,medizinische-hochschule-hannover:454,454,1,15
4,medizinische-hochschule-hannover,medizinische-hochschule-hannover:456,456,1,-1
6,medizinische-hochschule-hannover,medizinische-hochschule-hannover:459,459,1,9
3,medizinische-hochschule-hannover,medizinische-hochschule-hannover:460,460,2,-1
3,medizinische-hochschule-hannover,medizinische-hochschule-hannover:461,461,2,-1
7,medizinische-hochschule-hannover,medizinische-hochschule-hannover:462,462,1,1
3,medizinische-hochschule-hannover,medizinische-hochschule-hannover:464,464,1,3
11,medizinische-hochschule-hannover,medizinische-hochschule-hannover:466,466,1,3
12,medizinische-hochschule-hannover,medizinische-hochschule-hannover:467,467,4,4
4,medizinische-hochschule-hannover,medizinische-hochschule-hannover:468,468,1,20
9,medizinische-hochschule-hannover,medizinische-hochschule-hannover:470,470,5,8
3,medizinische-hochschule-hannover,medizinische-hochschule-hannover:471,471,1,-1
3,medizinische-hochschule-hannover,medizinische-hochschule-hannover:473,473,4,20
3,medizinische-hochschule-hannover,medizinische-hochschule-hannover:474,474,1,-1
3,medizinische-hochschule-hannover,medizinische-hochschule-hannover:475,475,1,0
4,medizinische-hochschule-hannover,medizinische-hochschule-hannover:477,477,1,-1
3,medizinische-hochschule-hannover,medizinische-hochschule-hannover:479,479,3,-1
5,medizinische-hochschule-hannover,medizinische-hochschule-hannover:481,481,1,7
9,medizinische-hochschule-hannover,medizinische-hochschule-hannover:482,482,1,-1
3,medizinische-hochschule-hannover,medizinische-hochschule-hannover:485,485,5,-1
3,medizinische-hochschule-hannover,medizinische-hochschule-hannover:489,489,1,9
3,medizinische-hochschule-hannover,medizinische-hochschule-hannover:490,490,1,-1
6,medizinische-hochschule-hannover,medizinische-hochschule-hannover:492,492,1,21
7,medizinische-hochschule-hannover,medizinische-hochschule-hannover:495,495,1,-1
4,medizinische-hochschule-hannover,medizinische-hochschule-hannover:497,497,5,-1
4,medizinische-hochschule-hannover,medizinische-hochschule-hannover:499,499,1,-1
20,medizinische-hochschule-hannover,medizinische-hochschule-hannover:502,502,1,8
6,medizinische-hochschule-hannover,medizinische-hochschule-hannover:505,505,2,1
4,medizinische-hochschule-hannover,medizinische-hochschule-hannover:506,506,1,-1
9,medizinische-hochschule-hannover,medizinische-hochschule-hannover:508,508,1,-1
3,medizinische-hochschule-hannover,medizinische-hochschule-hannover:511,511,2,15
5,medizinische-hochschule-hannover,medizinische-hochschule-hannover:512,512,1,15
3,medizinische-hochschule-hannover,medizinische-hochschule-hannover:513,513,5,11
3,medizinische-hochschule-hannover,medizinische-hochschule-hannover:516,516,4,26
9,medizinische-hochschule-hannover,medizinische-hochschule-hannover:518,518,1,-1
4,medizinische-hochschule-hannover,medizinische-hochschule-hannover:520,520,1,23
6,medizinische-hochschule-hannover,medizinische-hochschule-hannover:521,521,1,-1
4,medizinische-hochschule-hannover,medizinische-hochschule-hannover:523,523,5,11
5,medizinische-hochschule-hannover,medizinische-hochschule-hannover:524,524,1,18
4,medizinische-hochschule-hannover,medizinische-hochschule-hannover:525,525,1,24
5,medizinische-hochschule-hannover,medizinische-hochschule-hannover:526,526,1,-1
5,medizinische-hochschule-hannover,medizinische-hochschule-hannover:527,527,1,-1
3,medizinische-hochschule-hannover,medizinische-hochschule-hannover:529,529,1,8
3,medizinische-hochschule-hannover,medizinische-hochschule-hannover:531,531,1,10
8,medizinische-hochschule-hannover,medizinische-hochschule-hannover:533,533,1,-1
11,medizinische-hochschule-hannover,medizinische-hochschule-hannover:536,536,1,-1
10,medizinische-hochschule-hannover,medizinische-hochschule-hannover:537,537,1,-1
5,medizinische-hochschule-hannover,medizinische-hochschule-hannover:538,538,1,16
5,medizinische-hochschule-hannover,medizinische-hochschule-hannover:540,540,1,8
8,medizinische-hochschule-hannover,medizinische-hochschule-hannover:544,544,1,26
3,medizinische-hochschule-hannover,medizinische-hochschule-hannover:545,545,5,8
13,medizinische-hochschule-hannover,medizinische-hochschule-hannover:546,546,1,-1
5,medizinische-hochschule-hannover,medizinische-hochschule-hannover:549,549,1,-1
5,medizinische-hochschule-hannover,medizinische-hochschule-hannover:551,551,1,4
6,medizinische-hochschule-hannover,medizinische-hochschule-hannover:552,552,1,3
5,medizinische-hochschule-hannover,medizinische-hochschule-hannover:553,553,1,26
3,medizinische-hochschule-hannover,medizinische-hochschule-hannover:556,556,1,10
14,medizinische-hochschule-hannover,medizinische-hochschule-hannover:560,560,1,-1
4,medizinische-hochschule-hannover,medizinische-hochschule-hannover:562,562,5,0
3,medizinische-hochschule-hannover,medizinische-hochschule-hannover:565,565,2,-1
6,medizinische-hochschule-hannover,medizinische-hochschule-hannover:568,568,1,-1
3,medizinische-hochschule-hannover,medizinische-hochschule-hannover:569,569,1,23
5,medizinische-hochschule-hannover,medizinische-hochschule-hannover:574,574,1,-1
5,medizinische-hochschule-hannover,medizinische-hochschule-hannover:576,576,1,-1
3,medizinische-hochschule-hannover,medizinische-hochschule-hannover:582,582,1,2
5,medizinische-hochschule-hannover,medizinische-hochschule-hannover:590,590,1,-1
5,medizinische-hochschule-hannover,medizinische-hochschule-hannover:591,591,5,-1
7,medizinische-hochschule-hannover,medizinische-hochschule-hannover:592,592,1,-1
5,medizinische-hochschule-hannover,medizinische-hochschule-hannover:593,593,1,-1
3,medizinische-hochschule-hannover,medizinische-hochschule-hannover:595,595,5,-1
3,medizinische-hochschule-hannover,medizinische-hochschule-hannover:597,597,1,-1
5,medizinische-hochschule-hannover,medizinische-hochschule-hannover:599,599,1,15
4,medizinische-hochschule-hannover,medizinische-hochschule-hannover:600,600,1,-1
6,medizinische-hochschule-hannover,medizinische-hochschule-hannover:603,603,1,-1
4,medizinische-hochschule-hannover,medizinische-hochschule-hannover:604,604,1,8
3,medizinische-hochschule-hannover,medizinische-hochschule-hannover:609,609,4,0
4,medizinische-hochschule-hannover,medizinische-hochschule-hannover:611,611,1,-1
5,medizinische-hochschule-hannover,medizinische-hochschule-hannover:612,612,1,-1
7,medizinische-hochschule-hannover,medizinische-hochschule-hannover:613,613,1,7
12,medizinische-hochschule-hannover,medizinische-hochschule-hannover:617,617,1,3
6,medizinische-hochschule-hannover,medizinische-hochschule-hannover:618,618,1,-1
5,medizinische-hochschule-hannover,medizinische-hochschule-hannover:621,621,1,25
3,medizinische-hochschule-hannover,medizinische-hochschule-hannover:622,622,1,-1
9,medizinische-hochschule-hannover,medizinische-hochschule-hannover:626,626,1,7
7,medizinische-hochschule-hannover,medizinische-hochschule-hannover:627,627,1,-1
10,medizinische-hochschule-hannover,medizinische-hochschule-hannover:629,629,1,-1
6,medizinische-hochschule-hannover,medizinische-hochschule-hannover:633,633,1,12
5,medizinische-hochschule-hannover,medizinische-hochschule-hannover:637,637,1,2
5,medizinische-hochschule-hannover,medizinische-hochschule-hannover:639,639,1,23
13,medizinische-hochschule-hannover,medizinische-hochschule-hannover:640,640,1,8
8,medizinische-hochschule-hannover,medizinische-hochschule-hannover:643,643,1,9
4,medizinische-hochschule-hannover,medizinische-hochschule-hannover:644,644,5,0
5,medizinische-hochschule-hannover,medizinische-hochschule-hannover:646,646,1,-1
8,medizinische-hochschule-hannover,medizinische-hochschule-hannover:648,648,5,0
4,medizinische-hochschule-hannover,medizinische-hochschule-hannover:652,652,1,14
4,medizinische-hochschule-hannover,medizinische-hochschule-hannover:658,658,4,0
4,medizinische-hochschule-hannover,medizinische-hochschule-hannover:662,662,1,-1
7,medizinische-hochschule-hannover,medizinische-hochschule-hannover:666,666,1,-1
4,medizinische-hochschule-hannover,medizinische-hochschule-hannover:668,668,5,0
4,medizinische-hochschule-hannover,medizinische-hochschule-hannover:669,669,1,4
7,medizinische-hochschule-hannover,medizinische-hochschule-hannover:670,670,1,-1
3,medizinische-hochschule-hannover,medizinische-hochschule-hannover:674,674,3,-1
3,medizinische-hochschule-hannover,medizinische-hochschule-hannover:675,675,5,0
3,medizinische-hochschule-hannover,medizinische-hochschule-hannover:678,678,3,-1
3,medizinische-hochschule-hannover,medizinische-hochschule-hannover:682,682,5,0
3,medizinische-hochschule-hannover,medizinische-hochschule-hannover:685,685,1,-1
4,medizinische-hochschule-hannover,medizinische-hochschule-hannover:686,686,5,0
4,medizinische-hochschule-hannover,medizinische-hochschule-hannover:689,689,5,0
5,medizinische-hochschule-hannover,medizinische-hochschule-hannover:704,704,1,-1
5,medizinische-hochschule-hannover,medizinische-hochschule-hannover:708,708,1,-1
10,medizinische-hochschule-hannover,medizinische-hochschule-hannover:726,726,1,-1
7,medizinische-hochschule-hannover,medizinische-hochschule-hannover:736,736,1,3
4,medizinische-hochschule-hannover,medizinische-hochschule-hannover:741,741,1,4
5,medizinische-hochschule-hannover,medizinische-hochschule-hannover:747,747,1,25
4,medizinische-hochschule-hannover,medizinische-hochschule-hannover:748,748,1,-1
3,medizinische-hochschule-hannover,medizinische-hochschule-hannover:749,749,2,-1
17,medizinische-hochschule-hannover,medizinische-hochschule-hannover:755,755,1,5
5,medizinische-hochschule-hannover,medizinische-hochschule-hannover:758,758,1,-1
4,medizinische-hochschule-hannover,medizinische-hochschule-hannover:764,764,4,9
9,medizinische-hochschule-hannover,medizinische-hochschule-hannover:766,766,1,25
5,medizinische-hochschule-hannover,medizinische-hochschule-hannover:779,779,1,3
6,medizinische-hochschule-hannover,medizinische-hochschule-hannover:781,781,1,24
3,medizinische-hochschule-hannover,medizinische-hochschule-hannover:785,785,5,0
3,medizinische-hochschule-hannover,medizinische-hochschule-hannover:789,789,5,0
20,medizinische-hochschule-hannover,medizinische-hochschule-hannover:802,802,1,4
3,medizinische-hochschule-hannover,medizinische-hochschule-hannover:804,804,1,3
5,medizinische-hochschule-hannover,medizinische-hochschule-hannover:809,809,1,-1
3,medizinische-hochschule-hannover,medizinische-hochschule-hannover:812,812,1,4
7,medizinische-hochschule-hannover,medizinische-hochschule-hannover:814,814,1,-1
3,medizinische-hochschule-hannover,medizinische-hochschule-hannover:820,820,5,0
6,medizinische-hochschule-hannover,medizinische-hochschule-hannover:832,832,1,3
4,medizinische-hochschule-hannover,medizinische-hochschule-hannover:834,834,1,4
4,medizinische-hochschule-hannover,medizinische-hochschule-hannover:851,851,1,4
6,medizinische-hochschule-hannover,medizinische-hochschule-hannover:854,854,1,15
9,medizinische-hochschule-hannover,medizinische-hochschule-hannover:857,857,1,7
6,medizinische-hochschule-hannover,medizinische-hochschule-hannover:868,868,3,-1
3,medizinische-hochschule-hannover,medizinische-hochschule-hannover:872,872,1,12
16,medizinische-hochschule-hannover,medizinische-hochschule-hannover:876,876,1,-1
4,medizinische-hochschule-hannover,medizinische-hochschule-hannover:898,898,1,19
5,medizinische-hochschule-hannover,medizinische-hochschule-hannover:900,900,1,5
4,medizinische-hochschule-hannover,medizinische-hochschule-hannover:930,930,1,5
17,medizinische-hochschule-hannover,medizinische-hochschule-hannover:939,939,1,5
5,medizinische-hochschule-hannover,medizinische-hochschule-hannover:979,979,2,5
6,medizinische-hochschule-hannover,medizinische-hochschule-hannover:999,999,1,2
3,medizinische-hochschule-hannover,medizinische-hochschule-hannover:1008,1008,1,9
4,medizinische-hochschule-hannover,medizinische-hochschule-hannover:1014,1014,5,8
4,medizinische-hochschule-hannover,medizinische-hochschule-hannover:1015,1015,1,-1
3,medizinische-hochschule-hannover,medizinische-hochschule-hannover:1016,1016,5,0
15,medizinische-hochschule-hannover,medizinische-hochschule-hannover:1025,1025,,8
5,medizinische-hochschule-hannover,medizinische-hochschule-hannover:1029,1029,1,-1
4,medizinische-hochschule-hannover,medizinische-hochschule-hannover:1039,1039,2,-1
6,niels-stensen-kliniken-bramsche,niels-stensen-kliniken-bramsche:5,5,2,-1
12,niels-stensen-kliniken-bramsche,niels-stensen-kliniken-bramsche:7,7,1,27
3,niels-stensen-kliniken-bramsche,niels-stensen-kliniken-bramsche:17,17,5,0
4,niels-stensen-kliniken-bramsche,niels-stensen-kliniken-bramsche:19,19,1,-1
4,niels-stensen-kliniken-bramsche,niels-stensen-kliniken-bramsche:21,21,5,-1
3,niels-stensen-kliniken-bramsche,niels-stensen-kliniken-bramsche:24,24,4,-1
9,niels-stensen-kliniken-bramsche,niels-stensen-kliniken-bramsche:26,26,1,6
12,niels-stensen-kliniken-bramsche,niels-stensen-kliniken-bramsche:27,27,1,-1
3,niels-stensen-kliniken-bramsche,niels-stensen-kliniken-bramsche:29,29,5,0
9,niels-stensen-kliniken-bramsche,niels-stensen-kliniken-bramsche:30,30,1,8
5,niels-stensen-kliniken-bramsche,niels-stensen-kliniken-bramsche:31,31,5,0
6,niels-stensen-kliniken-bramsche,niels-stensen-kliniken-bramsche:33,33,1,-1
8,niels-stensen-kliniken-bramsche,niels-stensen-kliniken-bramsche:34,34,1,4
5,niels-stensen-kliniken-bramsche,niels-stensen-kliniken-bramsche:37,37,5,0
4,niels-stensen-kliniken-bramsche,niels-stensen-kliniken-bramsche:38,38,3,-1
3,niels-stensen-kliniken-bramsche,niels-stensen-kliniken-bramsche:39,39,3,8
5,niels-stensen-kliniken-bramsche,niels-stensen-kliniken-bramsche:42,42,1,2
15,niels-stensen-kliniken-bramsche,niels-stensen-kliniken-bramsche:43,43,1,15
3,niels-stensen-kliniken-bramsche,niels-stensen-kliniken-bramsche:47,47,5,-1
5,niels-stensen-kliniken-bramsche,niels-stensen-kliniken-bramsche:48,48,1,15
4,niels-stensen-kliniken-bramsche,niels-stensen-kliniken-bramsche:49,49,1,1
4,niels-stensen-kliniken-bramsche,niels-stensen-kliniken-bramsche:52,52,5,0
7,niels-stensen-kliniken-bramsche,niels-stensen-kliniken-bramsche:53,53,1,-1
5,niels-stensen-kliniken-bramsche,niels-stensen-kliniken-bramsche:54,54,1,-1
8,niels-stensen-kliniken-bramsche,niels-stensen-kliniken-bramsche:56,56,1,-1
6,niels-stensen-kliniken-bramsche,niels-stensen-kliniken-bramsche:59,59,3,7
5,niels-stensen-kliniken-bramsche,niels-stensen-kliniken-bramsche:61,61,1,8
7,niels-stensen-kliniken-bramsche,niels-stensen-kliniken-bramsche:67,67,1,4
7,niels-stensen-kliniken-bramsche,niels-stensen-kliniken-bramsche:69,69,1,-1
8,niels-stensen-kliniken-bramsche,niels-stensen-kliniken-bramsche:74,74,1,4
3,niels-stensen-kliniken-bramsche,niels-stensen-kliniken-bramsche:76,76,5,0
19,niels-stensen-kliniken-magdalenen-klinik,niels-stensen-kliniken-magdalenen-klinik:1,1,5,-1
4,ostemed-klinik-bremervoerde,ostemed-klinik-bremervoerde:26,26,5,0
3,ostemed-klinik-bremervoerde,ostemed-klinik-bremervoerde:35,35,5,0
3,ostemed-klinik-bremervoerde,ostemed-klinik-bremervoerde:52,52,1,-1
5,ostemed-klinik-bremervoerde,ostemed-klinik-bremervoerde:54,54,5,-1
4,ostemed-klinik-bremervoerde,ostemed-klinik-bremervoerde:56,56,1,9
5,ostemed-klinik-bremervoerde,ostemed-klinik-bremervoerde:58,58,4,0
5,ostemed-klinik-bremervoerde,ostemed-klinik-bremervoerde:63,63,1,1
3,ostemed-klinik-bremervoerde,ostemed-klinik-bremervoerde:65,65,4,15
3,ostemed-klinik-bremervoerde,ostemed-klinik-bremervoerde:68,68,4,-1
3,ostemed-klinik-bremervoerde,ostemed-klinik-bremervoerde:71,71,5,12
4,ostemed-klinik-bremervoerde,ostemed-klinik-bremervoerde:72,72,1,9
4,ostemed-klinik-bremervoerde,ostemed-klinik-bremervoerde:73,73,4,-1
5,ostemed-klinik-bremervoerde,ostemed-klinik-bremervoerde:74,74,5,0
3,ostemed-klinik-bremervoerde,ostemed-klinik-bremervoerde:76,76,4,0
4,ostemed-klinik-bremervoerde,ostemed-klinik-bremervoerde:77,77,5,0
3,ostemed-klinik-bremervoerde,ostemed-klinik-bremervoerde:81,81,1,-1
7,ostemed-klinik-bremervoerde,ostemed-klinik-bremervoerde:84,84,1,12
4,ostemed-klinik-bremervoerde,ostemed-klinik-bremervoerde:86,86,5,0
5,ostemed-klinik-bremervoerde,ostemed-klinik-bremervoerde:88,88,1,1
9,ostemed-klinik-bremervoerde,ostemed-klinik-bremervoerde:91,91,1,10
7,ostemed-klinik-bremervoerde,ostemed-klinik-bremervoerde:92,92,5,0
3,ostemed-klinik-bremervoerde,ostemed-klinik-bremervoerde:94,94,5,0
13,ostemed-klinik-bremervoerde,ostemed-klinik-bremervoerde:97,97,1,1
3,ostemed-klinik-bremervoerde,ostemed-klinik-bremervoerde:100,100,1,-1
3,ostemed-klinik-bremervoerde,ostemed-klinik-bremervoerde:104,104,2,2
7,ostemed-klinik-bremervoerde,ostemed-klinik-bremervoerde:107,107,1,-1
9,ostemed-klinik-bremervoerde,ostemed-klinik-bremervoerde:109,109,1,12
18,ostemed-klinik-bremervoerde,ostemed-klinik-bremervoerde:111,111,1,-1
13,ostemed-klinik-bremervoerde,ostemed-klinik-bremervoerde:112,112,1,-1
12,ostemed-klinik-bremervoerde,ostemed-klinik-bremervoerde:113,113,1,7
5,ostemed-klinik-bremervoerde,ostemed-klinik-bremervoerde:114,114,1,-1
9,ostemed-klinik-bremervoerde,ostemed-klinik-bremervoerde:116,116,1,3
3,ostemed-klinik-bremervoerde,ostemed-klinik-bremervoerde:117,117,1,-1
8,ostemed-klinik-bremervoerde,ostemed-klinik-bremervoerde:118,118,1,16
12,ostemed-klinik-bremervoerde,ostemed-klinik-bremervoerde:119,119,1,4
4,ostemed-klinik-bremervoerde,ostemed-klinik-bremervoerde:122,122,1,3
5,ostemed-klinik-bremervoerde,ostemed-klinik-bremervoerde:126,126,1,-1
5,ostemed-klinik-bremervoerde,ostemed-klinik-bremervoerde:130,130,5,0
11,ostemed-klinik-bremervoerde,ostemed-klinik-bremervoerde:131,131,1,3
10,ostemed-klinik-bremervoerde,ostemed-klinik-bremervoerde:133,133,1,6
12,ostemed-klinik-bremervoerde,ostemed-klinik-bremervoerde:136,136,1,-1
10,ostemed-klinik-bremervoerde,ostemed-klinik-bremervoerde:138,138,1,-1
9,ostemed-klinik-bremervoerde,ostemed-klinik-bremervoerde:144,144,1,15
6,ostemed-klinik-bremervoerde,ostemed-klinik-bremervoerde:146,146,1,-1
4,ostemed-klinik-bremervoerde,ostemed-klinik-bremervoerde:154,154,5,0
9,ostemed-klinik-bremervoerde,ostemed-klinik-bremervoerde:157,157,1,6
7,ostemed-klinik-bremervoerde,ostemed-klinik-bremervoerde:159,159,1,9
8,ostemed-klinik-bremervoerde,ostemed-klinik-bremervoerde:164,164,1,-1
8,ostemed-klinik-bremervoerde,ostemed-klinik-bremervoerde:165,165,1,9
7,ostemed-klinik-bremervoerde,ostemed-klinik-bremervoerde:167,167,1,0
4,ostemed-klinik-bremervoerde,ostemed-klinik-bremervoerde:169,169,1,2
3,ostemed-klinik-bremervoerde,ostemed-klinik-bremervoerde:171,171,5,11
3,ostemed-klinik-bremervoerde,ostemed-klinik-bremervoerde:177,177,1,9
7,ostemed-klinik-bremervoerde,ostemed-klinik-bremervoerde:185,185,1,-1
3,ostemed-klinik-bremervoerde,ostemed-klinik-bremervoerde:189,189,1,-1
4,ostemed-klinik-bremervoerde,ostemed-klinik-bremervoerde:199,199,1,-1
3,ostemed-klinik-bremervoerde,ostemed-klinik-bremervoerde:203,203,1,-1
4,ostemed-klinik-bremervoerde,ostemed-klinik-bremervoerde:209,209,1,0
3,ostemed-klinik-bremervoerde,ostemed-klinik-bremervoerde:213,213,5,5
6,ostemed-klinik-bremervoerde,ostemed-klinik-bremervoerde:215,215,1,7
8,ostemed-klinik-bremervoerde,ostemed-klinik-bremervoerde:217,217,1,7
5,ostemed-klinik-bremervoerde,ostemed-klinik-bremervoerde:218,218,1,5
6,paracelsus-klinik-am-silbersee,paracelsus-klinik-am-silbersee:19,19,5,-1
4,paracelsus-klinik-am-silbersee,paracelsus-klinik-am-silbersee:46,46,5,0
6,paracelsus-klinik-am-silbersee,paracelsus-klinik-am-silbersee:49,49,5,0
3,paracelsus-klinik-am-silbersee,paracelsus-klinik-am-silbersee:53,53,5,0
8,paracelsus-klinik-am-silbersee,paracelsus-klinik-am-silbersee:55,55,5,0
3,paracelsus-klinik-am-silbersee,paracelsus-klinik-am-silbersee:65,65,5,0
3,paracelsus-klinik-am-silbersee,paracelsus-klinik-am-silbersee:67,67,4,-1
12,paracelsus-klinik-am-silbersee,paracelsus-klinik-am-silbersee:71,71,5,0
4,paracelsus-klinik-am-silbersee,paracelsus-klinik-am-silbersee:75,75,5,0
3,paracelsus-klinik-am-silbersee,paracelsus-klinik-am-silbersee:78,78,5,-1
8,paracelsus-klinik-am-silbersee,paracelsus-klinik-am-silbersee:80,80,4,0
4,paracelsus-klinik-am-silbersee,paracelsus-klinik-am-silbersee:81,81,5,0
13,paracelsus-klinik-am-silbersee,paracelsus-klinik-am-silbersee:87,87,1,3
5,paracelsus-klinik-am-silbersee,paracelsus-klinik-am-silbersee:88,88,5,-1
3,paracelsus-klinik-am-silbersee,paracelsus-klinik-am-silbersee:89,89,5,0
13,paracelsus-klinik-am-silbersee,paracelsus-klinik-am-silbersee:90,90,5,0
10,paracelsus-klinik-am-silbersee,paracelsus-klinik-am-silbersee:92,92,1,4
3,paracelsus-klinik-am-silbersee,paracelsus-klinik-am-silbersee:94,94,5,0
6,paracelsus-klinik-am-silbersee,paracelsus-klinik-am-silbersee:95,95,5,0
13,paracelsus-klinik-am-silbersee,paracelsus-klinik-am-silbersee:96,96,1,0
6,paracelsus-klinik-am-silbersee,paracelsus-klinik-am-silbersee:99,99,5,0
3,paracelsus-klinik-am-silbersee,paracelsus-klinik-am-silbersee:101,101,4,0
13,paracelsus-klinik-am-silbersee,paracelsus-klinik-am-silbersee:103,103,1,16
5,paracelsus-klinik-am-silbersee,paracelsus-klinik-am-silbersee:104,104,5,0
6,paracelsus-klinik-am-silbersee,paracelsus-klinik-am-silbersee:107,107,5,0
4,paracelsus-klinik-am-silbersee,paracelsus-klinik-am-silbersee:108,108,5,0
5,paracelsus-klinik-am-silbersee,paracelsus-klinik-am-silbersee:109,109,5,-1
3,paracelsus-klinik-am-silbersee,paracelsus-klinik-am-silbersee:111,111,5,0
10,paracelsus-klinik-am-silbersee,paracelsus-klinik-am-silbersee:112,112,1,8
4,paracelsus-klinik-am-silbersee,paracelsus-klinik-am-silbersee:114,114,5,0
4,paracelsus-klinik-am-silbersee,paracelsus-klinik-am-silbersee:116,116,5,-1
4,paracelsus-klinik-am-silbersee,paracelsus-klinik-am-silbersee:121,121,5,0
7,paracelsus-klinik-am-silbersee,paracelsus-klinik-am-silbersee:123,123,5,0
9,paracelsus-klinik-am-silbersee,paracelsus-klinik-am-silbersee:124,124,5,0
5,paracelsus-klinik-am-silbersee,paracelsus-klinik-am-silbersee:128,128,5,0
4,paracelsus-klinik-am-silbersee,paracelsus-klinik-am-silbersee:133,133,5,0
9,paracelsus-klinik-am-silbersee,paracelsus-klinik-am-silbersee:134,134,1,3
11,paracelsus-klinik-am-silbersee,paracelsus-klinik-am-silbersee:135,135,1,6
20,paracelsus-klinik-am-silbersee,paracelsus-klinik-am-silbersee:136,136,1,6
3,paracelsus-klinik-am-silbersee,paracelsus-klinik-am-silbersee:137,137,5,0
3,paracelsus-klinik-am-silbersee,paracelsus-klinik-am-silbersee:139,139,5,0
6,paracelsus-klinik-am-silbersee,paracelsus-klinik-am-silbersee:140,140,4,0
4,paracelsus-klinik-am-silbersee,paracelsus-klinik-am-silbersee:144,144,5,0
11,paracelsus-klinik-am-silbersee,paracelsus-klinik-am-silbersee:145,145,2,2
6,paracelsus-klinik-am-silbersee,paracelsus-klinik-am-silbersee:146,146,5,0
4,paracelsus-klinik-am-silbersee,paracelsus-klinik-am-silbersee:147,147,5,0
6,paracelsus-klinik-am-silbersee,paracelsus-klinik-am-silbersee:148,148,1,-1
7,paracelsus-klinik-am-silbersee,paracelsus-klinik-am-silbersee:150,150,5,0
5,paracelsus-klinik-am-silbersee,paracelsus-klinik-am-silbersee:160,160,1,1
4,paracelsus-klinik-am-silbersee,paracelsus-klinik-am-silbersee:162,162,5,-1
3,paracelsus-klinik-am-silbersee,paracelsus-klinik-am-silbersee:163,163,5,0
9,paracelsus-klinik-am-silbersee,paracelsus-klinik-am-silbersee:165,165,1,7
6,paracelsus-klinik-am-silbersee,paracelsus-klinik-am-silbersee:169,169,5,22
5,paracelsus-klinik-am-silbersee,paracelsus-klinik-am-silbersee:172,172,5,0
5,paracelsus-klinik-am-silbersee,paracelsus-klinik-am-silbersee:175,175,5,0
11,paracelsus-klinik-am-silbersee,paracelsus-klinik-am-silbersee:176,176,1,18
10,paracelsus-klinik-am-silbersee,paracelsus-klinik-am-silbersee:181,181,1,7
6,paracelsus-klinik-am-silbersee,paracelsus-klinik-am-silbersee:182,182,1,-1
8,paracelsus-klinik-am-silbersee,paracelsus-klinik-am-silbersee:188,188,5,0
6,paracelsus-klinik-am-silbersee,paracelsus-klinik-am-silbersee:189,189,5,0
4,paracelsus-klinik-am-silbersee,paracelsus-klinik-am-silbersee:193,193,5,0
3,paracelsus-klinik-am-silbersee,paracelsus-klinik-am-silbersee:194,194,5,0
5,paracelsus-klinik-am-silbersee,paracelsus-klinik-am-silbersee:195,195,5,0
7,paracelsus-klinik-am-silbersee,paracelsus-klinik-am-silbersee:205,205,5,0
6,paracelsus-klinik-am-silbersee,paracelsus-klinik-am-silbersee:209,209,1,-1
5,paracelsus-klinik-am-silbersee,paracelsus-klinik-am-silbersee:210,210,5,0
4,paracelsus-klinik-am-silbersee,paracelsus-klinik-am-silbersee:211,211,1,5
4,paracelsus-klinik-am-silbersee,paracelsus-klinik-am-silbersee:215,215,5,0
4,paracelsus-klinik-am-silbersee,paracelsus-klinik-am-silbersee:229,229,5,-1
3,paracelsus-klinik-am-silbersee,paracelsus-klinik-am-silbersee:230,230,1,-1
8,paracelsus-klinik-am-silbersee,paracelsus-klinik-am-silbersee:231,231,5,5
4,paracelsus-klinik-am-silbersee,paracelsus-klinik-am-silbersee:236,236,5,5
4,paracelsus-klinik-am-silbersee,paracelsus-klinik-am-silbersee:248,248,5,0
4,paracelsus-klinik-am-silbersee,paracelsus-klinik-am-silbersee:251,251,4,0
5,paulinenkrankenhaus,paulinenkrankenhaus:4,4,5,0
5,paulinenkrankenhaus,paulinenkrankenhaus:7,7,5,-1
3,paulinenkrankenhaus,paulinenkrankenhaus:9,9,4,0
8,paulinenkrankenhaus,paulinenkrankenhaus:14,14,5,-1
5,paulinenkrankenhaus,paulinenkrankenhaus:15,15,5,22
9,paulinenkrankenhaus,paulinenkrankenhaus:16,16,5,-1
7,paulinenkrankenhaus,paulinenkrankenhaus:17,17,5,22
11,paulinenkrankenhaus,paulinenkrankenhaus:18,18,5,10
10,paulinenkrankenhaus,paulinenkrankenhaus:20,20,5,-1
11,paulinenkrankenhaus,paulinenkrankenhaus:21,21,1,-1
5,paulinenkrankenhaus,paulinenkrankenhaus:22,22,5,0
11,paulinenkrankenhaus,paulinenkrankenhaus:23,23,5,-1
10,paulinenkrankenhaus,paulinenkrankenhaus:24,24,5,-1
3,paulinenkrankenhaus,paulinenkrankenhaus:25,25,5,22
3,paulinenkrankenhaus,paulinenkrankenhaus:26,26,5,-1
12,paulinenkrankenhaus,paulinenkrankenhaus:27,27,5,0
5,paulinenkrankenhaus,paulinenkrankenhaus:28,28,5,0
10,paulinenkrankenhaus,paulinenkrankenhaus:29,29,5,0
15,paulinenkrankenhaus,paulinenkrankenhaus:30,30,5,10
7,paulinenkrankenhaus,paulinenkrankenhaus:32,32,3,-1
4,paulinenkrankenhaus,paulinenkrankenhaus:33,33,5,-1
5,paulinenkrankenhaus,paulinenkrankenhaus:34,34,5,-1
3,paulinenkrankenhaus,paulinenkrankenhaus:39,39,3,15
4,paulinenkrankenhaus,paulinenkrankenhaus:40,40,5,0
9,paulinenkrankenhaus,paulinenkrankenhaus:42,42,5,0
3,paulinenkrankenhaus,paulinenkrankenhaus:43,43,4,0
5,paulinenkrankenhaus,paulinenkrankenhaus:45,45,5,0
24,paulinenkrankenhaus,paulinenkrankenhaus:46,46,3,-1
12,paulinenkrankenhaus,paulinenkrankenhaus:47,47,5,0
3,paulinenkrankenhaus,paulinenkrankenhaus:57,57,5,0
6,paulinenkrankenhaus,paulinenkrankenhaus:60,60,5,0
4,paulinenkrankenhaus,paulinenkrankenhaus:76,76,5,11
3,paulinenkrankenhaus,paulinenkrankenhaus:77,77,5,0
6,pius-hospital,pius-hospital:28,28,5,0
6,pius-hospital,pius-hospital:45,45,4,20
4,pius-hospital,pius-hospital:48,48,5,0
3,pius-hospital,pius-hospital:62,62,5,-1
4,pius-hospital,pius-hospital:67,67,1,-1
4,pius-hospital,pius-hospital:68,68,4,0
6,pius-hospital,pius-hospital:69,69,5,-1
4,pius-hospital,pius-hospital:70,70,1,-1
6,pius-hospital,pius-hospital:74,74,2,-1
4,pius-hospital,pius-hospital:98,98,5,-1
3,pius-hospital,pius-hospital:100,100,5,0
3,pius-hospital,pius-hospital:107,107,5,0
8,pius-hospital,pius-hospital:109,109,5,0
11,pius-hospital,pius-hospital:112,112,2,-1
3,pius-hospital,pius-hospital:113,113,5,0
5,pius-hospital,pius-hospital:114,114,1,-1
3,pius-hospital,pius-hospital:115,115,5,0
4,pius-hospital,pius-hospital:119,119,5,-1
3,pius-hospital,pius-hospital:123,123,5,0
8,pius-hospital,pius-hospital:126,126,4,0
3,pius-hospital,pius-hospital:130,130,3,13
4,pius-hospital,pius-hospital:131,131,5,-1
6,pius-hospital,pius-hospital:134,134,2,-1
7,pius-hospital,pius-hospital:135,135,1,-1
3,pius-hospital,pius-hospital:137,137,5,0
4,pius-hospital,pius-hospital:138,138,1,-1
3,pius-hospital,pius-hospital:142,142,1,-1
7,pius-hospital,pius-hospital:143,143,4,-1
3,pius-hospital,pius-hospital:148,148,5,-1
14,pius-hospital,pius-hospital:149,149,1,-1
4,pius-hospital,pius-hospital:150,150,5,0
13,pius-hospital,pius-hospital:151,151,1,-1
3,pius-hospital,pius-hospital:152,152,5,0
7,pius-hospital,pius-hospital:155,155,1,-1
11,pius-hospital,pius-hospital:156,156,1,3
11,pius-hospital,pius-hospital:157,157,1,1
4,pius-hospital,pius-hospital:158,158,5,0
10,pius-hospital,pius-hospital:163,163,1,20
7,pius-hospital,pius-hospital:164,164,1,1
4,pius-hospital,pius-hospital:166,166,5,0
7,pius-hospital,pius-hospital:167,167,1,3
14,pius-hospital,pius-hospital:169,169,1,13
12,pius-hospital,pius-hospital:171,171,1,15
8,pius-hospital,pius-hospital:173,173,1,-1
10,pius-hospital,pius-hospital:175,175,1,21
17,pius-hospital,pius-hospital:176,176,1,8
20,pius-hospital,pius-hospital:177,177,1,10
4,pius-hospital,pius-hospital:180,180,5,-1
11,pius-hospital,pius-hospital:182,182,1,6
7,pius-hospital,pius-hospital:184,184,1,-1
5,pius-hospital,pius-hospital:186,186,1,1
6,pius-hospital,pius-hospital:191,191,1,-1
10,pius-hospital,pius-hospital:192,192,1,-1
6,pius-hospital,pius-hospital:194,194,1,21
5,pius-hospital,pius-hospital:196,196,5,0
4,pius-hospital,pius-hospital:197,197,5,0
9,pius-hospital,pius-hospital:198,198,1,4
6,pius-hospital,pius-hospital:201,201,2,-1
4,pius-hospital,pius-hospital:202,202,5,0
6,pius-hospital,pius-hospital:203,203,2,17
3,pius-hospital,pius-hospital:205,205,5,0
5,pius-hospital,pius-hospital:209,209,5,0
6,pius-hospital,pius-hospital:210,210,1,-1
8,pius-hospital,pius-hospital:213,213,1,10
9,pius-hospital,pius-hospital:215,215,1,3
10,pius-hospital,pius-hospital:217,217,1,17
10,pius-hospital,pius-hospital:218,218,1,-1
7,pius-hospital,pius-hospital:219,219,1,-1
11,pius-hospital,pius-hospital:230,230,1,8
4,pius-hospital,pius-hospital:244,244,1,4
11,pius-hospital,pius-hospital:245,245,1,-1
8,pius-hospital,pius-hospital:247,247,1,7
3,pius-hospital,pius-hospital:248,248,5,-1
6,pius-hospital,pius-hospital:249,249,1,1
4,pius-hospital,pius-hospital:252,252,1,1
3,pius-hospital,pius-hospital:260,260,1,-1
4,pius-hospital,pius-hospital:269,269,5,0
4,pius-hospital,pius-hospital:274,274,2,17
6,pius-hospital,pius-hospital:290,290,1,-1
3,pius-hospital,pius-hospital:294,294,1,3
8,pius-hospital,pius-hospital:295,295,1,-1
3,pius-hospital,pius-hospital:296,296,5,5
6,pius-hospital,pius-hospital:298,298,1,9
9,pius-hospital,pius-hospital:300,300,1,14
7,pius-hospital,pius-hospital:308,308,1,0
3,pius-hospital,pius-hospital:318,318,4,0
3,pius-hospital,pius-hospital:325,325,5,0
3,pius-hospital,pius-hospital:332,332,1,5
5,pius-hospital,pius-hospital:340,340,1,-1
5,pius-hospital,pius-hospital:350,350,2,6
6,pius-hospital,pius-hospital:358,358,5,0
6,pius-hospital,pius-hospital:372,372,5,0
4,pius-hospital,pius-hospital:373,373,1,1
12,privatklinik-bad-zwischenahn-fachklinik-fuer-psychotherapeutische-medizin-und-psychosomatik,privatklinik-bad-zwischenahn-fachklinik-fuer-psychotherapeutische-medizin-und-psychosomatik:0,0,5,0
5,privatklinik-bad-zwischenahn-fachklinik-fuer-psychotherapeutische-medizin-und-psychosomatik,privatklinik-bad-zwischenahn-fachklinik-fuer-psychotherapeutische-medizin-und-psychosomatik:1,1,5,0
11,privatklinik-bad-zwischenahn-fachklinik-fuer-psychotherapeutische-medizin-und-psychosomatik,privatklinik-bad-zwischenahn-fachklinik-fuer-psychotherapeutische-medizin-und-psychosomatik:2,2,1,0
5,privatklinik-bad-zwischenahn-fachklinik-fuer-psychotherapeutische-medizin-und-psychosomatik,privatklinik-bad-zwischenahn-fachklinik-fuer-psychotherapeutische-medizin-und-psychosomatik:5,5,5,-1
4,privatklinik-bad-zwischenahn-fachklinik-fuer-psychotherapeutische-medizin-und-psychosomatik,privatklinik-bad-zwischenahn-fachklinik-fuer-psychotherapeutische-medizin-und-psychosomatik:6,6,5,0
3,psychiatrisch-psychosomatische-klinik-celle,psychiatrisch-psychosomatische-klinik-celle:5,5,2,-1
3,psychiatrisch-psychosomatische-klinik-celle,psychiatrisch-psychosomatische-klinik-celle:7,7,4,0
14,psychiatrisch-psychosomatische-klinik-celle,psychiatrisch-psychosomatische-klinik-celle:8,8,1,0
11,psychiatrisch-psychosomatische-klinik-celle,psychiatrisch-psychosomatische-klinik-celle:9,9,1,-1
8,psychiatrisch-psychosomatische-klinik-celle,psychiatrisch-psychosomatische-klinik-celle:10,10,1,-1
26,psychiatrisch-psychosomatische-klinik-celle,psychiatrisch-psychosomatische-klinik-celle:11,11,1,1
17,psychiatrisch-psychosomatische-klinik-celle,psychiatrisch-psychosomatische-klinik-celle:12,12,1,-1
21,psychiatrisch-psychosomatische-klinik-celle,psychiatrisch-psychosomatische-klinik-celle:14,14,1,-1
6,psychiatrisch-psychosomatische-klinik-celle,psychiatrisch-psychosomatische-klinik-celle:15,15,5,0
8,psychiatrisch-psychosomatische-klinik-celle,psychiatrisch-psychosomatische-klinik-celle:17,17,4,-1
6,psychiatrisch-psychosomatische-klinik-celle,psychiatrisch-psychosomatische-klinik-celle:19,19,5,0
18,psychiatrisch-psychosomatische-klinik-celle,psychiatrisch-psychosomatische-klinik-celle:20,20,1,1
18,psychiatrisch-psychosomatische-klinik-celle,psychiatrisch-psychosomatische-klinik-celle:21,21,1,0
15,psychiatrisch-psychosomatische-klinik-celle,psychiatrisch-psychosomatische-klinik-celle:22,22,1,-1
10,psychiatrisch-psychosomatische-klinik-celle,psychiatrisch-psychosomatische-klinik-celle:23,23,5,-1
16,psychiatrisch-psychosomatische-klinik-celle,psychiatrisch-psychosomatische-klinik-celle:25,25,1,-1
7,psychiatrisch-psychosomatische-klinik-celle,psychiatrisch-psychosomatische-klinik-celle:26,26,1,-1
22,psychiatrisch-psychosomatische-klinik-celle,psychiatrisch-psychosomatische-klinik-celle:27,27,1,3
15,psychiatrisch-psychosomatische-klinik-celle,psychiatrisch-psychosomatische-klinik-celle:28,28,1,0
14,psychiatrisch-psychosomatische-klinik-celle,psychiatrisch-psychosomatische-klinik-celle:29,29,1,4
10,psychiatrisch-psychosomatische-klinik-celle,psychiatrisch-psychosomatische-klinik-celle:30,30,1,-1
10,psychiatrisch-psychosomatische-klinik-celle,psychiatrisch-psychosomatische-klinik-celle:31,31,1,-1
12,psychiatrisch-psychosomatische-klinik-celle,psychiatrisch-psychosomatische-klinik-celle:32,32,1,7
4,psychiatrisch-psychosomatische-klinik-celle,psychiatrisch-psychosomatische-klinik-celle:33,33,1,4
4,psychiatrisch-psychosomatische-klinik-celle,psychiatrisch-psychosomatische-klinik-celle:39,39,1,5
24,psychiatrische-klinik-lueneburg-gemeinnuetzige-gmbh,psychiatrische-klinik-lueneburg-gemeinnuetzige-gmbh:4,4,2,-1
9,psychiatrische-klinik-lueneburg-gemeinnuetzige-gmbh,psychiatrische-klinik-lueneburg-gemeinnuetzige-gmbh:5,5,5,8
9,psychiatrische-klinik-lueneburg-gemeinnuetzige-gmbh,psychiatrische-klinik-lueneburg-gemeinnuetzige-gmbh:16,16,1,6
5,psychiatrische-klinik-lueneburg-gemeinnuetzige-gmbh,psychiatrische-klinik-lueneburg-gemeinnuetzige-gmbh:19,19,1,0
8,psychiatrische-klinik-lueneburg-gemeinnuetzige-gmbh,psychiatrische-klinik-lueneburg-gemeinnuetzige-gmbh:21,21,1,14
3,psychiatrische-klinik-lueneburg-gemeinnuetzige-gmbh,psychiatrische-klinik-lueneburg-gemeinnuetzige-gmbh:23,23,5,-1
19,psychiatrische-klinik-lueneburg-gemeinnuetzige-gmbh,psychiatrische-klinik-lueneburg-gemeinnuetzige-gmbh:24,24,1,-1
12,psychiatrische-klinik-lueneburg-gemeinnuetzige-gmbh,psychiatrische-klinik-lueneburg-gemeinnuetzige-gmbh:26,26,1,-1
21,psychiatrische-klinik-lueneburg-gemeinnuetzige-gmbh,psychiatrische-klinik-lueneburg-gemeinnuetzige-gmbh:27,27,1,4
18,psychiatrische-klinik-lueneburg-gemeinnuetzige-gmbh,psychiatrische-klinik-lueneburg-gemeinnuetzige-gmbh:28,28,5,-1
6,psychiatrische-klinik-lueneburg-gemeinnuetzige-gmbh,psychiatrische-klinik-lueneburg-gemeinnuetzige-gmbh:29,29,1,2
4,psychiatrische-klinik-lueneburg-gemeinnuetzige-gmbh,psychiatrische-klinik-lueneburg-gemeinnuetzige-gmbh:30,30,1,-1
3,psychiatrische-klinik-lueneburg-gemeinnuetzige-gmbh,psychiatrische-klinik-lueneburg-gemeinnuetzige-gmbh:31,31,3,0
5,psychiatrische-klinik-lueneburg-gemeinnuetzige-gmbh,psychiatrische-klinik-lueneburg-gemeinnuetzige-gmbh:32,32,5,-1
11,psychiatrische-klinik-lueneburg-gemeinnuetzige-gmbh,psychiatrische-klinik-lueneburg-gemeinnuetzige-gmbh:33,33,1,-1
5,psychiatrische-klinik-lueneburg-gemeinnuetzige-gmbh,psychiatrische-klinik-lueneburg-gemeinnuetzige-gmbh:34,34,1,4
6,psychiatrische-klinik-lueneburg-gemeinnuetzige-gmbh,psychiatrische-klinik-lueneburg-gemeinnuetzige-gmbh:35,35,1,-1
25,psychiatrische-klinik-lueneburg-gemeinnuetzige-gmbh,psychiatrische-klinik-lueneburg-gemeinnuetzige-gmbh:36,36,1,-1
31,psychiatrische-klinik-lueneburg-gemeinnuetzige-gmbh,psychiatrische-klinik-lueneburg-gemeinnuetzige-gmbh:37,37,1,4
17,psychiatrische-klinik-lueneburg-gemeinnuetzige-gmbh,psychiatrische-klinik-lueneburg-gemeinnuetzige-gmbh:38,38,1,-1
3,psychiatrische-klinik-lueneburg-gemeinnuetzige-gmbh,psychiatrische-klinik-lueneburg-gemeinnuetzige-gmbh:40,40,5,0
34,psychiatrische-klinik-lueneburg-gemeinnuetzige-gmbh,psychiatrische-klinik-lueneburg-gemeinnuetzige-gmbh:41,41,1,4
8,psychiatrische-klinik-lueneburg-gemeinnuetzige-gmbh,psychiatrische-klinik-lueneburg-gemeinnuetzige-gmbh:42,42,2,24
6,psychiatrische-klinik-lueneburg-gemeinnuetzige-gmbh,psychiatrische-klinik-lueneburg-gemeinnuetzige-gmbh:43,43,4,6
36,psychiatrische-klinik-lueneburg-gemeinnuetzige-gmbh,psychiatrische-klinik-lueneburg-gemeinnuetzige-gmbh:44,44,1,-1
13,psychiatrische-klinik-lueneburg-gemeinnuetzige-gmbh,psychiatrische-klinik-lueneburg-gemeinnuetzige-gmbh:46,46,1,2
10,psychiatrische-klinik-lueneburg-gemeinnuetzige-gmbh,psychiatrische-klinik-lueneburg-gemeinnuetzige-gmbh:47,47,1,19
59,psychiatrische-klinik-lueneburg-gemeinnuetzige-gmbh,psychiatrische-klinik-lueneburg-gemeinnuetzige-gmbh:48,48,1,-1
5,psychiatrische-klinik-lueneburg-gemeinnuetzige-gmbh,psychiatrische-klinik-lueneburg-gemeinnuetzige-gmbh:49,49,2,0
42,psychiatrische-klinik-lueneburg-gemeinnuetzige-gmbh,psychiatrische-klinik-lueneburg-gemeinnuetzige-gmbh:50,50,1,4
3,psychiatrische-klinik-lueneburg-gemeinnuetzige-gmbh,psychiatrische-klinik-lueneburg-gemeinnuetzige-gmbh:51,51,5,5
8,psychiatrische-klinik-lueneburg-gemeinnuetzige-gmbh,psychiatrische-klinik-lueneburg-gemeinnuetzige-gmbh:53,53,3,-1
7,psychiatrische-klinik-lueneburg-gemeinnuetzige-gmbh,psychiatrische-klinik-lueneburg-gemeinnuetzige-gmbh:54,54,1,-1
3,psychiatrische-klinik-lueneburg-gemeinnuetzige-gmbh,psychiatrische-klinik-lueneburg-gemeinnuetzige-gmbh:58,58,5,0
22,psychiatrische-klinik-lueneburg-gemeinnuetzige-gmbh,psychiatrische-klinik-lueneburg-gemeinnuetzige-gmbh:59,59,1,4
16,psychiatrische-klinik-lueneburg-gemeinnuetzige-gmbh,psychiatrische-klinik-lueneburg-gemeinnuetzige-gmbh:60,60,1,-1
38,psychiatrische-klinik-lueneburg-gemeinnuetzige-gmbh,psychiatrische-klinik-lueneburg-gemeinnuetzige-gmbh:61,61,1,-1
3,psychiatrische-klinik-lueneburg-gemeinnuetzige-gmbh,psychiatrische-klinik-lueneburg-gemeinnuetzige-gmbh:62,62,5,0
18,psychiatrische-klinik-lueneburg-gemeinnuetzige-gmbh,psychiatrische-klinik-lueneburg-gemeinnuetzige-gmbh:63,63,1,-1
30,psychiatrische-klinik-lueneburg-gemeinnuetzige-gmbh,psychiatrische-klinik-lueneburg-gemeinnuetzige-gmbh:65,65,1,4
4,psychiatrische-klinik-lueneburg-gemeinnuetzige-gmbh,psychiatrische-klinik-lueneburg-gemeinnuetzige-gmbh:66,66,4,0
21,psychiatrische-klinik-lueneburg-gemeinnuetzige-gmbh,psychiatrische-klinik-lueneburg-gemeinnuetzige-gmbh:67,67,1,2
32,psychiatrische-klinik-lueneburg-gemeinnuetzige-gmbh,psychiatrische-klinik-lueneburg-gemeinnuetzige-gmbh:69,69,1,-1
33,psychiatrische-klinik-lueneburg-gemeinnuetzige-gmbh,psychiatrische-klinik-lueneburg-gemeinnuetzige-gmbh:71,71,1,7
10,psychiatrische-klinik-lueneburg-gemeinnuetzige-gmbh,psychiatrische-klinik-lueneburg-gemeinnuetzige-gmbh:73,73,5,0
34,psychiatrische-klinik-lueneburg-gemeinnuetzige-gmbh,psychiatrische-klinik-lueneburg-gemeinnuetzige-gmbh:74,74,1,14
3,psychiatrische-klinik-lueneburg-gemeinnuetzige-gmbh,psychiatrische-klinik-lueneburg-gemeinnuetzige-gmbh:76,76,5,0
25,psychiatrische-klinik-lueneburg-gemeinnuetzige-gmbh,psychiatrische-klinik-lueneburg-gemeinnuetzige-gmbh:77,77,1,14
4,psychiatrische-klinik-lueneburg-gemeinnuetzige-gmbh,psychiatrische-klinik-lueneburg-gemeinnuetzige-gmbh:79,79,1,14
12,psychiatrische-klinik-lueneburg-gemeinnuetzige-gmbh,psychiatrische-klinik-lueneburg-gemeinnuetzige-gmbh:84,84,1,-1
11,psychiatrische-klinik-lueneburg-gemeinnuetzige-gmbh,psychiatrische-klinik-lueneburg-gemeinnuetzige-gmbh:88,88,1,3
13,psychiatrische-klinik-lueneburg-gemeinnuetzige-gmbh,psychiatrische-klinik-lueneburg-gemeinnuetzige-gmbh:89,89,1,-1
9,psychiatrische-klinik-lueneburg-gemeinnuetzige-gmbh,psychiatrische-klinik-lueneburg-gemeinnuetzige-gmbh:93,93,1,5
13,psychiatrische-klinik-lueneburg-gemeinnuetzige-gmbh,psychiatrische-klinik-lueneburg-gemeinnuetzige-gmbh:94,94,3,14
14,psychiatrische-klinik-lueneburg-gemeinnuetzige-gmbh,psychiatrische-klinik-lueneburg-gemeinnuetzige-gmbh:99,99,1,-1
3,psychiatrische-klinik-lueneburg-gemeinnuetzige-gmbh,psychiatrische-klinik-lueneburg-gemeinnuetzige-gmbh:100,100,5,5
6,psychiatrische-klinik-uelzen-ggmbh,psychiatrische-klinik-uelzen-ggmbh:2,2,1,-1
4,psychiatrische-klinik-uelzen-ggmbh,psychiatrische-klinik-uelzen-ggmbh:3,3,5,0
7,psychiatrische-klinik-uelzen-ggmbh,psychiatrische-klinik-uelzen-ggmbh:4,4,1,4
8,psychiatrische-klinik-uelzen-ggmbh,psychiatrische-klinik-uelzen-ggmbh:5,5,1,14
8,psychiatrische-klinik-uelzen-ggmbh,psychiatrische-klinik-uelzen-ggmbh:6,6,1,-1
10,psychiatrische-klinik-uelzen-ggmbh,psychiatrische-klinik-uelzen-ggmbh:7,7,1,-1
23,psychiatrische-klinik-uelzen-ggmbh,psychiatrische-klinik-uelzen-ggmbh:10,10,2,4
10,psychiatrische-klinik-uelzen-ggmbh,psychiatrische-klinik-uelzen-ggmbh:11,11,1,4
10,psychiatrische-klinik-uelzen-ggmbh,psychiatrische-klinik-uelzen-ggmbh:13,13,4,-1
10,psychiatrische-klinik-uelzen-ggmbh,psychiatrische-klinik-uelzen-ggmbh:14,14,5,-1
3,psychiatrische-klinik-uelzen-ggmbh,psychiatrische-klinik-uelzen-ggmbh:15,15,5,0
4,psychiatrische-klinik-uelzen-ggmbh,psychiatrische-klinik-uelzen-ggmbh:17,17,1,-1
4,psychiatrische-klinik-uelzen-ggmbh,psychiatrische-klinik-uelzen-ggmbh:18,18,5,0
14,psychiatrische-klinik-uelzen-ggmbh,psychiatrische-klinik-uelzen-ggmbh:19,19,2,0
5,psychiatrische-klinik-uelzen-ggmbh,psychiatrische-klinik-uelzen-ggmbh:20,20,1,-1
6,psychiatrische-klinik-uelzen-ggmbh,psychiatrische-klinik-uelzen-ggmbh:21,21,1,-1
15,psychiatrische-klinik-uelzen-ggmbh,psychiatrische-klinik-uelzen-ggmbh:22,22,1,-1
19,psychiatrische-klinik-uelzen-ggmbh,psychiatrische-klinik-uelzen-ggmbh:24,24,1,-1
10,psychiatrische-klinik-uelzen-ggmbh,psychiatrische-klinik-uelzen-ggmbh:25,25,1,-1
3,psychiatrische-klinik-uelzen-ggmbh,psychiatrische-klinik-uelzen-ggmbh:28,28,5,0
3,psychiatrische-klinik-uelzen-ggmbh,psychiatrische-klinik-uelzen-ggmbh:33,33,4,14
3,sana-klinikum-hameln-pyrmont,sana-klinikum-hameln-pyrmont:17,17,5,10
5,sana-klinikum-hameln-pyrmont,sana-klinikum-hameln-pyrmont:77,77,1,-1
5,sana-klinikum-hameln-pyrmont,sana-klinikum-hameln-pyrmont:78,78,1,9
3,sana-klinikum-hameln-pyrmont,sana-klinikum-hameln-pyrmont:79,79,1,10
5,sana-klinikum-hameln-pyrmont,sana-klinikum-hameln-pyrmont:80,80,1,15
5,sana-klinikum-hameln-pyrmont,sana-klinikum-hameln-pyrmont:93,93,1,-1
3,sana-klinikum-hameln-pyrmont,sana-klinikum-hameln-pyrmont:95,95,5,0
3,sana-klinikum-hameln-pyrmont,sana-klinikum-hameln-pyrmont:96,96,1,1
4,sana-klinikum-hameln-pyrmont,sana-klinikum-hameln-pyrmont:105,105,5,-1
10,sana-klinikum-hameln-pyrmont,sana-klinikum-hameln-pyrmont:112,112,1,2
3,sana-klinikum-hameln-pyrmont,sana-klinikum-hameln-pyrmont:115,115,4,-1
16,sana-klinikum-hameln-pyrmont,sana-klinikum-hameln-pyrmont:117,117,3,12
29,sana-klinikum-hameln-pyrmont,sana-klinikum-hameln-pyrmont:118,118,1,6
19,sana-klinikum-hameln-pyrmont,sana-klinikum-hameln-pyrmont:119,119,1,8
19,sana-klinikum-hameln-pyrmont,sana-klinikum-hameln-pyrmont:121,121,1,-1
4,sana-klinikum-hameln-pyrmont,sana-klinikum-hameln-pyrmont:123,123,1,-1
8,sana-klinikum-hameln-pyrmont,sana-klinikum-hameln-pyrmont:126,126,1,13
10,sana-klinikum-hameln-pyrmont,sana-klinikum-hameln-pyrmont:127,127,1,6
7,sana-klinikum-hameln-pyrmont,sana-klinikum-hameln-pyrmont:131,131,1,18
10,sana-klinikum-hameln-pyrmont,sana-klinikum-hameln-pyrmont:132,132,1,6
16,sana-klinikum-hameln-pyrmont,sana-klinikum-hameln-pyrmont:134,134,1,1
4,sana-klinikum-hameln-pyrmont,sana-klinikum-hameln-pyrmont:135,135,5,-1
4,sana-klinikum-hameln-pyrmont,sana-klinikum-hameln-pyrmont:136,136,5,11
8,sana-klinikum-hameln-pyrmont,sana-klinikum-hameln-pyrmont:139,139,1,21
10,sana-klinikum-hameln-pyrmont,sana-klinikum-hameln-pyrmont:141,141,2,1
4,sana-klinikum-hameln-pyrmont,sana-klinikum-hameln-pyrmont:143,143,5,-1
6,sana-klinikum-hameln-pyrmont,sana-klinikum-hameln-pyrmont:144,144,3,17
11,sana-klinikum-hameln-pyrmont,sana-klinikum-hameln-pyrmont:145,145,1,-1
15,sana-klinikum-hameln-pyrmont,sana-klinikum-hameln-pyrmont:147,147,1,8
5,sana-klinikum-hameln-pyrmont,sana-klinikum-hameln-pyrmont:148,148,1,2
18,sana-klinikum-hameln-pyrmont,sana-klinikum-hameln-pyrmont:150,150,1,-1
3,sana-klinikum-hameln-pyrmont,sana-klinikum-hameln-pyrmont:151,151,5,1
4,sana-klinikum-hameln-pyrmont,sana-klinikum-hameln-pyrmont:152,152,5,0
12,sana-klinikum-hameln-pyrmont,sana-klinikum-hameln-pyrmont:154,154,1,-1
20,sana-klinikum-hameln-pyrmont,sana-klinikum-hameln-pyrmont:158,158,1,1
4,sana-klinikum-hameln-pyrmont,sana-klinikum-hameln-pyrmont:159,159,4,21
4,sana-klinikum-hameln-pyrmont,sana-klinikum-hameln-pyrmont:160,160,5,0
4,sana-klinikum-hameln-pyrmont,sana-klinikum-hameln-pyrmont:162,162,5,-1
4,sana-klinikum-hameln-pyrmont,sana-klinikum-hameln-pyrmont:163,163,1,2
5,sana-klinikum-hameln-pyrmont,sana-klinikum-hameln-pyrmont:164,164,3,-1
20,sana-klinikum-hameln-pyrmont,sana-klinikum-hameln-pyrmont:165,165,1,6
16,sana-klinikum-hameln-pyrmont,sana-klinikum-hameln-pyrmont:167,167,1,-1
10,sana-klinikum-hameln-pyrmont,sana-klinikum-hameln-pyrmont:171,171,1,7
4,sana-klinikum-hameln-pyrmont,sana-klinikum-hameln-pyrmont:172,172,1,10
9,sana-klinikum-hameln-pyrmont,sana-klinikum-hameln-pyrmont:173,173,1,-1
3,sana-klinikum-hameln-pyrmont,sana-klinikum-hameln-pyrmont:174,174,5,-1
8,sana-klinikum-hameln-pyrmont,sana-klinikum-hameln-pyrmont:175,175,1,-1
22,sana-klinikum-hameln-pyrmont,sana-klinikum-hameln-pyrmont:176,176,1,8
19,sana-klinikum-hameln-pyrmont,sana-klinikum-hameln-pyrmont:178,178,1,6
18,sana-klinikum-hameln-pyrmont,sana-klinikum-hameln-pyrmont:179,179,1,0
13,sana-klinikum-hameln-pyrmont,sana-klinikum-hameln-pyrmont:180,180,1,-1
13,sana-klinikum-hameln-pyrmont,sana-klinikum-hameln-pyrmont:182,182,1,27
4,sana-klinikum-hameln-pyrmont,sana-klinikum-hameln-pyrmont:183,183,1,2
14,sana-klinikum-hameln-pyrmont,sana-klinikum-hameln-pyrmont:185,185,2,-1
18,sana-klinikum-hameln-pyrmont,sana-klinikum-hameln-pyrmont:186,186,1,-1
10,sana-klinikum-hameln-pyrmont,sana-klinikum-hameln-pyrmont:187,187,1,2
8,sana-klinikum-hameln-pyrmont,sana-klinikum-hameln-pyrmont:191,191,1,7
28,sana-klinikum-hameln-pyrmont,sana-klinikum-hameln-pyrmont:192,192,1,-1
3,sana-klinikum-hameln-pyrmont,sana-klinikum-hameln-pyrmont:193,193,5,-1
3,sana-klinikum-hameln-pyrmont,sana-klinikum-hameln-pyrmont:194,194,5,2
12,sana-klinikum-hameln-pyrmont,sana-klinikum-hameln-pyrmont:196,196,1,-1
4,sana-klinikum-hameln-pyrmont,sana-klinikum-hameln-pyrmont:197,197,1,10
12,sana-klinikum-hameln-pyrmont,sana-klinikum-hameln-pyrmont:198,198,1,27
10,sana-klinikum-hameln-pyrmont,sana-klinikum-hameln-pyrmont:199,199,1,-1
6,sana-klinikum-hameln-pyrmont,sana-klinikum-hameln-pyrmont:202,202,1,-1
7,sana-klinikum-hameln-pyrmont,sana-klinikum-hameln-pyrmont:205,205,1,0
16,sana-klinikum-hameln-pyrmont,sana-klinikum-hameln-pyrmont:206,206,1,12
11,sana-klinikum-hameln-pyrmont,sana-klinikum-hameln-pyrmont:207,207,1,-1
5,sana-klinikum-hameln-pyrmont,sana-klinikum-hameln-pyrmont:209,209,1,-1
9,sana-klinikum-hameln-pyrmont,sana-klinikum-hameln-pyrmont:211,211,1,10
3,sana-klinikum-hameln-pyrmont,sana-klinikum-hameln-pyrmont:212,212,2,12
3,sana-klinikum-hameln-pyrmont,sana-klinikum-hameln-pyrmont:213,213,5,-1
8,sana-klinikum-hameln-pyrmont,sana-klinikum-hameln-pyrmont:214,214,1,2
12,sana-klinikum-hameln-pyrmont,sana-klinikum-hameln-pyrmont:215,215,1,-1
4,sana-klinikum-hameln-pyrmont,sana-klinikum-hameln-pyrmont:219,219,5,0
8,sana-klinikum-hameln-pyrmont,sana-klinikum-hameln-pyrmont:220,220,1,16
5,sana-klinikum-hameln-pyrmont,sana-klinikum-hameln-pyrmont:221,221,5,12
6,sana-klinikum-hameln-pyrmont,sana-klinikum-hameln-pyrmont:222,222,1,12
9,sana-klinikum-hameln-pyrmont,sana-klinikum-hameln-pyrmont:223,223,1,1
8,sana-klinikum-hameln-pyrmont,sana-klinikum-hameln-pyrmont:226,226,,7
11,sana-klinikum-hameln-pyrmont,sana-klinikum-hameln-pyrmont:228,228,1,-1
6,sana-klinikum-hameln-pyrmont,sana-klinikum-hameln-pyrmont:229,229,1,2
21,sana-klinikum-hameln-pyrmont,sana-klinikum-hameln-pyrmont:231,231,1,27
9,sana-klinikum-hameln-pyrmont,sana-klinikum-hameln-pyrmont:232,232,1,-1
8,sana-klinikum-hameln-pyrmont,sana-klinikum-hameln-pyrmont:234,234,1,-1
11,sana-klinikum-hameln-pyrmont,sana-klinikum-hameln-pyrmont:236,236,1,2
14,sana-klinikum-hameln-pyrmont,sana-klinikum-hameln-pyrmont:239,239,1,1
10,sana-klinikum-hameln-pyrmont,sana-klinikum-hameln-pyrmont:241,241,1,-1
12,sana-klinikum-hameln-pyrmont,sana-klinikum-hameln-pyrmont:244,244,1,6
14,sana-klinikum-hameln-pyrmont,sana-klinikum-hameln-pyrmont:245,245,1,2
6,sana-klinikum-hameln-pyrmont,sana-klinikum-hameln-pyrmont:250,250,5,-1
10,sana-klinikum-hameln-pyrmont,sana-klinikum-hameln-pyrmont:251,251,1,7
10,sana-klinikum-hameln-pyrmont,sana-klinikum-hameln-pyrmont:252,252,1,10
14,sana-klinikum-hameln-pyrmont,sana-klinikum-hameln-pyrmont:255,255,1,1
4,sana-klinikum-hameln-pyrmont,sana-klinikum-hameln-pyrmont:256,256,1,2
11,sana-klinikum-hameln-pyrmont,sana-klinikum-hameln-pyrmont:257,257,1,-1
3,sana-klinikum-hameln-pyrmont,sana-klinikum-hameln-pyrmont:259,259,4,0
4,sana-klinikum-hameln-pyrmont,sana-klinikum-hameln-pyrmont:262,262,1,-1
12,sana-klinikum-hameln-pyrmont,sana-klinikum-hameln-pyrmont:265,265,1,2
3,sana-klinikum-hameln-pyrmont,sana-klinikum-hameln-pyrmont:267,267,5,0
5,sana-klinikum-hameln-pyrmont,sana-klinikum-hameln-pyrmont:269,269,1,-1
5,sana-klinikum-hameln-pyrmont,sana-klinikum-hameln-pyrmont:271,271,1,3
11,sana-klinikum-hameln-pyrmont,sana-klinikum-hameln-pyrmont:273,273,1,-1
6,sana-klinikum-hameln-pyrmont,sana-klinikum-hameln-pyrmont:274,274,1,-1
9,sana-klinikum-hameln-pyrmont,sana-klinikum-hameln-pyrmont:275,275,1,2
9,sana-klinikum-hameln-pyrmont,sana-klinikum-hameln-pyrmont:276,276,1,2
10,sana-klinikum-hameln-pyrmont,sana-klinikum-hameln-pyrmont:277,277,1,-1
5,sana-klinikum-hameln-pyrmont,sana-klinikum-hameln-pyrmont:278,278,4,0
5,sana-klinikum-hameln-pyrmont,sana-klinikum-hameln-pyrmont:279,279,1,-1
9,sana-klinikum-hameln-pyrmont,sana-klinikum-hameln-pyrmont:281,281,1,1
7,sana-klinikum-hameln-pyrmont,sana-klinikum-hameln-pyrmont:282,282,1,7
3,sana-klinikum-hameln-pyrmont,sana-klinikum-hameln-pyrmont:284,284,5,0
5,sana-klinikum-hameln-pyrmont,sana-klinikum-hameln-pyrmont:285,285,1,-1
5,sana-klinikum-hameln-pyrmont,sana-klinikum-hameln-pyrmont:286,286,1,1
4,sana-klinikum-hameln-pyrmont,sana-klinikum-hameln-pyrmont:289,289,1,1
3,sana-klinikum-hameln-pyrmont,sana-klinikum-hameln-pyrmont:290,290,5,-1
3,sana-klinikum-hameln-pyrmont,sana-klinikum-hameln-pyrmont:292,292,2,-1
3,sana-klinikum-hameln-pyrmont,sana-klinikum-hameln-pyrmont:294,294,1,-1
4,sana-klinikum-hameln-pyrmont,sana-klinikum-hameln-pyrmont:296,296,5,0
6,sana-klinikum-hameln-pyrmont,sana-klinikum-hameln-pyrmont:298,298,1,1
4,sana-klinikum-hameln-pyrmont,sana-klinikum-hameln-pyrmont:299,299,1,4
5,sana-klinikum-hameln-pyrmont,sana-klinikum-hameln-pyrmont:302,302,1,2
3,sana-klinikum-hameln-pyrmont,sana-klinikum-hameln-pyrmont:303,303,4,-1
5,sana-klinikum-hameln-pyrmont,sana-klinikum-hameln-pyrmont:304,304,5,-1
4,sana-klinikum-hameln-pyrmont,sana-klinikum-hameln-pyrmont:306,306,1,2
8,sana-klinikum-hameln-pyrmont,sana-klinikum-hameln-pyrmont:308,308,1,-1
4,sana-klinikum-hameln-pyrmont,sana-klinikum-hameln-pyrmont:309,309,1,-1
9,sana-klinikum-hameln-pyrmont,sana-klinikum-hameln-pyrmont:311,311,1,3
8,sana-klinikum-hameln-pyrmont,sana-klinikum-hameln-pyrmont:314,314,1,2
3,sana-klinikum-hameln-pyrmont,sana-klinikum-hameln-pyrmont:316,316,5,0
6,sana-klinikum-hameln-pyrmont,sana-klinikum-hameln-pyrmont:317,317,1,2
8,sana-klinikum-hameln-pyrmont,sana-klinikum-hameln-pyrmont:318,318,1,2
7,sana-klinikum-hameln-pyrmont,sana-klinikum-hameln-pyrmont:319,319,1,10
4,sana-klinikum-hameln-pyrmont,sana-klinikum-hameln-pyrmont:321,321,5,-1
5,sana-klinikum-hameln-pyrmont,sana-klinikum-hameln-pyrmont:322,322,1,25
6,sana-klinikum-hameln-pyrmont,sana-klinikum-hameln-pyrmont:323,323,5,0
8,sana-klinikum-hameln-pyrmont,sana-klinikum-hameln-pyrmont:324,324,1,8
10,sana-klinikum-hameln-pyrmont,sana-klinikum-hameln-pyrmont:325,325,1,12
4,sana-klinikum-hameln-pyrmont,sana-klinikum-hameln-pyrmont:326,326,1,3
7,sana-klinikum-hameln-pyrmont,sana-klinikum-hameln-pyrmont:329,329,1,9
14,sana-klinikum-hameln-pyrmont,sana-klinikum-hameln-pyrmont:330,330,1,7
10,sana-klinikum-hameln-pyrmont,sana-klinikum-hameln-pyrmont:333,333,1,-1
8,sana-klinikum-hameln-pyrmont,sana-klinikum-hameln-pyrmont:334,334,1,-1
7,sana-klinikum-hameln-pyrmont,sana-klinikum-hameln-pyrmont:335,335,1,5
12,sana-klinikum-hameln-pyrmont,sana-klinikum-hameln-pyrmont:337,337,1,-1
7,sana-klinikum-hameln-pyrmont,sana-klinikum-hameln-pyrmont:338,338,1,-1
4,sana-klinikum-hameln-pyrmont,sana-klinikum-hameln-pyrmont:340,340,1,7
8,sana-klinikum-hameln-pyrmont,sana-klinikum-hameln-pyrmont:341,341,1,-1
11,sana-klinikum-hameln-pyrmont,sana-klinikum-hameln-pyrmont:344,344,1,-1
9,sana-klinikum-hameln-pyrmont,sana-klinikum-hameln-pyrmont:347,347,1,-1
4,sana-klinikum-hameln-pyrmont,sana-klinikum-hameln-pyrmont:348,348,1,1
4,sana-klinikum-hameln-pyrmont,sana-klinikum-hameln-pyrmont:354,354,5,16
15,sana-klinikum-hameln-pyrmont,sana-klinikum-hameln-pyrmont:358,358,1,6
6,sana-klinikum-hameln-pyrmont,sana-klinikum-hameln-pyrmont:359,359,1,21
3,sana-klinikum-hameln-pyrmont,sana-klinikum-hameln-pyrmont:364,364,1,-1
8,sana-klinikum-hameln-pyrmont,sana-klinikum-hameln-pyrmont:365,365,1,-1
4,sana-klinikum-hameln-pyrmont,sana-klinikum-hameln-pyrmont:366,366,1,3
7,sana-klinikum-hameln-pyrmont,sana-klinikum-hameln-pyrmont:369,369,1,7
8,sana-klinikum-hameln-pyrmont,sana-klinikum-hameln-pyrmont:374,374,1,-1
4,sana-klinikum-hameln-pyrmont,sana-klinikum-hameln-pyrmont:375,375,1,1
5,sana-klinikum-hameln-pyrmont,sana-klinikum-hameln-pyrmont:376,376,1,-1
6,sana-klinikum-hameln-pyrmont,sana-klinikum-hameln-pyrmont:377,377,2,-1
5,sana-klinikum-hameln-pyrmont,sana-klinikum-hameln-pyrmont:379,379,1,19
3,sana-klinikum-hameln-pyrmont,sana-klinikum-hameln-pyrmont:381,381,1,-1
7,sana-klinikum-hameln-pyrmont,sana-klinikum-hameln-pyrmont:382,382,1,20
10,sana-klinikum-hameln-pyrmont,sana-klinikum-hameln-pyrmont:383,383,1,17
9,sana-klinikum-hameln-pyrmont,sana-klinikum-hameln-pyrmont:386,386,1,-1
3,sana-klinikum-hameln-pyrmont,sana-klinikum-hameln-pyrmont:388,388,1,1
6,sana-klinikum-hameln-pyrmont,sana-klinikum-hameln-pyrmont:391,391,1,1
3,sana-klinikum-hameln-pyrmont,sana-klinikum-hameln-pyrmont:392,392,5,0
4,sana-klinikum-hameln-pyrmont,sana-klinikum-hameln-pyrmont:393,393,1,7
11,sana-klinikum-hameln-pyrmont,sana-klinikum-hameln-pyrmont:394,394,5,3
10,sana-klinikum-hameln-pyrmont,sana-klinikum-hameln-pyrmont:395,395,1,-1
7,sana-klinikum-hameln-pyrmont,sana-klinikum-hameln-pyrmont:396,396,1,17
9,sana-klinikum-hameln-pyrmont,sana-klinikum-hameln-pyrmont:399,399,1,1
8,sana-klinikum-hameln-pyrmont,sana-klinikum-hameln-pyrmont:402,402,1,7
7,sana-klinikum-hameln-pyrmont,sana-klinikum-hameln-pyrmont:406,406,1,9
3,sana-klinikum-hameln-pyrmont,sana-klinikum-hameln-pyrmont:407,407,1,17
6,sana-klinikum-hameln-pyrmont,sana-klinikum-hameln-pyrmont:409,409,1,-1
9,sana-klinikum-hameln-pyrmont,sana-klinikum-hameln-pyrmont:411,411,1,-1
7,sana-klinikum-hameln-pyrmont,sana-klinikum-hameln-pyrmont:415,415,1,-1
3,sana-klinikum-hameln-pyrmont,sana-klinikum-hameln-pyrmont:416,416,5,-1
5,sana-klinikum-hameln-pyrmont,sana-klinikum-hameln-pyrmont:417,417,1,21
3,sana-klinikum-hameln-pyrmont,sana-klinikum-hameln-pyrmont:419,419,1,2
3,sana-klinikum-hameln-pyrmont,sana-klinikum-hameln-pyrmont:421,421,3,-1
4,sana-klinikum-hameln-pyrmont,sana-klinikum-hameln-pyrmont:423,423,1,-1
4,sana-klinikum-hameln-pyrmont,sana-klinikum-hameln-pyrmont:425,425,1,18
7,sana-klinikum-hameln-pyrmont,sana-klinikum-hameln-pyrmont:426,426,1,9
4,sana-klinikum-hameln-pyrmont,sana-klinikum-hameln-pyrmont:429,429,1,-1
3,sana-klinikum-hameln-pyrmont,sana-klinikum-hameln-pyrmont:430,430,1,-1
5,sana-klinikum-hameln-pyrmont,sana-klinikum-hameln-pyrmont:431,431,1,-1
5,sana-klinikum-hameln-pyrmont,sana-klinikum-hameln-pyrmont:432,432,1,2
6,sana-klinikum-hameln-pyrmont,sana-klinikum-hameln-pyrmont:436,436,1,-1
4,sana-klinikum-hameln-pyrmont,sana-klinikum-hameln-pyrmont:438,438,1,7
6,sana-klinikum-hameln-pyrmont,sana-klinikum-hameln-pyrmont:442,442,1,5
3,sana-klinikum-hameln-pyrmont,sana-klinikum-hameln-pyrmont:445,445,1,14
7,sana-klinikum-hameln-pyrmont,sana-klinikum-hameln-pyrmont:448,448,1,3
3,sana-klinikum-hameln-pyrmont,sana-klinikum-hameln-pyrmont:457,457,1,9
3,sana-klinikum-hameln-pyrmont,sana-klinikum-hameln-pyrmont:459,459,1,-1
4,sana-klinikum-hameln-pyrmont,sana-klinikum-hameln-pyrmont:464,464,5,18
5,sana-klinikum-hameln-pyrmont,sana-klinikum-hameln-pyrmont:465,465,1,2
5,sana-klinikum-hameln-pyrmont,sana-klinikum-hameln-pyrmont:467,467,1,18
3,sana-klinikum-hameln-pyrmont,sana-klinikum-hameln-pyrmont:470,470,1,-1
4,sana-klinikum-hameln-pyrmont,sana-klinikum-hameln-pyrmont:475,475,1,1
5,sana-klinikum-hameln-pyrmont,sana-klinikum-hameln-pyrmont:479,479,1,9
4,sana-klinikum-hameln-pyrmont,sana-klinikum-hameln-pyrmont:484,484,1,-1
6,sana-klinikum-hameln-pyrmont,sana-klinikum-hameln-pyrmont:486,486,1,9
4,sana-klinikum-hameln-pyrmont,sana-klinikum-hameln-pyrmont:490,490,1,18
4,sana-klinikum-hameln-pyrmont,sana-klinikum-hameln-pyrmont:492,492,1,2
6,sana-klinikum-hameln-pyrmont,sana-klinikum-hameln-pyrmont:493,493,1,14
3,sana-klinikum-hameln-pyrmont,sana-klinikum-hameln-pyrmont:496,496,1,5
9,sana-klinikum-hameln-pyrmont,sana-klinikum-hameln-pyrmont:499,499,1,18
3,sana-klinikum-hameln-pyrmont,sana-klinikum-hameln-pyrmont:505,505,1,5
4,sana-klinikum-hameln-pyrmont,sana-klinikum-hameln-pyrmont:506,506,1,-1
3,sana-klinikum-hameln-pyrmont,sana-klinikum-hameln-pyrmont:509,509,1,-1
5,sana-klinikum-hameln-pyrmont,sana-klinikum-hameln-pyrmont:515,515,1,2
3,sana-klinikum-hameln-pyrmont,sana-klinikum-hameln-pyrmont:517,517,1,5
3,sana-klinikum-hameln-pyrmont,sana-klinikum-hameln-pyrmont:529,529,1,25
4,sana-klinikum-hameln-pyrmont,sana-klinikum-hameln-pyrmont:534,534,1,14
5,sana-klinikum-hameln-pyrmont,sana-klinikum-hameln-pyrmont:537,537,1,9
4,sana-klinikum-hameln-pyrmont,sana-klinikum-hameln-pyrmont:538,538,1,14
4,sana-klinikum-hameln-pyrmont,sana-klinikum-hameln-pyrmont:543,543,1,14
6,sana-klinikum-hameln-pyrmont,sana-klinikum-hameln-pyrmont:544,544,1,7
3,sana-klinikum-hameln-pyrmont,sana-klinikum-hameln-pyrmont:552,552,1,2
3,sana-klinikum-hameln-pyrmont,sana-klinikum-hameln-pyrmont:555,555,1,5
3,sana-klinikum-hameln-pyrmont,sana-klinikum-hameln-pyrmont:556,556,1,3
3,sana-klinikum-hameln-pyrmont,sana-klinikum-hameln-pyrmont:557,557,1,-1
3,sana-klinikum-hameln-pyrmont,sana-klinikum-hameln-pyrmont:561,561,1,5
4,sana-klinikum-hameln-pyrmont,sana-klinikum-hameln-pyrmont:562,562,1,5
3,sana-klinikum-hameln-pyrmont,sana-klinikum-hameln-pyrmont:563,563,1,-1
4,sana-klinikum-hameln-pyrmont,sana-klinikum-hameln-pyrmont:565,565,1,5
3,sana-klinikum-hameln-pyrmont,sana-klinikum-hameln-pyrmont:569,569,1,5
6,sana-klinikum-hameln-pyrmont,sana-klinikum-hameln-pyrmont:572,572,5,5
4,sana-klinikum-hameln-pyrmont,sana-klinikum-hameln-pyrmont:574,574,1,5
6,schuechtermann-klinik,schuechtermann-klinik:12,12,5,0
4,schuechtermann-klinik,schuechtermann-klinik:14,14,5,0
4,schuechtermann-klinik,schuechtermann-klinik:26,26,5,22
4,schuechtermann-klinik,schuechtermann-klinik:28,28,5,0
4,schuechtermann-klinik,schuechtermann-klinik:30,30,5,-1
6,schuechtermann-klinik,schuechtermann-klinik:32,32,5,0
3,schuechtermann-klinik,schuechtermann-klinik:34,34,5,-1
4,schuechtermann-klinik,schuechtermann-klinik:36,36,5,-1
8,schuechtermann-klinik,schuechtermann-klinik:38,38,5,-1
12,schuechtermann-klinik,schuechtermann-klinik:39,39,5,-1
4,schuechtermann-klinik,schuechtermann-klinik:40,40,5,22
3,schuechtermann-klinik,schuechtermann-klinik:42,42,2,-1
5,schuechtermann-klinik,schuechtermann-klinik:44,44,5,8
3,schuechtermann-klinik,schuechtermann-klinik:45,45,5,0
3,schuechtermann-klinik,schuechtermann-klinik:54,54,4,-1
3,schuechtermann-klinik,schuechtermann-klinik:55,55,5,22
3,schuechtermann-klinik,schuechtermann-klinik:56,56,5,0
23,schuechtermann-klinik,schuechtermann-klinik:57,57,5,0
4,schuechtermann-klinik,schuechtermann-klinik:58,58,5,17
6,schuechtermann-klinik,schuechtermann-klinik:59,59,5,0
4,schuechtermann-klinik,schuechtermann-klinik:62,62,5,0
3,schuechtermann-klinik,schuechtermann-klinik:69,69,5,0
3,schuechtermann-klinik,schuechtermann-klinik:71,71,5,-1
10,schuechtermann-klinik,schuechtermann-klinik:72,72,1,21
14,schuechtermann-klinik,schuechtermann-klinik:73,73,2,-1
3,schuechtermann-klinik,schuechtermann-klinik:79,79,2,8
4,schuechtermann-klinik,schuechtermann-klinik:83,83,5,-1
3,schuechtermann-klinik,schuechtermann-klinik:88,88,5,0
5,schuechtermann-klinik,schuechtermann-klinik:95,95,5,0
5,schuechtermann-klinik,schuechtermann-klinik:97,97,5,0
4,schuechtermann-klinik,schuechtermann-klinik:99,99,5,0
3,schuechtermann-klinik,schuechtermann-klinik:100,100,5,0
4,schuechtermann-klinik,schuechtermann-klinik:102,102,5,0
3,schuechtermann-klinik,schuechtermann-klinik:110,110,5,0
5,schuechtermann-klinik,schuechtermann-klinik:111,111,5,0
3,schuechtermann-klinik,schuechtermann-klinik:120,120,5,0
10,schuechtermann-klinik,schuechtermann-klinik:124,124,1,5
3,schuechtermann-klinik,schuechtermann-klinik:128,128,5,0
5,st-bernward-krankenhaus,st-bernward-krankenhaus:86,86,1,24
3,st-bernward-krankenhaus,st-bernward-krankenhaus:106,106,1,4
3,st-bernward-krankenhaus,st-bernward-krankenhaus:129,129,5,11
3,st-bernward-krankenhaus,st-bernward-krankenhaus:131,131,5,0
5,st-bernward-krankenhaus,st-bernward-krankenhaus:134,134,2,12
7,st-bernward-krankenhaus,st-bernward-krankenhaus:166,166,2,12
5,st-bernward-krankenhaus,st-bernward-krankenhaus:170,170,3,-1
5,st-bernward-krankenhaus,st-bernward-krankenhaus:178,178,5,12
3,st-bernward-krankenhaus,st-bernward-krankenhaus:179,179,5,-1
6,st-bernward-krankenhaus,st-bernward-krankenhaus:180,180,1,12
3,st-bernward-krankenhaus,st-bernward-krankenhaus:181,181,1,15
3,st-bernward-krankenhaus,st-bernward-krankenhaus:183,183,5,0
7,st-bernward-krankenhaus,st-bernward-krankenhaus:184,184,5,10
3,st-bernward-krankenhaus,st-bernward-krankenhaus:186,186,1,-1
8,st-bernward-krankenhaus,st-bernward-krankenhaus:189,189,5,11
3,st-bernward-krankenhaus,st-bernward-krankenhaus:195,195,5,12
5,st-bernward-krankenhaus,st-bernward-krankenhaus:200,200,1,-1
3,st-bernward-krankenhaus,st-bernward-krankenhaus:202,202,5,-1
3,st-bernward-krankenhaus,st-bernward-krankenhaus:209,209,1,1
15,st-bernward-krankenhaus,st-bernward-krankenhaus:210,210,1,18
4,st-bernward-krankenhaus,st-bernward-krankenhaus:214,214,5,0
3,st-bernward-krankenhaus,st-bernward-krankenhaus:215,215,5,11
7,st-bernward-krankenhaus,st-bernward-krankenhaus:216,216,1,-1
5,st-bernward-krankenhaus,st-bernward-krankenhaus:218,218,1,-1
7,st-bernward-krankenhaus,st-bernward-krankenhaus:221,221,1,17
7,st-bernward-krankenhaus,st-bernward-krankenhaus:228,228,1,3
11,st-bernward-krankenhaus,st-bernward-krankenhaus:231,231,1,-1
3,st-bernward-krankenhaus,st-bernward-krankenhaus:235,235,5,-1
3,st-bernward-krankenhaus,st-bernward-krankenhaus:241,241,5,0
3,st-bernward-krankenhaus,st-bernward-krankenhaus:243,243,2,-1
3,st-bernward-krankenhaus,st-bernward-krankenhaus:247,247,4,0
10,st-bernward-krankenhaus,st-bernward-krankenhaus:248,248,1,1
3,st-bernward-krankenhaus,st-bernward-krankenhaus:261,261,2,6
3,st-bernward-krankenhaus,st-bernward-krankenhaus:267,267,5,12
4,st-bernward-krankenhaus,st-bernward-krankenhaus:272,272,5,-1
5,st-bernward-krankenhaus,st-bernward-krankenhaus:273,273,1,-1
17,st-bernward-krankenhaus,st-bernward-krankenhaus:274,274,1,0
4,st-bernward-krankenhaus,st-bernward-krankenhaus:275,275,1,-1
7,st-bernward-krankenhaus,st-bernward-krankenhaus:276,276,1,-1
6,st-bernward-krankenhaus,st-bernward-krankenhaus:278,278,2,-1
7,st-bernward-krankenhaus,st-bernward-krankenhaus:279,279,1,27
10,st-bernward-krankenhaus,st-bernward-krankenhaus:280,280,1,2
3,st-bernward-krankenhaus,st-bernward-krankenhaus:281,281,5,-1
9,st-bernward-krankenhaus,st-bernward-krankenhaus:283,283,1,-1
13,st-bernward-krankenhaus,st-bernward-krankenhaus:285,285,1,13
3,st-bernward-krankenhaus,st-bernward-krankenhaus:286,286,2,0
9,st-bernward-krankenhaus,st-bernward-krankenhaus:291,291,1,1
7,st-bernward-krankenhaus,st-bernward-krankenhaus:292,292,1,6
4,st-bernward-krankenhaus,st-bernward-krankenhaus:293,293,1,2
10,st-bernward-krankenhaus,st-bernward-krankenhaus:294,294,1,-1
10,st-bernward-krankenhaus,st-bernward-krankenhaus:296,296,1,-1
3,st-bernward-krankenhaus,st-bernward-krankenhaus:300,300,1,3
3,st-bernward-krankenhaus,st-bernward-krankenhaus:302,302,1,21
14,st-bernward-krankenhaus,st-bernward-krankenhaus:304,304,1,2
5,st-bernward-krankenhaus,st-bernward-krankenhaus:306,306,1,23
9,st-bernward-krankenhaus,st-bernward-krankenhaus:308,308,1,2
5,st-bernward-krankenhaus,st-bernward-krankenhaus:312,312,1,-1
7,st-bernward-krankenhaus,st-bernward-krankenhaus:314,314,1,12
5,st-bernward-krankenhaus,st-bernward-krankenhaus:316,316,1,4
4,st-bernward-krankenhaus,st-bernward-krankenhaus:317,317,1,-1
6,st-bernward-krankenhaus,st-bernward-krankenhaus:318,318,5,0
8,st-bernward-krankenhaus,st-bernward-krankenhaus:320,320,1,3
4,st-bernward-krankenhaus,st-bernward-krankenhaus:324,324,1,3
7,st-bernward-krankenhaus,st-bernward-krankenhaus:325,325,1,10
3,st-bernward-krankenhaus,st-bernward-krankenhaus:326,326,5,0
7,st-bernward-krankenhaus,st-bernward-krankenhaus:327,327,1,2
9,st-bernward-krankenhaus,st-bernward-krankenhaus:329,329,1,-1
8,st-bernward-krankenhaus,st-bernward-krankenhaus:331,331,1,-1
4,st-bernward-krankenhaus,st-bernward-krankenhaus:332,332,2,0
6,st-bernward-krankenhaus,st-bernward-krankenhaus:333,333,1,13
6,st-bernward-krankenhaus,st-bernward-krankenhaus:334,334,5,0
3,st-bernward-krankenhaus,st-bernward-krankenhaus:339,339,1,13
4,st-bernward-krankenhaus,st-bernward-krankenhaus:344,344,1,4
5,st-bernward-krankenhaus,st-bernward-krankenhaus:350,350,1,6
4,st-bernward-krankenhaus,st-bernward-krankenhaus:356,356,1,10
3,st-bernward-krankenhaus,st-bernward-krankenhaus:363,363,1,-1
3,st-bernward-krankenhaus,st-bernward-krankenhaus:365,365,1,2
4,st-bernward-krankenhaus,st-bernward-krankenhaus:368,368,5,-1
3,st-bernward-krankenhaus,st-bernward-krankenhaus:371,371,3,-1
12,st-bernward-krankenhaus,st-bernward-krankenhaus:373,373,1,5
7,st-bernward-krankenhaus,st-bernward-krankenhaus:376,376,2,5
4,st-bernward-krankenhaus,st-bernward-krankenhaus:388,388,1,-1
3,st-bernward-krankenhaus,st-bernward-krankenhaus:389,389,1,13
9,st-bernward-krankenhaus,st-bernward-krankenhaus:391,391,1,-1
13,st-bernward-krankenhaus,st-bernward-krankenhaus:392,392,1,-1
3,st-bernward-krankenhaus,st-bernward-krankenhaus:394,394,5,0
3,st-bernward-krankenhaus,st-bernward-krankenhaus:396,396,1,5
5,st-bernward-krankenhaus,st-bernward-krankenhaus:399,399,1,9
5,st-bernward-krankenhaus,st-bernward-krankenhaus:404,404,1,1
3,st-bernward-krankenhaus,st-bernward-krankenhaus:411,411,4,-1
8,st-bernward-krankenhaus,st-bernward-krankenhaus:413,413,1,14
3,st-bernward-krankenhaus,st-bernward-krankenhaus:417,417,5,0
4,st-bernward-krankenhaus,st-bernward-krankenhaus:421,421,1,-1
7,st-bernward-krankenhaus,st-bernward-krankenhaus:422,422,1,3
3,st-bernward-krankenhaus,st-bernward-krankenhaus:423,423,1,-1
4,st-bernward-krankenhaus,st-bernward-krankenhaus:434,434,5,11
4,st-bernward-krankenhaus,st-bernward-krankenhaus:435,435,1,-1
8,st-bernward-krankenhaus,st-bernward-krankenhaus:451,451,1,-1
5,st-bernward-krankenhaus,st-bernward-krankenhaus:455,455,1,7
3,st-bernward-krankenhaus,st-bernward-krankenhaus:462,462,5,0
4,st-bernward-krankenhaus,st-bernward-krankenhaus:484,484,2,-1
3,st-bernward-krankenhaus,st-bernward-krankenhaus:493,493,5,-1
4,st-bernward-krankenhaus,st-bernward-krankenhaus:499,499,1,1
5,st-bernward-krankenhaus,st-bernward-krankenhaus:522,522,1,5
4,st-bernward-krankenhaus,st-bernward-krankenhaus:528,528,1,5
3,st-bernward-krankenhaus,st-bernward-krankenhaus:548,548,1,-1
12,st-johannes-hospital,st-johannes-hospital:36,36,5,-1
4,st-johannes-hospital,st-johannes-hospital:53,53,4,-1
8,st-johannes-hospital,st-johannes-hospital:54,54,5,-1
7,st-johannes-hospital,st-johannes-hospital:56,56,5,0
5,st-johannes-hospital,st-johannes-hospital:68,68,5,3
3,st-johannes-hospital,st-johannes-hospital:91,91,5,0
4,st-johannes-hospital,st-johannes-hospital:96,96,1,-1
4,st-johannes-hospital,st-johannes-hospital:105,105,1,-1
17,st-johannes-hospital,st-johannes-hospital:118,118,1,-1
3,st-johannes-hospital,st-johannes-hospital:119,119,5,0
3,st-johannes-hospital,st-johannes-hospital:122,122,5,0
3,st-johannes-hospital,st-johannes-hospital:126,126,1,-1
6,st-johannes-hospital,st-johannes-hospital:139,139,1,17
4,st-johannes-hospital,st-johannes-hospital:142,142,5,1
3,st-johannes-hospital,st-johannes-hospital:143,143,1,12
11,st-johannes-hospital,st-johannes-hospital:152,152,5,11
4,st-johannes-hospital,st-johannes-hospital:158,158,2,3
8,st-johannes-hospital,st-johannes-hospital:159,159,1,-1
4,st-johannes-hospital,st-johannes-hospital:161,161,1,-1
3,st-johannes-hospital,st-johannes-hospital:165,165,5,0
5,st-johannes-hospital,st-johannes-hospital:169,169,5,0
7,st-johannes-hospital,st-johannes-hospital:172,172,1,-1
3,st-johannes-hospital,st-johannes-hospital:175,175,5,0
3,st-johannes-hospital,st-johannes-hospital:176,176,5,0
4,st-johannes-hospital,st-johannes-hospital:179,179,1,1
3,st-johannes-hospital,st-johannes-hospital:191,191,1,0
20,st-johannes-hospital,st-johannes-hospital:195,195,1,9
13,st-johannes-hospital,st-johannes-hospital:196,196,1,-1
3,st-johannes-hospital,st-johannes-hospital:197,197,5,0
6,st-johannes-hospital,st-johannes-hospital:199,199,5,0
4,st-johannes-hospital,st-johannes-hospital:204,204,5,1
4,st-johannes-hospital,st-johannes-hospital:207,207,5,10
12,st-johannes-hospital,st-johannes-hospital:211,211,1,9
3,st-johannes-hospital,st-johannes-hospital:213,213,1,-1
7,st-johannes-hospital,st-johannes-hospital:217,217,1,10
4,st-johannes-hospital,st-johannes-hospital:218,218,1,-1
3,st-johannes-hospital,st-johannes-hospital:221,221,5,0
3,st-johannes-hospital,st-johannes-hospital:222,222,1,-1
21,st-johannes-hospital,st-johannes-hospital:228,228,1,-1
6,st-johannes-hospital,st-johannes-hospital:230,230,1,1
6,st-johannes-hospital,st-johannes-hospital:233,233,1,-1
3,st-johannes-hospital,st-johannes-hospital:234,234,1,16
4,st-johannes-hospital,st-johannes-hospital:235,235,2,23
9,st-johannes-hospital,st-johannes-hospital:238,238,1,-1
3,st-johannes-hospital,st-johannes-hospital:239,239,5,0
4,st-johannes-hospital,st-johannes-hospital:246,246,2,6
4,st-johannes-hospital,st-johannes-hospital:248,248,5,-1
3,st-johannes-hospital,st-johannes-hospital:251,251,5,0
3,st-johannes-hospital,st-johannes-hospital:253,253,3,0
13,st-johannes-hospital,st-johannes-hospital:259,259,1,-1
5,st-johannes-hospital,st-johannes-hospital:266,266,1,1
4,st-johannes-hospital,st-johannes-hospital:267,267,3,14
4,st-johannes-hospital,st-johannes-hospital:268,268,1,20
7,st-johannes-hospital,st-johannes-hospital:269,269,1,-1
4,st-johannes-hospital,st-johannes-hospital:270,270,5,-1
4,st-johannes-hospital,st-johannes-hospital:272,272,1,1
4,st-johannes-hospital,st-johannes-hospital:275,275,1,6
3,st-johannes-hospital,st-johannes-hospital:277,277,1,-1
8,st-johannes-hospital,st-johannes-hospital:280,280,1,9
7,st-johannes-hospital,st-johannes-hospital:281,281,1,-1
5,st-johannes-hospital,st-johannes-hospital:282,282,1,0
12,st-johannes-hospital,st-johannes-hospital:284,284,1,-1
3,st-johannes-hospital,st-johannes-hospital:287,287,4,0
8,st-johannes-hospital,st-johannes-hospital:292,292,1,-1
3,st-johannes-hospital,st-johannes-hospital:297,297,4,0
6,st-johannes-hospital,st-johannes-hospital:298,298,1,7
5,st-johannes-hospital,st-johannes-hospital:301,301,5,0
5,st-johannes-hospital,st-johannes-hospital:302,302,1,-1
11,st-johannes-hospital,st-johannes-hospital:303,303,1,10
4,st-johannes-hospital,st-johannes-hospital:305,305,1,18
11,st-johannes-hospital,st-johannes-hospital:306,306,1,9
7,st-johannes-hospital,st-johannes-hospital:310,310,1,17
4,st-johannes-hospital,st-johannes-hospital:311,311,5,-1
11,st-johannes-hospital,st-johannes-hospital:313,313,1,3
7,st-johannes-hospital,st-johannes-hospital:314,314,1,6
3,st-johannes-hospital,st-johannes-hospital:315,315,3,21
8,st-johannes-hospital,st-johannes-hospital:318,318,1,3
4,st-johannes-hospital,st-johannes-hospital:322,322,1,-1
5,st-johannes-hospital,st-johannes-hospital:323,323,1,-1
3,st-johannes-hospital,st-johannes-hospital:324,324,1,10
11,st-johannes-hospital,st-johannes-hospital:325,325,1,-1
4,st-johannes-hospital,st-johannes-hospital:326,326,2,10
20,st-johannes-hospital,st-johannes-hospital:327,327,1,-1
7,st-johannes-hospital,st-johannes-hospital:330,330,1,8
5,st-johannes-hospital,st-johannes-hospital:331,331,2,-1
13,st-johannes-hospital,st-johannes-hospital:333,333,1,-1
3,st-johannes-hospital,st-johannes-hospital:334,334,5,0
5,st-johannes-hospital,st-johannes-hospital:336,336,1,-1
4,st-johannes-hospital,st-johannes-hospital:337,337,1,-1
3,st-johannes-hospital,st-johannes-hospital:338,338,1,-1
4,st-johannes-hospital,st-johannes-hospital:342,342,5,0
3,st-johannes-hospital,st-johannes-hospital:343,343,5,-1
10,st-johannes-hospital,st-johannes-hospital:345,345,1,-1
5,st-johannes-hospital,st-johannes-hospital:346,346,1,-1
11,st-johannes-hospital,st-johannes-hospital:347,347,1,3
4,st-johannes-hospital,st-johannes-hospital:348,348,1,-1
4,st-johannes-hospital,st-johannes-hospital:349,349,1,9
8,st-johannes-hospital,st-johannes-hospital:354,354,1,-1
3,st-johannes-hospital,st-johannes-hospital:355,355,5,0
8,st-johannes-hospital,st-johannes-hospital:366,366,1,7
8,st-johannes-hospital,st-johannes-hospital:367,367,1,-1
8,st-johannes-hospital,st-johannes-hospital:368,368,1,-1
10,st-johannes-hospital,st-johannes-hospital:369,369,1,3
8,st-johannes-hospital,st-johannes-hospital:370,370,1,-1
22,st-johannes-hospital,st-johannes-hospital:372,372,1,10
3,st-johannes-hospital,st-johannes-hospital:373,373,,0
10,st-johannes-hospital,st-johannes-hospital:374,374,1,-1
3,st-johannes-hospital,st-johannes-hospital:375,375,1,-1
10,st-johannes-hospital,st-johannes-hospital:376,376,1,7
3,st-johannes-hospital,st-johannes-hospital:378,378,5,0
6,st-johannes-hospital,st-johannes-hospital:384,384,5,-1
5,st-johannes-hospital,st-johannes-hospital:387,387,1,21
3,st-johannes-hospital,st-johannes-hospital:390,390,1,16
12,st-johannes-hospital,st-johannes-hospital:391,391,1,-1
13,st-johannes-hospital,st-johannes-hospital:396,396,1,3
3,st-johannes-hospital,st-johannes-hospital:399,399,5,-1
6,st-johannes-hospital,st-johannes-hospital:401,401,1,2
3,st-johannes-hospital,st-johannes-hospital:402,402,5,0
8,st-johannes-hospital,st-johannes-hospital:408,408,2,-1
10,st-johannes-hospital,st-johannes-hospital:409,409,1,1
12,st-johannes-hospital,st-johannes-hospital:410,410,1,-1
11,st-johannes-hospital,st-johannes-hospital:413,413,1,2
6,st-johannes-hospital,st-johannes-hospital:414,414,1,3
17,st-johannes-hospital,st-johannes-hospital:416,416,1,7
8,st-johannes-hospital,st-johannes-hospital:420,420,1,-1
8,st-johannes-hospital,st-johannes-hospital:423,423,1,3
7,st-johannes-hospital,st-johannes-hospital:424,424,1,15
9,st-johannes-hospital,st-johannes-hospital:425,425,1,-1
13,st-johannes-hospital,st-johannes-hospital:433,433,1,-1
8,st-johannes-hospital,st-johannes-hospital:434,434,1,2
4,st-johannes-hospital,st-johannes-hospital:438,438,1,0
7,st-johannes-hospital,st-johannes-hospital:439,439,1,0
5,st-johannes-hospital,st-johannes-hospital:443,443,1,20
4,st-johannes-hospital,st-johannes-hospital:444,444,1,9
12,st-johannes-hospital,st-johannes-hospital:446,446,1,10
8,st-johannes-hospital,st-johannes-hospital:451,451,1,-1
16,st-johannes-hospital,st-johannes-hospital:453,453,1,-1
3,st-johannes-hospital,st-johannes-hospital:456,456,3,-1
3,st-johannes-hospital,st-johannes-hospital:459,459,1,10
17,st-johannes-hospital,st-johannes-hospital:460,460,1,-1
7,st-johannes-hospital,st-johannes-hospital:461,461,1,-1
4,st-johannes-hospital,st-johannes-hospital:462,462,2,-1
3,st-johannes-hospital,st-johannes-hospital:463,463,1,-1
10,st-johannes-hospital,st-johannes-hospital:464,464,2,-1
6,st-johannes-hospital,st-johannes-hospital:467,467,1,8
10,st-johannes-hospital,st-johannes-hospital:469,469,1,1
3,st-johannes-hospital,st-johannes-hospital:470,470,1,1
10,st-johannes-hospital,st-johannes-hospital:475,475,1,-1
6,st-johannes-hospital,st-johannes-hospital:477,477,1,-1
4,st-johannes-hospital,st-johannes-hospital:480,480,1,10
3,st-johannes-hospital,st-johannes-hospital:481,481,2,-1
5,st-johannes-hospital,st-johannes-hospital:485,485,1,12
9,st-johannes-hospital,st-johannes-hospital:486,486,1,21
5,st-johannes-hospital,st-johannes-hospital:488,488,2,3
4,st-johannes-hospital,st-johannes-hospital:490,490,1,9
4,st-johannes-hospital,st-johannes-hospital:493,493,1,-1
7,st-johannes-hospital,st-johannes-hospital:494,494,1,-1
12,st-johannes-hospital,st-johannes-hospital:496,496,1,20
3,st-johannes-hospital,st-johannes-hospital:501,501,5,-1
11,st-johannes-hospital,st-johannes-hospital:503,503,1,19
3,st-johannes-hospital,st-johannes-hospital:507,507,1,-1
6,st-johannes-hospital,st-johannes-hospital:509,509,5,0
3,st-johannes-hospital,st-johannes-hospital:513,513,5,0
4,st-johannes-hospital,st-johannes-hospital:514,514,5,-1
6,st-johannes-hospital,st-johannes-hospital:515,515,2,-1
13,st-johannes-hospital,st-johannes-hospital:517,517,1,-1
6,st-johannes-hospital,st-johannes-hospital:518,518,1,-1
4,st-johannes-hospital,st-johannes-hospital:519,519,2,-1
4,st-johannes-hospital,st-johannes-hospital:521,521,5,-1
3,st-johannes-hospital,st-johannes-hospital:525,525,4,-1
5,st-johannes-hospital,st-johannes-hospital:528,528,5,11
3,st-johannes-hospital,st-johannes-hospital:531,531,5,-1
4,st-johannes-hospital,st-johannes-hospital:534,534,1,7
7,st-johannes-hospital,st-johannes-hospital:538,538,1,-1
3,st-johannes-hospital,st-johannes-hospital:539,539,1,15
5,st-johannes-hospital,st-johannes-hospital:540,540,1,-1
3,st-johannes-hospital,st-johannes-hospital:545,545,5,0
3,st-johannes-hospital,st-johannes-hospital:557,557,2,-1
3,st-johannes-hospital,st-johannes-hospital:558,558,1,1
3,st-johannes-hospital,st-johannes-hospital:560,560,5,0
4,st-johannes-hospital,st-johannes-hospital:561,561,4,-1
12,st-johannes-hospital,st-johannes-hospital:563,563,1,3
6,st-johannes-hospital,st-johannes-hospital:569,569,1,-1
3,st-johannes-hospital,st-johannes-hospital:570,570,5,0
10,st-johannes-hospital,st-johannes-hospital:571,571,1,17
3,st-johannes-hospital,st-johannes-hospital:573,573,1,2
4,st-johannes-hospital,st-johannes-hospital:575,575,2,2
3,st-johannes-hospital,st-johannes-hospital:584,584,5,6
3,st-johannes-hospital,st-johannes-hospital:591,591,5,8
3,st-johannes-hospital,st-johannes-hospital:593,593,1,4
4,st-johannes-hospital,st-johannes-hospital:598,598,5,13
7,st-johannes-hospital,st-johannes-hospital:599,599,1,-1
3,st-johannes-hospital,st-johannes-hospital:608,608,1,10
6,st-johannes-hospital,st-johannes-hospital:616,616,2,-1
4,st-johannes-hospital,st-johannes-hospital:625,625,1,-1
3,st-johannes-hospital,st-johannes-hospital:629,629,1,-1
5,st-johannes-hospital,st-johannes-hospital:631,631,1,-1
4,st-johannes-hospital,st-johannes-hospital:634,634,5,0
3,st-johannes-hospital,st-johannes-hospital:635,635,1,-1
3,st-johannes-hospital,st-johannes-hospital:639,639,1,3
4,st-johannes-hospital,st-johannes-hospital:642,642,1,9
6,st-johannes-hospital,st-johannes-hospital:643,643,5,0
4,st-johannes-hospital,st-johannes-hospital:645,645,1,1
3,st-johannes-hospital,st-johannes-hospital:646,646,1,-1
7,st-johannes-hospital,st-johannes-hospital:656,656,1,3
5,st-johannes-hospital,st-johannes-hospital:658,658,1,-1
8,st-johannes-hospital,st-johannes-hospital:669,669,1,-1
5,st-johannes-hospital,st-johannes-hospital:677,677,1,14
5,st-johannes-hospital,st-johannes-hospital:686,686,1,7
4,st-johannes-hospital,st-johannes-hospital:694,694,1,9
11,st-johannes-hospital,st-johannes-hospital:697,697,1,-1
11,st-johannes-hospital,st-johannes-hospital:702,702,1,8
4,st-johannes-hospital,st-johannes-hospital:707,707,5,-1
8,st-johannes-hospital,st-johannes-hospital:712,712,1,3
5,st-johannes-hospital,st-johannes-hospital:716,716,1,-1
11,st-johannes-hospital,st-johannes-hospital:726,726,1,3
6,st-johannes-hospital,st-johannes-hospital:730,730,1,14
3,st-johannes-hospital,st-johannes-hospital:731,731,1,14
5,st-johannes-hospital,st-johannes-hospital:736,736,1,23
3,st-johannes-hospital,st-johannes-hospital:737,737,1,9
4,st-johannes-hospital,st-johannes-hospital:741,741,1,-1
6,st-johannes-hospital,st-johannes-hospital:750,750,1,9
5,st-johannes-hospital,st-johannes-hospital:770,770,4,0
3,st-johannes-hospital,st-johannes-hospital:777,777,4,0
7,st-johannes-hospital,st-johannes-hospital:779,779,1,5
3,st-johannes-hospital,st-johannes-hospital:780,780,5,0
3,st-johannes-hospital,st-johannes-hospital:790,790,5,8
4,st-johannes-hospital,st-johannes-hospital:791,791,1,-1
8,st-johannes-hospital,st-johannes-hospital:795,795,1,5
4,st-johannes-hospital,st-johannes-hospital:798,798,1,-1
3,st-johannes-hospital,st-johannes-hospital:803,803,4,-1
4,st-johannes-hospital,st-johannes-hospital:809,809,1,-1
3,st-johannes-hospital,st-johannes-hospital:810,810,1,7
4,st-johannes-hospital,st-johannes-hospital:814,814,1,25
4,st-johannes-hospital,st-johannes-hospital:816,816,1,25
4,st-johannes-hospital,st-johannes-hospital:834,834,1,14
3,st-johannes-hospital,st-johannes-hospital:868,868,1,5
11,st-johannes-hospital,st-johannes-hospital:919,919,1,6
6,st-johannes-hospital,st-johannes-hospital:921,921,1,6
3,st-johannes-hospital,st-johannes-hospital:925,925,5,0
3,st-johannes-hospital,st-johannes-hospital:933,933,5,0
6,st-josefs-hospital-cloppenburg-ggmbh,st-josefs-hospital-cloppenburg-ggmbh:21,21,1,-1
4,st-josefs-hospital-cloppenburg-ggmbh,st-josefs-hospital-cloppenburg-ggmbh:31,31,1,-1
3,st-josefs-hospital-cloppenburg-ggmbh,st-josefs-hospital-cloppenburg-ggmbh:33,33,5,-1
3,st-josefs-hospital-cloppenburg-ggmbh,st-josefs-hospital-cloppenburg-ggmbh:39,39,5,0
7,st-josefs-hospital-cloppenburg-ggmbh,st-josefs-hospital-cloppenburg-ggmbh:42,42,5,22
7,st-josefs-hospital-cloppenburg-ggmbh,st-josefs-hospital-cloppenburg-ggmbh:44,44,5,-1
3,st-josefs-hospital-cloppenburg-ggmbh,st-josefs-hospital-cloppenburg-ggmbh:47,47,1,8
3,st-josefs-hospital-cloppenburg-ggmbh,st-josefs-hospital-cloppenburg-ggmbh:48,48,2,2
15,st-josefs-hospital-cloppenburg-ggmbh,st-josefs-hospital-cloppenburg-ggmbh:49,49,1,6
4,st-josefs-hospital-cloppenburg-ggmbh,st-josefs-hospital-cloppenburg-ggmbh:52,52,1,-1
4,st-josefs-hospital-cloppenburg-ggmbh,st-josefs-hospital-cloppenburg-ggmbh:53,53,4,0
4,st-josefs-hospital-cloppenburg-ggmbh,st-josefs-hospital-cloppenburg-ggmbh:54,54,5,0
7,st-josefs-hospital-cloppenburg-ggmbh,st-josefs-hospital-cloppenburg-ggmbh:55,55,5,11
12,st-josefs-hospital-cloppenburg-ggmbh,st-josefs-hospital-cloppenburg-ggmbh:61,61,1,-1
12,st-josefs-hospital-cloppenburg-ggmbh,st-josefs-hospital-cloppenburg-ggmbh:62,62,1,-1
5,st-josefs-hospital-cloppenburg-ggmbh,st-josefs-hospital-cloppenburg-ggmbh:65,65,5,0
8,st-josefs-hospital-cloppenburg-ggmbh,st-josefs-hospital-cloppenburg-ggmbh:71,71,1,-1
21,st-josefs-hospital-cloppenburg-ggmbh,st-josefs-hospital-cloppenburg-ggmbh:73,73,1,13
4,st-josefs-hospital-cloppenburg-ggmbh,st-josefs-hospital-cloppenburg-ggmbh:74,74,5,6
7,st-josefs-hospital-cloppenburg-ggmbh,st-josefs-hospital-cloppenburg-ggmbh:76,76,1,23
8,st-josefs-hospital-cloppenburg-ggmbh,st-josefs-hospital-cloppenburg-ggmbh:80,80,5,-1
16,st-josefs-hospital-cloppenburg-ggmbh,st-josefs-hospital-cloppenburg-ggmbh:84,84,1,-1
10,st-josefs-hospital-cloppenburg-ggmbh,st-josefs-hospital-cloppenburg-ggmbh:85,85,1,-1
31,st-josefs-hospital-cloppenburg-ggmbh,st-josefs-hospital-cloppenburg-ggmbh:87,87,1,-1
10,st-josefs-hospital-cloppenburg-ggmbh,st-josefs-hospital-cloppenburg-ggmbh:89,89,1,18
16,st-josefs-hospital-cloppenburg-ggmbh,st-josefs-hospital-cloppenburg-ggmbh:90,90,1,8
4,st-josefs-hospital-cloppenburg-ggmbh,st-josefs-hospital-cloppenburg-ggmbh:91,91,2,-1
25,st-josefs-hospital-cloppenburg-ggmbh,st-josefs-hospital-cloppenburg-ggmbh:93,93,1,6
17,st-josefs-hospital-cloppenburg-ggmbh,st-josefs-hospital-cloppenburg-ggmbh:94,94,1,-1
28,st-josefs-hospital-cloppenburg-ggmbh,st-josefs-hospital-cloppenburg-ggmbh:95,95,1,7
23,st-josefs-hospital-cloppenburg-ggmbh,st-josefs-hospital-cloppenburg-ggmbh:96,96,1,-1
14,st-josefs-hospital-cloppenburg-ggmbh,st-josefs-hospital-cloppenburg-ggmbh:97,97,1,1
11,st-josefs-hospital-cloppenburg-ggmbh,st-josefs-hospital-cloppenburg-ggmbh:98,98,1,18
19,st-josefs-hospital-cloppenburg-ggmbh,st-josefs-hospital-cloppenburg-ggmbh:100,100,1,10
9,st-josefs-hospital-cloppenburg-ggmbh,st-josefs-hospital-cloppenburg-ggmbh:105,105,1,3
4,st-josefs-hospital-cloppenburg-ggmbh,st-josefs-hospital-cloppenburg-ggmbh:106,106,1,1
10,st-josefs-hospital-cloppenburg-ggmbh,st-josefs-hospital-cloppenburg-ggmbh:112,112,1,2
13,st-josefs-hospital-cloppenburg-ggmbh,st-josefs-hospital-cloppenburg-ggmbh:113,113,1,-1
15,st-josefs-hospital-cloppenburg-ggmbh,st-josefs-hospital-cloppenburg-ggmbh:115,115,1,7
3,st-josefs-hospital-cloppenburg-ggmbh,st-josefs-hospital-cloppenburg-ggmbh:117,117,5,-1
7,st-josefs-hospital-cloppenburg-ggmbh,st-josefs-hospital-cloppenburg-ggmbh:119,119,5,0
3,st-josefs-hospital-cloppenburg-ggmbh,st-josefs-hospital-cloppenburg-ggmbh:120,120,4,18
8,st-josefs-hospital-cloppenburg-ggmbh,st-josefs-hospital-cloppenburg-ggmbh:121,121,1,17
14,st-josefs-hospital-cloppenburg-ggmbh,st-josefs-hospital-cloppenburg-ggmbh:123,123,1,-1
12,st-josefs-hospital-cloppenburg-ggmbh,st-josefs-hospital-cloppenburg-ggmbh:124,124,1,17
7,st-josefs-hospital-cloppenburg-ggmbh,st-josefs-hospital-cloppenburg-ggmbh:126,126,1,8
8,st-josefs-hospital-cloppenburg-ggmbh,st-josefs-hospital-cloppenburg-ggmbh:129,129,1,-1
18,st-josefs-hospital-cloppenburg-ggmbh,st-josefs-hospital-cloppenburg-ggmbh:130,130,1,18
13,st-josefs-hospital-cloppenburg-ggmbh,st-josefs-hospital-cloppenburg-ggmbh:131,131,1,1
8,st-josefs-hospital-cloppenburg-ggmbh,st-josefs-hospital-cloppenburg-ggmbh:133,133,1,10
12,st-josefs-hospital-cloppenburg-ggmbh,st-josefs-hospital-cloppenburg-ggmbh:134,134,1,-1
4,st-josefs-hospital-cloppenburg-ggmbh,st-josefs-hospital-cloppenburg-ggmbh:137,137,1,-1
21,st-josefs-hospital-cloppenburg-ggmbh,st-josefs-hospital-cloppenburg-ggmbh:140,140,1,7
5,st-josefs-hospital-cloppenburg-ggmbh,st-josefs-hospital-cloppenburg-ggmbh:143,143,5,0
8,st-josefs-hospital-cloppenburg-ggmbh,st-josefs-hospital-cloppenburg-ggmbh:153,153,1,-1
8,st-josefs-hospital-cloppenburg-ggmbh,st-josefs-hospital-cloppenburg-ggmbh:154,154,1,-1
8,st-josefs-hospital-cloppenburg-ggmbh,st-josefs-hospital-cloppenburg-ggmbh:155,155,1,-1
4,st-josefs-hospital-cloppenburg-ggmbh,st-josefs-hospital-cloppenburg-ggmbh:156,156,1,-1
5,st-josefs-hospital-cloppenburg-ggmbh,st-josefs-hospital-cloppenburg-ggmbh:161,161,1,9
10,st-josefs-hospital-cloppenburg-ggmbh,st-josefs-hospital-cloppenburg-ggmbh:166,166,1,-1
8,st-josefs-hospital-cloppenburg-ggmbh,st-josefs-hospital-cloppenburg-ggmbh:167,167,1,9
8,st-josefs-hospital-cloppenburg-ggmbh,st-josefs-hospital-cloppenburg-ggmbh:171,171,1,-1
5,st-josefs-hospital-cloppenburg-ggmbh,st-josefs-hospital-cloppenburg-ggmbh:174,174,1,4
5,st-josefs-hospital-cloppenburg-ggmbh,st-josefs-hospital-cloppenburg-ggmbh:176,176,1,9
8,st-josefs-hospital-cloppenburg-ggmbh,st-josefs-hospital-cloppenburg-ggmbh:184,184,1,-1
5,st-josefs-hospital-cloppenburg-ggmbh,st-josefs-hospital-cloppenburg-ggmbh:191,191,1,3
3,st-josefs-hospital-cloppenburg-ggmbh,st-josefs-hospital-cloppenburg-ggmbh:194,194,1,5
3,st-josefs-hospital-cloppenburg-ggmbh,st-josefs-hospital-cloppenburg-ggmbh:195,195,1,15
5,st-josefs-hospital-cloppenburg-ggmbh,st-josefs-hospital-cloppenburg-ggmbh:201,201,1,-1
13,st-josefs-hospital-cloppenburg-ggmbh,st-josefs-hospital-cloppenburg-ggmbh:204,204,1,14
7,st-josefs-hospital-cloppenburg-ggmbh,st-josefs-hospital-cloppenburg-ggmbh:213,213,1,5
6,st-josefs-hospital-cloppenburg-ggmbh,st-josefs-hospital-cloppenburg-ggmbh:214,214,1,5
5,st-josefs-hospital-cloppenburg-ggmbh,st-josefs-hospital-cloppenburg-ggmbh:216,216,1,5
3,st-marienhospital-vechta-ggmbh,st-marienhospital-vechta-ggmbh:66,66,5,11
3,st-marienhospital-vechta-ggmbh,st-marienhospital-vechta-ggmbh:70,70,1,1
3,st-marienhospital-vechta-ggmbh,st-marienhospital-vechta-ggmbh:72,72,1,-1
4,st-marienhospital-vechta-ggmbh,st-marienhospital-vechta-ggmbh:75,75,1,2
4,st-marienhospital-vechta-ggmbh,st-marienhospital-vechta-ggmbh:76,76,2,12
10,st-marienhospital-vechta-ggmbh,st-marienhospital-vechta-ggmbh:83,83,2,12
10,st-marienhospital-vechta-ggmbh,st-marienhospital-vechta-ggmbh:84,84,1,6
8,st-marienhospital-vechta-ggmbh,st-marienhospital-vechta-ggmbh:89,89,1,-1
5,st-marienhospital-vechta-ggmbh,st-marienhospital-vechta-ggmbh:90,90,1,-1
4,st-marienhospital-vechta-ggmbh,st-marienhospital-vechta-ggmbh:96,96,5,-1
5,st-marienhospital-vechta-ggmbh,st-marienhospital-vechta-ggmbh:97,97,5,0
9,st-marienhospital-vechta-ggmbh,st-marienhospital-vechta-ggmbh:98,98,1,-1
4,st-marienhospital-vechta-ggmbh,st-marienhospital-vechta-ggmbh:99,99,1,-1
8,st-marienhospital-vechta-ggmbh,st-marienhospital-vechta-ggmbh:101,101,1,12
32,st-marienhospital-vechta-ggmbh,st-marienhospital-vechta-ggmbh:102,102,1,-1
8,st-marienhospital-vechta-ggmbh,st-marienhospital-vechta-ggmbh:103,103,1,1
5,st-marienhospital-vechta-ggmbh,st-marienhospital-vechta-ggmbh:104,104,1,12
19,st-marienhospital-vechta-ggmbh,st-marienhospital-vechta-ggmbh:107,107,1,-1
3,st-marienhospital-vechta-ggmbh,st-marienhospital-vechta-ggmbh:109,109,3,-1
12,st-marienhospital-vechta-ggmbh,st-marienhospital-vechta-ggmbh:111,111,1,6
16,st-marienhospital-vechta-ggmbh,st-marienhospital-vechta-ggmbh:113,113,1,-1
5,st-marienhospital-vechta-ggmbh,st-marienhospital-vechta-ggmbh:115,115,1,8
13,st-marienhospital-vechta-ggmbh,st-marienhospital-vechta-ggmbh:116,116,1,9
5,st-marienhospital-vechta-ggmbh,st-marienhospital-vechta-ggmbh:117,117,1,2
20,st-marienhospital-vechta-ggmbh,st-marienhospital-vechta-ggmbh:118,118,1,2
3,st-marienhospital-vechta-ggmbh,st-marienhospital-vechta-ggmbh:119,119,4,3
6,st-marienhospital-vechta-ggmbh,st-marienhospital-vechta-ggmbh:121,121,1,2
5,st-marienhospital-vechta-ggmbh,st-marienhospital-vechta-ggmbh:123,123,1,-1
3,st-marienhospital-vechta-ggmbh,st-marienhospital-vechta-ggmbh:125,125,5,0
3,st-marienhospital-vechta-ggmbh,st-marienhospital-vechta-ggmbh:126,126,1,16
14,st-marienhospital-vechta-ggmbh,st-marienhospital-vechta-ggmbh:127,127,1,10
5,st-marienhospital-vechta-ggmbh,st-marienhospital-vechta-ggmbh:128,128,2,4
6,st-marienhospital-vechta-ggmbh,st-marienhospital-vechta-ggmbh:129,129,5,12
3,st-marienhospital-vechta-ggmbh,st-marienhospital-vechta-ggmbh:130,130,5,0
8,st-marienhospital-vechta-ggmbh,st-marienhospital-vechta-ggmbh:133,133,1,-1
6,st-marienhospital-vechta-ggmbh,st-marienhospital-vechta-ggmbh:134,134,2,-1
13,st-marienhospital-vechta-ggmbh,st-marienhospital-vechta-ggmbh:135,135,1,-1
4,st-marienhospital-vechta-ggmbh,st-marienhospital-vechta-ggmbh:136,136,1,4
10,st-marienhospital-vechta-ggmbh,st-marienhospital-vechta-ggmbh:139,139,1,-1
5,st-marienhospital-vechta-ggmbh,st-marienhospital-vechta-ggmbh:140,140,1,-1
7,st-marienhospital-vechta-ggmbh,st-marienhospital-vechta-ggmbh:141,141,1,1
24,st-marienhospital-vechta-ggmbh,st-marienhospital-vechta-ggmbh:143,143,1,-1
6,st-marienhospital-vechta-ggmbh,st-marienhospital-vechta-ggmbh:150,150,1,4
3,st-marienhospital-vechta-ggmbh,st-marienhospital-vechta-ggmbh:151,151,1,13
9,st-marienhospital-vechta-ggmbh,st-marienhospital-vechta-ggmbh:152,152,1,1
3,st-marienhospital-vechta-ggmbh,st-marienhospital-vechta-ggmbh:153,153,5,22
15,st-marienhospital-vechta-ggmbh,st-marienhospital-vechta-ggmbh:156,156,1,2
9,st-marienhospital-vechta-ggmbh,st-marienhospital-vechta-ggmbh:158,158,1,-1
16,st-marienhospital-vechta-ggmbh,st-marienhospital-vechta-ggmbh:159,159,1,-1
9,st-marienhospital-vechta-ggmbh,st-marienhospital-vechta-ggmbh:161,161,1,2
3,st-marienhospital-vechta-ggmbh,st-marienhospital-vechta-ggmbh:162,162,1,8
3,st-marienhospital-vechta-ggmbh,st-marienhospital-vechta-ggmbh:163,163,1,2
3,st-marienhospital-vechta-ggmbh,st-marienhospital-vechta-ggmbh:164,164,5,0
6,st-marienhospital-vechta-ggmbh,st-marienhospital-vechta-ggmbh:165,165,1,17
22,st-marienhospital-vechta-ggmbh,st-marienhospital-vechta-ggmbh:168,168,1,4
4,st-marienhospital-vechta-ggmbh,st-marienhospital-vechta-ggmbh:169,169,5,2
13,st-marienhospital-vechta-ggmbh,st-marienhospital-vechta-ggmbh:170,170,1,-1
3,st-marienhospital-vechta-ggmbh,st-marienhospital-vechta-ggmbh:172,172,5,0
9,st-marienhospital-vechta-ggmbh,st-marienhospital-vechta-ggmbh:177,177,1,-1
4,st-marienhospital-vechta-ggmbh,st-marienhospital-vechta-ggmbh:179,179,4,0
5,st-marienhospital-vechta-ggmbh,st-marienhospital-vechta-ggmbh:181,181,2,-1
8,st-marienhospital-vechta-ggmbh,st-marienhospital-vechta-ggmbh:183,183,2,-1
4,st-marienhospital-vechta-ggmbh,st-marienhospital-vechta-ggmbh:184,184,1,3
9,st-marienhospital-vechta-ggmbh,st-marienhospital-vechta-ggmbh:186,186,1,4
7,st-marienhospital-vechta-ggmbh,st-marienhospital-vechta-ggmbh:187,187,5,0
10,st-marienhospital-vechta-ggmbh,st-marienhospital-vechta-ggmbh:189,189,1,3
12,st-marienhospital-vechta-ggmbh,st-marienhospital-vechta-ggmbh:191,191,1,15
7,st-marienhospital-vechta-ggmbh,st-marienhospital-vechta-ggmbh:192,192,1,-1
18,st-marienhospital-vechta-ggmbh,st-marienhospital-vechta-ggmbh:193,193,1,-1
3,st-marienhospital-vechta-ggmbh,st-marienhospital-vechta-ggmbh:196,196,5,0
4,st-marienhospital-vechta-ggmbh,st-marienhospital-vechta-ggmbh:197,197,5,-1
4,st-marienhospital-vechta-ggmbh,st-marienhospital-vechta-ggmbh:199,199,1,-1
5,st-marienhospital-vechta-ggmbh,st-marienhospital-vechta-ggmbh:200,200,2,2
4,st-marienhospital-vechta-ggmbh,st-marienhospital-vechta-ggmbh:209,209,1,-1
8,st-marienhospital-vechta-ggmbh,st-marienhospital-vechta-ggmbh:216,216,1,3
4,st-marienhospital-vechta-ggmbh,st-marienhospital-vechta-ggmbh:217,217,1,2
6,st-marienhospital-vechta-ggmbh,st-marienhospital-vechta-ggmbh:223,223,1,2
11,st-marienhospital-vechta-ggmbh,st-marienhospital-vechta-ggmbh:230,230,1,-1
8,st-marienhospital-vechta-ggmbh,st-marienhospital-vechta-ggmbh:231,231,1,18
9,st-marienhospital-vechta-ggmbh,st-marienhospital-vechta-ggmbh:232,232,1,7
4,st-marienhospital-vechta-ggmbh,st-marienhospital-vechta-ggmbh:236,236,1,25
3,st-marienhospital-vechta-ggmbh,st-marienhospital-vechta-ggmbh:249,249,1,0
3,st-marienhospital-vechta-ggmbh,st-marienhospital-vechta-ggmbh:253,253,4,0
9,st-marienhospital-vechta-ggmbh,st-marienhospital-vechta-ggmbh:266,266,1,-1
5,st-marienhospital-vechta-ggmbh,st-marienhospital-vechta-ggmbh:267,267,1,-1
9,st-marienhospital-vechta-ggmbh,st-marienhospital-vechta-ggmbh:268,268,1,3
6,st-marienhospital-vechta-ggmbh,st-marienhospital-vechta-ggmbh:272,272,1,9
3,st-marienhospital-vechta-ggmbh,st-marienhospital-vechta-ggmbh:286,286,4,0
3,st-marienhospital-vechta-ggmbh,st-marienhospital-vechta-ggmbh:292,292,1,-1
7,st-marienhospital-vechta-ggmbh,st-marienhospital-vechta-ggmbh:301,301,1,7
8,st-marienhospital-vechta-ggmbh,st-marienhospital-vechta-ggmbh:309,309,1,-1
5,st-marienhospital-vechta-ggmbh,st-marienhospital-vechta-ggmbh:316,316,1,5
4,st-marienhospital-vechta-ggmbh,st-marienhospital-vechta-ggmbh:323,323,1,25
4,st-marienhospital-vechta-ggmbh,st-marienhospital-vechta-ggmbh:326,326,1,5
4,st-marienhospital-vechta-ggmbh,st-marienhospital-vechta-ggmbh:330,330,1,3
3,st-marienhospital-vechta-ggmbh,st-marienhospital-vechta-ggmbh:343,343,1,5
3,st-marienhospital-vechta-ggmbh,st-marienhospital-vechta-ggmbh:346,346,1,5
7,st-marienhospital-vechta-ggmbh,st-marienhospital-vechta-ggmbh:358,358,1,2
32,staedtisches-klinikum-braunschweig,staedtisches-klinikum-braunschweig:45,45,2,24
27,staedtisches-klinikum-braunschweig,staedtisches-klinikum-braunschweig:68,68,1,-1
8,staedtisches-klinikum-braunschweig,staedtisches-klinikum-braunschweig:91,91,1,-1
6,staedtisches-klinikum-braunschweig,staedtisches-klinikum-braunschweig:95,95,1,-1
8,staedtisches-klinikum-braunschweig,staedtisches-klinikum-braunschweig:96,96,1,-1
15,staedtisches-klinikum-braunschweig,staedtisches-klinikum-braunschweig:102,102,1,-1
4,staedtisches-klinikum-braunschweig,staedtisches-klinikum-braunschweig:105,105,1,1
16,staedtisches-klinikum-braunschweig,staedtisches-klinikum-braunschweig:111,111,1,20
4,staedtisches-klinikum-braunschweig,staedtisches-klinikum-braunschweig:119,119,1,-1
3,staedtisches-klinikum-braunschweig,staedtisches-klinikum-braunschweig:123,123,1,-1
3,staedtisches-klinikum-braunschweig,staedtisches-klinikum-braunschweig:125,125,1,10
6,staedtisches-klinikum-braunschweig,staedtisches-klinikum-braunschweig:129,129,1,-1
3,staedtisches-klinikum-braunschweig,staedtisches-klinikum-braunschweig:130,130,1,15
5,staedtisches-klinikum-braunschweig,staedtisches-klinikum-braunschweig:134,134,1,-1
18,staedtisches-klinikum-braunschweig,staedtisches-klinikum-braunschweig:137,137,1,6
15,staedtisches-klinikum-braunschweig,staedtisches-klinikum-braunschweig:140,140,1,1
7,staedtisches-klinikum-braunschweig,staedtisches-klinikum-braunschweig:142,142,5,-1
13,staedtisches-klinikum-braunschweig,staedtisches-klinikum-braunschweig:143,143,1,9
18,staedtisches-klinikum-braunschweig,staedtisches-klinikum-braunschweig:147,147,1,-1
3,staedtisches-klinikum-braunschweig,staedtisches-klinikum-braunschweig:148,148,1,4
5,staedtisches-klinikum-braunschweig,staedtisches-klinikum-braunschweig:150,150,1,-1
3,staedtisches-klinikum-braunschweig,staedtisches-klinikum-braunschweig:152,152,1,10
6,staedtisches-klinikum-braunschweig,staedtisches-klinikum-braunschweig:153,153,1,4
13,staedtisches-klinikum-braunschweig,staedtisches-klinikum-braunschweig:156,156,5,-1
16,staedtisches-klinikum-braunschweig,staedtisches-klinikum-braunschweig:158,158,1,6
8,staedtisches-klinikum-braunschweig,staedtisches-klinikum-braunschweig:161,161,2,9
8,staedtisches-klinikum-braunschweig,staedtisches-klinikum-braunschweig:162,162,1,10
10,staedtisches-klinikum-braunschweig,staedtisches-klinikum-braunschweig:163,163,1,-1
6,staedtisches-klinikum-braunschweig,staedtisches-klinikum-braunschweig:164,164,1,6
3,staedtisches-klinikum-braunschweig,staedtisches-klinikum-braunschweig:165,165,1,-1
11,staedtisches-klinikum-braunschweig,staedtisches-klinikum-braunschweig:166,166,1,-1
16,staedtisches-klinikum-braunschweig,staedtisches-klinikum-braunschweig:167,167,1,-1
7,staedtisches-klinikum-braunschweig,staedtisches-klinikum-braunschweig:172,172,1,-1
14,staedtisches-klinikum-braunschweig,staedtisches-klinikum-braunschweig:173,173,1,1
14,staedtisches-klinikum-braunschweig,staedtisches-klinikum-braunschweig:175,175,1,-1
10,staedtisches-klinikum-braunschweig,staedtisches-klinikum-braunschweig:177,177,1,3
26,staedtisches-klinikum-braunschweig,staedtisches-klinikum-braunschweig:178,178,1,1
8,staedtisches-klinikum-braunschweig,staedtisches-klinikum-braunschweig:180,180,1,-1
16,staedtisches-klinikum-braunschweig,staedtisches-klinikum-braunschweig:181,181,1,2
4,staedtisches-klinikum-braunschweig,staedtisches-klinikum-braunschweig:182,182,1,15
22,staedtisches-klinikum-braunschweig,staedtisches-klinikum-braunschweig:184,184,1,-1
4,staedtisches-klinikum-braunschweig,staedtisches-klinikum-braunschweig:185,185,1,-1
8,staedtisches-klinikum-braunschweig,staedtisches-klinikum-braunschweig:186,186,1,24
4,staedtisches-klinikum-braunschweig,staedtisches-klinikum-braunschweig:188,188,1,-1
4,staedtisches-klinikum-braunschweig,staedtisches-klinikum-braunschweig:189,189,1,4
16,staedtisches-klinikum-braunschweig,staedtisches-klinikum-braunschweig:190,190,1,1
15,staedtisches-klinikum-braunschweig,staedtisches-klinikum-braunschweig:192,192,1,-1
24,staedtisches-klinikum-braunschweig,staedtisches-klinikum-braunschweig:194,194,1,14
3,staedtisches-klinikum-braunschweig,staedtisches-klinikum-braunschweig:195,195,4,13
7,staedtisches-klinikum-braunschweig,staedtisches-klinikum-braunschweig:197,197,1,-1
5,staedtisches-klinikum-braunschweig,staedtisches-klinikum-braunschweig:198,198,2,-1
4,staedtisches-klinikum-braunschweig,staedtisches-klinikum-braunschweig:199,199,3,13
13,staedtisches-klinikum-braunschweig,staedtisches-klinikum-braunschweig:200,200,1,4
3,staedtisches-klinikum-braunschweig,staedtisches-klinikum-braunschweig:201,201,5,0
4,staedtisches-klinikum-braunschweig,staedtisches-klinikum-braunschweig:202,202,1,15
4,staedtisches-klinikum-braunschweig,staedtisches-klinikum-braunschweig:203,203,5,-1
8,staedtisches-klinikum-braunschweig,staedtisches-klinikum-braunschweig:204,204,1,-1
9,staedtisches-klinikum-braunschweig,staedtisches-klinikum-braunschweig:207,207,5,-1
3,staedtisches-klinikum-braunschweig,staedtisches-klinikum-braunschweig:210,210,1,2
16,staedtisches-klinikum-braunschweig,staedtisches-klinikum-braunschweig:213,213,1,-1
3,staedtisches-klinikum-braunschweig,staedtisches-klinikum-braunschweig:214,214,1,-1
8,staedtisches-klinikum-braunschweig,staedtisches-klinikum-braunschweig:216,216,1,-1
3,staedtisches-klinikum-braunschweig,staedtisches-klinikum-braunschweig:218,218,2,14
14,staedtisches-klinikum-braunschweig,staedtisches-klinikum-braunschweig:219,219,1,-1
13,staedtisches-klinikum-braunschweig,staedtisches-klinikum-braunschweig:220,220,1,-1
11,staedtisches-klinikum-braunschweig,staedtisches-klinikum-braunschweig:222,222,3,-1
23,staedtisches-klinikum-braunschweig,staedtisches-klinikum-braunschweig:224,224,1,22
9,staedtisches-klinikum-braunschweig,staedtisches-klinikum-braunschweig:226,226,1,-1
10,staedtisches-klinikum-braunschweig,staedtisches-klinikum-braunschweig:228,228,1,-1
3,staedtisches-klinikum-braunschweig,staedtisches-klinikum-braunschweig:229,229,1,-1
3,staedtisches-klinikum-braunschweig,staedtisches-klinikum-braunschweig:230,230,5,1
4,staedtisches-klinikum-braunschweig,staedtisches-klinikum-braunschweig:231,231,1,-1
12,staedtisches-klinikum-braunschweig,staedtisches-klinikum-braunschweig:232,232,1,3
8,staedtisches-klinikum-braunschweig,staedtisches-klinikum-braunschweig:235,235,1,1
7,staedtisches-klinikum-braunschweig,staedtisches-klinikum-braunschweig:236,236,1,2
22,staedtisches-klinikum-braunschweig,staedtisches-klinikum-braunschweig:237,237,1,-1
16,staedtisches-klinikum-braunschweig,staedtisches-klinikum-braunschweig:238,238,1,16
15,staedtisches-klinikum-braunschweig,staedtisches-klinikum-braunschweig:239,239,1,8
4,staedtisches-klinikum-braunschweig,staedtisches-klinikum-braunschweig:240,240,5,0
6,staedtisches-klinikum-braunschweig,staedtisches-klinikum-braunschweig:241,241,1,10
13,staedtisches-klinikum-braunschweig,staedtisches-klinikum-braunschweig:242,242,1,-1
9,staedtisches-klinikum-braunschweig,staedtisches-klinikum-braunschweig:243,243,1,8
10,staedtisches-klinikum-braunschweig,staedtisches-klinikum-braunschweig:244,244,1,-1
12,staedtisches-klinikum-braunschweig,staedtisches-klinikum-braunschweig:245,245,1,2
12,staedtisches-klinikum-braunschweig,staedtisches-klinikum-braunschweig:248,248,1,-1
27,staedtisches-klinikum-braunschweig,staedtisches-klinikum-braunschweig:249,249,1,-1
17,staedtisches-klinikum-braunschweig,staedtisches-klinikum-braunschweig:250,250,1,10
3,staedtisches-klinikum-braunschweig,staedtisches-klinikum-braunschweig:251,251,5,-1
18,staedtisches-klinikum-braunschweig,staedtisches-klinikum-braunschweig:253,253,1,-1
18,staedtisches-klinikum-braunschweig,staedtisches-klinikum-braunschweig:254,254,1,2
7,staedtisches-klinikum-braunschweig,staedtisches-klinikum-braunschweig:255,255,1,-1
21,staedtisches-klinikum-braunschweig,staedtisches-klinikum-braunschweig:257,257,1,10
3,staedtisches-klinikum-braunschweig,staedtisches-klinikum-braunschweig:259,259,1,15
9,staedtisches-klinikum-braunschweig,staedtisches-klinikum-braunschweig:260,260,1,6
20,staedtisches-klinikum-braunschweig,staedtisches-klinikum-braunschweig:261,261,1,-1
3,staedtisches-klinikum-braunschweig,staedtisches-klinikum-braunschweig:263,263,5,0
13,staedtisches-klinikum-braunschweig,staedtisches-klinikum-braunschweig:264,264,1,10
7,staedtisches-klinikum-braunschweig,staedtisches-klinikum-braunschweig:265,265,1,-1
11,staedtisches-klinikum-braunschweig,staedtisches-klinikum-braunschweig:266,266,1,13
13,staedtisches-klinikum-braunschweig,staedtisches-klinikum-braunschweig:271,271,1,-1
7,staedtisches-klinikum-braunschweig,staedtisches-klinikum-braunschweig:272,272,5,-1
11,staedtisches-klinikum-braunschweig,staedtisches-klinikum-braunschweig:273,273,1,-1
14,staedtisches-klinikum-braunschweig,staedtisches-klinikum-braunschweig:274,274,1,10
11,staedtisches-klinikum-braunschweig,staedtisches-klinikum-braunschweig:275,275,1,8
6,staedtisches-klinikum-braunschweig,staedtisches-klinikum-braunschweig:276,276,1,9
21,staedtisches-klinikum-braunschweig,staedtisches-klinikum-braunschweig:279,279,1,10
6,staedtisches-klinikum-braunschweig,staedtisches-klinikum-braunschweig:280,280,5,0
8,staedtisches-klinikum-braunschweig,staedtisches-klinikum-braunschweig:282,282,1,2
6,staedtisches-klinikum-braunschweig,staedtisches-klinikum-braunschweig:283,283,1,2
14,staedtisches-klinikum-braunschweig,staedtisches-klinikum-braunschweig:284,284,1,-1
3,staedtisches-klinikum-braunschweig,staedtisches-klinikum-braunschweig:286,286,1,15
13,staedtisches-klinikum-braunschweig,staedtisches-klinikum-braunschweig:289,289,1,2
5,staedtisches-klinikum-braunschweig,staedtisches-klinikum-braunschweig:290,290,5,0
12,staedtisches-klinikum-braunschweig,staedtisches-klinikum-braunschweig:291,291,1,8
12,staedtisches-klinikum-braunschweig,staedtisches-klinikum-braunschweig:293,293,1,7
13,staedtisches-klinikum-braunschweig,staedtisches-klinikum-braunschweig:294,294,1,10
5,staedtisches-klinikum-braunschweig,staedtisches-klinikum-braunschweig:295,295,1,-1
5,staedtisches-klinikum-braunschweig,staedtisches-klinikum-braunschweig:296,296,1,18
9,staedtisches-klinikum-braunschweig,staedtisches-klinikum-braunschweig:299,299,1,3
5,staedtisches-klinikum-braunschweig,staedtisches-klinikum-braunschweig:302,302,1,-1
14,staedtisches-klinikum-braunschweig,staedtisches-klinikum-braunschweig:303,303,1,21
12,staedtisches-klinikum-braunschweig,staedtisches-klinikum-braunschweig:304,304,1,27
11,staedtisches-klinikum-braunschweig,staedtisches-klinikum-braunschweig:307,307,1,-1
19,staedtisches-klinikum-braunschweig,staedtisches-klinikum-braunschweig:309,309,1,-1
5,staedtisches-klinikum-braunschweig,staedtisches-klinikum-braunschweig:310,310,1,-1
8,staedtisches-klinikum-braunschweig,staedtisches-klinikum-braunschweig:311,311,1,24
7,staedtisches-klinikum-braunschweig,staedtisches-klinikum-braunschweig:312,312,1,8
5,staedtisches-klinikum-braunschweig,staedtisches-klinikum-braunschweig:313,313,5,0
15,staedtisches-klinikum-braunschweig,staedtisches-klinikum-braunschweig:314,314,1,-1
6,staedtisches-klinikum-braunschweig,staedtisches-klinikum-braunschweig:318,318,1,-1
8,staedtisches-klinikum-braunschweig,staedtisches-klinikum-braunschweig:322,322,1,-1
3,staedtisches-klinikum-braunschweig,staedtisches-klinikum-braunschweig:323,323,1,-1
8,staedtisches-klinikum-braunschweig,staedtisches-klinikum-braunschweig:327,327,1,-1
13,staedtisches-klinikum-braunschweig,staedtisches-klinikum-braunschweig:328,328,1,10
6,staedtisches-klinikum-braunschweig,staedtisches-klinikum-braunschweig:329,329,1,3
6,staedtisches-klinikum-braunschweig,staedtisches-klinikum-braunschweig:330,330,1,-1
6,staedtisches-klinikum-braunschweig,staedtisches-klinikum-braunschweig:334,334,1,24
6,staedtisches-klinikum-braunschweig,staedtisches-klinikum-braunschweig:337,337,1,-1
14,staedtisches-klinikum-braunschweig,staedtisches-klinikum-braunschweig:338,338,1,2
13,staedtisches-klinikum-braunschweig,staedtisches-klinikum-braunschweig:339,339,1,-1
10,staedtisches-klinikum-braunschweig,staedtisches-klinikum-braunschweig:340,340,1,-1
8,staedtisches-klinikum-braunschweig,staedtisches-klinikum-braunschweig:341,341,1,21
4,staedtisches-klinikum-braunschweig,staedtisches-klinikum-braunschweig:344,344,3,24
5,staedtisches-klinikum-braunschweig,staedtisches-klinikum-braunschweig:348,348,1,2
16,staedtisches-klinikum-braunschweig,staedtisches-klinikum-braunschweig:349,349,1,-1
10,staedtisches-klinikum-braunschweig,staedtisches-klinikum-braunschweig:354,354,1,-1
4,staedtisches-klinikum-braunschweig,staedtisches-klinikum-braunschweig:355,355,4,0
5,staedtisches-klinikum-braunschweig,staedtisches-klinikum-braunschweig:356,356,1,8
4,staedtisches-klinikum-braunschweig,staedtisches-klinikum-braunschweig:357,357,2,17
4,staedtisches-klinikum-braunschweig,staedtisches-klinikum-braunschweig:360,360,1,3
4,staedtisches-klinikum-braunschweig,staedtisches-klinikum-braunschweig:362,362,1,10
6,staedtisches-klinikum-braunschweig,staedtisches-klinikum-braunschweig:364,364,1,-1
4,staedtisches-klinikum-braunschweig,staedtisches-klinikum-braunschweig:365,365,1,15
3,staedtisches-klinikum-braunschweig,staedtisches-klinikum-braunschweig:366,366,5,22
3,staedtisches-klinikum-braunschweig,staedtisches-klinikum-braunschweig:369,369,1,14
4,staedtisches-klinikum-braunschweig,staedtisches-klinikum-braunschweig:372,372,1,4
6,staedtisches-klinikum-braunschweig,staedtisches-klinikum-braunschweig:374,374,1,6
7,staedtisches-klinikum-braunschweig,staedtisches-klinikum-braunschweig:376,376,1,17
4,staedtisches-klinikum-braunschweig,staedtisches-klinikum-braunschweig:377,377,1,8
5,staedtisches-klinikum-braunschweig,staedtisches-klinikum-braunschweig:380,380,1,4
3,staedtisches-klinikum-braunschweig,staedtisches-klinikum-braunschweig:387,387,1,-1
5,staedtisches-klinikum-braunschweig,staedtisches-klinikum-braunschweig:389,389,1,-1
9,staedtisches-klinikum-braunschweig,staedtisches-klinikum-braunschweig:392,392,1,3
6,staedtisches-klinikum-braunschweig,staedtisches-klinikum-braunschweig:393,393,1,7
4,staedtisches-klinikum-braunschweig,staedtisches-klinikum-braunschweig:394,394,1,24
5,staedtisches-klinikum-braunschweig,staedtisches-klinikum-braunschweig:399,399,1,-1
8,staedtisches-klinikum-braunschweig,staedtisches-klinikum-braunschweig:401,401,1,-1
4,staedtisches-klinikum-braunschweig,staedtisches-klinikum-braunschweig:402,402,1,-1
5,staedtisches-klinikum-braunschweig,staedtisches-klinikum-braunschweig:403,403,1,3
5,staedtisches-klinikum-braunschweig,staedtisches-klinikum-braunschweig:404,404,1,7
4,staedtisches-klinikum-braunschweig,staedtisches-klinikum-braunschweig:407,407,1,-1
5,staedtisches-klinikum-braunschweig,staedtisches-klinikum-braunschweig:408,408,1,-1
5,staedtisches-klinikum-braunschweig,staedtisches-klinikum-braunschweig:410,410,1,-1
3,staedtisches-klinikum-braunschweig,staedtisches-klinikum-braunschweig:411,411,1,14
8,staedtisches-klinikum-braunschweig,staedtisches-klinikum-braunschweig:414,414,1,-1
6,staedtisches-klinikum-braunschweig,staedtisches-klinikum-braunschweig:415,415,1,4
3,staedtisches-klinikum-braunschweig,staedtisches-klinikum-braunschweig:423,423,4,0
19,staedtisches-klinikum-braunschweig,staedtisches-klinikum-braunschweig:425,425,1,0
6,staedtisches-klinikum-braunschweig,staedtisches-klinikum-braunschweig:428,428,1,25
7,staedtisches-klinikum-braunschweig,staedtisches-klinikum-braunschweig:429,429,1,5
4,staedtisches-klinikum-braunschweig,staedtisches-klinikum-braunschweig:434,434,1,0
5,staedtisches-klinikum-braunschweig,staedtisches-klinikum-braunschweig:436,436,1,5
6,staedtisches-klinikum-braunschweig,staedtisches-klinikum-braunschweig:438,438,1,7
3,staedtisches-klinikum-braunschweig,staedtisches-klinikum-braunschweig:439,439,1,14
3,staedtisches-klinikum-braunschweig,staedtisches-klinikum-braunschweig:441,441,1,5
4,staedtisches-klinikum-braunschweig,staedtisches-klinikum-braunschweig:442,442,2,7
3,staedtisches-klinikum-braunschweig,staedtisches-klinikum-braunschweig:444,444,1,5
4,staedtisches-klinikum-braunschweig,staedtisches-klinikum-braunschweig:445,445,1,25
3,staedtisches-klinikum-braunschweig,staedtisches-klinikum-braunschweig:446,446,1,5
4,staedtisches-klinikum-braunschweig,staedtisches-klinikum-braunschweig:447,447,1,8
3,staedtisches-klinikum-braunschweig,staedtisches-klinikum-braunschweig:449,449,1,5
3,staedtisches-klinikum-lueneburg-ggmbh,staedtisches-klinikum-lueneburg-ggmbh:30,30,5,0
18,staedtisches-klinikum-lueneburg-ggmbh,staedtisches-klinikum-lueneburg-ggmbh:31,31,1,-1
35,staedtisches-klinikum-lueneburg-ggmbh,staedtisches-klinikum-lueneburg-ggmbh:50,50,1,2
8,staedtisches-klinikum-lueneburg-ggmbh,staedtisches-klinikum-lueneburg-ggmbh:59,59,1,10
3,staedtisches-klinikum-lueneburg-ggmbh,staedtisches-klinikum-lueneburg-ggmbh:64,64,5,0
3,staedtisches-klinikum-lueneburg-ggmbh,staedtisches-klinikum-lueneburg-ggmbh:69,69,5,-1
9,staedtisches-klinikum-lueneburg-ggmbh,staedtisches-klinikum-lueneburg-ggmbh:73,73,2,-1
11,staedtisches-klinikum-lueneburg-ggmbh,staedtisches-klinikum-lueneburg-ggmbh:89,89,1,-1
5,staedtisches-klinikum-lueneburg-ggmbh,staedtisches-klinikum-lueneburg-ggmbh:95,95,1,12
4,staedtisches-klinikum-lueneburg-ggmbh,staedtisches-klinikum-lueneburg-ggmbh:100,100,5,0
4,staedtisches-klinikum-lueneburg-ggmbh,staedtisches-klinikum-lueneburg-ggmbh:102,102,5,11
4,staedtisches-klinikum-lueneburg-ggmbh,staedtisches-klinikum-lueneburg-ggmbh:105,105,2,-1
3,staedtisches-klinikum-lueneburg-ggmbh,staedtisches-klinikum-lueneburg-ggmbh:106,106,4,2
4,staedtisches-klinikum-lueneburg-ggmbh,staedtisches-klinikum-lueneburg-ggmbh:107,107,5,-1
5,staedtisches-klinikum-lueneburg-ggmbh,staedtisches-klinikum-lueneburg-ggmbh:109,109,1,10
4,staedtisches-klinikum-lueneburg-ggmbh,staedtisches-klinikum-lueneburg-ggmbh:111,111,1,6
5,staedtisches-klinikum-lueneburg-ggmbh,staedtisches-klinikum-lueneburg-ggmbh:119,119,5,-1
4,staedtisches-klinikum-lueneburg-ggmbh,staedtisches-klinikum-lueneburg-ggmbh:121,121,5,0
5,staedtisches-klinikum-lueneburg-ggmbh,staedtisches-klinikum-lueneburg-ggmbh:122,122,1,-1
3,staedtisches-klinikum-lueneburg-ggmbh,staedtisches-klinikum-lueneburg-ggmbh:125,125,5,0
13,staedtisches-klinikum-lueneburg-ggmbh,staedtisches-klinikum-lueneburg-ggmbh:128,128,1,-1
5,staedtisches-klinikum-lueneburg-ggmbh,staedtisches-klinikum-lueneburg-ggmbh:129,129,2,2
3,staedtisches-klinikum-lueneburg-ggmbh,staedtisches-klinikum-lueneburg-ggmbh:130,130,5,-1
21,staedtisches-klinikum-lueneburg-ggmbh,staedtisches-klinikum-lueneburg-ggmbh:133,133,1,1
3,staedtisches-klinikum-lueneburg-ggmbh,staedtisches-klinikum-lueneburg-ggmbh:134,134,1,-1
3,staedtisches-klinikum-lueneburg-ggmbh,staedtisches-klinikum-lueneburg-ggmbh:136,136,4,17
3,staedtisches-klinikum-lueneburg-ggmbh,staedtisches-klinikum-lueneburg-ggmbh:138,138,5,0
5,staedtisches-klinikum-lueneburg-ggmbh,staedtisches-klinikum-lueneburg-ggmbh:140,140,1,9
3,staedtisches-klinikum-lueneburg-ggmbh,staedtisches-klinikum-lueneburg-ggmbh:142,142,4,11
19,staedtisches-klinikum-lueneburg-ggmbh,staedtisches-klinikum-lueneburg-ggmbh:144,144,1,2
8,staedtisches-klinikum-lueneburg-ggmbh,staedtisches-klinikum-lueneburg-ggmbh:147,147,5,-1
4,staedtisches-klinikum-lueneburg-ggmbh,staedtisches-klinikum-lueneburg-ggmbh:149,149,5,0
3,staedtisches-klinikum-lueneburg-ggmbh,staedtisches-klinikum-lueneburg-ggmbh:151,151,5,0
3,staedtisches-klinikum-lueneburg-ggmbh,staedtisches-klinikum-lueneburg-ggmbh:152,152,1,9
3,staedtisches-klinikum-lueneburg-ggmbh,staedtisches-klinikum-lueneburg-ggmbh:153,153,1,2
5,staedtisches-klinikum-lueneburg-ggmbh,staedtisches-klinikum-lueneburg-ggmbh:158,158,1,2
5,staedtisches-klinikum-lueneburg-ggmbh,staedtisches-klinikum-lueneburg-ggmbh:159,159,1,12
3,staedtisches-klinikum-lueneburg-ggmbh,staedtisches-klinikum-lueneburg-ggmbh:160,160,1,-1
3,staedtisches-klinikum-lueneburg-ggmbh,staedtisches-klinikum-lueneburg-ggmbh:161,161,2,-1
23,staedtisches-klinikum-lueneburg-ggmbh,staedtisches-klinikum-lueneburg-ggmbh:164,164,4,9
7,staedtisches-klinikum-lueneburg-ggmbh,staedtisches-klinikum-lueneburg-ggmbh:166,166,1,-1
3,staedtisches-klinikum-lueneburg-ggmbh,staedtisches-klinikum-lueneburg-ggmbh:167,167,1,-1
6,staedtisches-klinikum-lueneburg-ggmbh,staedtisches-klinikum-lueneburg-ggmbh:169,169,1,10
6,staedtisches-klinikum-lueneburg-ggmbh,staedtisches-klinikum-lueneburg-ggmbh:170,170,1,17
9,staedtisches-klinikum-lueneburg-ggmbh,staedtisches-klinikum-lueneburg-ggmbh:171,171,1,2
10,staedtisches-klinikum-lueneburg-ggmbh,staedtisches-klinikum-lueneburg-ggmbh:172,172,1,2
6,staedtisches-klinikum-lueneburg-ggmbh,staedtisches-klinikum-lueneburg-ggmbh:173,173,1,-1
4,staedtisches-klinikum-lueneburg-ggmbh,staedtisches-klinikum-lueneburg-ggmbh:174,174,5,-1
3,staedtisches-klinikum-lueneburg-ggmbh,staedtisches-klinikum-lueneburg-ggmbh:175,175,5,-1
4,staedtisches-klinikum-lueneburg-ggmbh,staedtisches-klinikum-lueneburg-ggmbh:176,176,1,-1
10,staedtisches-klinikum-lueneburg-ggmbh,staedtisches-klinikum-lueneburg-ggmbh:177,177,5,11
4,staedtisches-klinikum-lueneburg-ggmbh,staedtisches-klinikum-lueneburg-ggmbh:178,178,5,12
19,staedtisches-klinikum-lueneburg-ggmbh,staedtisches-klinikum-lueneburg-ggmbh:179,179,1,-1
5,staedtisches-klinikum-lueneburg-ggmbh,staedtisches-klinikum-lueneburg-ggmbh:180,180,1,2
4,staedtisches-klinikum-lueneburg-ggmbh,staedtisches-klinikum-lueneburg-ggmbh:182,182,4,-1
15,staedtisches-klinikum-lueneburg-ggmbh,staedtisches-klinikum-lueneburg-ggmbh:183,183,1,7
5,staedtisches-klinikum-lueneburg-ggmbh,staedtisches-klinikum-lueneburg-ggmbh:184,184,2,6
7,staedtisches-klinikum-lueneburg-ggmbh,staedtisches-klinikum-lueneburg-ggmbh:185,185,1,-1
4,staedtisches-klinikum-lueneburg-ggmbh,staedtisches-klinikum-lueneburg-ggmbh:186,186,5,12
5,staedtisches-klinikum-lueneburg-ggmbh,staedtisches-klinikum-lueneburg-ggmbh:192,192,2,2
7,staedtisches-klinikum-lueneburg-ggmbh,staedtisches-klinikum-lueneburg-ggmbh:193,193,1,2
8,staedtisches-klinikum-lueneburg-ggmbh,staedtisches-klinikum-lueneburg-ggmbh:195,195,2,-1
3,staedtisches-klinikum-lueneburg-ggmbh,staedtisches-klinikum-lueneburg-ggmbh:196,196,4,15
21,staedtisches-klinikum-lueneburg-ggmbh,staedtisches-klinikum-lueneburg-ggmbh:198,198,1,9
6,staedtisches-klinikum-lueneburg-ggmbh,staedtisches-klinikum-lueneburg-ggmbh:200,200,1,-1
5,staedtisches-klinikum-lueneburg-ggmbh,staedtisches-klinikum-lueneburg-ggmbh:201,201,1,-1
25,staedtisches-klinikum-lueneburg-ggmbh,staedtisches-klinikum-lueneburg-ggmbh:203,203,1,13
3,staedtisches-klinikum-lueneburg-ggmbh,staedtisches-klinikum-lueneburg-ggmbh:205,205,1,9
6,staedtisches-klinikum-lueneburg-ggmbh,staedtisches-klinikum-lueneburg-ggmbh:206,206,1,-1
5,staedtisches-klinikum-lueneburg-ggmbh,staedtisches-klinikum-lueneburg-ggmbh:208,208,1,2
10,staedtisches-klinikum-lueneburg-ggmbh,staedtisches-klinikum-lueneburg-ggmbh:209,209,2,13
3,staedtisches-klinikum-lueneburg-ggmbh,staedtisches-klinikum-lueneburg-ggmbh:213,213,1,6
6,staedtisches-klinikum-lueneburg-ggmbh,staedtisches-klinikum-lueneburg-ggmbh:214,214,5,11
8,staedtisches-klinikum-lueneburg-ggmbh,staedtisches-klinikum-lueneburg-ggmbh:216,216,3,-1
5,staedtisches-klinikum-lueneburg-ggmbh,staedtisches-klinikum-lueneburg-ggmbh:217,217,5,-1
16,staedtisches-klinikum-lueneburg-ggmbh,staedtisches-klinikum-lueneburg-ggmbh:219,219,1,-1
6,staedtisches-klinikum-lueneburg-ggmbh,staedtisches-klinikum-lueneburg-ggmbh:220,220,1,-1
12,staedtisches-klinikum-lueneburg-ggmbh,staedtisches-klinikum-lueneburg-ggmbh:221,221,1,-1
3,staedtisches-klinikum-lueneburg-ggmbh,staedtisches-klinikum-lueneburg-ggmbh:222,222,1,2
11,staedtisches-klinikum-lueneburg-ggmbh,staedtisches-klinikum-lueneburg-ggmbh:224,224,1,1
6,staedtisches-klinikum-lueneburg-ggmbh,staedtisches-klinikum-lueneburg-ggmbh:225,225,1,9
20,staedtisches-klinikum-lueneburg-ggmbh,staedtisches-klinikum-lueneburg-ggmbh:228,228,1,2
13,staedtisches-klinikum-lueneburg-ggmbh,staedtisches-klinikum-lueneburg-ggmbh:229,229,1,5
5,staedtisches-klinikum-lueneburg-ggmbh,staedtisches-klinikum-lueneburg-ggmbh:232,232,4,-1
3,staedtisches-klinikum-lueneburg-ggmbh,staedtisches-klinikum-lueneburg-ggmbh:234,234,5,-1
25,staedtisches-klinikum-lueneburg-ggmbh,staedtisches-klinikum-lueneburg-ggmbh:235,235,1,14
16,staedtisches-klinikum-lueneburg-ggmbh,staedtisches-klinikum-lueneburg-ggmbh:236,236,1,1
9,staedtisches-klinikum-lueneburg-ggmbh,staedtisches-klinikum-lueneburg-ggmbh:237,237,1,-1
3,staedtisches-klinikum-lueneburg-ggmbh,staedtisches-klinikum-lueneburg-ggmbh:238,238,5,11
9,staedtisches-klinikum-lueneburg-ggmbh,staedtisches-klinikum-lueneburg-ggmbh:240,240,2,-1
16,staedtisches-klinikum-lueneburg-ggmbh,staedtisches-klinikum-lueneburg-ggmbh:241,241,1,2
5,staedtisches-klinikum-lueneburg-ggmbh,staedtisches-klinikum-lueneburg-ggmbh:244,244,5,-1
19,staedtisches-klinikum-lueneburg-ggmbh,staedtisches-klinikum-lueneburg-ggmbh:245,245,1,2
7,staedtisches-klinikum-lueneburg-ggmbh,staedtisches-klinikum-lueneburg-ggmbh:246,246,2,2
20,staedtisches-klinikum-lueneburg-ggmbh,staedtisches-klinikum-lueneburg-ggmbh:247,247,1,-1
13,staedtisches-klinikum-lueneburg-ggmbh,staedtisches-klinikum-lueneburg-ggmbh:252,252,1,9
23,staedtisches-klinikum-lueneburg-ggmbh,staedtisches-klinikum-lueneburg-ggmbh:253,253,1,2
8,staedtisches-klinikum-lueneburg-ggmbh,staedtisches-klinikum-lueneburg-ggmbh:254,254,1,3
13,staedtisches-klinikum-lueneburg-ggmbh,staedtisches-klinikum-lueneburg-ggmbh:257,257,1,4
3,staedtisches-klinikum-lueneburg-ggmbh,staedtisches-klinikum-lueneburg-ggmbh:258,258,5,2
6,staedtisches-klinikum-lueneburg-ggmbh,staedtisches-klinikum-lueneburg-ggmbh:259,259,3,1
13,staedtisches-klinikum-lueneburg-ggmbh,staedtisches-klinikum-lueneburg-ggmbh:261,261,1,1
15,staedtisches-klinikum-lueneburg-ggmbh,staedtisches-klinikum-lueneburg-ggmbh:262,262,1,6
9,staedtisches-klinikum-lueneburg-ggmbh,staedtisches-klinikum-lueneburg-ggmbh:264,264,1,12
16,staedtisches-klinikum-lueneburg-ggmbh,staedtisches-klinikum-lueneburg-ggmbh:265,265,1,-1
4,staedtisches-klinikum-lueneburg-ggmbh,staedtisches-klinikum-lueneburg-ggmbh:267,267,3,2
16,staedtisches-klinikum-lueneburg-ggmbh,staedtisches-klinikum-lueneburg-ggmbh:269,269,1,6
3,staedtisches-klinikum-lueneburg-ggmbh,staedtisches-klinikum-lueneburg-ggmbh:272,272,5,-1
5,staedtisches-klinikum-lueneburg-ggmbh,staedtisches-klinikum-lueneburg-ggmbh:275,275,3,16
3,staedtisches-klinikum-lueneburg-ggmbh,staedtisches-klinikum-lueneburg-ggmbh:280,280,5,-1
10,staedtisches-klinikum-lueneburg-ggmbh,staedtisches-klinikum-lueneburg-ggmbh:284,284,1,-1
4,staedtisches-klinikum-lueneburg-ggmbh,staedtisches-klinikum-lueneburg-ggmbh:286,286,2,-1
4,staedtisches-klinikum-lueneburg-ggmbh,staedtisches-klinikum-lueneburg-ggmbh:287,287,1,1
13,staedtisches-klinikum-lueneburg-ggmbh,staedtisches-klinikum-lueneburg-ggmbh:289,289,1,1
4,staedtisches-klinikum-lueneburg-ggmbh,staedtisches-klinikum-lueneburg-ggmbh:290,290,1,12
21,staedtisches-klinikum-lueneburg-ggmbh,staedtisches-klinikum-lueneburg-ggmbh:291,291,1,4
15,staedtisches-klinikum-lueneburg-ggmbh,staedtisches-klinikum-lueneburg-ggmbh:292,292,1,7
10,staedtisches-klinikum-lueneburg-ggmbh,staedtisches-klinikum-lueneburg-ggmbh:293,293,1,2
3,staedtisches-klinikum-lueneburg-ggmbh,staedtisches-klinikum-lueneburg-ggmbh:294,294,1,-1
9,staedtisches-klinikum-lueneburg-ggmbh,staedtisches-klinikum-lueneburg-ggmbh:298,298,1,-1
8,staedtisches-klinikum-lueneburg-ggmbh,staedtisches-klinikum-lueneburg-ggmbh:299,299,2,-1
11,staedtisches-klinikum-lueneburg-ggmbh,staedtisches-klinikum-lueneburg-ggmbh:300,300,1,-1
8,staedtisches-klinikum-lueneburg-ggmbh,staedtisches-klinikum-lueneburg-ggmbh:303,303,1,-1
3,staedtisches-klinikum-lueneburg-ggmbh,staedtisches-klinikum-lueneburg-ggmbh:305,305,5,-1
9,staedtisches-klinikum-lueneburg-ggmbh,staedtisches-klinikum-lueneburg-ggmbh:308,308,1,-1
5,staedtisches-klinikum-lueneburg-ggmbh,staedtisches-klinikum-lueneburg-ggmbh:313,313,5,-1
3,staedtisches-klinikum-lueneburg-ggmbh,staedtisches-klinikum-lueneburg-ggmbh:318,318,5,-1
8,staedtisches-klinikum-lueneburg-ggmbh,staedtisches-klinikum-lueneburg-ggmbh:320,320,1,-1
5,staedtisches-klinikum-lueneburg-ggmbh,staedtisches-klinikum-lueneburg-ggmbh:321,321,5,-1
9,staedtisches-klinikum-lueneburg-ggmbh,staedtisches-klinikum-lueneburg-ggmbh:329,329,1,-1
3,staedtisches-klinikum-lueneburg-ggmbh,staedtisches-klinikum-lueneburg-ggmbh:342,342,5,0
8,staedtisches-klinikum-lueneburg-ggmbh,staedtisches-klinikum-lueneburg-ggmbh:343,343,1,5
4,staedtisches-klinikum-lueneburg-ggmbh,staedtisches-klinikum-lueneburg-ggmbh:344,344,5,-1
4,staedtisches-klinikum-lueneburg-ggmbh,staedtisches-klinikum-lueneburg-ggmbh:347,347,5,0
17,staedtisches-klinikum-lueneburg-ggmbh,staedtisches-klinikum-lueneburg-ggmbh:349,349,1,24
5,staedtisches-klinikum-lueneburg-ggmbh,staedtisches-klinikum-lueneburg-ggmbh:351,351,1,9
3,staedtisches-klinikum-lueneburg-ggmbh,staedtisches-klinikum-lueneburg-ggmbh:355,355,2,-1
3,staedtisches-klinikum-lueneburg-ggmbh,staedtisches-klinikum-lueneburg-ggmbh:358,358,5,5
9,staedtisches-klinikum-lueneburg-ggmbh,staedtisches-klinikum-lueneburg-ggmbh:359,359,1,1
10,staedtisches-klinikum-lueneburg-ggmbh,staedtisches-klinikum-lueneburg-ggmbh:364,364,1,1
4,staedtisches-klinikum-lueneburg-ggmbh,staedtisches-klinikum-lueneburg-ggmbh:368,368,1,-1
3,staedtisches-klinikum-lueneburg-ggmbh,staedtisches-klinikum-lueneburg-ggmbh:375,375,1,4
9,staedtisches-klinikum-lueneburg-ggmbh,staedtisches-klinikum-lueneburg-ggmbh:376,376,1,-1
8,staedtisches-klinikum-lueneburg-ggmbh,staedtisches-klinikum-lueneburg-ggmbh:381,381,1,-1
7,staedtisches-klinikum-lueneburg-ggmbh,staedtisches-klinikum-lueneburg-ggmbh:382,382,1,-1
4,staedtisches-klinikum-lueneburg-ggmbh,staedtisches-klinikum-lueneburg-ggmbh:387,387,1,20
5,staedtisches-klinikum-lueneburg-ggmbh,staedtisches-klinikum-lueneburg-ggmbh:388,388,1,7
3,staedtisches-klinikum-lueneburg-ggmbh,staedtisches-klinikum-lueneburg-ggmbh:391,391,1,-1
4,staedtisches-klinikum-lueneburg-ggmbh,staedtisches-klinikum-lueneburg-ggmbh:392,392,2,-1
3,staedtisches-klinikum-lueneburg-ggmbh,staedtisches-klinikum-lueneburg-ggmbh:394,394,5,-1
9,staedtisches-klinikum-lueneburg-ggmbh,staedtisches-klinikum-lueneburg-ggmbh:397,397,1,-1
3,staedtisches-klinikum-lueneburg-ggmbh,staedtisches-klinikum-lueneburg-ggmbh:401,401,5,-1
9,staedtisches-klinikum-lueneburg-ggmbh,staedtisches-klinikum-lueneburg-ggmbh:402,402,1,-1
3,staedtisches-klinikum-lueneburg-ggmbh,staedtisches-klinikum-lueneburg-ggmbh:413,413,1,7
3,staedtisches-klinikum-lueneburg-ggmbh,staedtisches-klinikum-lueneburg-ggmbh:414,414,5,5
11,staedtisches-klinikum-lueneburg-ggmbh,staedtisches-klinikum-lueneburg-ggmbh:418,418,1,3
8,staedtisches-klinikum-lueneburg-ggmbh,staedtisches-klinikum-lueneburg-ggmbh:421,421,1,-1
18,staedtisches-klinikum-lueneburg-ggmbh,staedtisches-klinikum-lueneburg-ggmbh:423,423,1,-1
3,staedtisches-klinikum-lueneburg-ggmbh,staedtisches-klinikum-lueneburg-ggmbh:424,424,1,-1
9,staedtisches-klinikum-lueneburg-ggmbh,staedtisches-klinikum-lueneburg-ggmbh:425,425,1,-1
7,staedtisches-klinikum-lueneburg-ggmbh,staedtisches-klinikum-lueneburg-ggmbh:429,429,2,4
4,staedtisches-klinikum-lueneburg-ggmbh,staedtisches-klinikum-lueneburg-ggmbh:435,435,5,-1
5,staedtisches-klinikum-lueneburg-ggmbh,staedtisches-klinikum-lueneburg-ggmbh:439,439,5,8
3,staedtisches-klinikum-lueneburg-ggmbh,staedtisches-klinikum-lueneburg-ggmbh:446,446,1,5
3,staedtisches-klinikum-lueneburg-ggmbh,staedtisches-klinikum-lueneburg-ggmbh:448,448,1,-1
6,staedtisches-klinikum-lueneburg-ggmbh,staedtisches-klinikum-lueneburg-ggmbh:449,449,2,13
3,staedtisches-klinikum-lueneburg-ggmbh,staedtisches-klinikum-lueneburg-ggmbh:455,455,1,-1
8,staedtisches-klinikum-lueneburg-ggmbh,staedtisches-klinikum-lueneburg-ggmbh:462,462,1,-1
6,staedtisches-klinikum-lueneburg-ggmbh,staedtisches-klinikum-lueneburg-ggmbh:468,468,1,7
8,staedtisches-klinikum-lueneburg-ggmbh,staedtisches-klinikum-lueneburg-ggmbh:475,475,1,8
3,staedtisches-klinikum-lueneburg-ggmbh,staedtisches-klinikum-lueneburg-ggmbh:479,479,1,5
9,staedtisches-klinikum-lueneburg-ggmbh,staedtisches-klinikum-lueneburg-ggmbh:482,482,1,7
8,staedtisches-klinikum-lueneburg-ggmbh,staedtisches-klinikum-lueneburg-ggmbh:496,496,1,5
6,staedtisches-klinikum-lueneburg-ggmbh,staedtisches-klinikum-lueneburg-ggmbh:509,509,1,5
8,staedtisches-klinikum-lueneburg-ggmbh,staedtisches-klinikum-lueneburg-ggmbh:515,515,1,7
6,staedtisches-klinikum-lueneburg-ggmbh,staedtisches-klinikum-lueneburg-ggmbh:521,521,1,5
4,staedtisches-klinikum-lueneburg-ggmbh,staedtisches-klinikum-lueneburg-ggmbh:550,550,5,1
4,staedtisches-klinikum-wolfenbuettel-ggmbh,staedtisches-klinikum-wolfenbuettel-ggmbh:49,49,5,-1
3,staedtisches-klinikum-wolfenbuettel-ggmbh,staedtisches-klinikum-wolfenbuettel-ggmbh:67,67,1,-1
4,staedtisches-klinikum-wolfenbuettel-ggmbh,staedtisches-klinikum-wolfenbuettel-ggmbh:73,73,1,16
3,staedtisches-klinikum-wolfenbuettel-ggmbh,staedtisches-klinikum-wolfenbuettel-ggmbh:77,77,5,0
7,staedtisches-klinikum-wolfenbuettel-ggmbh,staedtisches-klinikum-wolfenbuettel-ggmbh:96,96,5,0
3,staedtisches-klinikum-wolfenbuettel-ggmbh,staedtisches-klinikum-wolfenbuettel-ggmbh:97,97,2,-1
12,staedtisches-klinikum-wolfenbuettel-ggmbh,staedtisches-klinikum-wolfenbuettel-ggmbh:107,107,5,8
3,staedtisches-klinikum-wolfenbuettel-ggmbh,staedtisches-klinikum-wolfenbuettel-ggmbh:114,114,5,2
4,staedtisches-klinikum-wolfenbuettel-ggmbh,staedtisches-klinikum-wolfenbuettel-ggmbh:120,120,5,0
6,staedtisches-klinikum-wolfenbuettel-ggmbh,staedtisches-klinikum-wolfenbuettel-ggmbh:122,122,5,12
10,staedtisches-klinikum-wolfenbuettel-ggmbh,staedtisches-klinikum-wolfenbuettel-ggmbh:133,133,1,-1
3,staedtisches-klinikum-wolfenbuettel-ggmbh,staedtisches-klinikum-wolfenbuettel-ggmbh:137,137,1,-1
3,staedtisches-klinikum-wolfenbuettel-ggmbh,staedtisches-klinikum-wolfenbuettel-ggmbh:138,138,4,-1
7,staedtisches-klinikum-wolfenbuettel-ggmbh,staedtisches-klinikum-wolfenbuettel-ggmbh:142,142,2,-1
6,staedtisches-klinikum-wolfenbuettel-ggmbh,staedtisches-klinikum-wolfenbuettel-ggmbh:143,143,3,1
3,staedtisches-klinikum-wolfenbuettel-ggmbh,staedtisches-klinikum-wolfenbuettel-ggmbh:145,145,5,13
3,staedtisches-klinikum-wolfenbuettel-ggmbh,staedtisches-klinikum-wolfenbuettel-ggmbh:149,149,1,-1
3,staedtisches-klinikum-wolfenbuettel-ggmbh,staedtisches-klinikum-wolfenbuettel-ggmbh:150,150,5,0
8,staedtisches-klinikum-wolfenbuettel-ggmbh,staedtisches-klinikum-wolfenbuettel-ggmbh:156,156,5,-1
8,staedtisches-klinikum-wolfenbuettel-ggmbh,staedtisches-klinikum-wolfenbuettel-ggmbh:157,157,1,9
7,staedtisches-klinikum-wolfenbuettel-ggmbh,staedtisches-klinikum-wolfenbuettel-ggmbh:158,158,1,1
5,staedtisches-klinikum-wolfenbuettel-ggmbh,staedtisches-klinikum-wolfenbuettel-ggmbh:161,161,5,0
6,staedtisches-klinikum-wolfenbuettel-ggmbh,staedtisches-klinikum-wolfenbuettel-ggmbh:162,162,5,-1
10,staedtisches-klinikum-wolfenbuettel-ggmbh,staedtisches-klinikum-wolfenbuettel-ggmbh:163,163,1,12
13,staedtisches-klinikum-wolfenbuettel-ggmbh,staedtisches-klinikum-wolfenbuettel-ggmbh:168,168,1,19
13,staedtisches-klinikum-wolfenbuettel-ggmbh,staedtisches-klinikum-wolfenbuettel-ggmbh:169,169,1,-1
22,staedtisches-klinikum-wolfenbuettel-ggmbh,staedtisches-klinikum-wolfenbuettel-ggmbh:170,170,1,-1
7,staedtisches-klinikum-wolfenbuettel-ggmbh,staedtisches-klinikum-wolfenbuettel-ggmbh:172,172,1,-1
10,staedtisches-klinikum-wolfenbuettel-ggmbh,staedtisches-klinikum-wolfenbuettel-ggmbh:175,175,1,6
4,staedtisches-klinikum-wolfenbuettel-ggmbh,staedtisches-klinikum-wolfenbuettel-ggmbh:177,177,1,-1
16,staedtisches-klinikum-wolfenbuettel-ggmbh,staedtisches-klinikum-wolfenbuettel-ggmbh:178,178,1,6
4,staedtisches-klinikum-wolfenbuettel-ggmbh,staedtisches-klinikum-wolfenbuettel-ggmbh:179,179,1,-1
10,staedtisches-klinikum-wolfenbuettel-ggmbh,staedtisches-klinikum-wolfenbuettel-ggmbh:180,180,1,25
4,staedtisches-klinikum-wolfenbuettel-ggmbh,staedtisches-klinikum-wolfenbuettel-ggmbh:188,188,2,-1
5,staedtisches-klinikum-wolfenbuettel-ggmbh,staedtisches-klinikum-wolfenbuettel-ggmbh:189,189,1,-1
5,staedtisches-klinikum-wolfenbuettel-ggmbh,staedtisches-klinikum-wolfenbuettel-ggmbh:190,190,1,-1
6,staedtisches-klinikum-wolfenbuettel-ggmbh,staedtisches-klinikum-wolfenbuettel-ggmbh:191,191,1,-1
8,staedtisches-klinikum-wolfenbuettel-ggmbh,staedtisches-klinikum-wolfenbuettel-ggmbh:193,193,1,-1
3,staedtisches-klinikum-wolfenbuettel-ggmbh,staedtisches-klinikum-wolfenbuettel-ggmbh:199,199,1,1
16,staedtisches-klinikum-wolfenbuettel-ggmbh,staedtisches-klinikum-wolfenbuettel-ggmbh:204,204,1,-1
6,staedtisches-klinikum-wolfenbuettel-ggmbh,staedtisches-klinikum-wolfenbuettel-ggmbh:207,207,1,17
6,staedtisches-klinikum-wolfenbuettel-ggmbh,staedtisches-klinikum-wolfenbuettel-ggmbh:208,208,1,1
10,staedtisches-klinikum-wolfenbuettel-ggmbh,staedtisches-klinikum-wolfenbuettel-ggmbh:210,210,1,-1
4,staedtisches-klinikum-wolfenbuettel-ggmbh,staedtisches-klinikum-wolfenbuettel-ggmbh:212,212,3,15
8,staedtisches-klinikum-wolfenbuettel-ggmbh,staedtisches-klinikum-wolfenbuettel-ggmbh:213,213,1,10
8,staedtisches-klinikum-wolfenbuettel-ggmbh,staedtisches-klinikum-wolfenbuettel-ggmbh:215,215,1,8
10,staedtisches-klinikum-wolfenbuettel-ggmbh,staedtisches-klinikum-wolfenbuettel-ggmbh:218,218,1,-1
5,staedtisches-klinikum-wolfenbuettel-ggmbh,staedtisches-klinikum-wolfenbuettel-ggmbh:220,220,1,-1
4,staedtisches-klinikum-wolfenbuettel-ggmbh,staedtisches-klinikum-wolfenbuettel-ggmbh:228,228,1,-1
3,staedtisches-klinikum-wolfenbuettel-ggmbh,staedtisches-klinikum-wolfenbuettel-ggmbh:241,241,2,16
5,staedtisches-klinikum-wolfenbuettel-ggmbh,staedtisches-klinikum-wolfenbuettel-ggmbh:242,242,5,0
6,staedtisches-klinikum-wolfenbuettel-ggmbh,staedtisches-klinikum-wolfenbuettel-ggmbh:243,243,2,21
3,staedtisches-klinikum-wolfenbuettel-ggmbh,staedtisches-klinikum-wolfenbuettel-ggmbh:247,247,1,-1
4,staedtisches-klinikum-wolfenbuettel-ggmbh,staedtisches-klinikum-wolfenbuettel-ggmbh:251,251,1,-1
4,staedtisches-klinikum-wolfenbuettel-ggmbh,staedtisches-klinikum-wolfenbuettel-ggmbh:256,256,1,27
3,staedtisches-klinikum-wolfenbuettel-ggmbh,staedtisches-klinikum-wolfenbuettel-ggmbh:262,262,1,1
5,staedtisches-klinikum-wolfenbuettel-ggmbh,staedtisches-klinikum-wolfenbuettel-ggmbh:263,263,1,3
4,staedtisches-klinikum-wolfenbuettel-ggmbh,staedtisches-klinikum-wolfenbuettel-ggmbh:264,264,1,3
5,staedtisches-klinikum-wolfenbuettel-ggmbh,staedtisches-klinikum-wolfenbuettel-ggmbh:268,268,1,-1
4,staedtisches-klinikum-wolfenbuettel-ggmbh,staedtisches-klinikum-wolfenbuettel-ggmbh:272,272,1,-1
3,staedtisches-klinikum-wolfenbuettel-ggmbh,staedtisches-klinikum-wolfenbuettel-ggmbh:281,281,1,17
3,staedtisches-klinikum-wolfenbuettel-ggmbh,staedtisches-klinikum-wolfenbuettel-ggmbh:286,286,1,-1
3,staedtisches-klinikum-wolfenbuettel-ggmbh,staedtisches-klinikum-wolfenbuettel-ggmbh:287,287,2,19
5,staedtisches-klinikum-wolfenbuettel-ggmbh,staedtisches-klinikum-wolfenbuettel-ggmbh:290,290,1,-1
12,staedtisches-klinikum-wolfenbuettel-ggmbh,staedtisches-klinikum-wolfenbuettel-ggmbh:292,292,1,17
5,staedtisches-klinikum-wolfenbuettel-ggmbh,staedtisches-klinikum-wolfenbuettel-ggmbh:297,297,1,-1
4,staedtisches-klinikum-wolfenbuettel-ggmbh,staedtisches-klinikum-wolfenbuettel-ggmbh:309,309,1,5
3,staedtisches-klinikum-wolfenbuettel-ggmbh,staedtisches-klinikum-wolfenbuettel-ggmbh:311,311,1,9
4,staedtisches-klinikum-wolfenbuettel-ggmbh,staedtisches-klinikum-wolfenbuettel-ggmbh:317,317,1,-1
6,staedtisches-klinikum-wolfenbuettel-ggmbh,staedtisches-klinikum-wolfenbuettel-ggmbh:326,326,1,-1
7,staedtisches-klinikum-wolfenbuettel-ggmbh,staedtisches-klinikum-wolfenbuettel-ggmbh:346,346,1,9
3,staedtisches-klinikum-wolfenbuettel-ggmbh,staedtisches-klinikum-wolfenbuettel-ggmbh:354,354,1,25
3,staedtisches-klinikum-wolfenbuettel-ggmbh,staedtisches-klinikum-wolfenbuettel-ggmbh:358,358,2,14
14,universitaetsmedizin-goettingen,universitaetsmedizin-goettingen:38,38,5,0
24,universitaetsmedizin-goettingen,universitaetsmedizin-goettingen:42,42,1,-1
5,universitaetsmedizin-goettingen,universitaetsmedizin-goettingen:51,51,5,0
3,universitaetsmedizin-goettingen,universitaetsmedizin-goettingen:60,60,3,3
6,universitaetsmedizin-goettingen,universitaetsmedizin-goettingen:71,71,5,0
10,universitaetsmedizin-goettingen,universitaetsmedizin-goettingen:74,74,1,-1
4,universitaetsmedizin-goettingen,universitaetsmedizin-goettingen:76,76,5,0
10,universitaetsmedizin-goettingen,universitaetsmedizin-goettingen:80,80,1,12
4,universitaetsmedizin-goettingen,universitaetsmedizin-goettingen:85,85,1,-1
10,universitaetsmedizin-goettingen,universitaetsmedizin-goettingen:86,86,1,-1
9,universitaetsmedizin-goettingen,universitaetsmedizin-goettingen:87,87,1,18
6,universitaetsmedizin-goettingen,universitaetsmedizin-goettingen:89,89,1,-1
8,universitaetsmedizin-goettingen,universitaetsmedizin-goettingen:92,92,1,26
9,universitaetsmedizin-goettingen,universitaetsmedizin-goettingen:95,95,1,1
7,universitaetsmedizin-goettingen,universitaetsmedizin-goettingen:99,99,3,-1
11,universitaetsmedizin-goettingen,universitaetsmedizin-goettingen:101,101,1,-1
11,universitaetsmedizin-goettingen,universitaetsmedizin-goettingen:102,102,1,20
6,universitaetsmedizin-goettingen,universitaetsmedizin-goettingen:103,103,1,9
10,universitaetsmedizin-goettingen,universitaetsmedizin-goettingen:104,104,1,9
3,universitaetsmedizin-goettingen,universitaetsmedizin-goettingen:107,107,5,-1
13,universitaetsmedizin-goettingen,universitaetsmedizin-goettingen:108,108,1,1
16,universitaetsmedizin-goettingen,universitaetsmedizin-goettingen:109,109,1,-1
9,universitaetsmedizin-goettingen,universitaetsmedizin-goettingen:110,110,1,2
5,universitaetsmedizin-goettingen,universitaetsmedizin-goettingen:111,111,1,-1
36,universitaetsmedizin-goettingen,universitaetsmedizin-goettingen:112,112,1,2
6,universitaetsmedizin-goettingen,universitaetsmedizin-goettingen:114,114,1,1
5,universitaetsmedizin-goettingen,universitaetsmedizin-goettingen:116,116,1,8
8,universitaetsmedizin-goettingen,universitaetsmedizin-goettingen:117,117,1,2
6,universitaetsmedizin-goettingen,universitaetsmedizin-goettingen:118,118,1,4
11,universitaetsmedizin-goettingen,universitaetsmedizin-goettingen:119,119,1,-1
8,universitaetsmedizin-goettingen,universitaetsmedizin-goettingen:122,122,1,-1
20,universitaetsmedizin-goettingen,universitaetsmedizin-goettingen:125,125,2,-1
7,universitaetsmedizin-goettingen,universitaetsmedizin-goettingen:126,126,5,10
15,universitaetsmedizin-goettingen,universitaetsmedizin-goettingen:127,127,1,2
7,universitaetsmedizin-goettingen,universitaetsmedizin-goettingen:130,130,2,26
3,universitaetsmedizin-goettingen,universitaetsmedizin-goettingen:132,132,5,0
10,universitaetsmedizin-goettingen,universitaetsmedizin-goettingen:134,134,1,-1
9,universitaetsmedizin-goettingen,universitaetsmedizin-goettingen:135,135,1,13
7,universitaetsmedizin-goettingen,universitaetsmedizin-goettingen:136,136,1,-1
8,universitaetsmedizin-goettingen,universitaetsmedizin-goettingen:137,137,5,0
7,universitaetsmedizin-goettingen,universitaetsmedizin-goettingen:139,139,5,-1
4,universitaetsmedizin-goettingen,universitaetsmedizin-goettingen:143,143,5,-1
4,universitaetsmedizin-goettingen,universitaetsmedizin-goettingen:145,145,5,-1
3,universitaetsmedizin-goettingen,universitaetsmedizin-goettingen:146,146,3,2
3,universitaetsmedizin-goettingen,universitaetsmedizin-goettingen:147,147,1,4
6,universitaetsmedizin-goettingen,universitaetsmedizin-goettingen:148,148,1,-1
6,universitaetsmedizin-goettingen,universitaetsmedizin-goettingen:149,149,1,-1
4,universitaetsmedizin-goettingen,universitaetsmedizin-goettingen:150,150,1,-1
20,universitaetsmedizin-goettingen,universitaetsmedizin-goettingen:152,152,1,-1
4,universitaetsmedizin-goettingen,universitaetsmedizin-goettingen:154,154,5,-1
6,universitaetsmedizin-goettingen,universitaetsmedizin-goettingen:155,155,1,-1
9,universitaetsmedizin-goettingen,universitaetsmedizin-goettingen:156,156,1,13
9,universitaetsmedizin-goettingen,universitaetsmedizin-goettingen:157,157,5,-1
7,universitaetsmedizin-goettingen,universitaetsmedizin-goettingen:158,158,5,8
6,universitaetsmedizin-goettingen,universitaetsmedizin-goettingen:159,159,5,11
14,universitaetsmedizin-goettingen,universitaetsmedizin-goettingen:160,160,1,2
4,universitaetsmedizin-goettingen,universitaetsmedizin-goettingen:161,161,5,0
6,universitaetsmedizin-goettingen,universitaetsmedizin-goettingen:163,163,1,1
13,universitaetsmedizin-goettingen,universitaetsmedizin-goettingen:164,164,1,9
3,universitaetsmedizin-goettingen,universitaetsmedizin-goettingen:165,165,5,0
11,universitaetsmedizin-goettingen,universitaetsmedizin-goettingen:167,167,2,8
9,universitaetsmedizin-goettingen,universitaetsmedizin-goettingen:168,168,1,-1
8,universitaetsmedizin-goettingen,universitaetsmedizin-goettingen:169,169,5,0
11,universitaetsmedizin-goettingen,universitaetsmedizin-goettingen:171,171,1,13
10,universitaetsmedizin-goettingen,universitaetsmedizin-goettingen:172,172,,-1
7,universitaetsmedizin-goettingen,universitaetsmedizin-goettingen:174,174,1,20
12,universitaetsmedizin-goettingen,universitaetsmedizin-goettingen:176,176,1,1
13,universitaetsmedizin-goettingen,universitaetsmedizin-goettingen:177,177,1,-1
10,universitaetsmedizin-goettingen,universitaetsmedizin-goettingen:178,178,1,-1
5,universitaetsmedizin-goettingen,universitaetsmedizin-goettingen:180,180,1,-1
3,universitaetsmedizin-goettingen,universitaetsmedizin-goettingen:181,181,5,-1
4,universitaetsmedizin-goettingen,universitaetsmedizin-goettingen:183,183,5,0
5,universitaetsmedizin-goettingen,universitaetsmedizin-goettingen:185,185,1,-1
9,universitaetsmedizin-goettingen,universitaetsmedizin-goettingen:186,186,1,-1
7,universitaetsmedizin-goettingen,universitaetsmedizin-goettingen:187,187,3,-1
4,universitaetsmedizin-goettingen,universitaetsmedizin-goettingen:188,188,1,-1
7,universitaetsmedizin-goettingen,universitaetsmedizin-goettingen:189,189,1,-1
3,universitaetsmedizin-goettingen,universitaetsmedizin-goettingen:191,191,5,-1
3,universitaetsmedizin-goettingen,universitaetsmedizin-goettingen:192,192,1,0
5,universitaetsmedizin-goettingen,universitaetsmedizin-goettingen:193,193,1,2
6,universitaetsmedizin-goettingen,universitaetsmedizin-goettingen:196,196,2,-1
7,universitaetsmedizin-goettingen,universitaetsmedizin-goettingen:197,197,5,-1
9,universitaetsmedizin-goettingen,universitaetsmedizin-goettingen:200,200,5,8
6,universitaetsmedizin-goettingen,universitaetsmedizin-goettingen:201,201,1,21
4,universitaetsmedizin-goettingen,universitaetsmedizin-goettingen:202,202,5,0
7,universitaetsmedizin-goettingen,universitaetsmedizin-goettingen:203,203,1,-1
13,universitaetsmedizin-goettingen,universitaetsmedizin-goettingen:204,204,1,8
14,universitaetsmedizin-goettingen,universitaetsmedizin-goettingen:205,205,1,-1
3,universitaetsmedizin-goettingen,universitaetsmedizin-goettingen:206,206,1,2
13,universitaetsmedizin-goettingen,universitaetsmedizin-goettingen:207,207,1,-1
5,universitaetsmedizin-goettingen,universitaetsmedizin-goettingen:209,209,4,-1
15,universitaetsmedizin-goettingen,universitaetsmedizin-goettingen:211,211,1,-1
5,universitaetsmedizin-goettingen,universitaetsmedizin-goettingen:212,212,4,0
5,universitaetsmedizin-goettingen,universitaetsmedizin-goettingen:214,214,1,-1
6,universitaetsmedizin-goettingen,universitaetsmedizin-goettingen:215,215,1,2
4,universitaetsmedizin-goettingen,universitaetsmedizin-goettingen:218,218,1,1
6,universitaetsmedizin-goettingen,universitaetsmedizin-goettingen:220,220,1,-1
7,universitaetsmedizin-goettingen,universitaetsmedizin-goettingen:221,221,1,-1
5,universitaetsmedizin-goettingen,universitaetsmedizin-goettingen:222,222,4,-1
14,universitaetsmedizin-goettingen,universitaetsmedizin-goettingen:223,223,2,-1
3,universitaetsmedizin-goettingen,universitaetsmedizin-goettingen:224,224,5,0
3,universitaetsmedizin-goettingen,universitaetsmedizin-goettingen:228,228,1,1
5,universitaetsmedizin-goettingen,universitaetsmedizin-goettingen:229,229,2,-1
3,universitaetsmedizin-goettingen,universitaetsmedizin-goettingen:231,231,1,23
5,universitaetsmedizin-goettingen,universitaetsmedizin-goettingen:233,233,1,-1
10,universitaetsmedizin-goettingen,universitaetsmedizin-goettingen:235,235,1,-1
6,universitaetsmedizin-goettingen,universitaetsmedizin-goettingen:236,236,2,24
7,universitaetsmedizin-goettingen,universitaetsmedizin-goettingen:239,239,1,16
17,universitaetsmedizin-goettingen,universitaetsmedizin-goettingen:242,242,1,-1
4,universitaetsmedizin-goettingen,universitaetsmedizin-goettingen:243,243,5,0
4,universitaetsmedizin-goettingen,universitaetsmedizin-goettingen:247,247,1,12
5,universitaetsmedizin-goettingen,universitaetsmedizin-goettingen:248,248,5,-1
15,universitaetsmedizin-goettingen,universitaetsmedizin-goettingen:249,249,5,-1
5,universitaetsmedizin-goettingen,universitaetsmedizin-goettingen:251,251,1,2
5,universitaetsmedizin-goettingen,universitaetsmedizin-goettingen:254,254,1,9
3,universitaetsmedizin-goettingen,universitaetsmedizin-goettingen:255,255,1,-1
3,universitaetsmedizin-goettingen,universitaetsmedizin-goettingen:256,256,1,26
5,universitaetsmedizin-goettingen,universitaetsmedizin-goettingen:258,258,1,15
3,universitaetsmedizin-goettingen,universitaetsmedizin-goettingen:260,260,5,-1
6,universitaetsmedizin-goettingen,universitaetsmedizin-goettingen:261,261,1,-1
3,universitaetsmedizin-goettingen,universitaetsmedizin-goettingen:262,262,5,-1
3,universitaetsmedizin-goettingen,universitaetsmedizin-goettingen:266,266,1,-1
7,universitaetsmedizin-goettingen,universitaetsmedizin-goettingen:269,269,2,-1
6,universitaetsmedizin-goettingen,universitaetsmedizin-goettingen:270,270,1,2
14,universitaetsmedizin-goettingen,universitaetsmedizin-goettingen:271,271,1,17
6,universitaetsmedizin-goettingen,universitaetsmedizin-goettingen:272,272,5,0
3,universitaetsmedizin-goettingen,universitaetsmedizin-goettingen:273,273,1,-1
14,universitaetsmedizin-goettingen,universitaetsmedizin-goettingen:274,274,1,2
9,universitaetsmedizin-goettingen,universitaetsmedizin-goettingen:275,275,1,2
7,universitaetsmedizin-goettingen,universitaetsmedizin-goettingen:276,276,2,2
5,universitaetsmedizin-goettingen,universitaetsmedizin-goettingen:277,277,1,9
7,universitaetsmedizin-goettingen,universitaetsmedizin-goettingen:279,279,5,-1
11,universitaetsmedizin-goettingen,universitaetsmedizin-goettingen:280,280,1,-1
3,universitaetsmedizin-goettingen,universitaetsmedizin-goettingen:281,281,2,12
6,universitaetsmedizin-goettingen,universitaetsmedizin-goettingen:282,282,1,9
4,universitaetsmedizin-goettingen,universitaetsmedizin-goettingen:288,288,1,-1
3,universitaetsmedizin-goettingen,universitaetsmedizin-goettingen:289,289,5,-1
3,universitaetsmedizin-goettingen,universitaetsmedizin-goettingen:290,290,5,0
21,universitaetsmedizin-goettingen,universitaetsmedizin-goettingen:292,292,4,7
3,universitaetsmedizin-goettingen,universitaetsmedizin-goettingen:293,293,4,-1
5,universitaetsmedizin-goettingen,universitaetsmedizin-goettingen:296,296,5,0
5,universitaetsmedizin-goettingen,universitaetsmedizin-goettingen:297,297,1,-1
5,universitaetsmedizin-goettingen,universitaetsmedizin-goettingen:299,299,1,-1
8,universitaetsmedizin-goettingen,universitaetsmedizin-goettingen:301,301,1,4
3,universitaetsmedizin-goettingen,universitaetsmedizin-goettingen:303,303,5,1
12,universitaetsmedizin-goettingen,universitaetsmedizin-goettingen:305,305,1,-1
17,universitaetsmedizin-goettingen,universitaetsmedizin-goettingen:306,306,1,7
5,universitaetsmedizin-goettingen,universitaetsmedizin-goettingen:309,309,1,-1
3,universitaetsmedizin-goettingen,universitaetsmedizin-goettingen:310,310,5,1
5,universitaetsmedizin-goettingen,universitaetsmedizin-goettingen:311,311,1,17
11,universitaetsmedizin-goettingen,universitaetsmedizin-goettingen:313,313,1,4
5,universitaetsmedizin-goettingen,universitaetsmedizin-goettingen:314,314,1,10
3,universitaetsmedizin-goettingen,universitaetsmedizin-goettingen:315,315,1,23
27,universitaetsmedizin-goettingen,universitaetsmedizin-goettingen:317,317,1,4
7,universitaetsmedizin-goettingen,universitaetsmedizin-goettingen:321,321,5,-1
3,universitaetsmedizin-goettingen,universitaetsmedizin-goettingen:322,322,1,2
8,universitaetsmedizin-goettingen,universitaetsmedizin-goettingen:325,325,1,-1
5,universitaetsmedizin-goettingen,universitaetsmedizin-goettingen:331,331,1,-1
6,universitaetsmedizin-goettingen,universitaetsmedizin-goettingen:333,333,1,-1
3,universitaetsmedizin-goettingen,universitaetsmedizin-goettingen:336,336,5,2
4,universitaetsmedizin-goettingen,universitaetsmedizin-goettingen:342,342,5,0
8,universitaetsmedizin-goettingen,universitaetsmedizin-goettingen:345,345,1,-1
5,universitaetsmedizin-goettingen,universitaetsmedizin-goettingen:347,347,1,2
4,universitaetsmedizin-goettingen,universitaetsmedizin-goettingen:348,348,1,-1
6,universitaetsmedizin-goettingen,universitaetsmedizin-goettingen:349,349,1,1
3,universitaetsmedizin-goettingen,universitaetsmedizin-goettingen:352,352,2,14
10,universitaetsmedizin-goettingen,universitaetsmedizin-goettingen:353,353,1,6
7,universitaetsmedizin-goettingen,universitaetsmedizin-goettingen:356,356,1,-1
9,universitaetsmedizin-goettingen,universitaetsmedizin-goettingen:358,358,1,-1
5,universitaetsmedizin-goettingen,universitaetsmedizin-goettingen:362,362,1,2
3,universitaetsmedizin-goettingen,universitaetsmedizin-goettingen:363,363,5,-1
4,universitaetsmedizin-goettingen,universitaetsmedizin-goettingen:366,366,1,-1
3,universitaetsmedizin-goettingen,universitaetsmedizin-goettingen:367,367,1,1
4,universitaetsmedizin-goettingen,universitaetsmedizin-goettingen:369,369,5,0
22,universitaetsmedizin-goettingen,universitaetsmedizin-goettingen:371,371,1,13
12,universitaetsmedizin-goettingen,universitaetsmedizin-goettingen:373,373,1,17
3,universitaetsmedizin-goettingen,universitaetsmedizin-goettingen:374,374,1,19
8,universitaetsmedizin-goettingen,universitaetsmedizin-goettingen:375,375,1,19
9,universitaetsmedizin-goettingen,universitaetsmedizin-goettingen:376,376,1,25
4,universitaetsmedizin-goettingen,universitaetsmedizin-goettingen:379,379,5,15
4,universitaetsmedizin-goettingen,universitaetsmedizin-goettingen:380,380,1,2
7,universitaetsmedizin-goettingen,universitaetsmedizin-goettingen:381,381,5,8
13,universitaetsmedizin-goettingen,universitaetsmedizin-goettingen:384,384,1,-1
3,universitaetsmedizin-goettingen,universitaetsmedizin-goettingen:385,385,5,0
6,universitaetsmedizin-goettingen,universitaetsmedizin-goettingen:387,387,5,-1
3,universitaetsmedizin-goettingen,universitaetsmedizin-goettingen:390,390,1,-1
3,universitaetsmedizin-goettingen,universitaetsmedizin-goettingen:392,392,1,4
3,universitaetsmedizin-goettingen,universitaetsmedizin-goettingen:396,396,5,0
3,universitaetsmedizin-goettingen,universitaetsmedizin-goettingen:398,398,5,8
4,universitaetsmedizin-goettingen,universitaetsmedizin-goettingen:399,399,1,-1
10,universitaetsmedizin-goettingen,universitaetsmedizin-goettingen:401,401,1,-1
9,universitaetsmedizin-goettingen,universitaetsmedizin-goettingen:402,402,1,2
9,universitaetsmedizin-goettingen,universitaetsmedizin-goettingen:408,408,2,9
4,universitaetsmedizin-goettingen,universitaetsmedizin-goettingen:411,411,1,1
14,universitaetsmedizin-goettingen,universitaetsmedizin-goettingen:418,418,1,4
3,universitaetsmedizin-goettingen,universitaetsmedizin-goettingen:419,419,1,-1
7,universitaetsmedizin-goettingen,universitaetsmedizin-goettingen:420,420,5,0
4,universitaetsmedizin-goettingen,universitaetsmedizin-goettingen:422,422,5,8
5,universitaetsmedizin-goettingen,universitaetsmedizin-goettingen:424,424,1,-1
4,universitaetsmedizin-goettingen,universitaetsmedizin-goettingen:427,427,5,0
5,universitaetsmedizin-goettingen,universitaetsmedizin-goettingen:428,428,1,9
10,universitaetsmedizin-goettingen,universitaetsmedizin-goettingen:430,430,1,-1
6,universitaetsmedizin-goettingen,universitaetsmedizin-goettingen:439,439,1,-1
10,universitaetsmedizin-goettingen,universitaetsmedizin-goettingen:445,445,1,-1
3,universitaetsmedizin-goettingen,universitaetsmedizin-goettingen:447,447,5,-1
5,universitaetsmedizin-goettingen,universitaetsmedizin-goettingen:451,451,5,0
8,universitaetsmedizin-goettingen,universitaetsmedizin-goettingen:456,456,1,1
3,universitaetsmedizin-goettingen,universitaetsmedizin-goettingen:458,458,4,-1
5,universitaetsmedizin-goettingen,universitaetsmedizin-goettingen:475,475,1,7
5,universitaetsmedizin-goettingen,universitaetsmedizin-goettingen:479,479,5,0
4,universitaetsmedizin-goettingen,universitaetsmedizin-goettingen:480,480,2,9
7,universitaetsmedizin-goettingen,universitaetsmedizin-goettingen:481,481,1,25
4,universitaetsmedizin-goettingen,universitaetsmedizin-goettingen:484,484,1,-1
3,universitaetsmedizin-goettingen,universitaetsmedizin-goettingen:492,492,5,0
3,universitaetsmedizin-goettingen,universitaetsmedizin-goettingen:496,496,1,-1
3,universitaetsmedizin-goettingen,universitaetsmedizin-goettingen:497,497,5,0
14,universitaetsmedizin-goettingen,universitaetsmedizin-goettingen:501,501,1,-1
3,universitaetsmedizin-goettingen,universitaetsmedizin-goettingen:509,509,1,5
7,universitaetsmedizin-goettingen,universitaetsmedizin-goettingen:511,511,1,-1
3,universitaetsmedizin-goettingen,universitaetsmedizin-goettingen:513,513,4,0
15,universitaetsmedizin-goettingen,universitaetsmedizin-goettingen:514,514,1,-1
5,universitaetsmedizin-goettingen,universitaetsmedizin-goettingen:518,518,1,-1
3,universitaetsmedizin-goettingen,universitaetsmedizin-goettingen:521,521,5,0
5,universitaetsmedizin-goettingen,universitaetsmedizin-goettingen:522,522,5,-1
4,universitaetsmedizin-goettingen,universitaetsmedizin-goettingen:523,523,1,-1
3,universitaetsmedizin-goettingen,universitaetsmedizin-goettingen:525,525,5,-1
12,universitaetsmedizin-goettingen,universitaetsmedizin-goettingen:533,533,1,7
5,universitaetsmedizin-goettingen,universitaetsmedizin-goettingen:535,535,5,0
4,universitaetsmedizin-goettingen,universitaetsmedizin-goettingen:536,536,5,-1
3,universitaetsmedizin-goettingen,universitaetsmedizin-goettingen:540,540,5,0
3,universitaetsmedizin-goettingen,universitaetsmedizin-goettingen:541,541,4,25
5,universitaetsmedizin-goettingen,universitaetsmedizin-goettingen:551,551,5,-1
3,universitaetsmedizin-goettingen,universitaetsmedizin-goettingen:564,564,5,-1
7,universitaetsmedizin-goettingen,universitaetsmedizin-goettingen:576,576,5,0
3,universitaetsmedizin-goettingen,universitaetsmedizin-goettingen:584,584,5,-1
10,universitaetsmedizin-goettingen,universitaetsmedizin-goettingen:587,587,1,25
3,universitaetsmedizin-goettingen,universitaetsmedizin-goettingen:596,596,5,0
3,universitaetsmedizin-goettingen,universitaetsmedizin-goettingen:600,600,1,9
4,universitaetsmedizin-goettingen,universitaetsmedizin-goettingen:610,610,4,0
3,universitaetsmedizin-goettingen,universitaetsmedizin-goettingen:623,623,5,0
5,universitaetsmedizin-goettingen,universitaetsmedizin-goettingen:651,651,1,3
7,universitaetsmedizin-goettingen,universitaetsmedizin-goettingen:653,653,1,8
5,universitaetsmedizin-goettingen,universitaetsmedizin-goettingen:656,656,5,0
3,universitaetsmedizin-goettingen,universitaetsmedizin-goettingen:662,662,5,0
3,universitaetsmedizin-goettingen,universitaetsmedizin-goettingen:674,674,5,0
3,venenzentrum-braunschweig,venenzentrum-braunschweig:14,14,5,0
3,venenzentrum-braunschweig,venenzentrum-braunschweig:25,25,1,-1
6,venenzentrum-braunschweig,venenzentrum-braunschweig:30,30,1,-1
10,venenzentrum-braunschweig,venenzentrum-braunschweig:41,41,1,13
7,venenzentrum-braunschweig,venenzentrum-braunschweig:42,42,1,-1
19,venenzentrum-braunschweig,venenzentrum-braunschweig:45,45,1,13
7,venenzentrum-braunschweig,venenzentrum-braunschweig:48,48,5,0
11,venenzentrum-braunschweig,venenzentrum-braunschweig:51,51,1,-1
16,venenzentrum-braunschweig,venenzentrum-braunschweig:53,53,1,-1
24,venenzentrum-braunschweig,venenzentrum-braunschweig:54,54,1,-1
11,venenzentrum-braunschweig,venenzentrum-braunschweig:64,64,1,13
4,venenzentrum-braunschweig,venenzentrum-braunschweig:66,66,4,0
7,venenzentrum-braunschweig,venenzentrum-braunschweig:67,67,5,-1
11,venenzentrum-braunschweig,venenzentrum-braunschweig:68,68,2,-1
13,venenzentrum-braunschweig,venenzentrum-braunschweig:72,72,1,-1
8,venenzentrum-braunschweig,venenzentrum-braunschweig:73,73,1,-1
7,venenzentrum-braunschweig,venenzentrum-braunschweig:74,74,1,1
3,venenzentrum-braunschweig,venenzentrum-braunschweig:75,75,5,0
7,venenzentrum-braunschweig,venenzentrum-braunschweig:76,76,3,-1
4,venenzentrum-braunschweig,venenzentrum-braunschweig:77,77,5,0
3,venenzentrum-braunschweig,venenzentrum-braunschweig:99,99,5,0
3,venenzentrum-braunschweig,venenzentrum-braunschweig:101,101,5,-1
5,vinzenzkrankenhaus,vinzenzkrankenhaus:25,25,2,-1
5,vinzenzkrankenhaus,vinzenzkrankenhaus:60,60,2,15
5,vinzenzkrankenhaus,vinzenzkrankenhaus:69,69,1,6
7,vinzenzkrankenhaus,vinzenzkrankenhaus:74,74,5,0
3,vinzenzkrankenhaus,vinzenzkrankenhaus:78,78,5,-1
3,vinzenzkrankenhaus,vinzenzkrankenhaus:80,80,5,22
4,vinzenzkrankenhaus,vinzenzkrankenhaus:81,81,5,0
4,vinzenzkrankenhaus,vinzenzkrankenhaus:82,82,5,12
4,vinzenzkrankenhaus,vinzenzkrankenhaus:83,83,5,1
3,vinzenzkrankenhaus,vinzenzkrankenhaus:85,85,5,12
3,vinzenzkrankenhaus,vinzenzkrankenhaus:87,87,5,11
5,vinzenzkrankenhaus,vinzenzkrankenhaus:89,89,4,20
6,vinzenzkrankenhaus,vinzenzkrankenhaus:92,92,5,11
6,vinzenzkrankenhaus,vinzenzkrankenhaus:94,94,5,-1
3,vinzenzkrankenhaus,vinzenzkrankenhaus:108,108,1,1
3,vinzenzkrankenhaus,vinzenzkrankenhaus:109,109,1,-1
9,vinzenzkrankenhaus,vinzenzkrankenhaus:111,111,5,-1
3,vinzenzkrankenhaus,vinzenzkrankenhaus:113,113,5,11
3,vinzenzkrankenhaus,vinzenzkrankenhaus:114,114,5,11
3,vinzenzkrankenhaus,vinzenzkrankenhaus:115,115,5,-1
16,vinzenzkrankenhaus,vinzenzkrankenhaus:120,120,1,15
4,vinzenzkrankenhaus,vinzenzkrankenhaus:122,122,5,12
10,vinzenzkrankenhaus,vinzenzkrankenhaus:124,124,1,-1
8,vinzenzkrankenhaus,vinzenzkrankenhaus:128,128,5,-1
3,vinzenzkrankenhaus,vinzenzkrankenhaus:132,132,5,11
6,vinzenzkrankenhaus,vinzenzkrankenhaus:133,133,5,11
4,vinzenzkrankenhaus,vinzenzkrankenhaus:134,134,1,-1
7,vinzenzkrankenhaus,vinzenzkrankenhaus:135,135,1,13
3,vinzenzkrankenhaus,vinzenzkrankenhaus:137,137,5,0
3,vinzenzkrankenhaus,vinzenzkrankenhaus:138,138,3,13
3,vinzenzkrankenhaus,vinzenzkrankenhaus:139,139,5,12
11,vinzenzkrankenhaus,vinzenzkrankenhaus:141,141,4,1
7,vinzenzkrankenhaus,vinzenzkrankenhaus:146,146,1,3
5,vinzenzkrankenhaus,vinzenzkrankenhaus:147,147,1,0
7,vinzenzkrankenhaus,vinzenzkrankenhaus:148,148,5,11
3,vinzenzkrankenhaus,vinzenzkrankenhaus:150,150,5,0
3,vinzenzkrankenhaus,vinzenzkrankenhaus:152,152,1,2
11,vinzenzkrankenhaus,vinzenzkrankenhaus:158,158,1,12
3,vinzenzkrankenhaus,vinzenzkrankenhaus:159,159,4,0
4,vinzenzkrankenhaus,vinzenzkrankenhaus:160,160,5,12
6,vinzenzkrankenhaus,vinzenzkrankenhaus:162,162,5,0
9,vinzenzkrankenhaus,vinzenzkrankenhaus:164,164,1,17
5,vinzenzkrankenhaus,vinzenzkrankenhaus:165,165,5,11
10,vinzenzkrankenhaus,vinzenzkrankenhaus:167,167,1,6
9,vinzenzkrankenhaus,vinzenzkrankenhaus:168,168,1,1
4,vinzenzkrankenhaus,vinzenzkrankenhaus:169,169,5,-1
3,vinzenzkrankenhaus,vinzenzkrankenhaus:172,172,5,-1
13,vinzenzkrankenhaus,vinzenzkrankenhaus:174,174,1,-1
6,vinzenzkrankenhaus,vinzenzkrankenhaus:176,176,1,0
3,vinzenzkrankenhaus,vinzenzkrankenhaus:180,180,5,-1
6,vinzenzkrankenhaus,vinzenzkrankenhaus:181,181,2,13
3,vinzenzkrankenhaus,vinzenzkrankenhaus:185,185,5,-1
7,vinzenzkrankenhaus,vinzenzkrankenhaus:187,187,1,-1
3,vinzenzkrankenhaus,vinzenzkrankenhaus:188,188,5,13
3,vinzenzkrankenhaus,vinzenzkrankenhaus:189,189,5,-1
5,vinzenzkrankenhaus,vinzenzkrankenhaus:191,191,1,-1
5,vinzenzkrankenhaus,vinzenzkrankenhaus:192,192,1,-1
4,vinzenzkrankenhaus,vinzenzkrankenhaus:194,194,5,0
5,vinzenzkrankenhaus,vinzenzkrankenhaus:195,195,4,12
4,vinzenzkrankenhaus,vinzenzkrankenhaus:196,196,5,13
7,vinzenzkrankenhaus,vinzenzkrankenhaus:197,197,1,-1
3,vinzenzkrankenhaus,vinzenzkrankenhaus:200,200,5,-1
13,vinzenzkrankenhaus,vinzenzkrankenhaus:201,201,1,-1
5,vinzenzkrankenhaus,vinzenzkrankenhaus:202,202,5,0
3,vinzenzkrankenhaus,vinzenzkrankenhaus:203,203,3,-1
15,vinzenzkrankenhaus,vinzenzkrankenhaus:204,204,1,2
3,vinzenzkrankenhaus,vinzenzkrankenhaus:205,205,5,0
3,vinzenzkrankenhaus,vinzenzkrankenhaus:207,207,5,10
3,vinzenzkrankenhaus,vinzenzkrankenhaus:214,214,5,8
10,vinzenzkrankenhaus,vinzenzkrankenhaus:220,220,2,12
13,vinzenzkrankenhaus,vinzenzkrankenhaus:224,224,1,12
13,vinzenzkrankenhaus,vinzenzkrankenhaus:225,225,1,-1
3,vinzenzkrankenhaus,vinzenzkrankenhaus:226,226,2,15
3,vinzenzkrankenhaus,vinzenzkrankenhaus:228,228,3,-1
15,vinzenzkrankenhaus,vinzenzkrankenhaus:229,229,5,4
5,vinzenzkrankenhaus,vinzenzkrankenhaus:230,230,1,-1
16,vinzenzkrankenhaus,vinzenzkrankenhaus:231,231,1,-1
8,vinzenzkrankenhaus,vinzenzkrankenhaus:233,233,1,-1
5,vinzenzkrankenhaus,vinzenzkrankenhaus:235,235,2,-1
4,vinzenzkrankenhaus,vinzenzkrankenhaus:236,236,3,-1
3,vinzenzkrankenhaus,vinzenzkrankenhaus:237,237,5,12
14,vinzenzkrankenhaus,vinzenzkrankenhaus:238,238,1,3
5,vinzenzkrankenhaus,vinzenzkrankenhaus:239,239,3,-1
3,vinzenzkrankenhaus,vinzenzkrankenhaus:240,240,5,6
3,vinzenzkrankenhaus,vinzenzkrankenhaus:241,241,5,0
22,vinzenzkrankenhaus,vinzenzkrankenhaus:244,244,1,12
8,vinzenzkrankenhaus,vinzenzkrankenhaus:245,245,1,-1
15,vinzenzkrankenhaus,vinzenzkrankenhaus:246,246,1,10
4,vinzenzkrankenhaus,vinzenzkrankenhaus:247,247,5,0
10,vinzenzkrankenhaus,vinzenzkrankenhaus:249,249,1,-1
11,vinzenzkrankenhaus,vinzenzkrankenhaus:253,253,1,6
3,vinzenzkrankenhaus,vinzenzkrankenhaus:254,254,5,22
6,vinzenzkrankenhaus,vinzenzkrankenhaus:255,255,5,0
5,vinzenzkrankenhaus,vinzenzkrankenhaus:256,256,2,-1
9,vinzenzkrankenhaus,vinzenzkrankenhaus:258,258,1,-1
5,vinzenzkrankenhaus,vinzenzkrankenhaus:259,259,1,3
3,vinzenzkrankenhaus,vinzenzkrankenhaus:260,260,4,0
8,vinzenzkrankenhaus,vinzenzkrankenhaus:262,262,1,2
3,vinzenzkrankenhaus,vinzenzkrankenhaus:263,263,1,-1
18,vinzenzkrankenhaus,vinzenzkrankenhaus:265,265,1,-1
11,vinzenzkrankenhaus,vinzenzkrankenhaus:266,266,1,6
7,vinzenzkrankenhaus,vinzenzkrankenhaus:268,268,1,1
11,vinzenzkrankenhaus,vinzenzkrankenhaus:269,269,1,6
13,vinzenzkrankenhaus,vinzenzkrankenhaus:270,270,1,-1
6,vinzenzkrankenhaus,vinzenzkrankenhaus:271,271,1,15
8,vinzenzkrankenhaus,vinzenzkrankenhaus:272,272,1,-1
7,vinzenzkrankenhaus,vinzenzkrankenhaus:274,274,1,8
5,vinzenzkrankenhaus,vinzenzkrankenhaus:275,275,5,0
3,vinzenzkrankenhaus,vinzenzkrankenhaus:276,276,5,0
6,vinzenzkrankenhaus,vinzenzkrankenhaus:277,277,1,21
17,vinzenzkrankenhaus,vinzenzkrankenhaus:280,280,1,6
3,vinzenzkrankenhaus,vinzenzkrankenhaus:281,281,1,-1
17,vinzenzkrankenhaus,vinzenzkrankenhaus:284,284,1,-1
12,vinzenzkrankenhaus,vinzenzkrankenhaus:286,286,1,12
4,vinzenzkrankenhaus,vinzenzkrankenhaus:288,288,5,-1
5,vinzenzkrankenhaus,vinzenzkrankenhaus:291,291,5,0
3,vinzenzkrankenhaus,vinzenzkrankenhaus:296,296,5,0
17,vinzenzkrankenhaus,vinzenzkrankenhaus:297,297,1,6
6,vinzenzkrankenhaus,vinzenzkrankenhaus:299,299,1,-1
4,vinzenzkrankenhaus,vinzenzkrankenhaus:300,300,5,-1
4,vinzenzkrankenhaus,vinzenzkrankenhaus:301,301,3,14
8,vinzenzkrankenhaus,vinzenzkrankenhaus:302,302,2,-1
3,vinzenzkrankenhaus,vinzenzkrankenhaus:304,304,2,1
10,vinzenzkrankenhaus,vinzenzkrankenhaus:305,305,1,-1
10,vinzenzkrankenhaus,vinzenzkrankenhaus:307,307,1,6
9,vinzenzkrankenhaus,vinzenzkrankenhaus:310,310,1,21
10,vinzenzkrankenhaus,vinzenzkrankenhaus:312,312,1,12
6,vinzenzkrankenhaus,vinzenzkrankenhaus:316,316,1,20
7,vinzenzkrankenhaus,vinzenzkrankenhaus:317,317,5,8
9,vinzenzkrankenhaus,vinzenzkrankenhaus:318,318,1,21
5,vinzenzkrankenhaus,vinzenzkrankenhaus:319,319,1,23
12,vinzenzkrankenhaus,vinzenzkrankenhaus:321,321,1,12
7,vinzenzkrankenhaus,vinzenzkrankenhaus:322,322,1,2
7,vinzenzkrankenhaus,vinzenzkrankenhaus:323,323,1,17
11,vinzenzkrankenhaus,vinzenzkrankenhaus:324,324,1,3
7,vinzenzkrankenhaus,vinzenzkrankenhaus:325,325,1,-1
3,vinzenzkrankenhaus,vinzenzkrankenhaus:332,332,1,2
6,vinzenzkrankenhaus,vinzenzkrankenhaus:334,334,5,8
8,vinzenzkrankenhaus,vinzenzkrankenhaus:343,343,1,16
8,vinzenzkrankenhaus,vinzenzkrankenhaus:344,344,5,0
7,vinzenzkrankenhaus,vinzenzkrankenhaus:346,346,1,8
5,vinzenzkrankenhaus,vinzenzkrankenhaus:351,351,2,7
5,vinzenzkrankenhaus,vinzenzkrankenhaus:353,353,1,4
6,vinzenzkrankenhaus,vinzenzkrankenhaus:354,354,1,7
10,vinzenzkrankenhaus,vinzenzkrankenhaus:355,355,1,15
6,vinzenzkrankenhaus,vinzenzkrankenhaus:361,361,3,15
8,vinzenzkrankenhaus,vinzenzkrankenhaus:362,362,1,-1
5,vinzenzkrankenhaus,vinzenzkrankenhaus:365,365,1,5
4,vinzenzkrankenhaus,vinzenzkrankenhaus:366,366,5,-1
8,vinzenzkrankenhaus,vinzenzkrankenhaus:369,369,1,0
5,vinzenzkrankenhaus,vinzenzkrankenhaus:370,370,1,3
5,vinzenzkrankenhaus,vinzenzkrankenhaus:374,374,1,23
5,vinzenzkrankenhaus,vinzenzkrankenhaus:375,375,1,23
3,vinzenzkrankenhaus,vinzenzkrankenhaus:376,376,3,4
4,vinzenzkrankenhaus,vinzenzkrankenhaus:380,380,1,3
8,vinzenzkrankenhaus,vinzenzkrankenhaus:385,385,1,10
4,vinzenzkrankenhaus,vinzenzkrankenhaus:387,387,5,8
3,vinzenzkrankenhaus,vinzenzkrankenhaus:388,388,1,-1
4,vinzenzkrankenhaus,vinzenzkrankenhaus:390,390,5,-1
3,vinzenzkrankenhaus,vinzenzkrankenhaus:396,396,4,-1
7,vinzenzkrankenhaus,vinzenzkrankenhaus:397,397,1,1
6,vinzenzkrankenhaus,vinzenzkrankenhaus:399,399,1,7
3,vinzenzkrankenhaus,vinzenzkrankenhaus:407,407,1,4
7,vinzenzkrankenhaus,vinzenzkrankenhaus:409,409,1,8
11,vinzenzkrankenhaus,vinzenzkrankenhaus:422,422,1,7
6,vinzenzkrankenhaus,vinzenzkrankenhaus:436,436,1,4
8,vinzenzkrankenhaus,vinzenzkrankenhaus:437,437,1,6
9,vinzenzkrankenhaus,vinzenzkrankenhaus:444,444,5,-1
5,vinzenzkrankenhaus,vinzenzkrankenhaus:446,446,1,5
3,vinzenzkrankenhaus,vinzenzkrankenhaus:455,455,5,0
7,vinzenzkrankenhaus,vinzenzkrankenhaus:466,466,1,-1
6,vinzenzkrankenhaus,vinzenzkrankenhaus:473,473,1,14
8,vinzenzkrankenhaus,vinzenzkrankenhaus:474,474,1,6
4,vinzenzkrankenhaus,vinzenzkrankenhaus:481,481,5,3
4,vinzenzkrankenhaus,vinzenzkrankenhaus:490,490,1,4
4,vinzenzkrankenhaus,vinzenzkrankenhaus:492,492,1,5
3,vinzenzkrankenhaus,vinzenzkrankenhaus:495,495,5,0
3,vinzenzkrankenhaus,vinzenzkrankenhaus:520,520,5,-1
5,vinzenzkrankenhaus,vinzenzkrankenhaus:524,524,1,-1
20,vinzenzkrankenhaus,vinzenzkrankenhaus:525,525,1,-1
3,vinzenzkrankenhaus,vinzenzkrankenhaus:526,526,1,-1
3,vinzenzkrankenhaus,vinzenzkrankenhaus:529,529,5,0
6,waldklinik-jesteburg,waldklinik-jesteburg:6,6,5,-1
7,waldklinik-jesteburg,waldklinik-jesteburg:19,19,5,0
9,waldklinik-jesteburg,waldklinik-jesteburg:23,23,1,-1
3,waldklinik-jesteburg,waldklinik-jesteburg:24,24,5,22
10,waldklinik-jesteburg,waldklinik-jesteburg:30,30,1,-1
5,waldklinik-jesteburg,waldklinik-jesteburg:32,32,5,0
9,waldklinik-jesteburg,waldklinik-jesteburg:33,33,5,-1
4,waldklinik-jesteburg,waldklinik-jesteburg:34,34,5,0
4,waldklinik-jesteburg,waldklinik-jesteburg:36,36,2,6
5,waldklinik-jesteburg,waldklinik-jesteburg:37,37,5,3
8,waldklinik-jesteburg,waldklinik-jesteburg:38,38,4,-1
5,waldklinik-jesteburg,waldklinik-jesteburg:39,39,5,0
3,waldklinik-jesteburg,waldklinik-jesteburg:40,40,4,0
9,waldklinik-jesteburg,waldklinik-jesteburg:41,41,5,0
5,waldklinik-jesteburg,waldklinik-jesteburg:44,44,5,0
5,waldklinik-jesteburg,waldklinik-jesteburg:47,47,5,0
7,waldklinik-jesteburg,waldklinik-jesteburg:48,48,5,0
11,waldklinik-jesteburg,waldklinik-jesteburg:50,50,5,-1
3,waldklinik-jesteburg,waldklinik-jesteburg:51,51,5,19
19,waldklinik-jesteburg,waldklinik-jesteburg:52,52,2,-1
3,waldklinik-jesteburg,waldklinik-jesteburg:54,54,5,0
6,waldklinik-jesteburg,waldklinik-jesteburg:61,61,5,-1
6,waldklinik-jesteburg,waldklinik-jesteburg:63,63,5,0
4,waldklinik-jesteburg,waldklinik-jesteburg:65,65,1,6
5,waldklinik-jesteburg,waldklinik-jesteburg:66,66,5,5
5,waldklinik-jesteburg,waldklinik-jesteburg:72,72,,0
