like_count,place_id,review_id,review_index,star_rating,topic_id
0,agaplesion-diakonieklinikum-rotenburg-ggmbh,agaplesion-diakonieklinikum-rotenburg-ggmbh:2,2,1,0
0,agaplesion-diakonieklinikum-rotenburg-ggmbh,agaplesion-diakonieklinikum-rotenburg-ggmbh:7,7,1,0
0,agaplesion-diakonieklinikum-rotenburg-ggmbh,agaplesion-diakonieklinikum-rotenburg-ggmbh:8,8,1,0
0,agaplesion-diakonieklinikum-rotenburg-ggmbh,agaplesion-diakonieklinikum-rotenburg-ggmbh:9,9,1,0
0,agaplesion-diakonieklinikum-rotenburg-ggmbh,agaplesion-diakonieklinikum-rotenburg-ggmbh:14,14,2,0
0,agaplesion-diakonieklinikum-rotenburg-ggmbh,agaplesion-diakonieklinikum-rotenburg-ggmbh:17,17,1,0
0,agaplesion-diakonieklinikum-rotenburg-ggmbh,agaplesion-diakonieklinikum-rotenburg-ggmbh:19,19,1,0
0,agaplesion-diakonieklinikum-rotenburg-ggmbh,agaplesion-diakonieklinikum-rotenburg-ggmbh:23,23,1,0
0,agaplesion-diakonieklinikum-rotenburg-ggmbh,agaplesion-diakonieklinikum-rotenburg-ggmbh:27,27,1,0
0,agaplesion-diakonieklinikum-rotenburg-ggmbh,agaplesion-diakonieklinikum-rotenburg-ggmbh:28,28,1,0
0,agaplesion-diakonieklinikum-rotenburg-ggmbh,agaplesion-diakonieklinikum-rotenburg-ggmbh:29,29,1,0
0,agaplesion-ev-bathildiskrankenhaus,agaplesion-ev-bathildiskrankenhaus:0,0,1,0
0,agaplesion-ev-bathildiskrankenhaus,agaplesion-ev-bathildiskrankenhaus:3,3,1,0
0,agaplesion-ev-bathildiskrankenhaus,agaplesion-ev-bathildiskrankenhaus:7,7,1,0
0,agaplesion-ev-bathildiskrankenhaus,agaplesion-ev-bathildiskrankenhaus:8,8,1,0
0,agaplesion-ev-bathildiskrankenhaus,agaplesion-ev-bathildiskrankenhaus:9,9,1,0
0,agaplesion-ev-bathildiskrankenhaus,agaplesion-ev-bathildiskrankenhaus:11,11,1,0
0,agaplesion-ev-bathildiskrankenhaus,agaplesion-ev-bathildiskrankenhaus:13,13,1,0
0,agaplesion-ev-bathildiskrankenhaus,agaplesion-ev-bathildiskrankenhaus:14,14,1,0
1,agaplesion-ev-bathildiskrankenhaus,agaplesion-ev-bathildiskrankenhaus:17,17,1,0
0,agaplesion-ev-bathildiskrankenhaus,agaplesion-ev-bathildiskrankenhaus:20,20,1,0
0,agaplesion-ev-bathildiskrankenhaus,agaplesion-ev-bathildiskrankenhaus:21,21,1,0
0,agaplesion-ev-bathildiskrankenhaus,agaplesion-ev-bathildiskrankenhaus:22,22,1,0
0,agaplesion-ev-bathildiskrankenhaus,agaplesion-ev-bathildiskrankenhaus:25,25,2,0
0,agaplesion-ev-bathildiskrankenhaus,agaplesion-ev-bathildiskrankenhaus:27,27,1,0
0,agaplesion-ev-bathildiskrankenhaus,agaplesion-ev-bathildiskrankenhaus:32,32,1,0
0,agaplesion-ev-bathildiskrankenhaus,agaplesion-ev-bathildiskrankenhaus:34,34,1,0
0,agaplesion-ev-bathildiskrankenhaus,agaplesion-ev-bathildiskrankenhaus:36,36,1,0
7,agaplesion-ev-bathildiskrankenhaus,agaplesion-ev-bathildiskrankenhaus:65,65,1,0
11,agaplesion-ev-bathildiskrankenhaus,agaplesion-ev-bathildiskrankenhaus:79,79,1,0
0,agaplesion-ev-bathildiskrankenhaus,agaplesion-ev-bathildiskrankenhaus:81,81,2,0
3,agaplesion-ev-bathildiskrankenhaus,agaplesion-ev-bathildiskrankenhaus:99,99,2,0
5,agaplesion-ev-bathildiskrankenhaus,agaplesion-ev-bathildiskrankenhaus:101,101,1,0
0,agaplesion-ev-bathildiskrankenhaus,agaplesion-ev-bathildiskrankenhaus:119,119,1,0
0,agaplesion-ev-bathildiskrankenhaus,agaplesion-ev-bathildiskrankenhaus:122,122,2,0
0,agaplesion-ev-bathildiskrankenhaus,agaplesion-ev-bathildiskrankenhaus:154,154,1,0
0,agaplesion-ev-bathildiskrankenhaus,agaplesion-ev-bathildiskrankenhaus:155,155,1,0
0,agaplesion-ev-bathildiskrankenhaus,agaplesion-ev-bathildiskrankenhaus:158,158,1,0
0,agaplesion-ev-bathildiskrankenhaus,agaplesion-ev-bathildiskrankenhaus:160,160,1,0
2,agaplesion-ev-klinikum-schaumburg,agaplesion-ev-klinikum-schaumburg:0,0,1,0
0,agaplesion-ev-klinikum-schaumburg,agaplesion-ev-klinikum-schaumburg:4,4,1,0
0,agaplesion-ev-klinikum-schaumburg,agaplesion-ev-klinikum-schaumburg:5,5,2,0
0,agaplesion-ev-klinikum-schaumburg,agaplesion-ev-klinikum-schaumburg:10,10,1,0
1,agaplesion-ev-klinikum-schaumburg,agaplesion-ev-klinikum-schaumburg:12,12,1,0
1,agaplesion-ev-klinikum-schaumburg,agaplesion-ev-klinikum-schaumburg:17,17,1,0
0,agaplesion-ev-klinikum-schaumburg,agaplesion-ev-klinikum-schaumburg:20,20,1,0
0,agaplesion-ev-klinikum-schaumburg,agaplesion-ev-klinikum-schaumburg:22,22,1,0
0,agaplesion-ev-klinikum-schaumburg,agaplesion-ev-klinikum-schaumburg:23,23,1,0
0,agaplesion-ev-klinikum-schaumburg,agaplesion-ev-klinikum-schaumburg:27,27,1,0
0,agaplesion-ev-klinikum-schaumburg,agaplesion-ev-klinikum-schaumburg:28,28,1,0
0,agaplesion-ev-klinikum-schaumburg,agaplesion-ev-klinikum-schaumburg:30,30,1,0
0,agaplesion-ev-klinikum-schaumburg,agaplesion-ev-klinikum-schaumburg:32,32,1,0
2,agaplesion-ev-klinikum-schaumburg,agaplesion-ev-klinikum-schaumburg:37,37,1,0
0,agaplesion-ev-klinikum-schaumburg,agaplesion-ev-klinikum-schaumburg:45,45,1,0
0,agaplesion-ev-klinikum-schaumburg,agaplesion-ev-klinikum-schaumburg:58,58,1,0
19,agaplesion-ev-klinikum-schaumburg,agaplesion-ev-klinikum-schaumburg:60,60,1,1
0,agaplesion-ev-klinikum-schaumburg,agaplesion-ev-klinikum-schaumburg:63,63,1,0
0,agaplesion-ev-klinikum-schaumburg,agaplesion-ev-klinikum-schaumburg:64,64,1,0
0,agaplesion-ev-klinikum-schaumburg,agaplesion-ev-klinikum-schaumburg:70,70,1,0
0,agaplesion-ev-klinikum-schaumburg,agaplesion-ev-klinikum-schaumburg:75,75,1,0
1,agaplesion-ev-klinikum-schaumburg,agaplesion-ev-klinikum-schaumburg:86,86,1,0
0,agaplesion-ev-klinikum-schaumburg,agaplesion-ev-klinikum-schaumburg:96,96,1,0
1,agaplesion-ev-klinikum-schaumburg,agaplesion-ev-klinikum-schaumburg:100,100,1,0
0,agaplesion-ev-klinikum-schaumburg,agaplesion-ev-klinikum-schaumburg:102,102,1,0
0,agaplesion-ev-klinikum-schaumburg,agaplesion-ev-klinikum-schaumburg:103,103,1,0
0,agaplesion-ev-klinikum-schaumburg,agaplesion-ev-klinikum-schaumburg:113,113,2,0
0,agaplesion-ev-klinikum-schaumburg,agaplesion-ev-klinikum-schaumburg:120,120,2,1
1,agaplesion-ev-klinikum-schaumburg,agaplesion-ev-klinikum-schaumburg:125,125,1,0
4,agaplesion-ev-klinikum-schaumburg,agaplesion-ev-klinikum-schaumburg:154,154,1,0
1,agaplesion-ev-klinikum-schaumburg,agaplesion-ev-klinikum-schaumburg:175,175,1,0
0,agaplesion-ev-klinikum-schaumburg,agaplesion-ev-klinikum-schaumburg:198,198,1,0
0,agaplesion-ev-klinikum-schaumburg,agaplesion-ev-klinikum-schaumburg:219,219,1,0
0,agaplesion-ev-klinikum-schaumburg,agaplesion-ev-klinikum-schaumburg:249,249,1,0
27,agaplesion-ev-klinikum-schaumburg,agaplesion-ev-klinikum-schaumburg:261,261,1,0
0,agaplesion-ev-klinikum-schaumburg,agaplesion-ev-klinikum-schaumburg:276,276,1,0
0,agaplesion-ev-klinikum-schaumburg,agaplesion-ev-klinikum-schaumburg:278,278,2,0
0,agaplesion-ev-klinikum-schaumburg,agaplesion-ev-klinikum-schaumburg:293,293,1,0
1,agaplesion-ev-klinikum-schaumburg,agaplesion-ev-klinikum-schaumburg:302,302,1,0
2,agaplesion-ev-klinikum-schaumburg,agaplesion-ev-klinikum-schaumburg:338,338,1,1
0,agaplesion-ev-klinikum-schaumburg,agaplesion-ev-klinikum-schaumburg:364,364,1,0
0,agaplesion-ev-klinikum-schaumburg,agaplesion-ev-klinikum-schaumburg:412,412,1,0
0,agaplesion-ev-klinikum-schaumburg,agaplesion-ev-klinikum-schaumburg:421,421,1,0
0,agaplesion-ev-klinikum-schaumburg,agaplesion-ev-klinikum-schaumburg:449,449,1,0
0,agaplesion-ev-klinikum-schaumburg,agaplesion-ev-klinikum-schaumburg:451,451,1,0
0,agaplesion-ev-klinikum-schaumburg,agaplesion-ev-klinikum-schaumburg:456,456,1,0
0,agaplesion-ev-klinikum-schaumburg,agaplesion-ev-klinikum-schaumburg:457,457,1,0
0,agaplesion-ev-klinikum-schaumburg,agaplesion-ev-klinikum-schaumburg:459,459,2,0
0,agaplesion-ev-klinikum-schaumburg,agaplesion-ev-klinikum-schaumburg:464,464,1,0
0,agaplesion-ev-klinikum-schaumburg,agaplesion-ev-klinikum-schaumburg:465,465,1,0
0,agaplesion-ev-klinikum-schaumburg,agaplesion-ev-klinikum-schaumburg:467,467,1,0
0,agaplesion-ev-klinikum-schaumburg,agaplesion-ev-klinikum-schaumburg:475,475,1,0
0,agaplesion-ev-klinikum-schaumburg,agaplesion-ev-klinikum-schaumburg:476,476,1,0
0,agaplesion-ev-klinikum-schaumburg,agaplesion-ev-klinikum-schaumburg:477,477,1,0
0,agaplesion-ev-klinikum-schaumburg,agaplesion-ev-klinikum-schaumburg:478,478,1,0
14,agaplesion-evangelisches-krankenhaus-holzminden-ggmbh,agaplesion-evangelisches-krankenhaus-holzminden-ggmbh:5,5,2,0
12,agaplesion-evangelisches-krankenhaus-holzminden-ggmbh,agaplesion-evangelisches-krankenhaus-holzminden-ggmbh:9,9,1,0
10,agaplesion-evangelisches-krankenhaus-holzminden-ggmbh,agaplesion-evangelisches-krankenhaus-holzminden-ggmbh:11,11,2,0
3,agaplesion-evangelisches-krankenhaus-holzminden-ggmbh,agaplesion-evangelisches-krankenhaus-holzminden-ggmbh:13,13,1,0
5,agaplesion-evangelisches-krankenhaus-holzminden-ggmbh,agaplesion-evangelisches-krankenhaus-holzminden-ggmbh:19,19,1,0
6,agaplesion-evangelisches-krankenhaus-holzminden-ggmbh,agaplesion-evangelisches-krankenhaus-holzminden-ggmbh:21,21,1,0
13,agaplesion-evangelisches-krankenhaus-holzminden-ggmbh,agaplesion-evangelisches-krankenhaus-holzminden-ggmbh:22,22,1,0
12,agaplesion-evangelisches-krankenhaus-holzminden-ggmbh,agaplesion-evangelisches-krankenhaus-holzminden-ggmbh:28,28,1,0
7,agaplesion-evangelisches-krankenhaus-holzminden-ggmbh,agaplesion-evangelisches-krankenhaus-holzminden-ggmbh:29,29,1,0
18,agaplesion-evangelisches-krankenhaus-holzminden-ggmbh,agaplesion-evangelisches-krankenhaus-holzminden-ggmbh:32,32,1,0
12,agaplesion-evangelisches-krankenhaus-holzminden-ggmbh,agaplesion-evangelisches-krankenhaus-holzminden-ggmbh:34,34,1,0
14,agaplesion-evangelisches-krankenhaus-holzminden-ggmbh,agaplesion-evangelisches-krankenhaus-holzminden-ggmbh:35,35,1,0
7,agaplesion-evangelisches-krankenhaus-holzminden-ggmbh,agaplesion-evangelisches-krankenhaus-holzminden-ggmbh:36,36,1,0
14,agaplesion-evangelisches-krankenhaus-holzminden-ggmbh,agaplesion-evangelisches-krankenhaus-holzminden-ggmbh:37,37,1,0
6,agaplesion-evangelisches-krankenhaus-holzminden-ggmbh,agaplesion-evangelisches-krankenhaus-holzminden-ggmbh:40,40,1,0
11,agaplesion-evangelisches-krankenhaus-holzminden-ggmbh,agaplesion-evangelisches-krankenhaus-holzminden-ggmbh:42,42,1,0
7,agaplesion-evangelisches-krankenhaus-holzminden-ggmbh,agaplesion-evangelisches-krankenhaus-holzminden-ggmbh:43,43,1,0
9,agaplesion-evangelisches-krankenhaus-holzminden-ggmbh,agaplesion-evangelisches-krankenhaus-holzminden-ggmbh:44,44,1,0
11,agaplesion-evangelisches-krankenhaus-holzminden-ggmbh,agaplesion-evangelisches-krankenhaus-holzminden-ggmbh:45,45,1,0
7,agaplesion-evangelisches-krankenhaus-holzminden-ggmbh,agaplesion-evangelisches-krankenhaus-holzminden-ggmbh:46,46,1,0
10,agaplesion-evangelisches-krankenhaus-holzminden-ggmbh,agaplesion-evangelisches-krankenhaus-holzminden-ggmbh:47,47,1,0
10,agaplesion-evangelisches-krankenhaus-holzminden-ggmbh,agaplesion-evangelisches-krankenhaus-holzminden-ggmbh:50,50,1,0
6,agaplesion-evangelisches-krankenhaus-holzminden-ggmbh,agaplesion-evangelisches-krankenhaus-holzminden-ggmbh:53,53,1,0
1,agaplesion-evangelisches-krankenhaus-holzminden-ggmbh,agaplesion-evangelisches-krankenhaus-holzminden-ggmbh:54,54,1,0
16,agaplesion-evangelisches-krankenhaus-holzminden-ggmbh,agaplesion-evangelisches-krankenhaus-holzminden-ggmbh:56,56,1,0
17,agaplesion-evangelisches-krankenhaus-holzminden-ggmbh,agaplesion-evangelisches-krankenhaus-holzminden-ggmbh:57,57,1,0
9,agaplesion-evangelisches-krankenhaus-holzminden-ggmbh,agaplesion-evangelisches-krankenhaus-holzminden-ggmbh:58,58,1,0
8,agaplesion-evangelisches-krankenhaus-holzminden-ggmbh,agaplesion-evangelisches-krankenhaus-holzminden-ggmbh:60,60,1,0
5,agaplesion-evangelisches-krankenhaus-holzminden-ggmbh,agaplesion-evangelisches-krankenhaus-holzminden-ggmbh:61,61,1,0
9,agaplesion-evangelisches-krankenhaus-holzminden-ggmbh,agaplesion-evangelisches-krankenhaus-holzminden-ggmbh:63,63,1,0
10,agaplesion-evangelisches-krankenhaus-holzminden-ggmbh,agaplesion-evangelisches-krankenhaus-holzminden-ggmbh:65,65,1,0
7,agaplesion-evangelisches-krankenhaus-holzminden-ggmbh,agaplesion-evangelisches-krankenhaus-holzminden-ggmbh:66,66,1,0
10,agaplesion-evangelisches-krankenhaus-holzminden-ggmbh,agaplesion-evangelisches-krankenhaus-holzminden-ggmbh:71,71,1,0
7,agaplesion-evangelisches-krankenhaus-holzminden-ggmbh,agaplesion-evangelisches-krankenhaus-holzminden-ggmbh:72,72,1,0
10,agaplesion-evangelisches-krankenhaus-holzminden-ggmbh,agaplesion-evangelisches-krankenhaus-holzminden-ggmbh:74,74,1,0
5,agaplesion-evangelisches-krankenhaus-holzminden-ggmbh,agaplesion-evangelisches-krankenhaus-holzminden-ggmbh:75,75,1,0
4,agaplesion-evangelisches-krankenhaus-holzminden-ggmbh,agaplesion-evangelisches-krankenhaus-holzminden-ggmbh:76,76,1,0
8,agaplesion-evangelisches-krankenhaus-holzminden-ggmbh,agaplesion-evangelisches-krankenhaus-holzminden-ggmbh:79,79,1,0
6,agaplesion-evangelisches-krankenhaus-holzminden-ggmbh,agaplesion-evangelisches-krankenhaus-holzminden-ggmbh:80,80,1,0
7,agaplesion-evangelisches-krankenhaus-holzminden-ggmbh,agaplesion-evangelisches-krankenhaus-holzminden-ggmbh:84,84,1,0
6,agaplesion-evangelisches-krankenhaus-holzminden-ggmbh,agaplesion-evangelisches-krankenhaus-holzminden-ggmbh:87,87,1,0
7,agaplesion-evangelisches-krankenhaus-holzminden-ggmbh,agaplesion-evangelisches-krankenhaus-holzminden-ggmbh:88,88,1,0
3,agaplesion-evangelisches-krankenhaus-holzminden-ggmbh,agaplesion-evangelisches-krankenhaus-holzminden-ggmbh:89,89,1,0
0,agaplesion-evangelisches-krankenhaus-holzminden-ggmbh,agaplesion-evangelisches-krankenhaus-holzminden-ggmbh:90,90,2,0
6,agaplesion-evangelisches-krankenhaus-holzminden-ggmbh,agaplesion-evangelisches-krankenhaus-holzminden-ggmbh:93,93,1,0
6,agaplesion-evangelisches-krankenhaus-holzminden-ggmbh,agaplesion-evangelisches-krankenhaus-holzminden-ggmbh:96,96,1,0
4,agaplesion-evangelisches-krankenhaus-holzminden-ggmbh,agaplesion-evangelisches-krankenhaus-holzminden-ggmbh:102,102,1,0
7,agaplesion-evangelisches-krankenhaus-holzminden-ggmbh,agaplesion-evangelisches-krankenhaus-holzminden-ggmbh:104,104,1,0
4,agaplesion-evangelisches-krankenhaus-holzminden-ggmbh,agaplesion-evangelisches-krankenhaus-holzminden-ggmbh:109,109,1,0
5,agaplesion-evangelisches-krankenhaus-holzminden-ggmbh,agaplesion-evangelisches-krankenhaus-holzminden-ggmbh:113,113,1,0
3,agaplesion-evangelisches-krankenhaus-holzminden-ggmbh,agaplesion-evangelisches-krankenhaus-holzminden-ggmbh:114,114,1,0
0,agaplesion-krankenhaus-neu-bethlehem-ggmbh,agaplesion-krankenhaus-neu-bethlehem-ggmbh:2,2,2,0
0,agaplesion-krankenhaus-neu-bethlehem-ggmbh,agaplesion-krankenhaus-neu-bethlehem-ggmbh:13,13,2,0
0,agaplesion-krankenhaus-neu-bethlehem-ggmbh,agaplesion-krankenhaus-neu-bethlehem-ggmbh:18,18,1,0
0,agaplesion-krankenhaus-neu-bethlehem-ggmbh,agaplesion-krankenhaus-neu-bethlehem-ggmbh:50,50,2,0
0,agaplesion-krankenhaus-neu-bethlehem-ggmbh,agaplesion-krankenhaus-neu-bethlehem-ggmbh:82,82,1,0
2,agaplesion-krankenhaus-neu-bethlehem-ggmbh,agaplesion-krankenhaus-neu-bethlehem-ggmbh:85,85,1,0
0,agaplesion-krankenhaus-neu-bethlehem-ggmbh,agaplesion-krankenhaus-neu-bethlehem-ggmbh:91,91,1,0
0,agaplesion-krankenhaus-neu-bethlehem-ggmbh,agaplesion-krankenhaus-neu-bethlehem-ggmbh:120,120,1,0
1,allgemeines-krankenhaus-celle,allgemeines-krankenhaus-celle:0,0,1,0
1,allgemeines-krankenhaus-celle,allgemeines-krankenhaus-celle:4,4,1,0
1,allgemeines-krankenhaus-celle,allgemeines-krankenhaus-celle:8,8,1,0
1,allgemeines-krankenhaus-celle,allgemeines-krankenhaus-celle:10,10,1,0
1,allgemeines-krankenhaus-celle,allgemeines-krankenhaus-celle:11,11,1,0
1,allgemeines-krankenhaus-celle,allgemeines-krankenhaus-celle:12,12,2,0
1,allgemeines-krankenhaus-celle,allgemeines-krankenhaus-celle:13,13,2,0
2,allgemeines-krankenhaus-celle,allgemeines-krankenhaus-celle:14,14,1,0
1,allgemeines-krankenhaus-celle,allgemeines-krankenhaus-celle:17,17,1,0
1,allgemeines-krankenhaus-celle,allgemeines-krankenhaus-celle:18,18,1,0
1,allgemeines-krankenhaus-celle,allgemeines-krankenhaus-celle:19,19,1,0
1,allgemeines-krankenhaus-celle,allgemeines-krankenhaus-celle:22,22,1,0
1,allgemeines-krankenhaus-celle,allgemeines-krankenhaus-celle:23,23,2,0
1,allgemeines-krankenhaus-celle,allgemeines-krankenhaus-celle:24,24,1,0
1,allgemeines-krankenhaus-celle,allgemeines-krankenhaus-celle:25,25,1,0
1,allgemeines-krankenhaus-celle,allgemeines-krankenhaus-celle:27,27,1,0
1,allgemeines-krankenhaus-celle,allgemeines-krankenhaus-celle:28,28,1,0
1,allgemeines-krankenhaus-celle,allgemeines-krankenhaus-celle:32,32,1,0
1,allgemeines-krankenhaus-celle,allgemeines-krankenhaus-celle:33,33,1,0
1,allgemeines-krankenhaus-celle,allgemeines-krankenhaus-celle:37,37,2,0
1,allgemeines-krankenhaus-celle,allgemeines-krankenhaus-celle:39,39,1,0
1,allgemeines-krankenhaus-celle,allgemeines-krankenhaus-celle:42,42,1,0
1,allgemeines-krankenhaus-celle,allgemeines-krankenhaus-celle:49,49,1,0
1,allgemeines-krankenhaus-celle,allgemeines-krankenhaus-celle:55,55,1,0
1,allgemeines-krankenhaus-celle,allgemeines-krankenhaus-celle:60,60,1,0
1,allgemeines-krankenhaus-celle,allgemeines-krankenhaus-celle:62,62,1,0
1,allgemeines-krankenhaus-celle,allgemeines-krankenhaus-celle:63,63,1,0
1,allgemeines-krankenhaus-celle,allgemeines-krankenhaus-celle:68,68,1,0
1,allgemeines-krankenhaus-celle,allgemeines-krankenhaus-celle:76,76,1,0
1,allgemeines-krankenhaus-celle,allgemeines-krankenhaus-celle:80,80,1,0
1,allgemeines-krankenhaus-celle,allgemeines-krankenhaus-celle:82,82,1,0
1,allgemeines-krankenhaus-celle,allgemeines-krankenhaus-celle:84,84,1,0
1,allgemeines-krankenhaus-celle,allgemeines-krankenhaus-celle:95,95,1,0
1,allgemeines-krankenhaus-celle,allgemeines-krankenhaus-celle:96,96,1,0
2,allgemeines-krankenhaus-celle,allgemeines-krankenhaus-celle:98,98,1,0
7,allgemeines-krankenhaus-celle,allgemeines-krankenhaus-celle:99,99,1,0
6,allgemeines-krankenhaus-celle,allgemeines-krankenhaus-celle:104,104,1,0
1,allgemeines-krankenhaus-celle,allgemeines-krankenhaus-celle:106,106,1,0
16,allgemeines-krankenhaus-celle,allgemeines-krankenhaus-celle:108,108,1,0
25,allgemeines-krankenhaus-celle,allgemeines-krankenhaus-celle:116,116,1,0
3,allgemeines-krankenhaus-celle,allgemeines-krankenhaus-celle:117,117,1,0
5,allgemeines-krankenhaus-celle,allgemeines-krankenhaus-celle:118,118,1,0
0,allgemeines-krankenhaus-celle,allgemeines-krankenhaus-celle:120,120,1,0
2,allgemeines-krankenhaus-celle,allgemeines-krankenhaus-celle:122,122,2,0
5,allgemeines-krankenhaus-celle,allgemeines-krankenhaus-celle:125,125,1,0
0,allgemeines-krankenhaus-celle,allgemeines-krankenhaus-celle:127,127,1,0
2,allgemeines-krankenhaus-celle,allgemeines-krankenhaus-celle:130,130,1,0
5,allgemeines-krankenhaus-celle,allgemeines-krankenhaus-celle:131,131,1,0
0,allgemeines-krankenhaus-celle,allgemeines-krankenhaus-celle:136,136,2,0
1,allgemeines-krankenhaus-celle,allgemeines-krankenhaus-celle:140,140,1,0
5,allgemeines-krankenhaus-celle,allgemeines-krankenhaus-celle:141,141,1,0
1,allgemeines-krankenhaus-celle,allgemeines-krankenhaus-celle:144,144,1,0
3,allgemeines-krankenhaus-celle,allgemeines-krankenhaus-celle:147,147,2,0
16,allgemeines-krankenhaus-celle,allgemeines-krankenhaus-celle:148,148,1,0
6,allgemeines-krankenhaus-celle,allgemeines-krankenhaus-celle:149,149,1,0
3,allgemeines-krankenhaus-celle,allgemeines-krankenhaus-celle:152,152,1,0
3,allgemeines-krankenhaus-celle,allgemeines-krankenhaus-celle:155,155,1,0
1,allgemeines-krankenhaus-celle,allgemeines-krankenhaus-celle:158,158,1,0
7,allgemeines-krankenhaus-celle,allgemeines-krankenhaus-celle:160,160,1,0
14,allgemeines-krankenhaus-celle,allgemeines-krankenhaus-celle:162,162,1,0
18,allgemeines-krankenhaus-celle,allgemeines-krankenhaus-celle:163,163,1,0
9,allgemeines-krankenhaus-celle,allgemeines-krankenhaus-celle:165,165,1,0
2,allgemeines-krankenhaus-celle,allgemeines-krankenhaus-celle:166,166,1,0
4,allgemeines-krankenhaus-celle,allgemeines-krankenhaus-celle:167,167,1,0
5,allgemeines-krankenhaus-celle,allgemeines-krankenhaus-celle:172,172,1,0
10,allgemeines-krankenhaus-celle,allgemeines-krankenhaus-celle:178,178,1,0
13,allgemeines-krankenhaus-celle,allgemeines-krankenhaus-celle:181,181,1,0
0,allgemeines-krankenhaus-celle,allgemeines-krankenhaus-celle:182,182,1,0
2,allgemeines-krankenhaus-celle,allgemeines-krankenhaus-celle:184,184,1,0
3,allgemeines-krankenhaus-celle,allgemeines-krankenhaus-celle:187,187,1,0
1,allgemeines-krankenhaus-celle,allgemeines-krankenhaus-celle:188,188,1,0
12,allgemeines-krankenhaus-celle,allgemeines-krankenhaus-celle:189,189,1,0
2,allgemeines-krankenhaus-celle,allgemeines-krankenhaus-celle:190,190,1,0
4,allgemeines-krankenhaus-celle,allgemeines-krankenhaus-celle:195,195,1,0
2,allgemeines-krankenhaus-celle,allgemeines-krankenhaus-celle:200,200,1,0
0,allgemeines-krankenhaus-celle,allgemeines-krankenhaus-celle:201,201,1,0
16,allgemeines-krankenhaus-celle,allgemeines-krankenhaus-celle:204,204,1,0
2,allgemeines-krankenhaus-celle,allgemeines-krankenhaus-celle:206,206,1,0
19,allgemeines-krankenhaus-celle,allgemeines-krankenhaus-celle:208,208,1,0
11,allgemeines-krankenhaus-celle,allgemeines-krankenhaus-celle:212,212,1,0
0,allgemeines-krankenhaus-celle,allgemeines-krankenhaus-celle:214,214,1,0
13,allgemeines-krankenhaus-celle,allgemeines-krankenhaus-celle:215,215,1,0
13,allgemeines-krankenhaus-celle,allgemeines-krankenhaus-celle:216,216,1,0
2,allgemeines-krankenhaus-celle,allgemeines-krankenhaus-celle:218,218,1,0
8,allgemeines-krankenhaus-celle,allgemeines-krankenhaus-celle:220,220,1,0
5,allgemeines-krankenhaus-celle,allgemeines-krankenhaus-celle:223,223,1,0
13,allgemeines-krankenhaus-celle,allgemeines-krankenhaus-celle:224,224,1,0
8,allgemeines-krankenhaus-celle,allgemeines-krankenhaus-celle:225,225,1,0
4,allgemeines-krankenhaus-celle,allgemeines-krankenhaus-celle:226,226,1,0
1,allgemeines-krankenhaus-celle,allgemeines-krankenhaus-celle:230,230,1,0
4,allgemeines-krankenhaus-celle,allgemeines-krankenhaus-celle:231,231,1,0
10,allgemeines-krankenhaus-celle,allgemeines-krankenhaus-celle:232,232,1,0
24,allgemeines-krankenhaus-celle,allgemeines-krankenhaus-celle:233,233,1,0
15,allgemeines-krankenhaus-celle,allgemeines-krankenhaus-celle:236,236,1,0
2,allgemeines-krankenhaus-celle,allgemeines-krankenhaus-celle:237,237,1,0
15,allgemeines-krankenhaus-celle,allgemeines-krankenhaus-celle:243,243,1,0
8,allgemeines-krankenhaus-celle,allgemeines-krankenhaus-celle:244,244,1,0
3,allgemeines-krankenhaus-celle,allgemeines-krankenhaus-celle:245,245,2,0
14,allgemeines-krankenhaus-celle,allgemeines-krankenhaus-celle:250,250,1,0
7,allgemeines-krankenhaus-celle,allgemeines-krankenhaus-celle:253,253,1,0
22,allgemeines-krankenhaus-celle,allgemeines-krankenhaus-celle:254,254,1,0
2,allgemeines-krankenhaus-celle,allgemeines-krankenhaus-celle:256,256,1,0
11,allgemeines-krankenhaus-celle,allgemeines-krankenhaus-celle:258,258,1,0
0,allgemeines-krankenhaus-celle,allgemeines-krankenhaus-celle:259,259,1,0
10,allgemeines-krankenhaus-celle,allgemeines-krankenhaus-celle:260,260,1,0
3,allgemeines-krankenhaus-celle,allgemeines-krankenhaus-celle:262,262,2,0
17,allgemeines-krankenhaus-celle,allgemeines-krankenhaus-celle:263,263,1,0
1,allgemeines-krankenhaus-celle,allgemeines-krankenhaus-celle:264,264,1,0
14,allgemeines-krankenhaus-celle,allgemeines-krankenhaus-celle:266,266,1,0
15,allgemeines-krankenhaus-celle,allgemeines-krankenhaus-celle:267,267,1,0
0,allgemeines-krankenhaus-celle,allgemeines-krankenhaus-celle:271,271,1,0
11,allgemeines-krankenhaus-celle,allgemeines-krankenhaus-celle:274,274,1,0
1,allgemeines-krankenhaus-celle,allgemeines-krankenhaus-celle:275,275,2,0
4,allgemeines-krankenhaus-celle,allgemeines-krankenhaus-celle:277,277,1,0
11,allgemeines-krankenhaus-celle,allgemeines-krankenhaus-celle:279,279,1,0
0,allgemeines-krankenhaus-celle,allgemeines-krankenhaus-celle:280,280,1,0
7,allgemeines-krankenhaus-celle,allgemeines-krankenhaus-celle:281,281,1,0
3,allgemeines-krankenhaus-celle,allgemeines-krankenhaus-celle:282,282,1,0
0,allgemeines-krankenhaus-celle,allgemeines-krankenhaus-celle:283,283,1,0
9,allgemeines-krankenhaus-celle,allgemeines-krankenhaus-celle:284,284,1,0
8,allgemeines-krankenhaus-celle,allgemeines-krankenhaus-celle:285,285,1,0
3,allgemeines-krankenhaus-celle,allgemeines-krankenhaus-celle:286,286,1,0
10,allgemeines-krankenhaus-celle,allgemeines-krankenhaus-celle:288,288,1,1
8,allgemeines-krankenhaus-celle,allgemeines-krankenhaus-celle:289,289,1,0
13,allgemeines-krankenhaus-celle,allgemeines-krankenhaus-celle:294,294,1,0
7,allgemeines-krankenhaus-celle,allgemeines-krankenhaus-celle:295,295,1,0
5,allgemeines-krankenhaus-celle,allgemeines-krankenhaus-celle:305,305,2,0
5,allgemeines-krankenhaus-celle,allgemeines-krankenhaus-celle:319,319,1,0
5,allgemeines-krankenhaus-celle,allgemeines-krankenhaus-celle:321,321,2,0
9,allgemeines-krankenhaus-celle,allgemeines-krankenhaus-celle:324,324,1,0
2,allgemeines-krankenhaus-celle,allgemeines-krankenhaus-celle:335,335,1,0
0,allgemeines-krankenhaus-celle,allgemeines-krankenhaus-celle:336,336,1,0
0,allgemeines-krankenhaus-celle,allgemeines-krankenhaus-celle:341,341,1,0
1,allgemeines-krankenhaus-celle,allgemeines-krankenhaus-celle:342,342,2,0
15,allgemeines-krankenhaus-celle,allgemeines-krankenhaus-celle:343,343,1,0
12,allgemeines-krankenhaus-celle,allgemeines-krankenhaus-celle:344,344,1,0
4,allgemeines-krankenhaus-celle,allgemeines-krankenhaus-celle:348,348,1,0
0,allgemeines-krankenhaus-celle,allgemeines-krankenhaus-celle:349,349,1,0
4,allgemeines-krankenhaus-celle,allgemeines-krankenhaus-celle:351,351,1,0
0,allgemeines-krankenhaus-celle,allgemeines-krankenhaus-celle:352,352,1,0
7,allgemeines-krankenhaus-celle,allgemeines-krankenhaus-celle:353,353,1,0
0,allgemeines-krankenhaus-celle,allgemeines-krankenhaus-celle:354,354,1,0
6,allgemeines-krankenhaus-celle,allgemeines-krankenhaus-celle:355,355,1,0
0,allgemeines-krankenhaus-celle,allgemeines-krankenhaus-celle:356,356,1,0
4,allgemeines-krankenhaus-celle,allgemeines-krankenhaus-celle:363,363,1,0
1,allgemeines-krankenhaus-celle,allgemeines-krankenhaus-celle:365,365,1,0
2,allgemeines-krankenhaus-celle,allgemeines-krankenhaus-celle:367,367,1,0
11,allgemeines-krankenhaus-celle,allgemeines-krankenhaus-celle:368,368,1,0
1,allgemeines-krankenhaus-celle,allgemeines-krankenhaus-celle:369,369,2,0
0,allgemeines-krankenhaus-celle,allgemeines-krankenhaus-celle:370,370,1,0
2,allgemeines-krankenhaus-celle,allgemeines-krankenhaus-celle:371,371,2,0
0,allgemeines-krankenhaus-celle,allgemeines-krankenhaus-celle:377,377,1,0
10,allgemeines-krankenhaus-celle,allgemeines-krankenhaus-celle:378,378,1,0
3,allgemeines-krankenhaus-celle,allgemeines-krankenhaus-celle:379,379,1,0
0,allgemeines-krankenhaus-celle,allgemeines-krankenhaus-celle:381,381,1,0
6,allgemeines-krankenhaus-celle,allgemeines-krankenhaus-celle:384,384,1,0
6,allgemeines-krankenhaus-celle,allgemeines-krankenhaus-celle:385,385,1,0
11,allgemeines-krankenhaus-celle,allgemeines-krankenhaus-celle:386,386,1,0
0,allgemeines-krankenhaus-celle,allgemeines-krankenhaus-celle:389,389,1,0
1,allgemeines-krankenhaus-celle,allgemeines-krankenhaus-celle:391,391,1,0
0,allgemeines-krankenhaus-celle,allgemeines-krankenhaus-celle:393,393,1,0
4,allgemeines-krankenhaus-celle,allgemeines-krankenhaus-celle:395,395,1,0
1,allgemeines-krankenhaus-celle,allgemeines-krankenhaus-celle:396,396,1,0
9,allgemeines-krankenhaus-celle,allgemeines-krankenhaus-celle:398,398,1,0
1,allgemeines-krankenhaus-celle,allgemeines-krankenhaus-celle:404,404,1,0
1,allgemeines-krankenhaus-celle,allgemeines-krankenhaus-celle:410,410,1,0
0,allgemeines-krankenhaus-celle,allgemeines-krankenhaus-celle:415,415,1,0
4,allgemeines-krankenhaus-celle,allgemeines-krankenhaus-celle:419,419,1,0
0,allgemeines-krankenhaus-celle,allgemeines-krankenhaus-celle:421,421,1,0
7,allgemeines-krankenhaus-celle,allgemeines-krankenhaus-celle:423,423,1,0
8,allgemeines-krankenhaus-celle,allgemeines-krankenhaus-celle:425,425,1,0
5,allgemeines-krankenhaus-celle,allgemeines-krankenhaus-celle:427,427,1,0
0,allgemeines-krankenhaus-celle,allgemeines-krankenhaus-celle:428,428,1,0
3,allgemeines-krankenhaus-celle,allgemeines-krankenhaus-celle:430,430,1,0
0,allgemeines-krankenhaus-celle,allgemeines-krankenhaus-celle:431,431,1,0
9,allgemeines-krankenhaus-celle,allgemeines-krankenhaus-celle:432,432,1,0
1,allgemeines-krankenhaus-celle,allgemeines-krankenhaus-celle:435,435,1,0
0,allgemeines-krankenhaus-celle,allgemeines-krankenhaus-celle:436,436,1,0
0,allgemeines-krankenhaus-celle,allgemeines-krankenhaus-celle:438,438,1,0
2,allgemeines-krankenhaus-celle,allgemeines-krankenhaus-celle:440,440,1,0
5,allgemeines-krankenhaus-celle,allgemeines-krankenhaus-celle:443,443,1,0
11,allgemeines-krankenhaus-celle,allgemeines-krankenhaus-celle:449,449,1,0
1,allgemeines-krankenhaus-celle,allgemeines-krankenhaus-celle:454,454,1,0
0,allgemeines-krankenhaus-celle,allgemeines-krankenhaus-celle:455,455,1,0
1,allgemeines-krankenhaus-celle,allgemeines-krankenhaus-celle:458,458,1,0
0,allgemeines-krankenhaus-celle,allgemeines-krankenhaus-celle:460,460,2,0
1,allgemeines-krankenhaus-celle,allgemeines-krankenhaus-celle:463,463,1,0
1,allgemeines-krankenhaus-celle,allgemeines-krankenhaus-celle:464,464,2,0
1,allgemeines-krankenhaus-celle,allgemeines-krankenhaus-celle:469,469,1,0
0,allgemeines-krankenhaus-celle,allgemeines-krankenhaus-celle:471,471,1,0
0,allgemeines-krankenhaus-celle,allgemeines-krankenhaus-celle:472,472,1,0
9,allgemeines-krankenhaus-celle,allgemeines-krankenhaus-celle:478,478,1,0
0,ameos-klinikum-alfeld,ameos-klinikum-alfeld:0,0,2,0
0,ameos-klinikum-alfeld,ameos-klinikum-alfeld:1,1,2,0
6,ameos-klinikum-alfeld,ameos-klinikum-alfeld:6,6,1,0
2,ameos-klinikum-alfeld,ameos-klinikum-alfeld:7,7,1,0
11,ameos-klinikum-alfeld,ameos-klinikum-alfeld:9,9,1,0
12,ameos-klinikum-alfeld,ameos-klinikum-alfeld:13,13,1,0
8,ameos-klinikum-alfeld,ameos-klinikum-alfeld:16,16,1,0
3,ameos-klinikum-alfeld,ameos-klinikum-alfeld:20,20,2,0
4,ameos-klinikum-alfeld,ameos-klinikum-alfeld:21,21,1,0
15,ameos-klinikum-alfeld,ameos-klinikum-alfeld:22,22,1,0
3,ameos-klinikum-alfeld,ameos-klinikum-alfeld:24,24,1,0
12,ameos-klinikum-alfeld,ameos-klinikum-alfeld:25,25,1,0
14,ameos-klinikum-alfeld,ameos-klinikum-alfeld:26,26,1,0
6,ameos-klinikum-alfeld,ameos-klinikum-alfeld:27,27,2,0
5,ameos-klinikum-alfeld,ameos-klinikum-alfeld:31,31,1,0
4,ameos-klinikum-alfeld,ameos-klinikum-alfeld:32,32,1,0
2,ameos-klinikum-alfeld,ameos-klinikum-alfeld:33,33,1,0
5,ameos-klinikum-alfeld,ameos-klinikum-alfeld:35,35,1,0
10,ameos-klinikum-alfeld,ameos-klinikum-alfeld:44,44,1,0
9,ameos-klinikum-alfeld,ameos-klinikum-alfeld:45,45,1,0
4,ameos-klinikum-alfeld,ameos-klinikum-alfeld:46,46,2,1
3,ameos-klinikum-alfeld,ameos-klinikum-alfeld:47,47,1,0
5,ameos-klinikum-alfeld,ameos-klinikum-alfeld:48,48,1,0
8,ameos-klinikum-alfeld,ameos-klinikum-alfeld:49,49,2,0
5,ameos-klinikum-alfeld,ameos-klinikum-alfeld:51,51,1,0
4,ameos-klinikum-alfeld,ameos-klinikum-alfeld:52,52,1,0
8,ameos-klinikum-alfeld,ameos-klinikum-alfeld:53,53,1,0
8,ameos-klinikum-alfeld,ameos-klinikum-alfeld:55,55,1,0
4,ameos-klinikum-alfeld,ameos-klinikum-alfeld:58,58,1,0
4,ameos-klinikum-alfeld,ameos-klinikum-alfeld:61,61,1,0
4,ameos-klinikum-alfeld,ameos-klinikum-alfeld:62,62,1,0
5,ameos-klinikum-alfeld,ameos-klinikum-alfeld:67,67,1,0
0,ameos-klinikum-alfeld,ameos-klinikum-alfeld:68,68,1,0
0,ameos-klinikum-alfeld,ameos-klinikum-alfeld:69,69,1,0
6,ameos-klinikum-alfeld,ameos-klinikum-alfeld:70,70,1,0
2,ameos-klinikum-alfeld,ameos-klinikum-alfeld:74,74,1,0
3,ameos-klinikum-alfeld,ameos-klinikum-alfeld:76,76,1,0
0,ameos-klinikum-alfeld,ameos-klinikum-alfeld:80,80,1,0
3,ameos-klinikum-alfeld,ameos-klinikum-alfeld:81,81,1,0
0,ameos-klinikum-alfeld,ameos-klinikum-alfeld:83,83,1,0
5,ameos-klinikum-alfeld,ameos-klinikum-alfeld:84,84,1,0
3,ameos-klinikum-alfeld,ameos-klinikum-alfeld:87,87,1,0
1,ameos-klinikum-alfeld,ameos-klinikum-alfeld:88,88,1,0
5,ameos-klinikum-alfeld,ameos-klinikum-alfeld:89,89,1,0
4,ameos-klinikum-alfeld,ameos-klinikum-alfeld:90,90,1,0
3,ameos-klinikum-alfeld,ameos-klinikum-alfeld:92,92,2,0
1,ameos-klinikum-alfeld,ameos-klinikum-alfeld:93,93,1,0
1,ameos-klinikum-alfeld,ameos-klinikum-alfeld:95,95,2,0
2,ameos-klinikum-alfeld,ameos-klinikum-alfeld:96,96,1,0
2,ameos-klinikum-alfeld,ameos-klinikum-alfeld:98,98,2,0
0,ameos-klinikum-alfeld,ameos-klinikum-alfeld:101,101,1,0
4,ameos-klinikum-alfeld,ameos-klinikum-alfeld:104,104,1,0
0,ameos-klinikum-alfeld,ameos-klinikum-alfeld:105,105,1,0
3,ameos-klinikum-alfeld,ameos-klinikum-alfeld:106,106,2,0
1,ameos-klinikum-alfeld,ameos-klinikum-alfeld:107,107,2,0
0,ameos-klinikum-hameln,ameos-klinikum-hameln:0,0,1,0
0,ameos-klinikum-hameln,ameos-klinikum-hameln:1,1,1,0
0,ameos-klinikum-hameln,ameos-klinikum-hameln:2,2,1,0
0,ameos-klinikum-hameln,ameos-klinikum-hameln:3,3,1,0
0,ameos-klinikum-hameln,ameos-klinikum-hameln:4,4,1,0
0,ameos-klinikum-hameln,ameos-klinikum-hameln:6,6,1,0
5,ameos-klinikum-hameln,ameos-klinikum-hameln:7,7,2,0
14,ameos-klinikum-hameln,ameos-klinikum-hameln:14,14,2,0
0,ameos-klinikum-hameln,ameos-klinikum-hameln:19,19,1,0
0,ameos-klinikum-hameln,ameos-klinikum-hameln:21,21,1,0
0,ameos-klinikum-hildesheim,ameos-klinikum-hildesheim:3,3,1,0
0,ameos-klinikum-hildesheim,ameos-klinikum-hildesheim:5,5,2,0
0,ameos-klinikum-hildesheim,ameos-klinikum-hildesheim:7,7,1,0
0,ameos-klinikum-hildesheim,ameos-klinikum-hildesheim:8,8,1,0
5,ameos-klinikum-hildesheim,ameos-klinikum-hildesheim:11,11,1,0
0,ameos-klinikum-hildesheim,ameos-klinikum-hildesheim:13,13,1,0
0,ameos-klinikum-hildesheim,ameos-klinikum-hildesheim:15,15,1,0
4,ameos-klinikum-hildesheim,ameos-klinikum-hildesheim:16,16,1,0
2,ameos-klinikum-hildesheim,ameos-klinikum-hildesheim:17,17,1,0
0,ameos-klinikum-osnabrueck,ameos-klinikum-osnabrueck:4,4,1,0
0,ameos-klinikum-osnabrueck,ameos-klinikum-osnabrueck:5,5,1,0
2,ameos-klinikum-osnabrueck,ameos-klinikum-osnabrueck:7,7,1,0
6,ameos-klinikum-osnabrueck,ameos-klinikum-osnabrueck:9,9,1,0
18,ameos-klinikum-osnabrueck,ameos-klinikum-osnabrueck:10,10,1,0
1,ameos-klinikum-osnabrueck,ameos-klinikum-osnabrueck:11,11,1,0
0,ameos-klinikum-osnabrueck,ameos-klinikum-osnabrueck:13,13,1,0
2,ameos-klinikum-osnabrueck,ameos-klinikum-osnabrueck:15,15,2,0
1,ameos-klinikum-osnabrueck,ameos-klinikum-osnabrueck:16,16,1,0
1,ameos-klinikum-osnabrueck,ameos-klinikum-osnabrueck:17,17,1,0
3,ameos-klinikum-osnabrueck,ameos-klinikum-osnabrueck:18,18,1,0
3,ameos-klinikum-osnabrueck,ameos-klinikum-osnabrueck:19,19,1,0
2,ameos-klinikum-osnabrueck,ameos-klinikum-osnabrueck:20,20,1,0
5,ameos-klinikum-osnabrueck,ameos-klinikum-osnabrueck:22,22,1,0
3,ameos-klinikum-osnabrueck,ameos-klinikum-osnabrueck:23,23,1,0
2,ameos-klinikum-osnabrueck,ameos-klinikum-osnabrueck:24,24,1,0
10,ameos-klinikum-osnabrueck,ameos-klinikum-osnabrueck:26,26,1,0
3,ameos-klinikum-osnabrueck,ameos-klinikum-osnabrueck:28,28,2,0
0,ameos-klinikum-osnabrueck,ameos-klinikum-osnabrueck:29,29,1,0
28,ameos-klinikum-osnabrueck,ameos-klinikum-osnabrueck:30,30,1,0
0,ameos-klinikum-osnabrueck,ameos-klinikum-osnabrueck:31,31,1,0
2,ameos-klinikum-osnabrueck,ameos-klinikum-osnabrueck:32,32,1,0
7,ameos-klinikum-osnabrueck,ameos-klinikum-osnabrueck:33,33,1,0
10,ameos-klinikum-osnabrueck,ameos-klinikum-osnabrueck:38,38,1,0
9,ameos-klinikum-osnabrueck,ameos-klinikum-osnabrueck:39,39,1,0
1,ameos-klinikum-osnabrueck,ameos-klinikum-osnabrueck:42,42,1,0
3,ameos-klinikum-osnabrueck,ameos-klinikum-osnabrueck:44,44,1,0
22,ameos-klinikum-osnabrueck,ameos-klinikum-osnabrueck:48,48,1,0
6,ameos-klinikum-osnabrueck,ameos-klinikum-osnabrueck:51,51,1,0
1,ameos-klinikum-osnabrueck,ameos-klinikum-osnabrueck:54,54,1,0
0,ameos-klinikum-osnabrueck,ameos-klinikum-osnabrueck:56,56,1,0
1,ameos-klinikum-osnabrueck,ameos-klinikum-osnabrueck:58,58,1,0
1,ameos-klinikum-osnabrueck,ameos-klinikum-osnabrueck:61,61,1,0
2,ameos-klinikum-osnabrueck,ameos-klinikum-osnabrueck:62,62,1,0
0,ameos-klinikum-osnabrueck,ameos-klinikum-osnabrueck:65,65,2,0
2,ameos-klinikum-osnabrueck,ameos-klinikum-osnabrueck:67,67,1,0
2,ameos-klinikum-osnabrueck,ameos-klinikum-osnabrueck:72,72,1,0
3,ameos-klinikum-osnabrueck,ameos-klinikum-osnabrueck:76,76,1,0
0,ameos-klinikum-osnabrueck,ameos-klinikum-osnabrueck:78,78,1,0
0,ameos-klinikum-osnabrueck,ameos-klinikum-osnabrueck:79,79,1,0
0,ameos-klinikum-osnabrueck,ameos-klinikum-osnabrueck:81,81,1,0
0,ameos-klinikum-osnabrueck,ameos-klinikum-osnabrueck:82,82,1,0
3,ameos-klinikum-osnabrueck,ameos-klinikum-osnabrueck:83,83,1,0
0,ameos-klinikum-osnabrueck,ameos-klinikum-osnabrueck:84,84,1,1
0,ameos-klinikum-osnabrueck,ameos-klinikum-osnabrueck:85,85,1,0
0,ameos-klinikum-osnabrueck,ameos-klinikum-osnabrueck:86,86,1,0
0,ameos-klinikum-osnabrueck,ameos-klinikum-osnabrueck:87,87,1,0
0,ameos-klinikum-seepark-geestland-gmbh,ameos-klinikum-seepark-geestland-gmbh:1,1,1,0
0,ameos-klinikum-seepark-geestland-gmbh,ameos-klinikum-seepark-geestland-gmbh:2,2,1,0
0,ameos-klinikum-seepark-geestland-gmbh,ameos-klinikum-seepark-geestland-gmbh:3,3,2,0
0,ameos-klinikum-seepark-geestland-gmbh,ameos-klinikum-seepark-geestland-gmbh:4,4,1,0
1,ameos-klinikum-seepark-geestland-gmbh,ameos-klinikum-seepark-geestland-gmbh:5,5,1,0
0,ameos-klinikum-seepark-geestland-gmbh,ameos-klinikum-seepark-geestland-gmbh:6,6,1,0
0,ameos-klinikum-seepark-geestland-gmbh,ameos-klinikum-seepark-geestland-gmbh:9,9,1,0
3,ameos-klinikum-seepark-geestland-gmbh,ameos-klinikum-seepark-geestland-gmbh:12,12,1,0
0,ameos-klinikum-seepark-geestland-gmbh,ameos-klinikum-seepark-geestland-gmbh:15,15,1,0
0,ameos-klinikum-seepark-geestland-gmbh,ameos-klinikum-seepark-geestland-gmbh:17,17,1,0
1,ameos-klinikum-seepark-geestland-gmbh,ameos-klinikum-seepark-geestland-gmbh:20,20,1,0
8,ameos-klinikum-seepark-geestland-gmbh,ameos-klinikum-seepark-geestland-gmbh:23,23,1,0
7,ameos-klinikum-seepark-geestland-gmbh,ameos-klinikum-seepark-geestland-gmbh:28,28,1,0
4,ameos-klinikum-seepark-geestland-gmbh,ameos-klinikum-seepark-geestland-gmbh:30,30,1,0
5,ameos-klinikum-seepark-geestland-gmbh,ameos-klinikum-seepark-geestland-gmbh:33,33,1,0
13,ameos-klinikum-seepark-geestland-gmbh,ameos-klinikum-seepark-geestland-gmbh:38,38,1,0
1,ameos-klinikum-seepark-geestland-gmbh,ameos-klinikum-seepark-geestland-gmbh:49,49,1,0
1,ameos-klinikum-seepark-geestland-gmbh,ameos-klinikum-seepark-geestland-gmbh:51,51,2,0
7,ameos-klinikum-seepark-geestland-gmbh,ameos-klinikum-seepark-geestland-gmbh:53,53,1,0
2,ameos-klinikum-seepark-geestland-gmbh,ameos-klinikum-seepark-geestland-gmbh:58,58,1,0
0,ameos-klinikum-seepark-geestland-gmbh,ameos-klinikum-seepark-geestland-gmbh:77,77,1,0
0,ameos-klinikum-seepark-geestland-gmbh,ameos-klinikum-seepark-geestland-gmbh:80,80,1,0
0,ameos-klinikum-seepark-geestland-gmbh,ameos-klinikum-seepark-geestland-gmbh:87,87,1,0
2,ameos-klinikum-seepark-geestland-gmbh,ameos-klinikum-seepark-geestland-gmbh:89,89,1,0
0,ameos-klinikum-seepark-geestland-gmbh,ameos-klinikum-seepark-geestland-gmbh:91,91,2,0
0,ameos-klinikum-seepark-geestland-gmbh,ameos-klinikum-seepark-geestland-gmbh:103,103,1,0
0,ameos-klinikum-seepark-geestland-gmbh,ameos-klinikum-seepark-geestland-gmbh:104,104,1,0
0,ammerland-klinik-gmbh,ammerland-klinik-gmbh:0,0,1,0
0,ammerland-klinik-gmbh,ammerland-klinik-gmbh:2,2,1,0
0,ammerland-klinik-gmbh,ammerland-klinik-gmbh:4,4,1,0
0,ammerland-klinik-gmbh,ammerland-klinik-gmbh:10,10,1,0
0,ammerland-klinik-gmbh,ammerland-klinik-gmbh:13,13,2,0
0,ammerland-klinik-gmbh,ammerland-klinik-gmbh:15,15,1,0
0,ammerland-klinik-gmbh,ammerland-klinik-gmbh:16,16,1,0
0,ammerland-klinik-gmbh,ammerland-klinik-gmbh:17,17,1,0
0,ammerland-klinik-gmbh,ammerland-klinik-gmbh:21,21,1,0
0,ammerland-klinik-gmbh,ammerland-klinik-gmbh:24,24,1,0
0,ammerland-klinik-gmbh,ammerland-klinik-gmbh:25,25,1,0
0,ammerland-klinik-gmbh,ammerland-klinik-gmbh:26,26,1,0
0,ammerland-klinik-gmbh,ammerland-klinik-gmbh:27,27,1,0
0,ammerland-klinik-gmbh,ammerland-klinik-gmbh:40,40,1,0
19,ammerland-klinik-gmbh,ammerland-klinik-gmbh:41,41,2,0
0,ammerland-klinik-gmbh,ammerland-klinik-gmbh:42,42,1,0
0,ammerland-klinik-gmbh,ammerland-klinik-gmbh:46,46,1,0
0,ammerland-klinik-gmbh,ammerland-klinik-gmbh:48,48,1,0
0,ammerland-klinik-gmbh,ammerland-klinik-gmbh:51,51,1,0
6,ammerland-klinik-gmbh,ammerland-klinik-gmbh:53,53,1,0
0,ammerland-klinik-gmbh,ammerland-klinik-gmbh:54,54,1,0
0,ammerland-klinik-gmbh,ammerland-klinik-gmbh:55,55,1,0
6,ammerland-klinik-gmbh,ammerland-klinik-gmbh:56,56,1,0
1,ammerland-klinik-gmbh,ammerland-klinik-gmbh:58,58,1,0
0,ammerland-klinik-gmbh,ammerland-klinik-gmbh:62,62,1,0
0,ammerland-klinik-gmbh,ammerland-klinik-gmbh:63,63,1,0
1,ammerland-klinik-gmbh,ammerland-klinik-gmbh:64,64,2,0
1,ammerland-klinik-gmbh,ammerland-klinik-gmbh:65,65,1,0
0,ammerland-klinik-gmbh,ammerland-klinik-gmbh:66,66,1,0
0,ammerland-klinik-gmbh,ammerland-klinik-gmbh:69,69,1,0
9,ammerland-klinik-gmbh,ammerland-klinik-gmbh:70,70,1,0
0,ammerland-klinik-gmbh,ammerland-klinik-gmbh:71,71,1,0
2,ammerland-klinik-gmbh,ammerland-klinik-gmbh:77,77,1,0
13,ammerland-klinik-gmbh,ammerland-klinik-gmbh:81,81,1,0
14,ammerland-klinik-gmbh,ammerland-klinik-gmbh:83,83,1,0
0,ammerland-klinik-gmbh,ammerland-klinik-gmbh:84,84,1,0
1,ammerland-klinik-gmbh,ammerland-klinik-gmbh:89,89,1,0
4,ammerland-klinik-gmbh,ammerland-klinik-gmbh:92,92,1,0
0,ammerland-klinik-gmbh,ammerland-klinik-gmbh:93,93,1,0
2,ammerland-klinik-gmbh,ammerland-klinik-gmbh:95,95,1,0
4,ammerland-klinik-gmbh,ammerland-klinik-gmbh:96,96,1,0
0,ammerland-klinik-gmbh,ammerland-klinik-gmbh:98,98,2,0
0,ammerland-klinik-gmbh,ammerland-klinik-gmbh:112,112,1,0
4,ammerland-klinik-gmbh,ammerland-klinik-gmbh:114,114,1,0
1,ammerland-klinik-gmbh,ammerland-klinik-gmbh:115,115,2,0
4,ammerland-klinik-gmbh,ammerland-klinik-gmbh:116,116,2,0
9,ammerland-klinik-gmbh,ammerland-klinik-gmbh:117,117,1,0
6,ammerland-klinik-gmbh,ammerland-klinik-gmbh:122,122,1,0
7,ammerland-klinik-gmbh,ammerland-klinik-gmbh:126,126,2,0
15,ammerland-klinik-gmbh,ammerland-klinik-gmbh:127,127,1,0
29,ammerland-klinik-gmbh,ammerland-klinik-gmbh:131,131,1,0
2,ammerland-klinik-gmbh,ammerland-klinik-gmbh:132,132,2,0
27,ammerland-klinik-gmbh,ammerland-klinik-gmbh:134,134,1,0
10,ammerland-klinik-gmbh,ammerland-klinik-gmbh:136,136,1,0
13,ammerland-klinik-gmbh,ammerland-klinik-gmbh:137,137,1,0
5,ammerland-klinik-gmbh,ammerland-klinik-gmbh:140,140,2,0
9,ammerland-klinik-gmbh,ammerland-klinik-gmbh:143,143,1,0
26,ammerland-klinik-gmbh,ammerland-klinik-gmbh:145,145,1,0
14,ammerland-klinik-gmbh,ammerland-klinik-gmbh:146,146,1,0
6,ammerland-klinik-gmbh,ammerland-klinik-gmbh:148,148,1,0
6,ammerland-klinik-gmbh,ammerland-klinik-gmbh:150,150,1,0
17,ammerland-klinik-gmbh,ammerland-klinik-gmbh:164,164,1,0
15,ammerland-klinik-gmbh,ammerland-klinik-gmbh:168,168,1,0
10,ammerland-klinik-gmbh,ammerland-klinik-gmbh:170,170,1,0
2,ammerland-klinik-gmbh,ammerland-klinik-gmbh:176,176,2,0
21,ammerland-klinik-gmbh,ammerland-klinik-gmbh:178,178,2,0
6,ammerland-klinik-gmbh,ammerland-klinik-gmbh:181,181,1,0
12,ammerland-klinik-gmbh,ammerland-klinik-gmbh:182,182,1,0
15,ammerland-klinik-gmbh,ammerland-klinik-gmbh:184,184,1,0
6,ammerland-klinik-gmbh,ammerland-klinik-gmbh:185,185,1,0
5,ammerland-klinik-gmbh,ammerland-klinik-gmbh:188,188,1,0
14,ammerland-klinik-gmbh,ammerland-klinik-gmbh:191,191,1,0
13,ammerland-klinik-gmbh,ammerland-klinik-gmbh:192,192,1,0
0,ammerland-klinik-gmbh,ammerland-klinik-gmbh:198,198,1,0
13,ammerland-klinik-gmbh,ammerland-klinik-gmbh:199,199,1,0
9,ammerland-klinik-gmbh,ammerland-klinik-gmbh:201,201,1,0
15,ammerland-klinik-gmbh,ammerland-klinik-gmbh:203,203,1,0
24,ammerland-klinik-gmbh,ammerland-klinik-gmbh:206,206,1,0
8,ammerland-klinik-gmbh,ammerland-klinik-gmbh:207,207,1,0
5,ammerland-klinik-gmbh,ammerland-klinik-gmbh:209,209,1,0
7,ammerland-klinik-gmbh,ammerland-klinik-gmbh:210,210,1,0
5,ammerland-klinik-gmbh,ammerland-klinik-gmbh:216,216,1,0
13,ammerland-klinik-gmbh,ammerland-klinik-gmbh:219,219,1,0
19,ammerland-klinik-gmbh,ammerland-klinik-gmbh:221,221,1,0
6,ammerland-klinik-gmbh,ammerland-klinik-gmbh:223,223,1,0
8,ammerland-klinik-gmbh,ammerland-klinik-gmbh:225,225,1,0
10,ammerland-klinik-gmbh,ammerland-klinik-gmbh:226,226,1,0
0,ammerland-klinik-gmbh,ammerland-klinik-gmbh:229,229,1,0
6,ammerland-klinik-gmbh,ammerland-klinik-gmbh:231,231,1,0
11,ammerland-klinik-gmbh,ammerland-klinik-gmbh:236,236,1,0
12,ammerland-klinik-gmbh,ammerland-klinik-gmbh:237,237,1,0
3,ammerland-klinik-gmbh,ammerland-klinik-gmbh:240,240,2,0
7,ammerland-klinik-gmbh,ammerland-klinik-gmbh:241,241,1,0
12,ammerland-klinik-gmbh,ammerland-klinik-gmbh:243,243,1,0
14,ammerland-klinik-gmbh,ammerland-klinik-gmbh:246,246,1,0
4,ammerland-klinik-gmbh,ammerland-klinik-gmbh:251,251,1,0
6,ammerland-klinik-gmbh,ammerland-klinik-gmbh:252,252,1,0
6,ammerland-klinik-gmbh,ammerland-klinik-gmbh:253,253,1,0
6,ammerland-klinik-gmbh,ammerland-klinik-gmbh:259,259,1,0
12,ammerland-klinik-gmbh,ammerland-klinik-gmbh:261,261,1,0
8,ammerland-klinik-gmbh,ammerland-klinik-gmbh:262,262,1,0
12,ammerland-klinik-gmbh,ammerland-klinik-gmbh:263,263,1,0
14,ammerland-klinik-gmbh,ammerland-klinik-gmbh:264,264,1,0
16,ammerland-klinik-gmbh,ammerland-klinik-gmbh:265,265,1,0
4,ammerland-klinik-gmbh,ammerland-klinik-gmbh:267,267,1,0
11,ammerland-klinik-gmbh,ammerland-klinik-gmbh:269,269,1,0
7,ammerland-klinik-gmbh,ammerland-klinik-gmbh:270,270,1,0
3,ammerland-klinik-gmbh,ammerland-klinik-gmbh:272,272,1,0
12,ammerland-klinik-gmbh,ammerland-klinik-gmbh:274,274,1,0
2,ammerland-klinik-gmbh,ammerland-klinik-gmbh:278,278,1,0
4,ammerland-klinik-gmbh,ammerland-klinik-gmbh:279,279,2,0
0,ammerland-klinik-gmbh,ammerland-klinik-gmbh:281,281,1,0
9,ammerland-klinik-gmbh,ammerland-klinik-gmbh:282,282,1,0
10,ammerland-klinik-gmbh,ammerland-klinik-gmbh:283,283,1,0
1,ammerland-klinik-gmbh,ammerland-klinik-gmbh:286,286,1,0
3,ammerland-klinik-gmbh,ammerland-klinik-gmbh:292,292,1,0
1,ammerland-klinik-gmbh,ammerland-klinik-gmbh:295,295,2,0
1,ammerland-klinik-gmbh,ammerland-klinik-gmbh:299,299,1,0
2,ammerland-klinik-gmbh,ammerland-klinik-gmbh:300,300,1,0
3,ammerland-klinik-gmbh,ammerland-klinik-gmbh:302,302,1,0
4,ammerland-klinik-gmbh,ammerland-klinik-gmbh:303,303,1,0
3,ammerland-klinik-gmbh,ammerland-klinik-gmbh:310,310,1,0
5,ammerland-klinik-gmbh,ammerland-klinik-gmbh:315,315,1,0
10,ammerland-klinik-gmbh,ammerland-klinik-gmbh:317,317,1,0
9,ammerland-klinik-gmbh,ammerland-klinik-gmbh:318,318,1,0
3,ammerland-klinik-gmbh,ammerland-klinik-gmbh:328,328,1,0
9,ammerland-klinik-gmbh,ammerland-klinik-gmbh:330,330,1,0
6,ammerland-klinik-gmbh,ammerland-klinik-gmbh:334,334,1,0
9,ammerland-klinik-gmbh,ammerland-klinik-gmbh:336,336,1,0
7,ammerland-klinik-gmbh,ammerland-klinik-gmbh:337,337,1,0
6,ammerland-klinik-gmbh,ammerland-klinik-gmbh:339,339,1,0
0,asklepios-fachklinikum-goettingen,asklepios-fachklinikum-goettingen:0,0,1,0
3,asklepios-fachklinikum-goettingen,asklepios-fachklinikum-goettingen:1,1,1,0
0,asklepios-fachklinikum-goettingen,asklepios-fachklinikum-goettingen:2,2,1,0
1,asklepios-fachklinikum-goettingen,asklepios-fachklinikum-goettingen:4,4,1,0
14,asklepios-fachklinikum-goettingen,asklepios-fachklinikum-goettingen:5,5,1,0
0,asklepios-fachklinikum-goettingen,asklepios-fachklinikum-goettingen:8,8,1,0
1,asklepios-fachklinikum-goettingen,asklepios-fachklinikum-goettingen:9,9,1,0
1,asklepios-fachklinikum-goettingen,asklepios-fachklinikum-goettingen:10,10,1,0
2,asklepios-fachklinikum-goettingen,asklepios-fachklinikum-goettingen:11,11,1,0
1,asklepios-fachklinikum-goettingen,asklepios-fachklinikum-goettingen:13,13,1,0
0,asklepios-fachklinikum-goettingen,asklepios-fachklinikum-goettingen:16,16,1,0
1,asklepios-fachklinikum-goettingen,asklepios-fachklinikum-goettingen:17,17,1,0
1,asklepios-fachklinikum-goettingen,asklepios-fachklinikum-goettingen:20,20,1,0
1,asklepios-fachklinikum-goettingen,asklepios-fachklinikum-goettingen:21,21,1,0
7,asklepios-fachklinikum-goettingen,asklepios-fachklinikum-goettingen:22,22,1,0
0,asklepios-fachklinikum-goettingen,asklepios-fachklinikum-goettingen:25,25,1,0
10,asklepios-fachklinikum-goettingen,asklepios-fachklinikum-goettingen:26,26,1,0
2,asklepios-fachklinikum-goettingen,asklepios-fachklinikum-goettingen:28,28,1,0
53,asklepios-fachklinikum-goettingen,asklepios-fachklinikum-goettingen:32,32,1,0
15,asklepios-fachklinikum-goettingen,asklepios-fachklinikum-goettingen:33,33,2,0
2,asklepios-fachklinikum-goettingen,asklepios-fachklinikum-goettingen:34,34,1,0
20,asklepios-fachklinikum-goettingen,asklepios-fachklinikum-goettingen:36,36,1,0
1,asklepios-fachklinikum-goettingen,asklepios-fachklinikum-goettingen:37,37,1,0
9,asklepios-fachklinikum-goettingen,asklepios-fachklinikum-goettingen:38,38,1,0
16,asklepios-fachklinikum-goettingen,asklepios-fachklinikum-goettingen:39,39,1,0
0,asklepios-fachklinikum-goettingen,asklepios-fachklinikum-goettingen:43,43,1,0
8,asklepios-fachklinikum-goettingen,asklepios-fachklinikum-goettingen:44,44,1,0
9,asklepios-fachklinikum-goettingen,asklepios-fachklinikum-goettingen:45,45,1,0
23,asklepios-fachklinikum-goettingen,asklepios-fachklinikum-goettingen:49,49,1,0
0,asklepios-fachklinikum-goettingen,asklepios-fachklinikum-goettingen:50,50,1,0
6,asklepios-fachklinikum-goettingen,asklepios-fachklinikum-goettingen:51,51,1,0
30,asklepios-fachklinikum-goettingen,asklepios-fachklinikum-goettingen:52,52,1,0
14,asklepios-fachklinikum-goettingen,asklepios-fachklinikum-goettingen:54,54,1,0
13,asklepios-fachklinikum-goettingen,asklepios-fachklinikum-goettingen:57,57,1,0
21,asklepios-fachklinikum-goettingen,asklepios-fachklinikum-goettingen:59,59,1,0
19,asklepios-fachklinikum-goettingen,asklepios-fachklinikum-goettingen:61,61,1,0
13,asklepios-fachklinikum-goettingen,asklepios-fachklinikum-goettingen:62,62,1,0
27,asklepios-fachklinikum-goettingen,asklepios-fachklinikum-goettingen:63,63,1,0
22,asklepios-fachklinikum-goettingen,asklepios-fachklinikum-goettingen:65,65,1,0
17,asklepios-fachklinikum-goettingen,asklepios-fachklinikum-goettingen:68,68,1,0
13,asklepios-fachklinikum-goettingen,asklepios-fachklinikum-goettingen:71,71,1,0
0,asklepios-fachklinikum-goettingen,asklepios-fachklinikum-goettingen:75,75,1,0
0,asklepios-fachklinikum-goettingen,asklepios-fachklinikum-goettingen:76,76,1,0
0,asklepios-fachklinikum-goettingen,asklepios-fachklinikum-goettingen:80,80,1,0
3,asklepios-fachklinikum-goettingen,asklepios-fachklinikum-goettingen:81,81,1,0
10,asklepios-fachklinikum-goettingen,asklepios-fachklinikum-goettingen:83,83,1,0
11,asklepios-fachklinikum-goettingen,asklepios-fachklinikum-goettingen:85,85,1,0
10,asklepios-fachklinikum-goettingen,asklepios-fachklinikum-goettingen:86,86,1,0
0,asklepios-fachklinikum-goettingen,asklepios-fachklinikum-goettingen:90,90,1,0
4,asklepios-fachklinikum-goettingen,asklepios-fachklinikum-goettingen:91,91,2,0
9,asklepios-fachklinikum-goettingen,asklepios-fachklinikum-goettingen:97,97,1,0
0,asklepios-fachklinikum-goettingen,asklepios-fachklinikum-goettingen:100,100,1,0
0,asklepios-fachklinikum-goettingen,asklepios-fachklinikum-goettingen:101,101,1,0
0,asklepios-fachklinikum-goettingen,asklepios-fachklinikum-goettingen:102,102,1,0
16,asklepios-fachklinikum-goettingen,asklepios-fachklinikum-goettingen:103,103,1,0
0,asklepios-harzklinik-bad-harzburg,asklepios-harzklinik-bad-harzburg:6,6,1,0
0,asklepios-harzklinik-bad-harzburg,asklepios-harzklinik-bad-harzburg:11,11,2,0
0,asklepios-harzklinik-bad-harzburg,asklepios-harzklinik-bad-harzburg:17,17,1,0
1,asklepios-harzklinik-bad-harzburg,asklepios-harzklinik-bad-harzburg:18,18,1,0
4,asklepios-harzklinik-bad-harzburg,asklepios-harzklinik-bad-harzburg:19,19,1,0
5,asklepios-harzklinik-bad-harzburg,asklepios-harzklinik-bad-harzburg:22,22,1,0
8,asklepios-harzklinik-bad-harzburg,asklepios-harzklinik-bad-harzburg:24,24,1,0
9,asklepios-harzklinik-bad-harzburg,asklepios-harzklinik-bad-harzburg:27,27,1,0
12,asklepios-harzklinik-bad-harzburg,asklepios-harzklinik-bad-harzburg:28,28,1,0
2,asklepios-harzklinik-bad-harzburg,asklepios-harzklinik-bad-harzburg:32,32,2,0
3,asklepios-harzklinik-bad-harzburg,asklepios-harzklinik-bad-harzburg:40,40,1,0
11,asklepios-harzklinik-bad-harzburg,asklepios-harzklinik-bad-harzburg:47,47,1,0
1,asklepios-harzklinik-bad-harzburg,asklepios-harzklinik-bad-harzburg:48,48,1,0
3,asklepios-harzklinik-bad-harzburg,asklepios-harzklinik-bad-harzburg:61,61,1,0
6,asklepios-harzklinik-bad-harzburg,asklepios-harzklinik-bad-harzburg:63,63,2,0
7,asklepios-harzklinik-bad-harzburg,asklepios-harzklinik-bad-harzburg:67,67,1,0
2,asklepios-harzklinik-bad-harzburg,asklepios-harzklinik-bad-harzburg:68,68,1,0
5,asklepios-harzklinik-bad-harzburg,asklepios-harzklinik-bad-harzburg:69,69,1,0
0,asklepios-harzklinik-goslar,asklepios-harzklinik-goslar:0,0,1,0
0,asklepios-harzklinik-goslar,asklepios-harzklinik-goslar:4,4,1,0
0,asklepios-harzklinik-goslar,asklepios-harzklinik-goslar:6,6,1,0
0,asklepios-harzklinik-goslar,asklepios-harzklinik-goslar:7,7,1,0
0,asklepios-harzklinik-goslar,asklepios-harzklinik-goslar:8,8,1,0
0,asklepios-harzklinik-goslar,asklepios-harzklinik-goslar:11,11,1,0
0,asklepios-harzklinik-goslar,asklepios-harzklinik-goslar:12,12,1,0
0,asklepios-harzklinik-goslar,asklepios-harzklinik-goslar:16,16,1,0
0,asklepios-harzklinik-goslar,asklepios-harzklinik-goslar:17,17,1,0
0,asklepios-harzklinik-goslar,asklepios-harzklinik-goslar:18,18,1,0
3,asklepios-harzklinik-goslar,asklepios-harzklinik-goslar:24,24,1,0
0,asklepios-harzklinik-goslar,asklepios-harzklinik-goslar:25,25,1,0
1,asklepios-harzklinik-goslar,asklepios-harzklinik-goslar:26,26,1,0
1,asklepios-harzklinik-goslar,asklepios-harzklinik-goslar:28,28,1,0
14,asklepios-harzklinik-goslar,asklepios-harzklinik-goslar:30,30,1,0
1,asklepios-harzklinik-goslar,asklepios-harzklinik-goslar:32,32,1,0
1,asklepios-harzklinik-goslar,asklepios-harzklinik-goslar:33,33,1,0
0,asklepios-harzklinik-goslar,asklepios-harzklinik-goslar:34,34,1,0
0,asklepios-harzklinik-goslar,asklepios-harzklinik-goslar:35,35,1,0
0,asklepios-harzklinik-goslar,asklepios-harzklinik-goslar:36,36,1,0
1,asklepios-harzklinik-goslar,asklepios-harzklinik-goslar:37,37,1,0
0,asklepios-harzklinik-goslar,asklepios-harzklinik-goslar:38,38,1,0
0,asklepios-harzklinik-goslar,asklepios-harzklinik-goslar:39,39,1,0
0,asklepios-harzklinik-goslar,asklepios-harzklinik-goslar:41,41,1,0
0,asklepios-harzklinik-goslar,asklepios-harzklinik-goslar:43,43,1,0
0,asklepios-harzklinik-goslar,asklepios-harzklinik-goslar:44,44,2,0
1,asklepios-harzklinik-goslar,asklepios-harzklinik-goslar:45,45,1,0
0,asklepios-harzklinik-goslar,asklepios-harzklinik-goslar:47,47,1,0
0,asklepios-harzklinik-goslar,asklepios-harzklinik-goslar:48,48,1,0
0,asklepios-harzklinik-goslar,asklepios-harzklinik-goslar:50,50,1,0
0,asklepios-harzklinik-goslar,asklepios-harzklinik-goslar:51,51,1,0
0,asklepios-harzklinik-goslar,asklepios-harzklinik-goslar:52,52,1,0
0,asklepios-harzklinik-goslar,asklepios-harzklinik-goslar:54,54,1,0
11,asklepios-harzklinik-goslar,asklepios-harzklinik-goslar:55,55,1,0
8,asklepios-harzklinik-goslar,asklepios-harzklinik-goslar:57,57,1,0
0,asklepios-harzklinik-goslar,asklepios-harzklinik-goslar:59,59,1,0
5,asklepios-harzklinik-goslar,asklepios-harzklinik-goslar:60,60,1,0
0,asklepios-harzklinik-goslar,asklepios-harzklinik-goslar:61,61,1,0
0,asklepios-harzklinik-goslar,asklepios-harzklinik-goslar:64,64,1,0
0,asklepios-harzklinik-goslar,asklepios-harzklinik-goslar:65,65,1,0
2,asklepios-harzklinik-goslar,asklepios-harzklinik-goslar:67,67,1,0
4,asklepios-harzklinik-goslar,asklepios-harzklinik-goslar:69,69,1,0
5,asklepios-harzklinik-goslar,asklepios-harzklinik-goslar:70,70,1,0
0,asklepios-harzklinik-goslar,asklepios-harzklinik-goslar:71,71,1,0
0,asklepios-harzklinik-goslar,asklepios-harzklinik-goslar:73,73,1,0
3,asklepios-harzklinik-goslar,asklepios-harzklinik-goslar:74,74,2,0
13,asklepios-harzklinik-goslar,asklepios-harzklinik-goslar:76,76,1,0
0,asklepios-harzklinik-goslar,asklepios-harzklinik-goslar:78,78,1,0
8,asklepios-harzklinik-goslar,asklepios-harzklinik-goslar:79,79,2,0
0,asklepios-harzklinik-goslar,asklepios-harzklinik-goslar:81,81,1,0
0,asklepios-harzklinik-goslar,asklepios-harzklinik-goslar:87,87,1,0
2,asklepios-harzklinik-goslar,asklepios-harzklinik-goslar:89,89,1,0
5,asklepios-harzklinik-goslar,asklepios-harzklinik-goslar:90,90,1,0
7,asklepios-harzklinik-goslar,asklepios-harzklinik-goslar:91,91,1,0
6,asklepios-harzklinik-goslar,asklepios-harzklinik-goslar:92,92,1,0
10,asklepios-harzklinik-goslar,asklepios-harzklinik-goslar:93,93,1,0
8,asklepios-harzklinik-goslar,asklepios-harzklinik-goslar:94,94,1,0
3,asklepios-harzklinik-goslar,asklepios-harzklinik-goslar:95,95,1,0
0,asklepios-harzklinik-goslar,asklepios-harzklinik-goslar:96,96,1,0
4,asklepios-harzklinik-goslar,asklepios-harzklinik-goslar:97,97,1,0
9,asklepios-harzklinik-goslar,asklepios-harzklinik-goslar:101,101,1,0
7,asklepios-harzklinik-goslar,asklepios-harzklinik-goslar:102,102,1,0
0,asklepios-harzklinik-goslar,asklepios-harzklinik-goslar:104,104,1,0
0,asklepios-harzklinik-goslar,asklepios-harzklinik-goslar:106,106,1,0
5,asklepios-harzklinik-goslar,asklepios-harzklinik-goslar:107,107,1,0
6,asklepios-harzklinik-goslar,asklepios-harzklinik-goslar:111,111,1,0
6,asklepios-harzklinik-goslar,asklepios-harzklinik-goslar:112,112,1,0
12,asklepios-harzklinik-goslar,asklepios-harzklinik-goslar:113,113,1,0
5,asklepios-harzklinik-goslar,asklepios-harzklinik-goslar:115,115,1,0
6,asklepios-harzklinik-goslar,asklepios-harzklinik-goslar:119,119,1,0
6,asklepios-harzklinik-goslar,asklepios-harzklinik-goslar:120,120,1,0
9,asklepios-harzklinik-goslar,asklepios-harzklinik-goslar:121,121,1,0
16,asklepios-harzklinik-goslar,asklepios-harzklinik-goslar:123,123,1,0
0,asklepios-harzklinik-goslar,asklepios-harzklinik-goslar:126,126,1,0
9,asklepios-harzklinik-goslar,asklepios-harzklinik-goslar:129,129,1,0
1,asklepios-harzklinik-goslar,asklepios-harzklinik-goslar:132,132,2,0
7,asklepios-harzklinik-goslar,asklepios-harzklinik-goslar:136,136,1,0
3,asklepios-harzklinik-goslar,asklepios-harzklinik-goslar:137,137,1,0
6,asklepios-harzklinik-goslar,asklepios-harzklinik-goslar:140,140,1,0
1,asklepios-harzklinik-goslar,asklepios-harzklinik-goslar:141,141,2,0
4,asklepios-harzklinik-goslar,asklepios-harzklinik-goslar:142,142,1,0
5,asklepios-harzklinik-goslar,asklepios-harzklinik-goslar:143,143,1,0
3,asklepios-harzklinik-goslar,asklepios-harzklinik-goslar:145,145,1,0
6,asklepios-harzklinik-goslar,asklepios-harzklinik-goslar:146,146,1,0
3,asklepios-harzklinik-goslar,asklepios-harzklinik-goslar:147,147,1,0
4,asklepios-harzklinik-goslar,asklepios-harzklinik-goslar:149,149,1,0
0,asklepios-harzklinik-goslar,asklepios-harzklinik-goslar:150,150,1,0
5,asklepios-harzklinik-goslar,asklepios-harzklinik-goslar:152,152,1,0
1,asklepios-harzklinik-goslar,asklepios-harzklinik-goslar:153,153,2,0
6,asklepios-harzklinik-goslar,asklepios-harzklinik-goslar:154,154,1,0
7,asklepios-harzklinik-goslar,asklepios-harzklinik-goslar:155,155,1,0
10,asklepios-harzklinik-goslar,asklepios-harzklinik-goslar:156,156,1,0
3,asklepios-harzklinik-goslar,asklepios-harzklinik-goslar:157,157,1,0
8,asklepios-harzklinik-goslar,asklepios-harzklinik-goslar:159,159,1,0
4,asklepios-harzklinik-goslar,asklepios-harzklinik-goslar:160,160,1,0
1,asklepios-harzklinik-goslar,asklepios-harzklinik-goslar:165,165,2,0
2,asklepios-harzklinik-goslar,asklepios-harzklinik-goslar:166,166,1,0
6,asklepios-harzklinik-goslar,asklepios-harzklinik-goslar:168,168,1,0
7,asklepios-harzklinik-goslar,asklepios-harzklinik-goslar:169,169,1,0
2,asklepios-harzklinik-goslar,asklepios-harzklinik-goslar:171,171,1,0
0,asklepios-harzklinik-goslar,asklepios-harzklinik-goslar:172,172,2,0
0,asklepios-harzklinik-goslar,asklepios-harzklinik-goslar:173,173,2,0
13,asklepios-harzklinik-goslar,asklepios-harzklinik-goslar:174,174,1,0
3,asklepios-harzklinik-goslar,asklepios-harzklinik-goslar:178,178,1,0
4,asklepios-harzklinik-goslar,asklepios-harzklinik-goslar:182,182,1,0
8,asklepios-harzklinik-goslar,asklepios-harzklinik-goslar:184,184,1,0
3,asklepios-harzklinik-goslar,asklepios-harzklinik-goslar:187,187,1,0
4,asklepios-harzklinik-goslar,asklepios-harzklinik-goslar:190,190,1,0
8,asklepios-harzklinik-goslar,asklepios-harzklinik-goslar:191,191,1,0
12,asklepios-harzklinik-goslar,asklepios-harzklinik-goslar:194,194,1,0
3,asklepios-harzklinik-goslar,asklepios-harzklinik-goslar:195,195,1,0
5,asklepios-harzklinik-goslar,asklepios-harzklinik-goslar:196,196,1,0
4,asklepios-harzklinik-goslar,asklepios-harzklinik-goslar:197,197,1,0
2,asklepios-harzklinik-goslar,asklepios-harzklinik-goslar:198,198,2,0
7,asklepios-harzklinik-goslar,asklepios-harzklinik-goslar:199,199,1,0
0,asklepios-harzklinik-goslar,asklepios-harzklinik-goslar:200,200,1,0
6,asklepios-harzklinik-goslar,asklepios-harzklinik-goslar:201,201,1,0
0,asklepios-harzklinik-goslar,asklepios-harzklinik-goslar:202,202,1,0
2,asklepios-harzklinik-goslar,asklepios-harzklinik-goslar:203,203,1,0
4,asklepios-harzklinik-goslar,asklepios-harzklinik-goslar:205,205,1,0
1,asklepios-harzklinik-goslar,asklepios-harzklinik-goslar:206,206,1,0
11,asklepios-harzklinik-goslar,asklepios-harzklinik-goslar:208,208,1,0
4,asklepios-harzklinik-goslar,asklepios-harzklinik-goslar:209,209,1,0
0,asklepios-harzklinik-goslar,asklepios-harzklinik-goslar:211,211,1,0
8,asklepios-harzklinik-goslar,asklepios-harzklinik-goslar:212,212,1,0
5,asklepios-harzklinik-goslar,asklepios-harzklinik-goslar:213,213,1,0
11,asklepios-harzklinik-goslar,asklepios-harzklinik-goslar:215,215,1,0
3,asklepios-harzklinik-goslar,asklepios-harzklinik-goslar:216,216,1,0
6,asklepios-harzklinik-goslar,asklepios-harzklinik-goslar:217,217,1,0
2,asklepios-harzklinik-goslar,asklepios-harzklinik-goslar:218,218,2,0
3,asklepios-harzklinik-goslar,asklepios-harzklinik-goslar:221,221,2,0
3,asklepios-harzklinik-goslar,asklepios-harzklinik-goslar:222,222,1,0
0,asklepios-harzklinik-goslar,asklepios-harzklinik-goslar:223,223,1,0
3,asklepios-harzklinik-goslar,asklepios-harzklinik-goslar:224,224,1,0
6,asklepios-harzklinik-goslar,asklepios-harzklinik-goslar:225,225,1,0
3,asklepios-harzklinik-goslar,asklepios-harzklinik-goslar:226,226,2,0
5,asklepios-harzklinik-goslar,asklepios-harzklinik-goslar:227,227,1,0
8,asklepios-harzklinik-goslar,asklepios-harzklinik-goslar:228,228,1,0
8,asklepios-harzklinik-goslar,asklepios-harzklinik-goslar:229,229,1,0
10,asklepios-harzklinik-goslar,asklepios-harzklinik-goslar:230,230,1,0
0,asklepios-harzklinik-goslar,asklepios-harzklinik-goslar:231,231,2,0
4,asklepios-harzklinik-goslar,asklepios-harzklinik-goslar:233,233,1,0
4,asklepios-harzklinik-goslar,asklepios-harzklinik-goslar:237,237,1,0
5,asklepios-harzklinik-goslar,asklepios-harzklinik-goslar:238,238,1,0
3,asklepios-harzklinik-goslar,asklepios-harzklinik-goslar:239,239,2,0
13,asklepios-harzklinik-goslar,asklepios-harzklinik-goslar:243,243,1,0
2,asklepios-harzklinik-goslar,asklepios-harzklinik-goslar:246,246,1,0
2,asklepios-harzklinik-goslar,asklepios-harzklinik-goslar:248,248,1,0
6,asklepios-harzklinik-goslar,asklepios-harzklinik-goslar:250,250,1,1
7,asklepios-harzklinik-goslar,asklepios-harzklinik-goslar:251,251,1,0
4,asklepios-harzklinik-goslar,asklepios-harzklinik-goslar:253,253,1,0
5,asklepios-harzklinik-goslar,asklepios-harzklinik-goslar:254,254,1,0
3,asklepios-harzklinik-goslar,asklepios-harzklinik-goslar:255,255,1,0
3,asklepios-harzklinik-goslar,asklepios-harzklinik-goslar:256,256,1,0
10,asklepios-harzklinik-goslar,asklepios-harzklinik-goslar:260,260,1,0
4,asklepios-harzklinik-goslar,asklepios-harzklinik-goslar:261,261,1,0
8,asklepios-harzklinik-goslar,asklepios-harzklinik-goslar:262,262,1,0
3,asklepios-harzklinik-goslar,asklepios-harzklinik-goslar:263,263,1,0
2,asklepios-harzklinik-goslar,asklepios-harzklinik-goslar:264,264,1,0
5,asklepios-harzklinik-goslar,asklepios-harzklinik-goslar:265,265,1,0
3,asklepios-harzklinik-goslar,asklepios-harzklinik-goslar:266,266,1,0
0,asklepios-harzklinik-goslar,asklepios-harzklinik-goslar:267,267,1,0
0,asklepios-harzklinik-goslar,asklepios-harzklinik-goslar:268,268,1,0
8,asklepios-harzklinik-goslar,asklepios-harzklinik-goslar:276,276,1,0
4,asklepios-harzklinik-goslar,asklepios-harzklinik-goslar:277,277,1,0
6,asklepios-harzklinik-goslar,asklepios-harzklinik-goslar:278,278,1,0
1,asklepios-harzklinik-goslar,asklepios-harzklinik-goslar:279,279,1,0
7,asklepios-harzklinik-goslar,asklepios-harzklinik-goslar:280,280,1,0
0,asklepios-harzklinik-goslar,asklepios-harzklinik-goslar:281,281,2,0
15,asklepios-harzklinik-goslar,asklepios-harzklinik-goslar:282,282,1,0
1,asklepios-harzklinik-goslar,asklepios-harzklinik-goslar:283,283,2,0
11,asklepios-harzklinik-goslar,asklepios-harzklinik-goslar:284,284,1,0
0,asklepios-harzklinik-goslar,asklepios-harzklinik-goslar:285,285,1,0
6,asklepios-harzklinik-goslar,asklepios-harzklinik-goslar:286,286,1,0
7,asklepios-harzklinik-goslar,asklepios-harzklinik-goslar:288,288,1,0
2,asklepios-harzklinik-goslar,asklepios-harzklinik-goslar:290,290,1,0
4,asklepios-harzklinik-goslar,asklepios-harzklinik-goslar:291,291,1,0
1,asklepios-harzklinik-goslar,asklepios-harzklinik-goslar:292,292,1,0
9,asklepios-harzklinik-goslar,asklepios-harzklinik-goslar:294,294,1,0
3,asklepios-harzklinik-goslar,asklepios-harzklinik-goslar:296,296,1,0
0,asklepios-harzklinik-goslar,asklepios-harzklinik-goslar:297,297,1,0
13,asklepios-harzklinik-goslar,asklepios-harzklinik-goslar:298,298,1,0
2,asklepios-harzklinik-goslar,asklepios-harzklinik-goslar:299,299,1,0
7,asklepios-harzklinik-goslar,asklepios-harzklinik-goslar:301,301,1,0
6,asklepios-harzklinik-goslar,asklepios-harzklinik-goslar:304,304,1,0
7,asklepios-harzklinik-goslar,asklepios-harzklinik-goslar:305,305,1,0
2,asklepios-harzklinik-goslar,asklepios-harzklinik-goslar:307,307,1,0
3,asklepios-harzklinik-goslar,asklepios-harzklinik-goslar:309,309,1,0
3,asklepios-harzklinik-goslar,asklepios-harzklinik-goslar:310,310,1,0
3,asklepios-harzklinik-goslar,asklepios-harzklinik-goslar:311,311,1,0
3,asklepios-harzklinik-goslar,asklepios-harzklinik-goslar:313,313,1,0
10,asklepios-harzklinik-goslar,asklepios-harzklinik-goslar:314,314,1,0
0,asklepios-harzklinik-goslar,asklepios-harzklinik-goslar:316,316,1,0
2,asklepios-harzklinik-goslar,asklepios-harzklinik-goslar:319,319,1,0
0,asklepios-harzklinik-goslar,asklepios-harzklinik-goslar:320,320,1,0
3,asklepios-harzklinik-goslar,asklepios-harzklinik-goslar:321,321,1,0
0,asklepios-harzklinik-goslar,asklepios-harzklinik-goslar:322,322,1,0
4,asklepios-harzklinik-goslar,asklepios-harzklinik-goslar:327,327,1,0
4,asklepios-harzklinik-goslar,asklepios-harzklinik-goslar:328,328,1,0
1,asklepios-harzklinik-goslar,asklepios-harzklinik-goslar:329,329,1,0
6,asklepios-harzklinik-goslar,asklepios-harzklinik-goslar:332,332,1,0
9,asklepios-harzklinik-goslar,asklepios-harzklinik-goslar:333,333,1,0
5,asklepios-harzklinik-goslar,asklepios-harzklinik-goslar:334,334,1,0
5,asklepios-harzklinik-goslar,asklepios-harzklinik-goslar:335,335,1,0
2,asklepios-harzklinik-goslar,asklepios-harzklinik-goslar:336,336,1,0
6,asklepios-harzklinik-goslar,asklepios-harzklinik-goslar:337,337,2,0
12,asklepios-harzklinik-goslar,asklepios-harzklinik-goslar:338,338,1,0
2,asklepios-harzklinik-goslar,asklepios-harzklinik-goslar:339,339,1,0
3,asklepios-harzklinik-goslar,asklepios-harzklinik-goslar:341,341,1,0
1,asklepios-harzklinik-goslar,asklepios-harzklinik-goslar:342,342,1,0
2,asklepios-harzklinik-goslar,asklepios-harzklinik-goslar:344,344,1,0
4,asklepios-harzklinik-goslar,asklepios-harzklinik-goslar:345,345,1,0
3,asklepios-harzklinik-goslar,asklepios-harzklinik-goslar:346,346,1,0
4,asklepios-harzklinik-goslar,asklepios-harzklinik-goslar:348,348,1,0
0,asklepios-harzklinik-goslar,asklepios-harzklinik-goslar:351,351,1,0
0,asklepios-harzklinik-goslar,asklepios-harzklinik-goslar:354,354,1,0
2,asklepios-harzklinik-goslar,asklepios-harzklinik-goslar:355,355,1,0
3,asklepios-harzklinik-goslar,asklepios-harzklinik-goslar:357,357,1,0
4,asklepios-harzklinik-goslar,asklepios-harzklinik-goslar:358,358,1,0
3,asklepios-harzklinik-goslar,asklepios-harzklinik-goslar:359,359,1,0
3,asklepios-harzklinik-goslar,asklepios-harzklinik-goslar:361,361,1,0
2,asklepios-harzklinik-goslar,asklepios-harzklinik-goslar:362,362,1,0
2,asklepios-harzklinik-goslar,asklepios-harzklinik-goslar:364,364,1,0
7,asklepios-harzklinik-goslar,asklepios-harzklinik-goslar:365,365,1,0
2,asklepios-harzklinik-goslar,asklepios-harzklinik-goslar:367,367,1,0
3,asklepios-harzklinik-goslar,asklepios-harzklinik-goslar:369,369,1,0
2,asklepios-harzklinik-goslar,asklepios-harzklinik-goslar:370,370,1,0
5,asklepios-harzklinik-goslar,asklepios-harzklinik-goslar:373,373,1,0
1,asklepios-harzklinik-goslar,asklepios-harzklinik-goslar:375,375,2,0
5,asklepios-harzklinik-goslar,asklepios-harzklinik-goslar:376,376,1,0
2,asklepios-harzklinik-goslar,asklepios-harzklinik-goslar:377,377,1,0
2,asklepios-harzklinik-goslar,asklepios-harzklinik-goslar:378,378,1,0
3,asklepios-harzklinik-goslar,asklepios-harzklinik-goslar:379,379,1,0
0,augenklinik-dr-hoffmann,augenklinik-dr-hoffmann:0,0,1,0
1,augenklinik-stadthagen-gmbh,augenklinik-stadthagen-gmbh:5,5,2,0
1,augenklinik-stadthagen-gmbh,augenklinik-stadthagen-gmbh:9,9,1,0
6,augenklinik-stadthagen-gmbh,augenklinik-stadthagen-gmbh:13,13,2,0
11,augenklinik-stadthagen-gmbh,augenklinik-stadthagen-gmbh:20,20,1,0
6,augenklinik-stadthagen-gmbh,augenklinik-stadthagen-gmbh:24,24,1,0
1,augenklinik-stadthagen-gmbh,augenklinik-stadthagen-gmbh:27,27,2,0
4,augenklinik-stadthagen-gmbh,augenklinik-stadthagen-gmbh:28,28,1,0
2,augenklinik-stadthagen-gmbh,augenklinik-stadthagen-gmbh:34,34,1,0
1,augenklinik-stadthagen-gmbh,augenklinik-stadthagen-gmbh:35,35,1,0
2,augenklinik-stadthagen-gmbh,augenklinik-stadthagen-gmbh:42,42,1,0
1,augenklinik-stadthagen-gmbh,augenklinik-stadthagen-gmbh:44,44,2,1
4,augenklinik-stadthagen-gmbh,augenklinik-stadthagen-gmbh:46,46,1,0
0,awo-psychiatriezentrum,awo-psychiatriezentrum:0,0,1,1
0,awo-psychiatriezentrum,awo-psychiatriezentrum:1,1,1,0
0,awo-psychiatriezentrum,awo-psychiatriezentrum:2,2,1,0
0,awo-psychiatriezentrum,awo-psychiatriezentrum:3,3,1,0
0,awo-psychiatriezentrum,awo-psychiatriezentrum:5,5,1,0
0,awo-psychiatriezentrum,awo-psychiatriezentrum:6,6,1,0
0,awo-psychiatriezentrum,awo-psychiatriezentrum:7,7,1,0
0,awo-psychiatriezentrum,awo-psychiatriezentrum:8,8,1,0
3,awo-psychiatriezentrum,awo-psychiatriezentrum:9,9,1,0
0,awo-psychiatriezentrum,awo-psychiatriezentrum:11,11,1,0
19,awo-psychiatriezentrum,awo-psychiatriezentrum:14,14,1,0
6,awo-psychiatriezentrum,awo-psychiatriezentrum:16,16,1,0
1,awo-psychiatriezentrum,awo-psychiatriezentrum:18,18,2,0
0,awo-psychiatriezentrum,awo-psychiatriezentrum:19,19,1,0
2,awo-psychiatriezentrum,awo-psychiatriezentrum:20,20,1,0
1,awo-psychiatriezentrum,awo-psychiatriezentrum:22,22,1,0
1,awo-psychiatriezentrum,awo-psychiatriezentrum:24,24,1,0
0,awo-psychiatriezentrum,awo-psychiatriezentrum:25,25,1,0
2,awo-psychiatriezentrum,awo-psychiatriezentrum:26,26,1,0
0,awo-psychiatriezentrum,awo-psychiatriezentrum:27,27,1,0
0,awo-psychiatriezentrum,awo-psychiatriezentrum:28,28,1,0
2,awo-psychiatriezentrum,awo-psychiatriezentrum:30,30,1,0
6,awo-psychiatriezentrum,awo-psychiatriezentrum:31,31,1,0
2,awo-psychiatriezentrum,awo-psychiatriezentrum:35,35,2,0
0,awo-psychiatriezentrum,awo-psychiatriezentrum:36,36,1,0
7,awo-psychiatriezentrum,awo-psychiatriezentrum:39,39,1,0
7,awo-psychiatriezentrum,awo-psychiatriezentrum:43,43,1,0
13,awo-psychiatriezentrum,awo-psychiatriezentrum:46,46,1,0
5,awo-psychiatriezentrum,awo-psychiatriezentrum:49,49,1,0
28,awo-psychiatriezentrum,awo-psychiatriezentrum:56,56,1,0
0,awo-psychiatriezentrum,awo-psychiatriezentrum:58,58,1,0
0,awo-psychiatriezentrum,awo-psychiatriezentrum:59,59,1,0
15,awo-psychiatriezentrum,awo-psychiatriezentrum:60,60,1,0
3,awo-psychiatriezentrum,awo-psychiatriezentrum:63,63,2,0
25,awo-psychiatriezentrum,awo-psychiatriezentrum:64,64,1,0
26,awo-psychiatriezentrum,awo-psychiatriezentrum:65,65,1,0
36,awo-psychiatriezentrum,awo-psychiatriezentrum:73,73,1,0
27,awo-psychiatriezentrum,awo-psychiatriezentrum:76,76,1,0
28,awo-psychiatriezentrum,awo-psychiatriezentrum:77,77,1,0
23,awo-psychiatriezentrum,awo-psychiatriezentrum:82,82,1,0
21,awo-psychiatriezentrum,awo-psychiatriezentrum:85,85,1,0
5,awo-psychiatriezentrum,awo-psychiatriezentrum:87,87,2,0
6,awo-psychiatriezentrum,awo-psychiatriezentrum:89,89,1,0
8,awo-psychiatriezentrum,awo-psychiatriezentrum:91,91,1,0
10,awo-psychiatriezentrum,awo-psychiatriezentrum:92,92,1,0
4,awo-psychiatriezentrum,awo-psychiatriezentrum:93,93,1,0
16,awo-psychiatriezentrum,awo-psychiatriezentrum:96,96,1,0
30,awo-psychiatriezentrum,awo-psychiatriezentrum:97,97,1,0
1,awo-psychiatriezentrum,awo-psychiatriezentrum:99,99,1,0
6,awo-psychiatriezentrum,awo-psychiatriezentrum:102,102,1,0
26,awo-psychiatriezentrum,awo-psychiatriezentrum:103,103,1,0
31,awo-psychiatriezentrum,awo-psychiatriezentrum:105,105,1,0
12,awo-psychiatriezentrum,awo-psychiatriezentrum:107,107,1,0
14,awo-psychiatriezentrum,awo-psychiatriezentrum:108,108,1,0
15,awo-psychiatriezentrum,awo-psychiatriezentrum:111,111,1,0
7,awo-psychiatriezentrum,awo-psychiatriezentrum:113,113,1,0
6,awo-psychiatriezentrum,awo-psychiatriezentrum:114,114,1,0
4,awo-psychiatriezentrum,awo-psychiatriezentrum:115,115,1,0
8,awo-psychiatriezentrum,awo-psychiatriezentrum:117,117,1,0
8,awo-psychiatriezentrum,awo-psychiatriezentrum:122,122,2,0
0,awo-psychiatriezentrum,awo-psychiatriezentrum:123,123,1,0
20,awo-psychiatriezentrum,awo-psychiatriezentrum:124,124,1,0
14,awo-psychiatriezentrum,awo-psychiatriezentrum:127,127,1,0
12,awo-psychiatriezentrum,awo-psychiatriezentrum:128,128,1,0
7,awo-psychiatriezentrum,awo-psychiatriezentrum:130,130,1,0
14,awo-psychiatriezentrum,awo-psychiatriezentrum:131,131,1,0
24,awo-psychiatriezentrum,awo-psychiatriezentrum:132,132,1,0
3,awo-psychiatriezentrum,awo-psychiatriezentrum:133,133,1,0
11,awo-psychiatriezentrum,awo-psychiatriezentrum:134,134,1,0
32,awo-psychiatriezentrum,awo-psychiatriezentrum:137,137,1,0
3,awo-psychiatriezentrum,awo-psychiatriezentrum:139,139,1,0
1,awo-psychiatriezentrum,awo-psychiatriezentrum:143,143,1,0
13,awo-psychiatriezentrum,awo-psychiatriezentrum:145,145,1,0
9,awo-psychiatriezentrum,awo-psychiatriezentrum:151,151,1,0
1,awo-psychiatriezentrum,awo-psychiatriezentrum:154,154,1,0
1,awo-psychiatriezentrum,awo-psychiatriezentrum:157,157,1,0
8,awo-psychiatriezentrum,awo-psychiatriezentrum:158,158,1,0
9,awo-psychiatriezentrum,awo-psychiatriezentrum:160,160,1,0
2,awo-psychiatriezentrum,awo-psychiatriezentrum:162,162,1,0
23,awo-psychiatriezentrum,awo-psychiatriezentrum:165,165,1,0
8,awo-psychiatriezentrum,awo-psychiatriezentrum:166,166,1,0
0,awo-psychiatriezentrum,awo-psychiatriezentrum:168,168,2,0
0,awo-psychiatriezentrum,awo-psychiatriezentrum:169,169,1,0
0,awo-psychiatriezentrum,awo-psychiatriezentrum:170,170,1,0
0,awo-psychiatriezentrum,awo-psychiatriezentrum:171,171,1,0
0,awo-psychiatriezentrum,awo-psychiatriezentrum:172,172,1,0
0,awo-psychiatriezentrum,awo-psychiatriezentrum:173,173,1,0
5,awo-psychiatriezentrum,awo-psychiatriezentrum:176,176,1,0
1,awo-psychiatriezentrum,awo-psychiatriezentrum:177,177,1,0
0,bdh-klinik-hessisch-oldendorf,bdh-klinik-hessisch-oldendorf:0,0,1,0
0,bdh-klinik-hessisch-oldendorf,bdh-klinik-hessisch-oldendorf:8,8,1,0
4,bdh-klinik-hessisch-oldendorf,bdh-klinik-hessisch-oldendorf:10,10,1,0
3,bdh-klinik-hessisch-oldendorf,bdh-klinik-hessisch-oldendorf:11,11,1,0
11,bdh-klinik-hessisch-oldendorf,bdh-klinik-hessisch-oldendorf:13,13,1,0
7,bdh-klinik-hessisch-oldendorf,bdh-klinik-hessisch-oldendorf:14,14,1,0
0,bdh-klinik-hessisch-oldendorf,bdh-klinik-hessisch-oldendorf:17,17,1,0
5,bdh-klinik-hessisch-oldendorf,bdh-klinik-hessisch-oldendorf:18,18,2,0
4,bdh-klinik-hessisch-oldendorf,bdh-klinik-hessisch-oldendorf:22,22,1,0
1,bdh-klinik-hessisch-oldendorf,bdh-klinik-hessisch-oldendorf:23,23,1,0
6,bdh-klinik-hessisch-oldendorf,bdh-klinik-hessisch-oldendorf:27,27,1,0
9,bdh-klinik-hessisch-oldendorf,bdh-klinik-hessisch-oldendorf:28,28,1,0
36,bdh-klinik-hessisch-oldendorf,bdh-klinik-hessisch-oldendorf:30,30,1,0
28,bdh-klinik-hessisch-oldendorf,bdh-klinik-hessisch-oldendorf:34,34,1,0
12,bdh-klinik-hessisch-oldendorf,bdh-klinik-hessisch-oldendorf:35,35,1,0
11,bdh-klinik-hessisch-oldendorf,bdh-klinik-hessisch-oldendorf:38,38,1,0
28,bdh-klinik-hessisch-oldendorf,bdh-klinik-hessisch-oldendorf:41,41,1,0
8,bdh-klinik-hessisch-oldendorf,bdh-klinik-hessisch-oldendorf:42,42,1,0
13,bdh-klinik-hessisch-oldendorf,bdh-klinik-hessisch-oldendorf:44,44,1,0
12,bdh-klinik-hessisch-oldendorf,bdh-klinik-hessisch-oldendorf:47,47,1,0
18,bdh-klinik-hessisch-oldendorf,bdh-klinik-hessisch-oldendorf:48,48,1,0
5,bdh-klinik-hessisch-oldendorf,bdh-klinik-hessisch-oldendorf:49,49,1,0
4,bdh-klinik-hessisch-oldendorf,bdh-klinik-hessisch-oldendorf:50,50,2,0
19,bdh-klinik-hessisch-oldendorf,bdh-klinik-hessisch-oldendorf:51,51,1,0
18,bdh-klinik-hessisch-oldendorf,bdh-klinik-hessisch-oldendorf:52,52,2,0
9,bdh-klinik-hessisch-oldendorf,bdh-klinik-hessisch-oldendorf:54,54,1,0
2,bdh-klinik-hessisch-oldendorf,bdh-klinik-hessisch-oldendorf:56,56,1,0
10,bdh-klinik-hessisch-oldendorf,bdh-klinik-hessisch-oldendorf:58,58,1,0
24,bdh-klinik-hessisch-oldendorf,bdh-klinik-hessisch-oldendorf:59,59,1,0
5,bdh-klinik-hessisch-oldendorf,bdh-klinik-hessisch-oldendorf:61,61,1,0
1,bdh-klinik-hessisch-oldendorf,bdh-klinik-hessisch-oldendorf:62,62,1,0
11,bdh-klinik-hessisch-oldendorf,bdh-klinik-hessisch-oldendorf:63,63,2,0
22,bdh-klinik-hessisch-oldendorf,bdh-klinik-hessisch-oldendorf:64,64,1,0
0,bdh-klinik-hessisch-oldendorf,bdh-klinik-hessisch-oldendorf:65,65,1,0
12,bdh-klinik-hessisch-oldendorf,bdh-klinik-hessisch-oldendorf:67,67,1,0
28,bdh-klinik-hessisch-oldendorf,bdh-klinik-hessisch-oldendorf:68,68,1,0
15,bdh-klinik-hessisch-oldendorf,bdh-klinik-hessisch-oldendorf:71,71,1,0
4,bdh-klinik-hessisch-oldendorf,bdh-klinik-hessisch-oldendorf:72,72,2,0
1,bdh-klinik-hessisch-oldendorf,bdh-klinik-hessisch-oldendorf:78,78,1,0
4,bdh-klinik-hessisch-oldendorf,bdh-klinik-hessisch-oldendorf:80,80,2,0
0,bdh-klinik-hessisch-oldendorf,bdh-klinik-hessisch-oldendorf:81,81,2,0
0,bdh-klinik-hessisch-oldendorf,bdh-klinik-hessisch-oldendorf:84,84,1,0
4,bdh-klinik-hessisch-oldendorf,bdh-klinik-hessisch-oldendorf:90,90,2,0
0,bdh-klinik-hessisch-oldendorf,bdh-klinik-hessisch-oldendorf:95,95,1,0
9,bdh-klinik-hessisch-oldendorf,bdh-klinik-hessisch-oldendorf:99,99,1,0
0,bdh-klinik-hessisch-oldendorf,bdh-klinik-hessisch-oldendorf:103,103,1,0
0,borromaeus-hospital-leer-ggmbh,borromaeus-hospital-leer-ggmbh:1,1,2,0
0,borromaeus-hospital-leer-ggmbh,borromaeus-hospital-leer-ggmbh:2,2,2,0
0,borromaeus-hospital-leer-ggmbh,borromaeus-hospital-leer-ggmbh:8,8,1,0
0,borromaeus-hospital-leer-ggmbh,borromaeus-hospital-leer-ggmbh:10,10,1,0
0,borromaeus-hospital-leer-ggmbh,borromaeus-hospital-leer-ggmbh:14,14,1,0
0,borromaeus-hospital-leer-ggmbh,borromaeus-hospital-leer-ggmbh:17,17,1,0
0,borromaeus-hospital-leer-ggmbh,borromaeus-hospital-leer-ggmbh:18,18,1,0
0,borromaeus-hospital-leer-ggmbh,borromaeus-hospital-leer-ggmbh:19,19,1,0
0,borromaeus-hospital-leer-ggmbh,borromaeus-hospital-leer-ggmbh:20,20,1,0
0,borromaeus-hospital-leer-ggmbh,borromaeus-hospital-leer-ggmbh:23,23,1,0
0,borromaeus-hospital-leer-ggmbh,borromaeus-hospital-leer-ggmbh:28,28,1,0
0,borromaeus-hospital-leer-ggmbh,borromaeus-hospital-leer-ggmbh:33,33,1,0
0,borromaeus-hospital-leer-ggmbh,borromaeus-hospital-leer-ggmbh:34,34,1,0
0,borromaeus-hospital-leer-ggmbh,borromaeus-hospital-leer-ggmbh:35,35,1,0
1,borromaeus-hospital-leer-ggmbh,borromaeus-hospital-leer-ggmbh:36,36,1,0
0,borromaeus-hospital-leer-ggmbh,borromaeus-hospital-leer-ggmbh:39,39,1,0
0,borromaeus-hospital-leer-ggmbh,borromaeus-hospital-leer-ggmbh:40,40,1,0
9,borromaeus-hospital-leer-ggmbh,borromaeus-hospital-leer-ggmbh:49,49,1,0
1,borromaeus-hospital-leer-ggmbh,borromaeus-hospital-leer-ggmbh:56,56,2,0
0,borromaeus-hospital-leer-ggmbh,borromaeus-hospital-leer-ggmbh:57,57,1,0
3,borromaeus-hospital-leer-ggmbh,borromaeus-hospital-leer-ggmbh:62,62,1,0
4,borromaeus-hospital-leer-ggmbh,borromaeus-hospital-leer-ggmbh:66,66,1,0
0,borromaeus-hospital-leer-ggmbh,borromaeus-hospital-leer-ggmbh:70,70,1,0
4,borromaeus-hospital-leer-ggmbh,borromaeus-hospital-leer-ggmbh:71,71,1,0
8,borromaeus-hospital-leer-ggmbh,borromaeus-hospital-leer-ggmbh:72,72,1,0
7,borromaeus-hospital-leer-ggmbh,borromaeus-hospital-leer-ggmbh:75,75,1,0
2,borromaeus-hospital-leer-ggmbh,borromaeus-hospital-leer-ggmbh:81,81,1,0
3,borromaeus-hospital-leer-ggmbh,borromaeus-hospital-leer-ggmbh:87,87,1,0
2,borromaeus-hospital-leer-ggmbh,borromaeus-hospital-leer-ggmbh:88,88,1,0
7,borromaeus-hospital-leer-ggmbh,borromaeus-hospital-leer-ggmbh:89,89,2,0
5,borromaeus-hospital-leer-ggmbh,borromaeus-hospital-leer-ggmbh:91,91,1,0
3,borromaeus-hospital-leer-ggmbh,borromaeus-hospital-leer-ggmbh:94,94,1,0
8,borromaeus-hospital-leer-ggmbh,borromaeus-hospital-leer-ggmbh:95,95,1,0
5,borromaeus-hospital-leer-ggmbh,borromaeus-hospital-leer-ggmbh:98,98,1,0
8,borromaeus-hospital-leer-ggmbh,borromaeus-hospital-leer-ggmbh:108,108,1,0
2,borromaeus-hospital-leer-ggmbh,borromaeus-hospital-leer-ggmbh:110,110,2,0
5,borromaeus-hospital-leer-ggmbh,borromaeus-hospital-leer-ggmbh:111,111,2,0
1,borromaeus-hospital-leer-ggmbh,borromaeus-hospital-leer-ggmbh:112,112,1,0
26,borromaeus-hospital-leer-ggmbh,borromaeus-hospital-leer-ggmbh:120,120,1,0
3,borromaeus-hospital-leer-ggmbh,borromaeus-hospital-leer-ggmbh:121,121,1,0
6,borromaeus-hospital-leer-ggmbh,borromaeus-hospital-leer-ggmbh:122,122,1,0
22,borromaeus-hospital-leer-ggmbh,borromaeus-hospital-leer-ggmbh:123,123,1,0
7,borromaeus-hospital-leer-ggmbh,borromaeus-hospital-leer-ggmbh:126,126,1,0
0,borromaeus-hospital-leer-ggmbh,borromaeus-hospital-leer-ggmbh:127,127,1,0
10,borromaeus-hospital-leer-ggmbh,borromaeus-hospital-leer-ggmbh:131,131,1,0
7,borromaeus-hospital-leer-ggmbh,borromaeus-hospital-leer-ggmbh:133,133,1,0
12,borromaeus-hospital-leer-ggmbh,borromaeus-hospital-leer-ggmbh:134,134,1,0
2,borromaeus-hospital-leer-ggmbh,borromaeus-hospital-leer-ggmbh:136,136,1,0
7,borromaeus-hospital-leer-ggmbh,borromaeus-hospital-leer-ggmbh:137,137,1,0
5,borromaeus-hospital-leer-ggmbh,borromaeus-hospital-leer-ggmbh:139,139,1,0
8,borromaeus-hospital-leer-ggmbh,borromaeus-hospital-leer-ggmbh:141,141,1,0
2,borromaeus-hospital-leer-ggmbh,borromaeus-hospital-leer-ggmbh:143,143,2,0
8,borromaeus-hospital-leer-ggmbh,borromaeus-hospital-leer-ggmbh:144,144,1,0
9,borromaeus-hospital-leer-ggmbh,borromaeus-hospital-leer-ggmbh:145,145,1,0
2,borromaeus-hospital-leer-ggmbh,borromaeus-hospital-leer-ggmbh:151,151,1,0
9,borromaeus-hospital-leer-ggmbh,borromaeus-hospital-leer-ggmbh:152,152,1,0
12,borromaeus-hospital-leer-ggmbh,borromaeus-hospital-leer-ggmbh:155,155,1,0
8,borromaeus-hospital-leer-ggmbh,borromaeus-hospital-leer-ggmbh:157,157,2,0
18,borromaeus-hospital-leer-ggmbh,borromaeus-hospital-leer-ggmbh:158,158,1,0
0,borromaeus-hospital-leer-ggmbh,borromaeus-hospital-leer-ggmbh:161,161,1,0
13,borromaeus-hospital-leer-ggmbh,borromaeus-hospital-leer-ggmbh:163,163,1,0
8,borromaeus-hospital-leer-ggmbh,borromaeus-hospital-leer-ggmbh:166,166,1,0
5,borromaeus-hospital-leer-ggmbh,borromaeus-hospital-leer-ggmbh:169,169,2,0
10,borromaeus-hospital-leer-ggmbh,borromaeus-hospital-leer-ggmbh:172,172,1,0
8,borromaeus-hospital-leer-ggmbh,borromaeus-hospital-leer-ggmbh:173,173,1,0
7,borromaeus-hospital-leer-ggmbh,borromaeus-hospital-leer-ggmbh:180,180,1,0
0,borromaeus-hospital-leer-ggmbh,borromaeus-hospital-leer-ggmbh:184,184,1,0
14,borromaeus-hospital-leer-ggmbh,borromaeus-hospital-leer-ggmbh:185,185,1,0
17,borromaeus-hospital-leer-ggmbh,borromaeus-hospital-leer-ggmbh:186,186,1,0
4,borromaeus-hospital-leer-ggmbh,borromaeus-hospital-leer-ggmbh:191,191,1,0
12,borromaeus-hospital-leer-ggmbh,borromaeus-hospital-leer-ggmbh:193,193,1,0
9,borromaeus-hospital-leer-ggmbh,borromaeus-hospital-leer-ggmbh:198,198,2,0
4,borromaeus-hospital-leer-ggmbh,borromaeus-hospital-leer-ggmbh:200,200,2,0
4,borromaeus-hospital-leer-ggmbh,borromaeus-hospital-leer-ggmbh:203,203,1,0
2,borromaeus-hospital-leer-ggmbh,borromaeus-hospital-leer-ggmbh:204,204,1,0
10,borromaeus-hospital-leer-ggmbh,borromaeus-hospital-leer-ggmbh:208,208,1,0
4,borromaeus-hospital-leer-ggmbh,borromaeus-hospital-leer-ggmbh:209,209,1,0
12,borromaeus-hospital-leer-ggmbh,borromaeus-hospital-leer-ggmbh:210,210,1,0
8,borromaeus-hospital-leer-ggmbh,borromaeus-hospital-leer-ggmbh:214,214,1,0
10,borromaeus-hospital-leer-ggmbh,borromaeus-hospital-leer-ggmbh:226,226,1,0
3,borromaeus-hospital-leer-ggmbh,borromaeus-hospital-leer-ggmbh:229,229,1,0
11,borromaeus-hospital-leer-ggmbh,borromaeus-hospital-leer-ggmbh:237,237,1,0
5,borromaeus-hospital-leer-ggmbh,borromaeus-hospital-leer-ggmbh:238,238,1,0
1,borromaeus-hospital-leer-ggmbh,borromaeus-hospital-leer-ggmbh:239,239,1,0
4,borromaeus-hospital-leer-ggmbh,borromaeus-hospital-leer-ggmbh:241,241,2,0
2,borromaeus-hospital-leer-ggmbh,borromaeus-hospital-leer-ggmbh:245,245,1,0
4,borromaeus-hospital-leer-ggmbh,borromaeus-hospital-leer-ggmbh:248,248,1,0
0,borromaeus-hospital-leer-ggmbh,borromaeus-hospital-leer-ggmbh:249,249,1,0
9,borromaeus-hospital-leer-ggmbh,borromaeus-hospital-leer-ggmbh:251,251,1,0
1,borromaeus-hospital-leer-ggmbh,borromaeus-hospital-leer-ggmbh:254,254,1,0
7,borromaeus-hospital-leer-ggmbh,borromaeus-hospital-leer-ggmbh:255,255,1,0
0,borromaeus-hospital-leer-ggmbh,borromaeus-hospital-leer-ggmbh:256,256,1,0
7,borromaeus-hospital-leer-ggmbh,borromaeus-hospital-leer-ggmbh:257,257,1,0
4,borromaeus-hospital-leer-ggmbh,borromaeus-hospital-leer-ggmbh:259,259,1,0
7,borromaeus-hospital-leer-ggmbh,borromaeus-hospital-leer-ggmbh:262,262,1,0
2,borromaeus-hospital-leer-ggmbh,borromaeus-hospital-leer-ggmbh:268,268,2,0
10,borromaeus-hospital-leer-ggmbh,borromaeus-hospital-leer-ggmbh:271,271,1,0
4,borromaeus-hospital-leer-ggmbh,borromaeus-hospital-leer-ggmbh:277,277,1,0
10,borromaeus-hospital-leer-ggmbh,borromaeus-hospital-leer-ggmbh:281,281,1,0
8,borromaeus-hospital-leer-ggmbh,borromaeus-hospital-leer-ggmbh:284,284,1,0
1,borromaeus-hospital-leer-ggmbh,borromaeus-hospital-leer-ggmbh:287,287,1,0
0,borromaeus-hospital-leer-ggmbh,borromaeus-hospital-leer-ggmbh:294,294,1,0
10,borromaeus-hospital-leer-ggmbh,borromaeus-hospital-leer-ggmbh:302,302,1,0
2,borromaeus-hospital-leer-ggmbh,borromaeus-hospital-leer-ggmbh:304,304,1,0
5,borromaeus-hospital-leer-ggmbh,borromaeus-hospital-leer-ggmbh:305,305,1,0
6,borromaeus-hospital-leer-ggmbh,borromaeus-hospital-leer-ggmbh:307,307,1,0
1,borromaeus-hospital-leer-ggmbh,borromaeus-hospital-leer-ggmbh:308,308,1,0
0,borromaeus-hospital-leer-ggmbh,borromaeus-hospital-leer-ggmbh:311,311,1,0
0,borromaeus-hospital-leer-ggmbh,borromaeus-hospital-leer-ggmbh:316,316,1,0
2,borromaeus-hospital-leer-ggmbh,borromaeus-hospital-leer-ggmbh:320,320,1,0
0,borromaeus-hospital-leer-ggmbh,borromaeus-hospital-leer-ggmbh:321,321,1,0
3,borromaeus-hospital-leer-ggmbh,borromaeus-hospital-leer-ggmbh:325,325,2,0
1,borromaeus-hospital-leer-ggmbh,borromaeus-hospital-leer-ggmbh:327,327,1,0
4,borromaeus-hospital-leer-ggmbh,borromaeus-hospital-leer-ggmbh:333,333,2,0
2,borromaeus-hospital-leer-ggmbh,borromaeus-hospital-leer-ggmbh:339,339,1,0
3,borromaeus-hospital-leer-ggmbh,borromaeus-hospital-leer-ggmbh:340,340,1,0
1,borromaeus-hospital-leer-ggmbh,borromaeus-hospital-leer-ggmbh:343,343,1,0
0,borromaeus-hospital-leer-ggmbh,borromaeus-hospital-leer-ggmbh:349,349,1,0
0,bundeswehrkrankenhaus,bundeswehrkrankenhaus:13,13,1,0
0,bundeswehrkrankenhaus,bundeswehrkrankenhaus:15,15,2,0
0,bundeswehrkrankenhaus,bundeswehrkrankenhaus:16,16,1,0
0,bundeswehrkrankenhaus,bundeswehrkrankenhaus:17,17,1,0
0,bundeswehrkrankenhaus,bundeswehrkrankenhaus:23,23,1,0
0,bundeswehrkrankenhaus,bundeswehrkrankenhaus:25,25,1,0
0,bundeswehrkrankenhaus,bundeswehrkrankenhaus:26,26,1,0
0,bundeswehrkrankenhaus,bundeswehrkrankenhaus:27,27,1,0
0,bundeswehrkrankenhaus,bundeswehrkrankenhaus:30,30,2,0
0,bundeswehrkrankenhaus,bundeswehrkrankenhaus:34,34,1,0
0,bundeswehrkrankenhaus,bundeswehrkrankenhaus:35,35,1,0
0,bundeswehrkrankenhaus,bundeswehrkrankenhaus:40,40,2,0
0,bundeswehrkrankenhaus,bundeswehrkrankenhaus:41,41,1,0
0,bundeswehrkrankenhaus,bundeswehrkrankenhaus:42,42,1,0
0,bundeswehrkrankenhaus,bundeswehrkrankenhaus:47,47,1,0
0,bundeswehrkrankenhaus,bundeswehrkrankenhaus:50,50,1,0
0,bundeswehrkrankenhaus,bundeswehrkrankenhaus:51,51,1,0
0,bundeswehrkrankenhaus,bundeswehrkrankenhaus:52,52,1,0
0,bundeswehrkrankenhaus,bundeswehrkrankenhaus:58,58,1,0
0,bundeswehrkrankenhaus,bundeswehrkrankenhaus:60,60,1,0
0,bundeswehrkrankenhaus,bundeswehrkrankenhaus:61,61,1,0
0,bundeswehrkrankenhaus,bundeswehrkrankenhaus:62,62,1,0
2,bundeswehrkrankenhaus,bundeswehrkrankenhaus:67,67,1,0
0,bundeswehrkrankenhaus,bundeswehrkrankenhaus:68,68,1,0
0,bundeswehrkrankenhaus,bundeswehrkrankenhaus:74,74,2,0
0,bundeswehrkrankenhaus,bundeswehrkrankenhaus:75,75,1,0
2,bundeswehrkrankenhaus,bundeswehrkrankenhaus:78,78,1,0
2,bundeswehrkrankenhaus,bundeswehrkrankenhaus:83,83,1,0
0,bundeswehrkrankenhaus,bundeswehrkrankenhaus:86,86,1,0
0,bundeswehrkrankenhaus,bundeswehrkrankenhaus:87,87,1,0
0,bundeswehrkrankenhaus,bundeswehrkrankenhaus:89,89,1,0
4,bundeswehrkrankenhaus,bundeswehrkrankenhaus:90,90,1,0
7,bundeswehrkrankenhaus,bundeswehrkrankenhaus:95,95,2,0
6,bundeswehrkrankenhaus,bundeswehrkrankenhaus:96,96,1,0
0,bundeswehrkrankenhaus,bundeswehrkrankenhaus:98,98,1,0
1,bundeswehrkrankenhaus,bundeswehrkrankenhaus:100,100,1,0
0,bundeswehrkrankenhaus,bundeswehrkrankenhaus:106,106,2,0
0,bundeswehrkrankenhaus,bundeswehrkrankenhaus:107,107,1,0
0,bundeswehrkrankenhaus,bundeswehrkrankenhaus:108,108,1,0
3,bundeswehrkrankenhaus,bundeswehrkrankenhaus:110,110,1,0
0,bundeswehrkrankenhaus,bundeswehrkrankenhaus:111,111,1,0
0,bundeswehrkrankenhaus,bundeswehrkrankenhaus:113,113,2,0
0,bundeswehrkrankenhaus,bundeswehrkrankenhaus:120,120,1,0
8,bundeswehrkrankenhaus,bundeswehrkrankenhaus:127,127,1,0
3,bundeswehrkrankenhaus,bundeswehrkrankenhaus:130,130,2,0
7,bundeswehrkrankenhaus,bundeswehrkrankenhaus:132,132,1,0
0,bundeswehrkrankenhaus,bundeswehrkrankenhaus:139,139,1,0
2,bundeswehrkrankenhaus,bundeswehrkrankenhaus:149,149,1,0
0,bundeswehrkrankenhaus,bundeswehrkrankenhaus:150,150,1,1
6,bundeswehrkrankenhaus,bundeswehrkrankenhaus:155,155,1,0
1,bundeswehrkrankenhaus,bundeswehrkrankenhaus:157,157,1,0
7,bundeswehrkrankenhaus,bundeswehrkrankenhaus:163,163,1,0
9,bundeswehrkrankenhaus,bundeswehrkrankenhaus:170,170,1,0
10,bundeswehrkrankenhaus,bundeswehrkrankenhaus:172,172,2,0
2,bundeswehrkrankenhaus,bundeswehrkrankenhaus:180,180,1,0
2,bundeswehrkrankenhaus,bundeswehrkrankenhaus:182,182,1,0
3,bundeswehrkrankenhaus,bundeswehrkrankenhaus:184,184,2,0
7,bundeswehrkrankenhaus,bundeswehrkrankenhaus:187,187,1,0
0,bundeswehrkrankenhaus,bundeswehrkrankenhaus:188,188,1,0
5,bundeswehrkrankenhaus,bundeswehrkrankenhaus:189,189,1,0
4,bundeswehrkrankenhaus,bundeswehrkrankenhaus:190,190,1,0
7,bundeswehrkrankenhaus,bundeswehrkrankenhaus:192,192,1,0
4,bundeswehrkrankenhaus,bundeswehrkrankenhaus:194,194,1,0
32,bundeswehrkrankenhaus,bundeswehrkrankenhaus:199,199,1,0
19,bundeswehrkrankenhaus,bundeswehrkrankenhaus:205,205,1,0
23,bundeswehrkrankenhaus,bundeswehrkrankenhaus:209,209,1,0
7,bundeswehrkrankenhaus,bundeswehrkrankenhaus:211,211,1,0
1,bundeswehrkrankenhaus,bundeswehrkrankenhaus:216,216,2,0
13,bundeswehrkrankenhaus,bundeswehrkrankenhaus:217,217,1,0
6,bundeswehrkrankenhaus,bundeswehrkrankenhaus:218,218,1,0
3,bundeswehrkrankenhaus,bundeswehrkrankenhaus:221,221,1,0
2,bundeswehrkrankenhaus,bundeswehrkrankenhaus:222,222,2,0
5,bundeswehrkrankenhaus,bundeswehrkrankenhaus:229,229,1,0
3,bundeswehrkrankenhaus,bundeswehrkrankenhaus:231,231,1,0
7,bundeswehrkrankenhaus,bundeswehrkrankenhaus:234,234,1,0
1,bundeswehrkrankenhaus,bundeswehrkrankenhaus:235,235,1,0
12,bundeswehrkrankenhaus,bundeswehrkrankenhaus:237,237,1,0
9,bundeswehrkrankenhaus,bundeswehrkrankenhaus:239,239,1,0
4,bundeswehrkrankenhaus,bundeswehrkrankenhaus:241,241,1,0
7,bundeswehrkrankenhaus,bundeswehrkrankenhaus:243,243,1,0
3,bundeswehrkrankenhaus,bundeswehrkrankenhaus:245,245,1,0
13,bundeswehrkrankenhaus,bundeswehrkrankenhaus:250,250,1,0
3,bundeswehrkrankenhaus,bundeswehrkrankenhaus:251,251,1,0
4,bundeswehrkrankenhaus,bundeswehrkrankenhaus:253,253,2,0
13,bundeswehrkrankenhaus,bundeswehrkrankenhaus:255,255,1,0
6,bundeswehrkrankenhaus,bundeswehrkrankenhaus:256,256,1,0
15,bundeswehrkrankenhaus,bundeswehrkrankenhaus:258,258,1,0
1,bundeswehrkrankenhaus,bundeswehrkrankenhaus:262,262,1,0
7,bundeswehrkrankenhaus,bundeswehrkrankenhaus:266,266,1,0
8,bundeswehrkrankenhaus,bundeswehrkrankenhaus:269,269,1,0
0,bundeswehrkrankenhaus,bundeswehrkrankenhaus:273,273,1,0
8,bundeswehrkrankenhaus,bundeswehrkrankenhaus:274,274,2,0
5,bundeswehrkrankenhaus,bundeswehrkrankenhaus:278,278,1,0
14,bundeswehrkrankenhaus,bundeswehrkrankenhaus:282,282,1,0
7,bundeswehrkrankenhaus,bundeswehrkrankenhaus:284,284,1,0
1,bundeswehrkrankenhaus,bundeswehrkrankenhaus:286,286,1,0
3,bundeswehrkrankenhaus,bundeswehrkrankenhaus:288,288,1,0
1,bundeswehrkrankenhaus,bundeswehrkrankenhaus:290,290,1,0
10,bundeswehrkrankenhaus,bundeswehrkrankenhaus:295,295,2,0
18,bundeswehrkrankenhaus,bundeswehrkrankenhaus:298,298,1,0
9,bundeswehrkrankenhaus,bundeswehrkrankenhaus:300,300,1,0
7,bundeswehrkrankenhaus,bundeswehrkrankenhaus:302,302,1,0
16,bundeswehrkrankenhaus,bundeswehrkrankenhaus:305,305,1,0
0,bundeswehrkrankenhaus,bundeswehrkrankenhaus:307,307,2,0
12,bundeswehrkrankenhaus,bundeswehrkrankenhaus:309,309,1,0
9,bundeswehrkrankenhaus,bundeswehrkrankenhaus:312,312,2,0
5,bundeswehrkrankenhaus,bundeswehrkrankenhaus:313,313,1,0
0,bundeswehrkrankenhaus,bundeswehrkrankenhaus:316,316,2,1
1,bundeswehrkrankenhaus,bundeswehrkrankenhaus:317,317,1,0
22,bundeswehrkrankenhaus,bundeswehrkrankenhaus:318,318,1,0
27,bundeswehrkrankenhaus,bundeswehrkrankenhaus:320,320,1,0
9,bundeswehrkrankenhaus,bundeswehrkrankenhaus:326,326,1,0
3,bundeswehrkrankenhaus,bundeswehrkrankenhaus:332,332,1,0
7,bundeswehrkrankenhaus,bundeswehrkrankenhaus:333,333,1,0
10,bundeswehrkrankenhaus,bundeswehrkrankenhaus:334,334,1,0
8,bundeswehrkrankenhaus,bundeswehrkrankenhaus:338,338,1,0
1,bundeswehrkrankenhaus,bundeswehrkrankenhaus:349,349,1,0
10,bundeswehrkrankenhaus,bundeswehrkrankenhaus:350,350,1,0
17,bundeswehrkrankenhaus,bundeswehrkrankenhaus:351,351,1,0
3,bundeswehrkrankenhaus,bundeswehrkrankenhaus:352,352,1,0
2,bundeswehrkrankenhaus,bundeswehrkrankenhaus:353,353,1,0
3,bundeswehrkrankenhaus,bundeswehrkrankenhaus:355,355,2,0
11,bundeswehrkrankenhaus,bundeswehrkrankenhaus:356,356,1,0
9,bundeswehrkrankenhaus,bundeswehrkrankenhaus:357,357,2,0
15,bundeswehrkrankenhaus,bundeswehrkrankenhaus:358,358,1,0
13,bundeswehrkrankenhaus,bundeswehrkrankenhaus:359,359,1,0
8,bundeswehrkrankenhaus,bundeswehrkrankenhaus:362,362,1,0
1,bundeswehrkrankenhaus,bundeswehrkrankenhaus:363,363,1,0
13,bundeswehrkrankenhaus,bundeswehrkrankenhaus:366,366,1,0
5,bundeswehrkrankenhaus,bundeswehrkrankenhaus:371,371,1,0
9,bundeswehrkrankenhaus,bundeswehrkrankenhaus:372,372,1,0
10,bundeswehrkrankenhaus,bundeswehrkrankenhaus:373,373,1,0
2,bundeswehrkrankenhaus,bundeswehrkrankenhaus:376,376,1,0
11,bundeswehrkrankenhaus,bundeswehrkrankenhaus:379,379,1,0
0,bundeswehrkrankenhaus,bundeswehrkrankenhaus:381,381,1,0
12,bundeswehrkrankenhaus,bundeswehrkrankenhaus:382,382,1,0
2,bundeswehrkrankenhaus,bundeswehrkrankenhaus:384,384,1,0
12,bundeswehrkrankenhaus,bundeswehrkrankenhaus:388,388,1,0
10,bundeswehrkrankenhaus,bundeswehrkrankenhaus:389,389,1,0
5,bundeswehrkrankenhaus,bundeswehrkrankenhaus:390,390,1,0
11,bundeswehrkrankenhaus,bundeswehrkrankenhaus:392,392,1,0
2,bundeswehrkrankenhaus,bundeswehrkrankenhaus:393,393,1,0
9,bundeswehrkrankenhaus,bundeswehrkrankenhaus:394,394,1,0
10,bundeswehrkrankenhaus,bundeswehrkrankenhaus:403,403,1,0
6,bundeswehrkrankenhaus,bundeswehrkrankenhaus:410,410,1,0
16,bundeswehrkrankenhaus,bundeswehrkrankenhaus:412,412,1,0
5,bundeswehrkrankenhaus,bundeswehrkrankenhaus:413,413,1,0
0,bundeswehrkrankenhaus,bundeswehrkrankenhaus:414,414,1,0
4,bundeswehrkrankenhaus,bundeswehrkrankenhaus:419,419,1,0
2,bundeswehrkrankenhaus,bundeswehrkrankenhaus:420,420,2,0
5,bundeswehrkrankenhaus,bundeswehrkrankenhaus:421,421,1,0
12,bundeswehrkrankenhaus,bundeswehrkrankenhaus:428,428,1,0
0,bundeswehrkrankenhaus,bundeswehrkrankenhaus:430,430,1,0
13,bundeswehrkrankenhaus,bundeswehrkrankenhaus:432,432,1,1
4,bundeswehrkrankenhaus,bundeswehrkrankenhaus:437,437,1,0
3,bundeswehrkrankenhaus,bundeswehrkrankenhaus:438,438,2,0
3,bundeswehrkrankenhaus,bundeswehrkrankenhaus:442,442,1,1
1,bundeswehrkrankenhaus,bundeswehrkrankenhaus:448,448,1,0
10,bundeswehrkrankenhaus,bundeswehrkrankenhaus:449,449,1,0
11,bundeswehrkrankenhaus,bundeswehrkrankenhaus:452,452,1,0
4,bundeswehrkrankenhaus,bundeswehrkrankenhaus:453,453,1,0
24,bundeswehrkrankenhaus,bundeswehrkrankenhaus:455,455,1,0
3,bundeswehrkrankenhaus,bundeswehrkrankenhaus:459,459,1,0
6,bundeswehrkrankenhaus,bundeswehrkrankenhaus:464,464,1,0
0,bundeswehrkrankenhaus,bundeswehrkrankenhaus:465,465,1,0
8,bundeswehrkrankenhaus,bundeswehrkrankenhaus:468,468,1,0
12,bundeswehrkrankenhaus,bundeswehrkrankenhaus:469,469,1,0
0,bundeswehrkrankenhaus,bundeswehrkrankenhaus:471,471,1,0
9,bundeswehrkrankenhaus,bundeswehrkrankenhaus:476,476,2,0
2,bundeswehrkrankenhaus,bundeswehrkrankenhaus:478,478,1,0
2,bundeswehrkrankenhaus,bundeswehrkrankenhaus:480,480,1,0
3,bundeswehrkrankenhaus,bundeswehrkrankenhaus:484,484,2,0
4,bundeswehrkrankenhaus,bundeswehrkrankenhaus:488,488,1,0
3,bundeswehrkrankenhaus,bundeswehrkrankenhaus:491,491,1,0
11,bundeswehrkrankenhaus,bundeswehrkrankenhaus:496,496,1,0
17,bundeswehrkrankenhaus,bundeswehrkrankenhaus:497,497,1,0
0,bundeswehrkrankenhaus,bundeswehrkrankenhaus:500,500,1,0
0,bundeswehrkrankenhaus,bundeswehrkrankenhaus:503,503,1,0
12,bundeswehrkrankenhaus,bundeswehrkrankenhaus:504,504,1,0
6,bundeswehrkrankenhaus,bundeswehrkrankenhaus:508,508,1,0
0,bundeswehrkrankenhaus,bundeswehrkrankenhaus:509,509,1,0
0,bundeswehrkrankenhaus,bundeswehrkrankenhaus:511,511,1,0
5,bundeswehrkrankenhaus,bundeswehrkrankenhaus:520,520,2,0
4,bundeswehrkrankenhaus,bundeswehrkrankenhaus:524,524,1,0
5,bundeswehrkrankenhaus,bundeswehrkrankenhaus:525,525,1,0
0,bundeswehrkrankenhaus,bundeswehrkrankenhaus:526,526,1,0
6,bundeswehrkrankenhaus,bundeswehrkrankenhaus:528,528,1,0
1,bundeswehrkrankenhaus,bundeswehrkrankenhaus:530,530,1,0
13,bundeswehrkrankenhaus,bundeswehrkrankenhaus:535,535,1,0
5,bundeswehrkrankenhaus,bundeswehrkrankenhaus:537,537,1,0
0,bundeswehrkrankenhaus,bundeswehrkrankenhaus:545,545,2,0
0,bundeswehrkrankenhaus,bundeswehrkrankenhaus:550,550,2,0
1,bundeswehrkrankenhaus,bundeswehrkrankenhaus:552,552,2,0
1,bundeswehrkrankenhaus,bundeswehrkrankenhaus:554,554,1,0
3,bundeswehrkrankenhaus,bundeswehrkrankenhaus:556,556,1,0
1,bundeswehrkrankenhaus,bundeswehrkrankenhaus:558,558,1,0
5,bundeswehrkrankenhaus,bundeswehrkrankenhaus:559,559,1,0
1,bundeswehrkrankenhaus,bundeswehrkrankenhaus:560,560,1,0
0,bundeswehrkrankenhaus,bundeswehrkrankenhaus:564,564,1,0
0,bundeswehrkrankenhaus,bundeswehrkrankenhaus:566,566,1,0
6,bundeswehrkrankenhaus,bundeswehrkrankenhaus:567,567,1,0
2,bundeswehrkrankenhaus,bundeswehrkrankenhaus:568,568,1,0
2,bundeswehrkrankenhaus,bundeswehrkrankenhaus:579,579,1,0
9,bundeswehrkrankenhaus,bundeswehrkrankenhaus:583,583,1,0
0,bundeswehrkrankenhaus,bundeswehrkrankenhaus:586,586,2,0
0,bundeswehrkrankenhaus,bundeswehrkrankenhaus:589,589,1,0
1,bundeswehrkrankenhaus,bundeswehrkrankenhaus:591,591,1,0
0,bundeswehrkrankenhaus,bundeswehrkrankenhaus:600,600,1,0
1,bundeswehrkrankenhaus,bundeswehrkrankenhaus:606,606,1,0
3,bundeswehrkrankenhaus,bundeswehrkrankenhaus:608,608,1,0
0,bundeswehrkrankenhaus,bundeswehrkrankenhaus:612,612,1,0
2,bundeswehrkrankenhaus,bundeswehrkrankenhaus:614,614,1,0
2,bundeswehrkrankenhaus,bundeswehrkrankenhaus:626,626,1,0
0,bundeswehrkrankenhaus,bundeswehrkrankenhaus:627,627,1,0
0,bundeswehrkrankenhaus,bundeswehrkrankenhaus:637,637,1,0
0,bundeswehrkrankenhaus,bundeswehrkrankenhaus:639,639,1,0
0,bundeswehrkrankenhaus,bundeswehrkrankenhaus:641,641,1,0
0,bundeswehrkrankenhaus,bundeswehrkrankenhaus:646,646,1,0
0,bundeswehrkrankenhaus,bundeswehrkrankenhaus:647,647,2,0
0,bundeswehrkrankenhaus,bundeswehrkrankenhaus:649,649,1,0
1,bundeswehrkrankenhaus,bundeswehrkrankenhaus:654,654,1,0
0,burghof-klinik-gmbh,burghof-klinik-gmbh:0,0,1,0
0,burghof-klinik-gmbh,burghof-klinik-gmbh:2,2,1,0
0,burghof-klinik-gmbh,burghof-klinik-gmbh:3,3,1,0
0,burghof-klinik-gmbh,burghof-klinik-gmbh:4,4,1,0
0,burghof-klinik-gmbh,burghof-klinik-gmbh:6,6,1,0
0,burghof-klinik-gmbh,burghof-klinik-gmbh:7,7,1,0
0,burghof-klinik-gmbh,burghof-klinik-gmbh:8,8,1,0
13,burghof-klinik-gmbh,burghof-klinik-gmbh:14,14,1,0
9,burghof-klinik-gmbh,burghof-klinik-gmbh:17,17,2,0
23,burghof-klinik-gmbh,burghof-klinik-gmbh:18,18,1,0
17,burghof-klinik-gmbh,burghof-klinik-gmbh:19,19,1,0
0,burghof-klinik-gmbh,burghof-klinik-gmbh:24,24,1,0
7,burghof-klinik-gmbh,burghof-klinik-gmbh:25,25,1,0
21,burghof-klinik-gmbh,burghof-klinik-gmbh:33,33,1,0
1,burghof-klinik-gmbh,burghof-klinik-gmbh:35,35,1,0
0,burghof-klinik-gmbh,burghof-klinik-gmbh:40,40,1,0
0,burghof-klinik-gmbh,burghof-klinik-gmbh:42,42,1,0
0,capio-elbe-jeetzel-klinik-dannenberg,capio-elbe-jeetzel-klinik-dannenberg:3,3,1,0
0,capio-elbe-jeetzel-klinik-dannenberg,capio-elbe-jeetzel-klinik-dannenberg:6,6,1,0
0,capio-elbe-jeetzel-klinik-dannenberg,capio-elbe-jeetzel-klinik-dannenberg:14,14,1,0
0,capio-elbe-jeetzel-klinik-dannenberg,capio-elbe-jeetzel-klinik-dannenberg:15,15,2,0
0,capio-elbe-jeetzel-klinik-dannenberg,capio-elbe-jeetzel-klinik-dannenberg:19,19,1,0
7,capio-elbe-jeetzel-klinik-dannenberg,capio-elbe-jeetzel-klinik-dannenberg:23,23,1,0
0,capio-elbe-jeetzel-klinik-dannenberg,capio-elbe-jeetzel-klinik-dannenberg:28,28,1,0
0,capio-elbe-jeetzel-klinik-dannenberg,capio-elbe-jeetzel-klinik-dannenberg:30,30,1,0
3,capio-elbe-jeetzel-klinik-dannenberg,capio-elbe-jeetzel-klinik-dannenberg:39,39,1,0
3,capio-elbe-jeetzel-klinik-dannenberg,capio-elbe-jeetzel-klinik-dannenberg:42,42,1,0
2,capio-elbe-jeetzel-klinik-dannenberg,capio-elbe-jeetzel-klinik-dannenberg:45,45,1,0
3,capio-elbe-jeetzel-klinik-dannenberg,capio-elbe-jeetzel-klinik-dannenberg:46,46,1,0
16,capio-elbe-jeetzel-klinik-dannenberg,capio-elbe-jeetzel-klinik-dannenberg:52,52,1,0
6,capio-elbe-jeetzel-klinik-dannenberg,capio-elbe-jeetzel-klinik-dannenberg:54,54,2,0
16,capio-elbe-jeetzel-klinik-dannenberg,capio-elbe-jeetzel-klinik-dannenberg:55,55,1,0
1,capio-elbe-jeetzel-klinik-dannenberg,capio-elbe-jeetzel-klinik-dannenberg:57,57,1,0
10,capio-elbe-jeetzel-klinik-dannenberg,capio-elbe-jeetzel-klinik-dannenberg:60,60,1,0
8,capio-elbe-jeetzel-klinik-dannenberg,capio-elbe-jeetzel-klinik-dannenberg:64,64,2,0
6,capio-elbe-jeetzel-klinik-dannenberg,capio-elbe-jeetzel-klinik-dannenberg:67,67,1,0
19,capio-elbe-jeetzel-klinik-dannenberg,capio-elbe-jeetzel-klinik-dannenberg:68,68,1,0
8,capio-elbe-jeetzel-klinik-dannenberg,capio-elbe-jeetzel-klinik-dannenberg:72,72,1,0
9,capio-elbe-jeetzel-klinik-dannenberg,capio-elbe-jeetzel-klinik-dannenberg:74,74,1,0
1,capio-elbe-jeetzel-klinik-dannenberg,capio-elbe-jeetzel-klinik-dannenberg:76,76,1,0
0,capio-elbe-jeetzel-klinik-dannenberg,capio-elbe-jeetzel-klinik-dannenberg:77,77,1,0
8,capio-elbe-jeetzel-klinik-dannenberg,capio-elbe-jeetzel-klinik-dannenberg:80,80,1,0
15,capio-elbe-jeetzel-klinik-dannenberg,capio-elbe-jeetzel-klinik-dannenberg:81,81,2,0
5,capio-elbe-jeetzel-klinik-dannenberg,capio-elbe-jeetzel-klinik-dannenberg:82,82,1,0
12,capio-elbe-jeetzel-klinik-dannenberg,capio-elbe-jeetzel-klinik-dannenberg:87,87,1,0
12,capio-elbe-jeetzel-klinik-dannenberg,capio-elbe-jeetzel-klinik-dannenberg:90,90,1,0
9,capio-elbe-jeetzel-klinik-dannenberg,capio-elbe-jeetzel-klinik-dannenberg:92,92,1,0
1,capio-elbe-jeetzel-klinik-dannenberg,capio-elbe-jeetzel-klinik-dannenberg:95,95,1,0
3,capio-elbe-jeetzel-klinik-dannenberg,capio-elbe-jeetzel-klinik-dannenberg:96,96,1,0
3,capio-elbe-jeetzel-klinik-dannenberg,capio-elbe-jeetzel-klinik-dannenberg:99,99,1,0
2,capio-elbe-jeetzel-klinik-dannenberg,capio-elbe-jeetzel-klinik-dannenberg:100,100,1,0
0,capio-elbe-jeetzel-klinik-dannenberg,capio-elbe-jeetzel-klinik-dannenberg:101,101,1,0
13,capio-elbe-jeetzel-klinik-dannenberg,capio-elbe-jeetzel-klinik-dannenberg:102,102,1,0
12,capio-elbe-jeetzel-klinik-dannenberg,capio-elbe-jeetzel-klinik-dannenberg:106,106,1,0
8,capio-elbe-jeetzel-klinik-dannenberg,capio-elbe-jeetzel-klinik-dannenberg:109,109,1,0
4,capio-elbe-jeetzel-klinik-dannenberg,capio-elbe-jeetzel-klinik-dannenberg:110,110,2,0
6,capio-elbe-jeetzel-klinik-dannenberg,capio-elbe-jeetzel-klinik-dannenberg:112,112,1,0
0,capio-elbe-jeetzel-klinik-dannenberg,capio-elbe-jeetzel-klinik-dannenberg:113,113,1,0
13,capio-elbe-jeetzel-klinik-dannenberg,capio-elbe-jeetzel-klinik-dannenberg:116,116,1,0
6,capio-elbe-jeetzel-klinik-dannenberg,capio-elbe-jeetzel-klinik-dannenberg:120,120,1,0
3,capio-elbe-jeetzel-klinik-dannenberg,capio-elbe-jeetzel-klinik-dannenberg:127,127,1,0
4,capio-elbe-jeetzel-klinik-dannenberg,capio-elbe-jeetzel-klinik-dannenberg:128,128,1,0
4,capio-elbe-jeetzel-klinik-dannenberg,capio-elbe-jeetzel-klinik-dannenberg:129,129,1,0
5,capio-elbe-jeetzel-klinik-dannenberg,capio-elbe-jeetzel-klinik-dannenberg:130,130,1,0
6,capio-elbe-jeetzel-klinik-dannenberg,capio-elbe-jeetzel-klinik-dannenberg:133,133,1,0
3,capio-elbe-jeetzel-klinik-dannenberg,capio-elbe-jeetzel-klinik-dannenberg:136,136,1,0
4,capio-elbe-jeetzel-klinik-dannenberg,capio-elbe-jeetzel-klinik-dannenberg:139,139,1,0
5,capio-elbe-jeetzel-klinik-dannenberg,capio-elbe-jeetzel-klinik-dannenberg:142,142,1,0
2,capio-elbe-jeetzel-klinik-dannenberg,capio-elbe-jeetzel-klinik-dannenberg:143,143,1,0
4,capio-elbe-jeetzel-klinik-dannenberg,capio-elbe-jeetzel-klinik-dannenberg:146,146,1,0
8,capio-elbe-jeetzel-klinik-dannenberg,capio-elbe-jeetzel-klinik-dannenberg:147,147,1,0
1,capio-elbe-jeetzel-klinik-dannenberg,capio-elbe-jeetzel-klinik-dannenberg:148,148,1,0
8,capio-elbe-jeetzel-klinik-dannenberg,capio-elbe-jeetzel-klinik-dannenberg:149,149,1,0
5,capio-elbe-jeetzel-klinik-dannenberg,capio-elbe-jeetzel-klinik-dannenberg:151,151,2,0
0,capio-elbe-jeetzel-klinik-dannenberg,capio-elbe-jeetzel-klinik-dannenberg:152,152,1,0
0,capio-elbe-jeetzel-klinik-dannenberg,capio-elbe-jeetzel-klinik-dannenberg:153,153,1,0
0,capio-elbe-jeetzel-klinik-dannenberg,capio-elbe-jeetzel-klinik-dannenberg:155,155,1,0
0,christliches-kinderhospital-osnabrueck,christliches-kinderhospital-osnabrueck:9,9,2,0
0,christliches-kinderhospital-osnabrueck,christliches-kinderhospital-osnabrueck:11,11,1,0
0,christliches-kinderhospital-osnabrueck,christliches-kinderhospital-osnabrueck:13,13,1,0
0,christliches-kinderhospital-osnabrueck,christliches-kinderhospital-osnabrueck:18,18,1,0
0,christliches-kinderhospital-osnabrueck,christliches-kinderhospital-osnabrueck:22,22,2,0
1,christliches-kinderhospital-osnabrueck,christliches-kinderhospital-osnabrueck:23,23,1,0
0,christliches-kinderhospital-osnabrueck,christliches-kinderhospital-osnabrueck:25,25,1,0
0,christliches-kinderhospital-osnabrueck,christliches-kinderhospital-osnabrueck:29,29,1,0
0,christliches-kinderhospital-osnabrueck,christliches-kinderhospital-osnabrueck:31,31,1,0
8,christliches-kinderhospital-osnabrueck,christliches-kinderhospital-osnabrueck:33,33,1,0
0,christliches-kinderhospital-osnabrueck,christliches-kinderhospital-osnabrueck:35,35,1,0
6,christliches-kinderhospital-osnabrueck,christliches-kinderhospital-osnabrueck:37,37,1,0
4,christliches-kinderhospital-osnabrueck,christliches-kinderhospital-osnabrueck:38,38,1,0
0,christliches-kinderhospital-osnabrueck,christliches-kinderhospital-osnabrueck:39,39,1,0
0,christliches-kinderhospital-osnabrueck,christliches-kinderhospital-osnabrueck:42,42,1,0
0,christliches-kinderhospital-osnabrueck,christliches-kinderhospital-osnabrueck:44,44,1,0
0,christliches-kinderhospital-osnabrueck,christliches-kinderhospital-osnabrueck:46,46,1,0
4,christliches-kinderhospital-osnabrueck,christliches-kinderhospital-osnabrueck:49,49,1,0
5,christliches-kinderhospital-osnabrueck,christliches-kinderhospital-osnabrueck:50,50,1,0
2,christliches-kinderhospital-osnabrueck,christliches-kinderhospital-osnabrueck:51,51,1,0
7,christliches-kinderhospital-osnabrueck,christliches-kinderhospital-osnabrueck:61,61,1,0
0,christliches-kinderhospital-osnabrueck,christliches-kinderhospital-osnabrueck:64,64,1,0
5,christliches-kinderhospital-osnabrueck,christliches-kinderhospital-osnabrueck:69,69,2,0
0,christliches-kinderhospital-osnabrueck,christliches-kinderhospital-osnabrueck:70,70,1,0
8,christliches-kinderhospital-osnabrueck,christliches-kinderhospital-osnabrueck:71,71,1,0
4,christliches-kinderhospital-osnabrueck,christliches-kinderhospital-osnabrueck:77,77,1,0
6,christliches-kinderhospital-osnabrueck,christliches-kinderhospital-osnabrueck:79,79,2,0
5,christliches-kinderhospital-osnabrueck,christliches-kinderhospital-osnabrueck:81,81,1,0
19,christliches-kinderhospital-osnabrueck,christliches-kinderhospital-osnabrueck:85,85,1,0
10,christliches-kinderhospital-osnabrueck,christliches-kinderhospital-osnabrueck:87,87,1,0
4,christliches-kinderhospital-osnabrueck,christliches-kinderhospital-osnabrueck:88,88,1,0
1,christliches-kinderhospital-osnabrueck,christliches-kinderhospital-osnabrueck:91,91,1,0
5,christliches-kinderhospital-osnabrueck,christliches-kinderhospital-osnabrueck:93,93,1,0
6,christliches-kinderhospital-osnabrueck,christliches-kinderhospital-osnabrueck:94,94,2,0
5,christliches-kinderhospital-osnabrueck,christliches-kinderhospital-osnabrueck:100,100,2,0
3,christliches-kinderhospital-osnabrueck,christliches-kinderhospital-osnabrueck:103,103,1,0
1,christliches-kinderhospital-osnabrueck,christliches-kinderhospital-osnabrueck:105,105,1,0
2,christliches-kinderhospital-osnabrueck,christliches-kinderhospital-osnabrueck:106,106,2,0
5,christliches-kinderhospital-osnabrueck,christliches-kinderhospital-osnabrueck:107,107,1,0
3,christliches-kinderhospital-osnabrueck,christliches-kinderhospital-osnabrueck:109,109,1,0
11,christliches-kinderhospital-osnabrueck,christliches-kinderhospital-osnabrueck:113,113,1,0
1,christliches-kinderhospital-osnabrueck,christliches-kinderhospital-osnabrueck:114,114,1,0
3,christliches-kinderhospital-osnabrueck,christliches-kinderhospital-osnabrueck:116,116,1,0
13,christliches-kinderhospital-osnabrueck,christliches-kinderhospital-osnabrueck:117,117,1,0
2,christliches-kinderhospital-osnabrueck,christliches-kinderhospital-osnabrueck:118,118,2,0
11,christliches-kinderhospital-osnabrueck,christliches-kinderhospital-osnabrueck:126,126,1,0
8,christliches-kinderhospital-osnabrueck,christliches-kinderhospital-osnabrueck:128,128,1,0
10,christliches-kinderhospital-osnabrueck,christliches-kinderhospital-osnabrueck:129,129,1,0
8,christliches-kinderhospital-osnabrueck,christliches-kinderhospital-osnabrueck:130,130,1,0
9,christliches-kinderhospital-osnabrueck,christliches-kinderhospital-osnabrueck:131,131,1,0
4,christliches-kinderhospital-osnabrueck,christliches-kinderhospital-osnabrueck:132,132,1,0
6,christliches-kinderhospital-osnabrueck,christliches-kinderhospital-osnabrueck:133,133,1,0
3,christliches-kinderhospital-osnabrueck,christliches-kinderhospital-osnabrueck:134,134,1,0
3,christliches-kinderhospital-osnabrueck,christliches-kinderhospital-osnabrueck:139,139,1,0
9,christliches-kinderhospital-osnabrueck,christliches-kinderhospital-osnabrueck:146,146,1,0
7,christliches-kinderhospital-osnabrueck,christliches-kinderhospital-osnabrueck:148,148,1,0
5,christliches-kinderhospital-osnabrueck,christliches-kinderhospital-osnabrueck:149,149,1,0
18,christliches-kinderhospital-osnabrueck,christliches-kinderhospital-osnabrueck:154,154,1,0
9,christliches-kinderhospital-osnabrueck,christliches-kinderhospital-osnabrueck:156,156,1,0
1,christliches-kinderhospital-osnabrueck,christliches-kinderhospital-osnabrueck:159,159,1,0
2,christliches-kinderhospital-osnabrueck,christliches-kinderhospital-osnabrueck:160,160,1,0
3,christliches-kinderhospital-osnabrueck,christliches-kinderhospital-osnabrueck:166,166,1,0
1,christliches-kinderhospital-osnabrueck,christliches-kinderhospital-osnabrueck:169,169,1,0
0,christliches-kinderhospital-osnabrueck,christliches-kinderhospital-osnabrueck:170,170,1,0
0,christliches-kinderhospital-osnabrueck,christliches-kinderhospital-osnabrueck:176,176,2,0
11,christliches-kinderhospital-osnabrueck,christliches-kinderhospital-osnabrueck:177,177,1,0
0,christliches-kinderhospital-osnabrueck,christliches-kinderhospital-osnabrueck:180,180,1,0
6,christliches-kinderhospital-osnabrueck,christliches-kinderhospital-osnabrueck:184,184,1,0
3,christliches-kinderhospital-osnabrueck,christliches-kinderhospital-osnabrueck:191,191,1,0
11,christliches-kinderhospital-osnabrueck,christliches-kinderhospital-osnabrueck:194,194,1,0
1,christliches-kinderhospital-osnabrueck,christliches-kinderhospital-osnabrueck:200,200,1,0
1,christliches-kinderhospital-osnabrueck,christliches-kinderhospital-osnabrueck:208,208,1,0
3,christliches-kinderhospital-osnabrueck,christliches-kinderhospital-osnabrueck:213,213,1,0
10,christliches-kinderhospital-osnabrueck,christliches-kinderhospital-osnabrueck:216,216,1,0
2,christliches-kinderhospital-osnabrueck,christliches-kinderhospital-osnabrueck:217,217,1,0
4,christliches-kinderhospital-osnabrueck,christliches-kinderhospital-osnabrueck:218,218,1,0
10,christliches-kinderhospital-osnabrueck,christliches-kinderhospital-osnabrueck:223,223,1,0
8,christliches-kinderhospital-osnabrueck,christliches-kinderhospital-osnabrueck:224,224,1,0
9,christliches-kinderhospital-osnabrueck,christliches-kinderhospital-osnabrueck:227,227,1,0
0,christliches-kinderhospital-osnabrueck,christliches-kinderhospital-osnabrueck:228,228,1,0
0,christliches-kinderhospital-osnabrueck,christliches-kinderhospital-osnabrueck:229,229,1,0
8,christliches-kinderhospital-osnabrueck,christliches-kinderhospital-osnabrueck:231,231,1,0
0,christliches-kinderhospital-osnabrueck,christliches-kinderhospital-osnabrueck:233,233,1,0
1,christliches-kinderhospital-osnabrueck,christliches-kinderhospital-osnabrueck:235,235,2,0
5,christliches-kinderhospital-osnabrueck,christliches-kinderhospital-osnabrueck:238,238,1,0
3,christliches-kinderhospital-osnabrueck,christliches-kinderhospital-osnabrueck:242,242,1,0
6,christliches-kinderhospital-osnabrueck,christliches-kinderhospital-osnabrueck:249,249,1,0
0,christliches-kinderhospital-osnabrueck,christliches-kinderhospital-osnabrueck:254,254,1,0
1,christliches-kinderhospital-osnabrueck,christliches-kinderhospital-osnabrueck:256,256,1,0
1,christliches-kinderhospital-osnabrueck,christliches-kinderhospital-osnabrueck:257,257,1,0
0,christliches-krankenhaus-quakenbrueck,christliches-krankenhaus-quakenbrueck:3,3,1,0
0,christliches-krankenhaus-quakenbrueck,christliches-krankenhaus-quakenbrueck:7,7,1,0
0,christliches-krankenhaus-quakenbrueck,christliches-krankenhaus-quakenbrueck:8,8,2,0
0,christliches-krankenhaus-quakenbrueck,christliches-krankenhaus-quakenbrueck:11,11,1,0
0,christliches-krankenhaus-quakenbrueck,christliches-krankenhaus-quakenbrueck:14,14,1,0
0,christliches-krankenhaus-quakenbrueck,christliches-krankenhaus-quakenbrueck:15,15,1,0
0,christliches-krankenhaus-quakenbrueck,christliches-krankenhaus-quakenbrueck:16,16,2,0
0,christliches-krankenhaus-quakenbrueck,christliches-krankenhaus-quakenbrueck:17,17,1,0
0,christliches-krankenhaus-quakenbrueck,christliches-krankenhaus-quakenbrueck:18,18,1,0
0,christliches-krankenhaus-quakenbrueck,christliches-krankenhaus-quakenbrueck:19,19,1,0
1,christliches-krankenhaus-quakenbrueck,christliches-krankenhaus-quakenbrueck:28,28,1,0
0,christliches-krankenhaus-quakenbrueck,christliches-krankenhaus-quakenbrueck:29,29,1,0
0,christliches-krankenhaus-quakenbrueck,christliches-krankenhaus-quakenbrueck:44,44,1,0
1,christliches-krankenhaus-quakenbrueck,christliches-krankenhaus-quakenbrueck:47,47,2,0
1,christliches-krankenhaus-quakenbrueck,christliches-krankenhaus-quakenbrueck:48,48,1,0
1,christliches-krankenhaus-quakenbrueck,christliches-krankenhaus-quakenbrueck:49,49,1,1
1,christliches-krankenhaus-quakenbrueck,christliches-krankenhaus-quakenbrueck:55,55,2,0
0,christliches-krankenhaus-quakenbrueck,christliches-krankenhaus-quakenbrueck:56,56,1,0
13,christliches-krankenhaus-quakenbrueck,christliches-krankenhaus-quakenbrueck:60,60,1,0
1,christliches-krankenhaus-quakenbrueck,christliches-krankenhaus-quakenbrueck:61,61,2,0
8,christliches-krankenhaus-quakenbrueck,christliches-krankenhaus-quakenbrueck:66,66,1,0
7,christliches-krankenhaus-quakenbrueck,christliches-krankenhaus-quakenbrueck:70,70,1,0
5,christliches-krankenhaus-quakenbrueck,christliches-krankenhaus-quakenbrueck:72,72,1,0
0,christliches-krankenhaus-quakenbrueck,christliches-krankenhaus-quakenbrueck:73,73,1,0
8,christliches-krankenhaus-quakenbrueck,christliches-krankenhaus-quakenbrueck:74,74,1,0
3,christliches-krankenhaus-quakenbrueck,christliches-krankenhaus-quakenbrueck:75,75,1,0
1,christliches-krankenhaus-quakenbrueck,christliches-krankenhaus-quakenbrueck:76,76,2,0
6,christliches-krankenhaus-quakenbrueck,christliches-krankenhaus-quakenbrueck:77,77,1,0
1,christliches-krankenhaus-quakenbrueck,christliches-krankenhaus-quakenbrueck:78,78,1,0
9,christliches-krankenhaus-quakenbrueck,christliches-krankenhaus-quakenbrueck:87,87,1,0
20,christliches-krankenhaus-quakenbrueck,christliches-krankenhaus-quakenbrueck:92,92,1,0
13,christliches-krankenhaus-quakenbrueck,christliches-krankenhaus-quakenbrueck:95,95,1,0
2,christliches-krankenhaus-quakenbrueck,christliches-krankenhaus-quakenbrueck:99,99,1,0
5,christliches-krankenhaus-quakenbrueck,christliches-krankenhaus-quakenbrueck:101,101,2,0
4,christliches-krankenhaus-quakenbrueck,christliches-krankenhaus-quakenbrueck:104,104,2,0
15,christliches-krankenhaus-quakenbrueck,christliches-krankenhaus-quakenbrueck:107,107,1,0
2,christliches-krankenhaus-quakenbrueck,christliches-krankenhaus-quakenbrueck:113,113,1,0
3,christliches-krankenhaus-quakenbrueck,christliches-krankenhaus-quakenbrueck:115,115,1,0
4,christliches-krankenhaus-quakenbrueck,christliches-krankenhaus-quakenbrueck:116,116,1,0
11,christliches-krankenhaus-quakenbrueck,christliches-krankenhaus-quakenbrueck:120,120,1,0
12,christliches-krankenhaus-quakenbrueck,christliches-krankenhaus-quakenbrueck:121,121,1,0
20,christliches-krankenhaus-quakenbrueck,christliches-krankenhaus-quakenbrueck:125,125,1,0
9,christliches-krankenhaus-quakenbrueck,christliches-krankenhaus-quakenbrueck:131,131,1,0
8,christliches-krankenhaus-quakenbrueck,christliches-krankenhaus-quakenbrueck:132,132,2,0
18,christliches-krankenhaus-quakenbrueck,christliches-krankenhaus-quakenbrueck:133,133,1,0
2,christliches-krankenhaus-quakenbrueck,christliches-krankenhaus-quakenbrueck:135,135,2,0
1,christliches-krankenhaus-quakenbrueck,christliches-krankenhaus-quakenbrueck:137,137,2,0
6,christliches-krankenhaus-quakenbrueck,christliches-krankenhaus-quakenbrueck:141,141,2,0
4,christliches-krankenhaus-quakenbrueck,christliches-krankenhaus-quakenbrueck:143,143,2,0
7,christliches-krankenhaus-quakenbrueck,christliches-krankenhaus-quakenbrueck:146,146,1,0
3,christliches-krankenhaus-quakenbrueck,christliches-krankenhaus-quakenbrueck:147,147,1,0
2,christliches-krankenhaus-quakenbrueck,christliches-krankenhaus-quakenbrueck:148,148,1,0
13,christliches-krankenhaus-quakenbrueck,christliches-krankenhaus-quakenbrueck:149,149,1,0
0,christliches-krankenhaus-quakenbrueck,christliches-krankenhaus-quakenbrueck:150,150,1,0
1,christliches-krankenhaus-quakenbrueck,christliches-krankenhaus-quakenbrueck:153,153,1,0
15,christliches-krankenhaus-quakenbrueck,christliches-krankenhaus-quakenbrueck:154,154,1,0
7,christliches-krankenhaus-quakenbrueck,christliches-krankenhaus-quakenbrueck:156,156,2,0
0,christliches-krankenhaus-quakenbrueck,christliches-krankenhaus-quakenbrueck:159,159,1,0
1,christliches-krankenhaus-quakenbrueck,christliches-krankenhaus-quakenbrueck:160,160,2,0
5,christliches-krankenhaus-quakenbrueck,christliches-krankenhaus-quakenbrueck:161,161,1,0
3,christliches-krankenhaus-quakenbrueck,christliches-krankenhaus-quakenbrueck:162,162,1,0
6,christliches-krankenhaus-quakenbrueck,christliches-krankenhaus-quakenbrueck:165,165,1,0
1,christliches-krankenhaus-quakenbrueck,christliches-krankenhaus-quakenbrueck:168,168,1,0
8,christliches-krankenhaus-quakenbrueck,christliches-krankenhaus-quakenbrueck:170,170,1,0
7,christliches-krankenhaus-quakenbrueck,christliches-krankenhaus-quakenbrueck:171,171,2,0
2,christliches-krankenhaus-quakenbrueck,christliches-krankenhaus-quakenbrueck:174,174,1,0
1,christliches-krankenhaus-quakenbrueck,christliches-krankenhaus-quakenbrueck:175,175,1,0
3,christliches-krankenhaus-quakenbrueck,christliches-krankenhaus-quakenbrueck:177,177,1,0
4,christliches-krankenhaus-quakenbrueck,christliches-krankenhaus-quakenbrueck:178,178,1,0
1,christliches-krankenhaus-quakenbrueck,christliches-krankenhaus-quakenbrueck:179,179,1,0
1,christliches-krankenhaus-quakenbrueck,christliches-krankenhaus-quakenbrueck:184,184,1,0
3,christliches-krankenhaus-quakenbrueck,christliches-krankenhaus-quakenbrueck:185,185,1,0
1,christliches-krankenhaus-quakenbrueck,christliches-krankenhaus-quakenbrueck:186,186,1,0
12,christliches-krankenhaus-quakenbrueck,christliches-krankenhaus-quakenbrueck:187,187,1,0
1,christliches-krankenhaus-quakenbrueck,christliches-krankenhaus-quakenbrueck:189,189,1,0
0,christliches-krankenhaus-quakenbrueck,christliches-krankenhaus-quakenbrueck:193,193,1,0
5,christliches-krankenhaus-quakenbrueck,christliches-krankenhaus-quakenbrueck:194,194,1,0
6,christliches-krankenhaus-quakenbrueck,christliches-krankenhaus-quakenbrueck:195,195,1,0
2,christliches-krankenhaus-quakenbrueck,christliches-krankenhaus-quakenbrueck:198,198,1,0
4,christliches-krankenhaus-quakenbrueck,christliches-krankenhaus-quakenbrueck:202,202,2,0
3,christliches-krankenhaus-quakenbrueck,christliches-krankenhaus-quakenbrueck:203,203,1,0
19,christliches-krankenhaus-quakenbrueck,christliches-krankenhaus-quakenbrueck:210,210,1,0
7,christliches-krankenhaus-quakenbrueck,christliches-krankenhaus-quakenbrueck:214,214,1,0
2,christliches-krankenhaus-quakenbrueck,christliches-krankenhaus-quakenbrueck:216,216,1,0
5,christliches-krankenhaus-quakenbrueck,christliches-krankenhaus-quakenbrueck:220,220,2,0
8,christliches-krankenhaus-quakenbrueck,christliches-krankenhaus-quakenbrueck:222,222,1,0
1,christliches-krankenhaus-quakenbrueck,christliches-krankenhaus-quakenbrueck:226,226,1,0
0,christliches-krankenhaus-quakenbrueck,christliches-krankenhaus-quakenbrueck:227,227,1,0
0,christliches-krankenhaus-quakenbrueck,christliches-krankenhaus-quakenbrueck:229,229,1,0
6,christliches-krankenhaus-quakenbrueck,christliches-krankenhaus-quakenbrueck:235,235,1,0
4,christliches-krankenhaus-quakenbrueck,christliches-krankenhaus-quakenbrueck:236,236,1,0
6,christliches-krankenhaus-quakenbrueck,christliches-krankenhaus-quakenbrueck:237,237,1,0
3,christliches-krankenhaus-quakenbrueck,christliches-krankenhaus-quakenbrueck:242,242,1,0
6,christliches-krankenhaus-quakenbrueck,christliches-krankenhaus-quakenbrueck:246,246,1,0
9,christliches-krankenhaus-quakenbrueck,christliches-krankenhaus-quakenbrueck:247,247,1,0
2,christliches-krankenhaus-quakenbrueck,christliches-krankenhaus-quakenbrueck:253,253,1,0
2,christliches-krankenhaus-quakenbrueck,christliches-krankenhaus-quakenbrueck:258,258,1,0
4,christliches-krankenhaus-quakenbrueck,christliches-krankenhaus-quakenbrueck:261,261,1,0
4,christliches-krankenhaus-quakenbrueck,christliches-krankenhaus-quakenbrueck:264,264,1,0
3,christliches-krankenhaus-quakenbrueck,christliches-krankenhaus-quakenbrueck:268,268,1,0
1,christliches-krankenhaus-quakenbrueck,christliches-krankenhaus-quakenbrueck:272,272,1,0
4,christliches-krankenhaus-quakenbrueck,christliches-krankenhaus-quakenbrueck:275,275,1,0
0,christliches-krankenhaus-quakenbrueck,christliches-krankenhaus-quakenbrueck:282,282,1,0
0,christliches-krankenhaus-quakenbrueck,christliches-krankenhaus-quakenbrueck:287,287,1,0
0,clemens-august-klinik,clemens-august-klinik:2,2,1,0
1,clemens-august-klinik,clemens-august-klinik:3,3,1,0
0,clemens-august-klinik,clemens-august-klinik:5,5,1,0
0,clemens-august-klinik,clemens-august-klinik:6,6,1,0
0,clemens-august-klinik,clemens-august-klinik:10,10,1,0
0,clemens-august-klinik,clemens-august-klinik:12,12,1,0
0,clemens-august-klinik,clemens-august-klinik:13,13,1,0
0,clemens-august-klinik,clemens-august-klinik:15,15,1,0
0,clemens-august-klinik,clemens-august-klinik:16,16,1,0
0,clemens-august-klinik,clemens-august-klinik:20,20,1,0
3,clemens-august-klinik,clemens-august-klinik:22,22,1,0
13,clemens-august-klinik,clemens-august-klinik:24,24,1,0
18,clemens-august-klinik,clemens-august-klinik:28,28,1,0
13,clemens-august-klinik,clemens-august-klinik:30,30,1,0
15,clemens-august-klinik,clemens-august-klinik:34,34,1,0
8,clemens-august-klinik,clemens-august-klinik:35,35,1,0
4,clemens-august-klinik,clemens-august-klinik:36,36,2,0
2,clemens-august-klinik,clemens-august-klinik:39,39,1,0
3,clemens-august-klinik,clemens-august-klinik:40,40,1,0
0,clemens-august-klinik,clemens-august-klinik:43,43,1,0
2,clemens-august-klinik,clemens-august-klinik:51,51,1,0
19,clemens-august-klinik,clemens-august-klinik:52,52,1,0
24,clemens-august-klinik,clemens-august-klinik:59,59,2,0
21,clemens-august-klinik,clemens-august-klinik:64,64,1,0
13,clemens-august-klinik,clemens-august-klinik:66,66,1,0
12,clemens-august-klinik,clemens-august-klinik:68,68,2,0
14,clemens-august-klinik,clemens-august-klinik:70,70,1,0
10,clemens-august-klinik,clemens-august-klinik:74,74,1,0
12,clemens-august-klinik,clemens-august-klinik:75,75,1,0
10,clemens-august-klinik,clemens-august-klinik:82,82,1,0
9,clemens-august-klinik,clemens-august-klinik:84,84,1,0
4,clemens-august-klinik,clemens-august-klinik:87,87,2,0
1,clemens-august-klinik,clemens-august-klinik:89,89,1,0
4,clemens-august-klinik,clemens-august-klinik:90,90,1,0
1,clemens-august-klinik,clemens-august-klinik:95,95,1,0
3,clemens-august-klinik,clemens-august-klinik:96,96,1,0
1,clemens-august-klinik,clemens-august-klinik:98,98,1,0
0,clemens-august-klinik,clemens-august-klinik:100,100,1,0
0,deister-suentel-klinik-gmbh,deister-suentel-klinik-gmbh:0,0,1,0
0,delme-klinikum-delmenhorst,delme-klinikum-delmenhorst:2,2,2,0
0,delme-klinikum-delmenhorst,delme-klinikum-delmenhorst:3,3,1,0
0,delme-klinikum-delmenhorst,delme-klinikum-delmenhorst:4,4,2,0
2,delme-klinikum-delmenhorst,delme-klinikum-delmenhorst:9,9,1,0
1,delme-klinikum-delmenhorst,delme-klinikum-delmenhorst:13,13,1,0
0,delme-klinikum-delmenhorst,delme-klinikum-delmenhorst:14,14,1,0
0,delme-klinikum-delmenhorst,delme-klinikum-delmenhorst:19,19,1,0
0,delme-klinikum-delmenhorst,delme-klinikum-delmenhorst:22,22,1,0
0,delme-klinikum-delmenhorst,delme-klinikum-delmenhorst:23,23,1,0
0,delme-klinikum-delmenhorst,delme-klinikum-delmenhorst:24,24,1,0
0,delme-klinikum-delmenhorst,delme-klinikum-delmenhorst:26,26,1,0
1,delme-klinikum-delmenhorst,delme-klinikum-delmenhorst:28,28,1,0
0,delme-klinikum-delmenhorst,delme-klinikum-delmenhorst:29,29,1,0
0,delme-klinikum-delmenhorst,delme-klinikum-delmenhorst:33,33,1,0
0,delme-klinikum-delmenhorst,delme-klinikum-delmenhorst:36,36,1,0
0,delme-klinikum-delmenhorst,delme-klinikum-delmenhorst:39,39,1,0
0,delme-klinikum-delmenhorst,delme-klinikum-delmenhorst:40,40,2,0
0,delme-klinikum-delmenhorst,delme-klinikum-delmenhorst:41,41,1,0
0,delme-klinikum-delmenhorst,delme-klinikum-delmenhorst:45,45,1,0
0,delme-klinikum-delmenhorst,delme-klinikum-delmenhorst:50,50,1,0
0,delme-klinikum-delmenhorst,delme-klinikum-delmenhorst:52,52,1,0
0,delme-klinikum-delmenhorst,delme-klinikum-delmenhorst:54,54,1,0
0,delme-klinikum-delmenhorst,delme-klinikum-delmenhorst:57,57,1,0
0,delme-klinikum-delmenhorst,delme-klinikum-delmenhorst:61,61,1,0
0,delme-klinikum-delmenhorst,delme-klinikum-delmenhorst:63,63,1,0
0,delme-klinikum-delmenhorst,delme-klinikum-delmenhorst:66,66,1,0
0,delme-klinikum-delmenhorst,delme-klinikum-delmenhorst:68,68,1,0
0,delme-klinikum-delmenhorst,delme-klinikum-delmenhorst:69,69,1,0
0,delme-klinikum-delmenhorst,delme-klinikum-delmenhorst:70,70,1,0
0,delme-klinikum-delmenhorst,delme-klinikum-delmenhorst:79,79,1,0
3,delme-klinikum-delmenhorst,delme-klinikum-delmenhorst:81,81,1,0
8,delme-klinikum-delmenhorst,delme-klinikum-delmenhorst:90,90,1,0
1,delme-klinikum-delmenhorst,delme-klinikum-delmenhorst:91,91,1,0
22,delme-klinikum-delmenhorst,delme-klinikum-delmenhorst:96,96,1,0
7,delme-klinikum-delmenhorst,delme-klinikum-delmenhorst:98,98,1,0
0,delme-klinikum-delmenhorst,delme-klinikum-delmenhorst:101,101,1,0
3,delme-klinikum-delmenhorst,delme-klinikum-delmenhorst:103,103,1,0
2,delme-klinikum-delmenhorst,delme-klinikum-delmenhorst:104,104,1,0
2,delme-klinikum-delmenhorst,delme-klinikum-delmenhorst:105,105,1,0
1,delme-klinikum-delmenhorst,delme-klinikum-delmenhorst:112,112,1,0
0,delme-klinikum-delmenhorst,delme-klinikum-delmenhorst:114,114,2,0
2,delme-klinikum-delmenhorst,delme-klinikum-delmenhorst:116,116,1,0
7,delme-klinikum-delmenhorst,delme-klinikum-delmenhorst:118,118,1,0
3,delme-klinikum-delmenhorst,delme-klinikum-delmenhorst:119,119,2,0
4,delme-klinikum-delmenhorst,delme-klinikum-delmenhorst:120,120,1,0
1,delme-klinikum-delmenhorst,delme-klinikum-delmenhorst:122,122,1,0
0,delme-klinikum-delmenhorst,delme-klinikum-delmenhorst:123,123,2,0
3,delme-klinikum-delmenhorst,delme-klinikum-delmenhorst:125,125,2,0
0,delme-klinikum-delmenhorst,delme-klinikum-delmenhorst:127,127,1,0
2,delme-klinikum-delmenhorst,delme-klinikum-delmenhorst:128,128,1,0
0,delme-klinikum-delmenhorst,delme-klinikum-delmenhorst:132,132,1,0
2,delme-klinikum-delmenhorst,delme-klinikum-delmenhorst:133,133,1,0
3,delme-klinikum-delmenhorst,delme-klinikum-delmenhorst:134,134,1,0
5,delme-klinikum-delmenhorst,delme-klinikum-delmenhorst:138,138,2,0
5,delme-klinikum-delmenhorst,delme-klinikum-delmenhorst:142,142,1,0
16,delme-klinikum-delmenhorst,delme-klinikum-delmenhorst:145,145,1,0
6,delme-klinikum-delmenhorst,delme-klinikum-delmenhorst:147,147,1,0
7,delme-klinikum-delmenhorst,delme-klinikum-delmenhorst:148,148,1,0
9,delme-klinikum-delmenhorst,delme-klinikum-delmenhorst:151,151,1,0
13,delme-klinikum-delmenhorst,delme-klinikum-delmenhorst:154,154,1,0
7,delme-klinikum-delmenhorst,delme-klinikum-delmenhorst:156,156,1,0
3,delme-klinikum-delmenhorst,delme-klinikum-delmenhorst:157,157,1,0
2,delme-klinikum-delmenhorst,delme-klinikum-delmenhorst:163,163,1,0
5,delme-klinikum-delmenhorst,delme-klinikum-delmenhorst:167,167,1,0
4,delme-klinikum-delmenhorst,delme-klinikum-delmenhorst:168,168,2,0
10,delme-klinikum-delmenhorst,delme-klinikum-delmenhorst:169,169,1,0
3,delme-klinikum-delmenhorst,delme-klinikum-delmenhorst:171,171,1,0
3,delme-klinikum-delmenhorst,delme-klinikum-delmenhorst:172,172,1,0
5,delme-klinikum-delmenhorst,delme-klinikum-delmenhorst:174,174,1,0
0,delme-klinikum-delmenhorst,delme-klinikum-delmenhorst:175,175,1,0
7,delme-klinikum-delmenhorst,delme-klinikum-delmenhorst:178,178,1,0
7,delme-klinikum-delmenhorst,delme-klinikum-delmenhorst:185,185,1,0
7,delme-klinikum-delmenhorst,delme-klinikum-delmenhorst:188,188,1,0
5,delme-klinikum-delmenhorst,delme-klinikum-delmenhorst:191,191,1,0
1,delme-klinikum-delmenhorst,delme-klinikum-delmenhorst:199,199,1,0
0,delme-klinikum-delmenhorst,delme-klinikum-delmenhorst:210,210,1,0
1,delme-klinikum-delmenhorst,delme-klinikum-delmenhorst:211,211,1,0
4,delme-klinikum-delmenhorst,delme-klinikum-delmenhorst:213,213,1,0
2,delme-klinikum-delmenhorst,delme-klinikum-delmenhorst:214,214,1,0
4,delme-klinikum-delmenhorst,delme-klinikum-delmenhorst:215,215,1,0
3,delme-klinikum-delmenhorst,delme-klinikum-delmenhorst:216,216,1,0
2,delme-klinikum-delmenhorst,delme-klinikum-delmenhorst:217,217,1,0
0,delme-klinikum-delmenhorst,delme-klinikum-delmenhorst:218,218,2,0
0,delme-klinikum-delmenhorst,delme-klinikum-delmenhorst:223,223,1,0
2,delme-klinikum-delmenhorst,delme-klinikum-delmenhorst:229,229,1,0
9,delme-klinikum-delmenhorst,delme-klinikum-delmenhorst:230,230,1,0
3,delme-klinikum-delmenhorst,delme-klinikum-delmenhorst:231,231,1,0
0,delme-klinikum-delmenhorst,delme-klinikum-delmenhorst:233,233,1,0
6,delme-klinikum-delmenhorst,delme-klinikum-delmenhorst:234,234,1,0
0,delme-klinikum-delmenhorst,delme-klinikum-delmenhorst:240,240,2,0
0,delme-klinikum-delmenhorst,delme-klinikum-delmenhorst:242,242,1,0
2,delme-klinikum-delmenhorst,delme-klinikum-delmenhorst:244,244,1,0
5,delme-klinikum-delmenhorst,delme-klinikum-delmenhorst:246,246,1,0
1,delme-klinikum-delmenhorst,delme-klinikum-delmenhorst:250,250,1,0
2,delme-klinikum-delmenhorst,delme-klinikum-delmenhorst:251,251,1,0
11,delme-klinikum-delmenhorst,delme-klinikum-delmenhorst:253,253,1,0
3,delme-klinikum-delmenhorst,delme-klinikum-delmenhorst:255,255,1,0
0,delme-klinikum-delmenhorst,delme-klinikum-delmenhorst:256,256,1,1
4,delme-klinikum-delmenhorst,delme-klinikum-delmenhorst:259,259,1,0
5,delme-klinikum-delmenhorst,delme-klinikum-delmenhorst:263,263,1,0
0,delme-klinikum-delmenhorst,delme-klinikum-delmenhorst:266,266,1,0
0,delme-klinikum-delmenhorst,delme-klinikum-delmenhorst:269,269,1,0
5,delme-klinikum-delmenhorst,delme-klinikum-delmenhorst:276,276,1,0
2,delme-klinikum-delmenhorst,delme-klinikum-delmenhorst:278,278,1,0
1,delme-klinikum-delmenhorst,delme-klinikum-delmenhorst:279,279,1,0
1,delme-klinikum-delmenhorst,delme-klinikum-delmenhorst:280,280,1,0
5,delme-klinikum-delmenhorst,delme-klinikum-delmenhorst:284,284,1,0
0,delme-klinikum-delmenhorst,delme-klinikum-delmenhorst:291,291,1,0
4,delme-klinikum-delmenhorst,delme-klinikum-delmenhorst:295,295,1,0
0,delme-klinikum-delmenhorst,delme-klinikum-delmenhorst:297,297,1,0
0,delme-klinikum-delmenhorst,delme-klinikum-delmenhorst:300,300,1,0
0,delme-klinikum-delmenhorst,delme-klinikum-delmenhorst:302,302,1,0
0,delme-klinikum-delmenhorst,delme-klinikum-delmenhorst:303,303,1,0
2,delme-klinikum-delmenhorst,delme-klinikum-delmenhorst:304,304,1,0
0,delme-klinikum-delmenhorst,delme-klinikum-delmenhorst:305,305,1,0
2,delme-klinikum-delmenhorst,delme-klinikum-delmenhorst:306,306,1,0
0,delme-klinikum-delmenhorst,delme-klinikum-delmenhorst:310,310,1,0
0,delme-klinikum-delmenhorst,delme-klinikum-delmenhorst:312,312,1,0
4,delme-klinikum-delmenhorst,delme-klinikum-delmenhorst:313,313,1,0
0,delme-klinikum-delmenhorst,delme-klinikum-delmenhorst:316,316,2,0
2,delme-klinikum-delmenhorst,delme-klinikum-delmenhorst:319,319,1,0
0,delme-klinikum-delmenhorst,delme-klinikum-delmenhorst:320,320,2,1
0,delme-klinikum-delmenhorst,delme-klinikum-delmenhorst:322,322,1,0
2,delme-klinikum-delmenhorst,delme-klinikum-delmenhorst:323,323,1,0
0,delme-klinikum-delmenhorst,delme-klinikum-delmenhorst:325,325,1,0
1,delme-klinikum-delmenhorst,delme-klinikum-delmenhorst:326,326,1,0
0,delme-klinikum-delmenhorst,delme-klinikum-delmenhorst:327,327,1,0
1,delme-klinikum-delmenhorst,delme-klinikum-delmenhorst:330,330,1,0
2,delme-klinikum-delmenhorst,delme-klinikum-delmenhorst:331,331,1,0
0,delme-klinikum-delmenhorst,delme-klinikum-delmenhorst:334,334,1,0
0,delme-klinikum-delmenhorst,delme-klinikum-delmenhorst:335,335,1,0
0,delme-klinikum-delmenhorst,delme-klinikum-delmenhorst:336,336,1,0
2,delme-klinikum-delmenhorst,delme-klinikum-delmenhorst:337,337,1,0
1,delme-klinikum-delmenhorst,delme-klinikum-delmenhorst:339,339,1,0
0,delme-klinikum-delmenhorst,delme-klinikum-delmenhorst:341,341,1,0
4,delme-klinikum-delmenhorst,delme-klinikum-delmenhorst:343,343,1,0
1,delme-klinikum-delmenhorst,delme-klinikum-delmenhorst:344,344,1,0
3,delme-klinikum-delmenhorst,delme-klinikum-delmenhorst:346,346,1,0
2,delme-klinikum-delmenhorst,delme-klinikum-delmenhorst:348,348,1,0
1,delme-klinikum-delmenhorst,delme-klinikum-delmenhorst:350,350,1,0
0,delme-klinikum-delmenhorst,delme-klinikum-delmenhorst:351,351,1,0
0,delme-klinikum-delmenhorst,delme-klinikum-delmenhorst:352,352,1,0
0,delme-klinikum-delmenhorst,delme-klinikum-delmenhorst:359,359,1,0
0,delme-klinikum-delmenhorst,delme-klinikum-delmenhorst:360,360,1,0
0,delme-klinikum-delmenhorst,delme-klinikum-delmenhorst:361,361,2,0
0,delme-klinikum-delmenhorst,delme-klinikum-delmenhorst:363,363,1,0
0,delme-klinikum-delmenhorst,delme-klinikum-delmenhorst:364,364,2,0
0,delme-klinikum-delmenhorst,delme-klinikum-delmenhorst:366,366,1,0
0,delme-klinikum-delmenhorst,delme-klinikum-delmenhorst:368,368,1,0
0,delme-klinikum-delmenhorst,delme-klinikum-delmenhorst:374,374,1,0
1,delme-klinikum-delmenhorst,delme-klinikum-delmenhorst:376,376,1,0
0,delme-klinikum-delmenhorst,delme-klinikum-delmenhorst:378,378,1,0
0,delme-klinikum-delmenhorst,delme-klinikum-delmenhorst:379,379,1,0
1,delme-klinikum-delmenhorst,delme-klinikum-delmenhorst:380,380,1,0
0,diakovere-annastift,diakovere-annastift:2,2,2,0
0,diakovere-annastift,diakovere-annastift:3,3,1,0
0,diakovere-annastift,diakovere-annastift:5,5,1,0
0,diakovere-annastift,diakovere-annastift:6,6,1,0
0,diakovere-annastift,diakovere-annastift:14,14,1,0
4,diakovere-annastift,diakovere-annastift:16,16,2,0
0,diakovere-annastift,diakovere-annastift:23,23,1,0
0,diakovere-annastift,diakovere-annastift:25,25,2,0
0,diakovere-annastift,diakovere-annastift:26,26,1,0
0,diakovere-annastift,diakovere-annastift:29,29,1,0
0,diakovere-annastift,diakovere-annastift:30,30,1,0
0,diakovere-annastift,diakovere-annastift:33,33,1,0
1,diakovere-annastift,diakovere-annastift:35,35,2,0
0,diakovere-annastift,diakovere-annastift:38,38,2,0
0,diakovere-annastift,diakovere-annastift:48,48,2,0
0,diakovere-annastift,diakovere-annastift:51,51,1,0
0,diakovere-annastift,diakovere-annastift:53,53,1,0
0,diakovere-annastift,diakovere-annastift:58,58,1,0
0,diakovere-annastift,diakovere-annastift:64,64,1,0
0,diakovere-annastift,diakovere-annastift:70,70,1,0
0,diakovere-annastift,diakovere-annastift:82,82,1,0
1,diakovere-annastift,diakovere-annastift:92,92,1,0
9,diakovere-annastift,diakovere-annastift:93,93,1,0
2,diakovere-annastift,diakovere-annastift:96,96,1,0
6,diakovere-annastift,diakovere-annastift:97,97,1,0
2,diakovere-annastift,diakovere-annastift:98,98,2,0
3,diakovere-annastift,diakovere-annastift:108,108,1,0
1,diakovere-annastift,diakovere-annastift:109,109,1,0
1,diakovere-annastift,diakovere-annastift:117,117,1,0
4,diakovere-annastift,diakovere-annastift:121,121,1,0
8,diakovere-annastift,diakovere-annastift:122,122,1,0
10,diakovere-annastift,diakovere-annastift:125,125,1,0
2,diakovere-annastift,diakovere-annastift:126,126,2,0
11,diakovere-annastift,diakovere-annastift:129,129,1,0
4,diakovere-annastift,diakovere-annastift:138,138,1,0
4,diakovere-annastift,diakovere-annastift:145,145,1,0
15,diakovere-annastift,diakovere-annastift:146,146,1,0
7,diakovere-annastift,diakovere-annastift:149,149,2,0
4,diakovere-annastift,diakovere-annastift:162,162,1,0
4,diakovere-annastift,diakovere-annastift:166,166,1,0
6,diakovere-annastift,diakovere-annastift:168,168,1,0
8,diakovere-annastift,diakovere-annastift:171,171,1,0
2,diakovere-annastift,diakovere-annastift:175,175,2,0
2,diakovere-annastift,diakovere-annastift:178,178,1,0
2,diakovere-annastift,diakovere-annastift:188,188,1,0
3,diakovere-annastift,diakovere-annastift:193,193,1,0
7,diakovere-annastift,diakovere-annastift:194,194,1,0
5,diakovere-annastift,diakovere-annastift:195,195,1,0
4,diakovere-annastift,diakovere-annastift:196,196,1,0
1,diakovere-annastift,diakovere-annastift:197,197,1,0
16,diakovere-annastift,diakovere-annastift:200,200,1,0
1,diakovere-annastift,diakovere-annastift:201,201,1,0
3,diakovere-annastift,diakovere-annastift:203,203,2,1
5,diakovere-annastift,diakovere-annastift:204,204,1,0
5,diakovere-annastift,diakovere-annastift:206,206,1,0
3,diakovere-annastift,diakovere-annastift:208,208,2,0
7,diakovere-annastift,diakovere-annastift:210,210,1,0
2,diakovere-annastift,diakovere-annastift:211,211,1,0
1,diakovere-annastift,diakovere-annastift:214,214,2,0
7,diakovere-annastift,diakovere-annastift:215,215,1,0
4,diakovere-annastift,diakovere-annastift:216,216,2,0
3,diakovere-annastift,diakovere-annastift:233,233,1,0
0,diakovere-annastift,diakovere-annastift:235,235,1,0
2,diakovere-annastift,diakovere-annastift:240,240,1,0
3,diakovere-annastift,diakovere-annastift:244,244,1,0
3,diakovere-annastift,diakovere-annastift:251,251,1,0
2,diakovere-annastift,diakovere-annastift:256,256,1,0
1,diakovere-annastift,diakovere-annastift:259,259,1,0
0,diakovere-annastift,diakovere-annastift:260,260,1,0
2,diakovere-annastift,diakovere-annastift:273,273,1,0
0,diakovere-annastift,diakovere-annastift:281,281,1,0
0,diakovere-annastift,diakovere-annastift:285,285,1,0
0,diakovere-friederikenstift,diakovere-friederikenstift:2,2,1,0
0,diakovere-friederikenstift,diakovere-friederikenstift:6,6,1,0
1,diakovere-friederikenstift,diakovere-friederikenstift:7,7,1,0
0,diakovere-friederikenstift,diakovere-friederikenstift:9,9,1,0
0,diakovere-friederikenstift,diakovere-friederikenstift:11,11,1,0
0,diakovere-friederikenstift,diakovere-friederikenstift:12,12,1,0
0,diakovere-friederikenstift,diakovere-friederikenstift:15,15,1,0
0,diakovere-friederikenstift,diakovere-friederikenstift:16,16,1,0
0,diakovere-friederikenstift,diakovere-friederikenstift:18,18,1,0
0,diakovere-friederikenstift,diakovere-friederikenstift:20,20,2,0
1,diakovere-friederikenstift,diakovere-friederikenstift:21,21,1,0
0,diakovere-friederikenstift,diakovere-friederikenstift:22,22,1,0
1,diakovere-friederikenstift,diakovere-friederikenstift:24,24,1,0
1,diakovere-friederikenstift,diakovere-friederikenstift:25,25,1,0
0,diakovere-friederikenstift,diakovere-friederikenstift:29,29,1,0
0,diakovere-friederikenstift,diakovere-friederikenstift:32,32,1,0
0,diakovere-friederikenstift,diakovere-friederikenstift:33,33,1,0
0,diakovere-friederikenstift,diakovere-friederikenstift:34,34,1,0
0,diakovere-friederikenstift,diakovere-friederikenstift:39,39,1,0
1,diakovere-friederikenstift,diakovere-friederikenstift:43,43,1,0
1,diakovere-friederikenstift,diakovere-friederikenstift:44,44,1,0
0,diakovere-friederikenstift,diakovere-friederikenstift:52,52,1,0
1,diakovere-friederikenstift,diakovere-friederikenstift:54,54,2,0
1,diakovere-friederikenstift,diakovere-friederikenstift:55,55,1,0
9,diakovere-friederikenstift,diakovere-friederikenstift:57,57,1,0
0,diakovere-friederikenstift,diakovere-friederikenstift:58,58,1,0
0,diakovere-friederikenstift,diakovere-friederikenstift:63,63,1,0
1,diakovere-friederikenstift,diakovere-friederikenstift:64,64,1,0
2,diakovere-friederikenstift,diakovere-friederikenstift:67,67,1,0
0,diakovere-friederikenstift,diakovere-friederikenstift:72,72,1,0
0,diakovere-friederikenstift,diakovere-friederikenstift:73,73,1,0
6,diakovere-friederikenstift,diakovere-friederikenstift:77,77,1,0
3,diakovere-friederikenstift,diakovere-friederikenstift:81,81,1,0
1,diakovere-friederikenstift,diakovere-friederikenstift:82,82,1,0
2,diakovere-friederikenstift,diakovere-friederikenstift:83,83,1,0
7,diakovere-friederikenstift,diakovere-friederikenstift:87,87,1,0
2,diakovere-friederikenstift,diakovere-friederikenstift:88,88,1,0
2,diakovere-friederikenstift,diakovere-friederikenstift:89,89,2,0
2,diakovere-friederikenstift,diakovere-friederikenstift:91,91,1,0
9,diakovere-friederikenstift,diakovere-friederikenstift:92,92,1,0
1,diakovere-friederikenstift,diakovere-friederikenstift:94,94,1,0
0,diakovere-friederikenstift,diakovere-friederikenstift:96,96,1,0
0,diakovere-friederikenstift,diakovere-friederikenstift:97,97,1,0
0,diakovere-friederikenstift,diakovere-friederikenstift:99,99,1,0
12,diakovere-friederikenstift,diakovere-friederikenstift:105,105,1,0
0,diakovere-friederikenstift,diakovere-friederikenstift:107,107,1,0
8,diakovere-friederikenstift,diakovere-friederikenstift:112,112,1,0
2,diakovere-friederikenstift,diakovere-friederikenstift:113,113,1,0
6,diakovere-friederikenstift,diakovere-friederikenstift:114,114,2,0
1,diakovere-friederikenstift,diakovere-friederikenstift:115,115,1,0
4,diakovere-friederikenstift,diakovere-friederikenstift:116,116,2,0
1,diakovere-friederikenstift,diakovere-friederikenstift:117,117,1,0
3,diakovere-friederikenstift,diakovere-friederikenstift:120,120,1,0
0,diakovere-friederikenstift,diakovere-friederikenstift:121,121,1,0
12,diakovere-friederikenstift,diakovere-friederikenstift:122,122,1,0
1,diakovere-friederikenstift,diakovere-friederikenstift:123,123,1,0
1,diakovere-friederikenstift,diakovere-friederikenstift:124,124,1,0
0,diakovere-friederikenstift,diakovere-friederikenstift:125,125,2,0
21,diakovere-friederikenstift,diakovere-friederikenstift:126,126,1,0
6,diakovere-friederikenstift,diakovere-friederikenstift:127,127,1,0
15,diakovere-friederikenstift,diakovere-friederikenstift:129,129,1,0
1,diakovere-friederikenstift,diakovere-friederikenstift:130,130,1,0
2,diakovere-friederikenstift,diakovere-friederikenstift:132,132,1,0
0,diakovere-friederikenstift,diakovere-friederikenstift:133,133,1,0
0,diakovere-friederikenstift,diakovere-friederikenstift:134,134,1,0
0,diakovere-friederikenstift,diakovere-friederikenstift:135,135,1,0
1,diakovere-friederikenstift,diakovere-friederikenstift:141,141,2,0
3,diakovere-friederikenstift,diakovere-friederikenstift:143,143,1,0
0,diakovere-friederikenstift,diakovere-friederikenstift:145,145,1,0
1,diakovere-friederikenstift,diakovere-friederikenstift:147,147,1,0
2,diakovere-friederikenstift,diakovere-friederikenstift:152,152,1,0
1,diakovere-friederikenstift,diakovere-friederikenstift:154,154,1,0
2,diakovere-friederikenstift,diakovere-friederikenstift:155,155,1,0
3,diakovere-friederikenstift,diakovere-friederikenstift:156,156,1,0
1,diakovere-friederikenstift,diakovere-friederikenstift:157,157,1,0
0,diakovere-friederikenstift,diakovere-friederikenstift:160,160,1,0
4,diakovere-friederikenstift,diakovere-friederikenstift:161,161,1,0
6,diakovere-friederikenstift,diakovere-friederikenstift:162,162,2,0
13,diakovere-friederikenstift,diakovere-friederikenstift:168,168,1,0
0,diakovere-friederikenstift,diakovere-friederikenstift:171,171,2,0
9,diakovere-friederikenstift,diakovere-friederikenstift:172,172,1,0
2,diakovere-friederikenstift,diakovere-friederikenstift:174,174,1,0
6,diakovere-friederikenstift,diakovere-friederikenstift:179,179,1,0
3,diakovere-friederikenstift,diakovere-friederikenstift:180,180,1,0
6,diakovere-friederikenstift,diakovere-friederikenstift:181,181,1,0
3,diakovere-friederikenstift,diakovere-friederikenstift:184,184,1,0
10,diakovere-friederikenstift,diakovere-friederikenstift:185,185,1,0
0,diakovere-friederikenstift,diakovere-friederikenstift:190,190,1,0
0,diakovere-friederikenstift,diakovere-friederikenstift:191,191,1,0
7,diakovere-friederikenstift,diakovere-friederikenstift:193,193,2,0
11,diakovere-friederikenstift,diakovere-friederikenstift:194,194,1,0
2,diakovere-friederikenstift,diakovere-friederikenstift:195,195,1,0
1,diakovere-friederikenstift,diakovere-friederikenstift:197,197,1,0
0,diakovere-friederikenstift,diakovere-friederikenstift:200,200,1,0
10,diakovere-friederikenstift,diakovere-friederikenstift:204,204,1,0
3,diakovere-friederikenstift,diakovere-friederikenstift:210,210,1,0
8,diakovere-friederikenstift,diakovere-friederikenstift:211,211,1,0
11,diakovere-friederikenstift,diakovere-friederikenstift:218,218,1,0
3,diakovere-friederikenstift,diakovere-friederikenstift:219,219,1,0
5,diakovere-friederikenstift,diakovere-friederikenstift:221,221,1,0
2,diakovere-friederikenstift,diakovere-friederikenstift:223,223,1,0
0,diakovere-friederikenstift,diakovere-friederikenstift:225,225,2,0
12,diakovere-friederikenstift,diakovere-friederikenstift:226,226,1,0
0,diakovere-friederikenstift,diakovere-friederikenstift:234,234,1,0
15,diakovere-friederikenstift,diakovere-friederikenstift:240,240,1,0
9,diakovere-friederikenstift,diakovere-friederikenstift:241,241,1,0
7,diakovere-friederikenstift,diakovere-friederikenstift:248,248,1,0
3,diakovere-friederikenstift,diakovere-friederikenstift:250,250,2,0
6,diakovere-friederikenstift,diakovere-friederikenstift:251,251,1,0
9,diakovere-friederikenstift,diakovere-friederikenstift:254,254,1,0
1,diakovere-friederikenstift,diakovere-friederikenstift:259,259,1,0
9,diakovere-friederikenstift,diakovere-friederikenstift:260,260,1,0
8,diakovere-friederikenstift,diakovere-friederikenstift:262,262,1,0
17,diakovere-friederikenstift,diakovere-friederikenstift:263,263,1,0
6,diakovere-friederikenstift,diakovere-friederikenstift:265,265,1,0
11,diakovere-friederikenstift,diakovere-friederikenstift:266,266,1,0
4,diakovere-friederikenstift,diakovere-friederikenstift:267,267,1,0
3,diakovere-friederikenstift,diakovere-friederikenstift:270,270,1,0
5,diakovere-friederikenstift,diakovere-friederikenstift:272,272,1,0
5,diakovere-friederikenstift,diakovere-friederikenstift:273,273,1,0
0,diakovere-friederikenstift,diakovere-friederikenstift:275,275,1,0
5,diakovere-friederikenstift,diakovere-friederikenstift:276,276,1,0
11,diakovere-friederikenstift,diakovere-friederikenstift:280,280,1,0
1,diakovere-friederikenstift,diakovere-friederikenstift:281,281,2,0
2,diakovere-friederikenstift,diakovere-friederikenstift:282,282,1,0
6,diakovere-friederikenstift,diakovere-friederikenstift:283,283,1,0
11,diakovere-friederikenstift,diakovere-friederikenstift:285,285,1,0
3,diakovere-friederikenstift,diakovere-friederikenstift:293,293,1,0
4,diakovere-friederikenstift,diakovere-friederikenstift:294,294,1,0
2,diakovere-friederikenstift,diakovere-friederikenstift:297,297,1,0
1,diakovere-friederikenstift,diakovere-friederikenstift:298,298,1,0
15,diakovere-friederikenstift,diakovere-friederikenstift:299,299,1,0
6,diakovere-friederikenstift,diakovere-friederikenstift:300,300,2,0
3,diakovere-friederikenstift,diakovere-friederikenstift:302,302,1,0
1,diakovere-friederikenstift,diakovere-friederikenstift:303,303,1,0
3,diakovere-friederikenstift,diakovere-friederikenstift:307,307,1,0
2,diakovere-friederikenstift,diakovere-friederikenstift:309,309,1,0
10,diakovere-friederikenstift,diakovere-friederikenstift:315,315,1,0
5,diakovere-friederikenstift,diakovere-friederikenstift:316,316,2,0
7,diakovere-friederikenstift,diakovere-friederikenstift:318,318,1,0
3,diakovere-friederikenstift,diakovere-friederikenstift:319,319,1,0
0,diakovere-friederikenstift,diakovere-friederikenstift:324,324,2,0
12,diakovere-friederikenstift,diakovere-friederikenstift:330,330,1,0
5,diakovere-friederikenstift,diakovere-friederikenstift:331,331,1,0
4,diakovere-friederikenstift,diakovere-friederikenstift:336,336,1,0
4,diakovere-friederikenstift,diakovere-friederikenstift:338,338,1,0
9,diakovere-friederikenstift,diakovere-friederikenstift:345,345,1,0
0,diakovere-friederikenstift,diakovere-friederikenstift:346,346,1,0
9,diakovere-friederikenstift,diakovere-friederikenstift:347,347,1,0
4,diakovere-friederikenstift,diakovere-friederikenstift:351,351,2,0
6,diakovere-friederikenstift,diakovere-friederikenstift:356,356,1,0
2,diakovere-friederikenstift,diakovere-friederikenstift:358,358,1,0
2,diakovere-friederikenstift,diakovere-friederikenstift:360,360,2,0
4,diakovere-friederikenstift,diakovere-friederikenstift:361,361,1,0
6,diakovere-friederikenstift,diakovere-friederikenstift:367,367,1,0
1,diakovere-friederikenstift,diakovere-friederikenstift:369,369,2,0
1,diakovere-friederikenstift,diakovere-friederikenstift:370,370,1,0
1,diakovere-friederikenstift,diakovere-friederikenstift:373,373,1,0
1,diakovere-friederikenstift,diakovere-friederikenstift:378,378,1,0
5,diakovere-friederikenstift,diakovere-friederikenstift:380,380,1,0
1,diakovere-friederikenstift,diakovere-friederikenstift:384,384,1,0
2,diakovere-friederikenstift,diakovere-friederikenstift:396,396,1,0
0,diakovere-friederikenstift,diakovere-friederikenstift:397,397,1,0
6,diakovere-friederikenstift,diakovere-friederikenstift:399,399,1,0
0,diakovere-friederikenstift,diakovere-friederikenstift:401,401,1,0
3,diakovere-friederikenstift,diakovere-friederikenstift:403,403,1,0
0,diakovere-friederikenstift,diakovere-friederikenstift:404,404,2,0
0,diakovere-friederikenstift,diakovere-friederikenstift:408,408,1,0
2,diakovere-friederikenstift,diakovere-friederikenstift:409,409,1,0
2,diakovere-friederikenstift,diakovere-friederikenstift:410,410,1,0
0,diakovere-friederikenstift,diakovere-friederikenstift:413,413,2,0
1,diakovere-friederikenstift,diakovere-friederikenstift:421,421,1,0
6,diakovere-friederikenstift,diakovere-friederikenstift:423,423,1,0
6,diakovere-friederikenstift,diakovere-friederikenstift:427,427,1,0
0,diakovere-friederikenstift,diakovere-friederikenstift:429,429,1,0
1,diakovere-friederikenstift,diakovere-friederikenstift:430,430,1,0
1,diakovere-friederikenstift,diakovere-friederikenstift:431,431,1,0
0,diakovere-friederikenstift,diakovere-friederikenstift:432,432,1,0
3,diakovere-friederikenstift,diakovere-friederikenstift:436,436,1,0
0,diakovere-friederikenstift,diakovere-friederikenstift:438,438,1,0
5,diakovere-friederikenstift,diakovere-friederikenstift:442,442,1,0
6,diakovere-friederikenstift,diakovere-friederikenstift:445,445,1,0
1,diakovere-friederikenstift,diakovere-friederikenstift:454,454,1,0
1,diakovere-friederikenstift,diakovere-friederikenstift:455,455,1,0
0,diakovere-friederikenstift,diakovere-friederikenstift:459,459,1,0
0,diakovere-friederikenstift,diakovere-friederikenstift:468,468,1,0
3,diakovere-friederikenstift,diakovere-friederikenstift:470,470,1,0
9,diakovere-friederikenstift,diakovere-friederikenstift:471,471,1,0
2,diakovere-friederikenstift,diakovere-friederikenstift:473,473,1,0
0,diakovere-friederikenstift,diakovere-friederikenstift:474,474,1,0
5,diakovere-friederikenstift,diakovere-friederikenstift:476,476,2,0
1,diakovere-friederikenstift,diakovere-friederikenstift:496,496,1,0
0,diakovere-friederikenstift,diakovere-friederikenstift:498,498,1,0
0,diakovere-friederikenstift,diakovere-friederikenstift:501,501,1,0
0,diakovere-friederikenstift,diakovere-friederikenstift:502,502,1,0
5,diakovere-friederikenstift,diakovere-friederikenstift:504,504,1,0
0,diakovere-friederikenstift,diakovere-friederikenstift:510,510,1,0
0,diakovere-friederikenstift,diakovere-friederikenstift:512,512,1,0
1,diakovere-friederikenstift,diakovere-friederikenstift:515,515,2,0
4,diakovere-friederikenstift,diakovere-friederikenstift:516,516,1,0
0,diakovere-friederikenstift,diakovere-friederikenstift:520,520,1,0
1,diakovere-friederikenstift,diakovere-friederikenstift:521,521,1,0
4,diakovere-friederikenstift,diakovere-friederikenstift:524,524,1,0
0,diakovere-friederikenstift,diakovere-friederikenstift:525,525,1,1
1,diakovere-friederikenstift,diakovere-friederikenstift:528,528,1,0
1,diakovere-friederikenstift,diakovere-friederikenstift:530,530,1,0
1,diakovere-friederikenstift,diakovere-friederikenstift:531,531,1,0
1,diakovere-friederikenstift,diakovere-friederikenstift:534,534,1,1
0,diakovere-friederikenstift,diakovere-friederikenstift:536,536,1,0
12,diakovere-friederikenstift,diakovere-friederikenstift:537,537,1,0
0,diakovere-friederikenstift,diakovere-friederikenstift:538,538,1,0
3,diakovere-friederikenstift,diakovere-friederikenstift:540,540,1,0
0,diakovere-friederikenstift,diakovere-friederikenstift:544,544,1,0
0,diakovere-friederikenstift,diakovere-friederikenstift:550,550,1,0
2,diakovere-friederikenstift,diakovere-friederikenstift:561,561,1,1
0,diakovere-friederikenstift,diakovere-friederikenstift:562,562,1,0
8,diakovere-friederikenstift,diakovere-friederikenstift:563,563,1,0
2,diakovere-friederikenstift,diakovere-friederikenstift:567,567,1,0
1,diakovere-friederikenstift,diakovere-friederikenstift:568,568,1,0
0,diakovere-friederikenstift,diakovere-friederikenstift:571,571,1,0
0,diakovere-friederikenstift,diakovere-friederikenstift:572,572,1,0
0,diakovere-friederikenstift,diakovere-friederikenstift:575,575,1,0
0,diakovere-friederikenstift,diakovere-friederikenstift:595,595,1,0
0,diakovere-friederikenstift,diakovere-friederikenstift:597,597,1,0
1,diakovere-friederikenstift,diakovere-friederikenstift:607,607,1,0
0,diakovere-friederikenstift,diakovere-friederikenstift:610,610,2,0
0,diakovere-friederikenstift,diakovere-friederikenstift:611,611,1,0
1,diakovere-friederikenstift,diakovere-friederikenstift:620,620,1,0
0,diakovere-friederikenstift,diakovere-friederikenstift:621,621,1,0
3,diakovere-friederikenstift,diakovere-friederikenstift:622,622,2,0
1,diakovere-friederikenstift,diakovere-friederikenstift:626,626,1,0
1,diakovere-friederikenstift,diakovere-friederikenstift:634,634,1,0
1,diakovere-friederikenstift,diakovere-friederikenstift:638,638,1,0
3,diakovere-friederikenstift,diakovere-friederikenstift:641,641,1,0
1,diakovere-friederikenstift,diakovere-friederikenstift:642,642,2,0
1,diakovere-friederikenstift,diakovere-friederikenstift:658,658,1,0
0,diakovere-friederikenstift,diakovere-friederikenstift:662,662,2,0
0,diakovere-friederikenstift,diakovere-friederikenstift:664,664,2,0
0,diakovere-friederikenstift,diakovere-friederikenstift:670,670,1,0
0,diakovere-friederikenstift,diakovere-friederikenstift:673,673,1,0
0,diakovere-friederikenstift,diakovere-friederikenstift:675,675,1,0
0,diakovere-friederikenstift,diakovere-friederikenstift:676,676,1,0
0,diakovere-friederikenstift,diakovere-friederikenstift:677,677,1,0
0,diakovere-friederikenstift,diakovere-friederikenstift:682,682,1,0
0,diakovere-friederikenstift,diakovere-friederikenstift:686,686,1,0
0,diakovere-friederikenstift,diakovere-friederikenstift:688,688,1,0
0,diakovere-friederikenstift,diakovere-friederikenstift:689,689,1,0
0,diakovere-friederikenstift,diakovere-friederikenstift:690,690,1,0
0,diakovere-friederikenstift,diakovere-friederikenstift:691,691,1,0
0,diakovere-friederikenstift,diakovere-friederikenstift:693,693,1,0
0,diakovere-friederikenstift,diakovere-friederikenstift:695,695,2,0
0,diakovere-friederikenstift,diakovere-friederikenstift:697,697,1,0
0,diakovere-friederikenstift,diakovere-friederikenstift:698,698,1,0
0,diakovere-friederikenstift,diakovere-friederikenstift:699,699,1,0
5,diakovere-friederikenstift,diakovere-friederikenstift:703,703,1,0
0,diakovere-friederikenstift,diakovere-friederikenstift:704,704,1,0
0,diakovere-friederikenstift,diakovere-friederikenstift:705,705,1,0
0,diakovere-friederikenstift,diakovere-friederikenstift:706,706,1,0
2,diakovere-friederikenstift,diakovere-friederikenstift:707,707,1,0
0,diakovere-friederikenstift,diakovere-friederikenstift:708,708,1,0
1,diakovere-friederikenstift,diakovere-friederikenstift:709,709,2,0
3,diakovere-friederikenstift,diakovere-friederikenstift:713,713,1,0
2,diakovere-friederikenstift,diakovere-friederikenstift:716,716,1,0
0,diakovere-henriettenstift,diakovere-henriettenstift:7,7,1,0
1,diakovere-henriettenstift,diakovere-henriettenstift:14,14,1,0
0,diakovere-henriettenstift,diakovere-henriettenstift:29,29,1,0
0,diakovere-henriettenstift,diakovere-henriettenstift:35,35,1,0
0,diakovere-henriettenstift,diakovere-henriettenstift:37,37,1,0
0,diakovere-henriettenstift,diakovere-henriettenstift:38,38,1,0
0,diakovere-henriettenstift,diakovere-henriettenstift:42,42,1,0
0,diakovere-henriettenstift,diakovere-henriettenstift:44,44,1,0
0,diakovere-henriettenstift,diakovere-henriettenstift:45,45,1,0
0,diakovere-henriettenstift,diakovere-henriettenstift:47,47,1,0
1,diakovere-henriettenstift,diakovere-henriettenstift:55,55,1,0
0,diakovere-henriettenstift,diakovere-henriettenstift:56,56,1,0
0,diakovere-henriettenstift,diakovere-henriettenstift:58,58,1,0
2,diakovere-henriettenstift,diakovere-henriettenstift:59,59,1,0
0,diakovere-henriettenstift,diakovere-henriettenstift:65,65,1,0
2,diakovere-henriettenstift,diakovere-henriettenstift:72,72,1,0
1,diakovere-henriettenstift,diakovere-henriettenstift:77,77,1,0
1,diakovere-henriettenstift,diakovere-henriettenstift:79,79,1,0
1,diakovere-henriettenstift,diakovere-henriettenstift:81,81,1,0
1,diakovere-henriettenstift,diakovere-henriettenstift:83,83,1,0
1,diakovere-henriettenstift,diakovere-henriettenstift:86,86,1,0
2,diakovere-henriettenstift,diakovere-henriettenstift:88,88,1,0
2,diakovere-henriettenstift,diakovere-henriettenstift:91,91,1,0
6,diakovere-henriettenstift,diakovere-henriettenstift:94,94,2,0
7,diakovere-henriettenstift,diakovere-henriettenstift:96,96,1,0
3,diakovere-henriettenstift,diakovere-henriettenstift:102,102,1,0
2,diakovere-henriettenstift,diakovere-henriettenstift:106,106,1,0
5,diakovere-henriettenstift,diakovere-henriettenstift:108,108,1,0
16,diakovere-henriettenstift,diakovere-henriettenstift:111,111,1,0
9,diakovere-henriettenstift,diakovere-henriettenstift:116,116,2,0
11,diakovere-henriettenstift,diakovere-henriettenstift:122,122,1,0
2,diakovere-henriettenstift,diakovere-henriettenstift:127,127,1,0
8,diakovere-henriettenstift,diakovere-henriettenstift:129,129,1,0
6,diakovere-henriettenstift,diakovere-henriettenstift:130,130,1,0
6,diakovere-henriettenstift,diakovere-henriettenstift:133,133,1,0
8,diakovere-henriettenstift,diakovere-henriettenstift:135,135,1,0
13,diakovere-henriettenstift,diakovere-henriettenstift:141,141,1,0
7,diakovere-henriettenstift,diakovere-henriettenstift:145,145,1,0
0,diakovere-henriettenstift,diakovere-henriettenstift:146,146,1,0
6,diakovere-henriettenstift,diakovere-henriettenstift:147,147,1,0
6,diakovere-henriettenstift,diakovere-henriettenstift:149,149,1,0
19,diakovere-henriettenstift,diakovere-henriettenstift:155,155,1,0
3,diakovere-henriettenstift,diakovere-henriettenstift:157,157,2,0
7,diakovere-henriettenstift,diakovere-henriettenstift:161,161,1,0
3,diakovere-henriettenstift,diakovere-henriettenstift:164,164,1,0
11,diakovere-henriettenstift,diakovere-henriettenstift:167,167,1,0
12,diakovere-henriettenstift,diakovere-henriettenstift:169,169,1,0
3,diakovere-henriettenstift,diakovere-henriettenstift:172,172,1,0
5,diakovere-henriettenstift,diakovere-henriettenstift:174,174,1,0
1,diakovere-henriettenstift,diakovere-henriettenstift:176,176,1,0
10,diakovere-henriettenstift,diakovere-henriettenstift:177,177,1,0
12,diakovere-henriettenstift,diakovere-henriettenstift:178,178,1,0
15,diakovere-henriettenstift,diakovere-henriettenstift:179,179,1,0
6,diakovere-henriettenstift,diakovere-henriettenstift:186,186,1,0
2,diakovere-henriettenstift,diakovere-henriettenstift:187,187,2,0
11,diakovere-henriettenstift,diakovere-henriettenstift:190,190,2,0
19,diakovere-henriettenstift,diakovere-henriettenstift:191,191,1,0
0,diakovere-henriettenstift,diakovere-henriettenstift:193,193,1,0
12,diakovere-henriettenstift,diakovere-henriettenstift:196,196,1,0
3,diakovere-henriettenstift,diakovere-henriettenstift:197,197,1,0
6,diakovere-henriettenstift,diakovere-henriettenstift:202,202,1,0
0,diakovere-henriettenstift,diakovere-henriettenstift:208,208,1,0
7,diakovere-henriettenstift,diakovere-henriettenstift:209,209,1,0
3,diakovere-henriettenstift,diakovere-henriettenstift:215,215,1,0
7,diakovere-henriettenstift,diakovere-henriettenstift:216,216,1,0
4,diakovere-henriettenstift,diakovere-henriettenstift:217,217,1,0
5,diakovere-henriettenstift,diakovere-henriettenstift:218,218,1,0
1,diakovere-henriettenstift,diakovere-henriettenstift:219,219,1,0
7,diakovere-henriettenstift,diakovere-henriettenstift:230,230,1,0
0,diakovere-henriettenstift,diakovere-henriettenstift:233,233,1,0
5,diakovere-henriettenstift,diakovere-henriettenstift:234,234,1,0
3,diakovere-henriettenstift,diakovere-henriettenstift:236,236,1,0
4,diakovere-henriettenstift,diakovere-henriettenstift:239,239,1,0
1,diakovere-henriettenstift,diakovere-henriettenstift:240,240,1,0
8,diakovere-henriettenstift,diakovere-henriettenstift:241,241,1,0
6,diakovere-henriettenstift,diakovere-henriettenstift:245,245,1,0
1,diakovere-henriettenstift,diakovere-henriettenstift:246,246,1,0
2,diakovere-henriettenstift,diakovere-henriettenstift:247,247,2,0
0,diakovere-henriettenstift,diakovere-henriettenstift:255,255,1,0
9,diakovere-henriettenstift,diakovere-henriettenstift:257,257,1,0
2,diakovere-henriettenstift,diakovere-henriettenstift:259,259,1,0
1,diakovere-henriettenstift,diakovere-henriettenstift:260,260,1,0
5,diakovere-henriettenstift,diakovere-henriettenstift:263,263,1,0
4,diakovere-henriettenstift,diakovere-henriettenstift:265,265,1,0
0,diakovere-henriettenstift,diakovere-henriettenstift:266,266,2,0
2,diakovere-henriettenstift,diakovere-henriettenstift:267,267,1,0
1,diakovere-henriettenstift,diakovere-henriettenstift:268,268,1,0
4,diakovere-henriettenstift,diakovere-henriettenstift:270,270,1,0
0,diakovere-henriettenstift,diakovere-henriettenstift:279,279,2,0
0,diakovere-henriettenstift,diakovere-henriettenstift:280,280,1,0
0,diakovere-henriettenstift,diakovere-henriettenstift:284,284,1,0
0,diakovere-henriettenstift,diakovere-henriettenstift:286,286,2,0
0,diakovere-henriettenstift,diakovere-henriettenstift:289,289,1,0
0,diakovere-henriettenstift,diakovere-henriettenstift:290,290,1,0
1,diakovere-henriettenstift,diakovere-henriettenstift:292,292,1,0
0,diakovere-henriettenstift,diakovere-henriettenstift:293,293,1,0
1,diakovere-henriettenstift,diakovere-henriettenstift:294,294,1,0
0,diakovere-henriettenstift,diakovere-henriettenstift:305,305,2,0
0,diakovere-henriettenstift,diakovere-henriettenstift:306,306,2,0
2,diakovere-henriettenstift,diakovere-henriettenstift:311,311,1,0
0,diakovere-henriettenstift,diakovere-henriettenstift:312,312,1,0
0,diakovere-henriettenstift,diakovere-henriettenstift:320,320,1,0
0,diakovere-henriettenstift,diakovere-henriettenstift:321,321,1,0
0,diakovere-henriettenstift,diakovere-henriettenstift:330,330,1,0
0,diakovere-henriettenstift,diakovere-henriettenstift:335,335,1,0
0,diakovere-henriettenstift,diakovere-henriettenstift:338,338,1,0
1,diakovere-henriettenstift,diakovere-henriettenstift:340,340,2,0
0,diakovere-henriettenstift,diakovere-henriettenstift:358,358,2,0
0,diakovere-henriettenstift,diakovere-henriettenstift:363,363,1,0
3,diakovere-henriettenstift,diakovere-henriettenstift:368,368,2,0
0,drk-krankenhaus-clementinenhaus,drk-krankenhaus-clementinenhaus:5,5,1,0
0,drk-krankenhaus-clementinenhaus,drk-krankenhaus-clementinenhaus:10,10,1,0
0,drk-krankenhaus-clementinenhaus,drk-krankenhaus-clementinenhaus:11,11,1,0
0,drk-krankenhaus-clementinenhaus,drk-krankenhaus-clementinenhaus:14,14,1,0
0,drk-krankenhaus-clementinenhaus,drk-krankenhaus-clementinenhaus:16,16,1,0
0,drk-krankenhaus-clementinenhaus,drk-krankenhaus-clementinenhaus:17,17,1,0
0,drk-krankenhaus-clementinenhaus,drk-krankenhaus-clementinenhaus:19,19,2,0
1,drk-krankenhaus-clementinenhaus,drk-krankenhaus-clementinenhaus:35,35,1,0
0,drk-krankenhaus-clementinenhaus,drk-krankenhaus-clementinenhaus:50,50,1,0
6,drk-krankenhaus-clementinenhaus,drk-krankenhaus-clementinenhaus:55,55,1,0
0,drk-krankenhaus-clementinenhaus,drk-krankenhaus-clementinenhaus:57,57,1,0
1,drk-krankenhaus-clementinenhaus,drk-krankenhaus-clementinenhaus:68,68,1,0
1,drk-krankenhaus-clementinenhaus,drk-krankenhaus-clementinenhaus:99,99,2,0
1,drk-krankenhaus-clementinenhaus,drk-krankenhaus-clementinenhaus:109,109,1,0
2,drk-krankenhaus-clementinenhaus,drk-krankenhaus-clementinenhaus:117,117,1,0
6,drk-krankenhaus-clementinenhaus,drk-krankenhaus-clementinenhaus:135,135,1,0
7,drk-krankenhaus-clementinenhaus,drk-krankenhaus-clementinenhaus:139,139,1,0
0,drk-krankenhaus-clementinenhaus,drk-krankenhaus-clementinenhaus:147,147,2,0
8,drk-krankenhaus-clementinenhaus,drk-krankenhaus-clementinenhaus:148,148,1,0
9,drk-krankenhaus-clementinenhaus,drk-krankenhaus-clementinenhaus:152,152,1,0
0,drk-krankenhaus-clementinenhaus,drk-krankenhaus-clementinenhaus:154,154,1,0
13,drk-krankenhaus-clementinenhaus,drk-krankenhaus-clementinenhaus:156,156,1,0
5,drk-krankenhaus-clementinenhaus,drk-krankenhaus-clementinenhaus:159,159,2,0
4,drk-krankenhaus-clementinenhaus,drk-krankenhaus-clementinenhaus:162,162,1,0
2,drk-krankenhaus-clementinenhaus,drk-krankenhaus-clementinenhaus:166,166,2,0
11,drk-krankenhaus-clementinenhaus,drk-krankenhaus-clementinenhaus:168,168,1,0
5,drk-krankenhaus-clementinenhaus,drk-krankenhaus-clementinenhaus:190,190,2,0
13,drk-krankenhaus-clementinenhaus,drk-krankenhaus-clementinenhaus:192,192,1,0
10,drk-krankenhaus-clementinenhaus,drk-krankenhaus-clementinenhaus:193,193,1,0
1,drk-krankenhaus-clementinenhaus,drk-krankenhaus-clementinenhaus:194,194,1,0
9,drk-krankenhaus-clementinenhaus,drk-krankenhaus-clementinenhaus:197,197,1,0
5,drk-krankenhaus-clementinenhaus,drk-krankenhaus-clementinenhaus:198,198,1,0
6,drk-krankenhaus-clementinenhaus,drk-krankenhaus-clementinenhaus:208,208,1,0
8,drk-krankenhaus-clementinenhaus,drk-krankenhaus-clementinenhaus:219,219,1,0
4,drk-krankenhaus-clementinenhaus,drk-krankenhaus-clementinenhaus:232,232,1,0
6,drk-krankenhaus-clementinenhaus,drk-krankenhaus-clementinenhaus:234,234,1,0
9,drk-krankenhaus-clementinenhaus,drk-krankenhaus-clementinenhaus:238,238,1,0
6,drk-krankenhaus-clementinenhaus,drk-krankenhaus-clementinenhaus:239,239,1,0
4,drk-krankenhaus-clementinenhaus,drk-krankenhaus-clementinenhaus:243,243,2,0
4,drk-krankenhaus-clementinenhaus,drk-krankenhaus-clementinenhaus:253,253,1,0
0,drk-krankenhaus-clementinenhaus,drk-krankenhaus-clementinenhaus:254,254,1,0
7,drk-krankenhaus-clementinenhaus,drk-krankenhaus-clementinenhaus:259,259,1,0
20,drk-krankenhaus-clementinenhaus,drk-krankenhaus-clementinenhaus:273,273,1,0
5,drk-krankenhaus-clementinenhaus,drk-krankenhaus-clementinenhaus:279,279,1,0
9,drk-krankenhaus-clementinenhaus,drk-krankenhaus-clementinenhaus:280,280,1,0
7,drk-krankenhaus-clementinenhaus,drk-krankenhaus-clementinenhaus:283,283,1,0
1,drk-krankenhaus-clementinenhaus,drk-krankenhaus-clementinenhaus:292,292,2,0
0,drk-krankenhaus-clementinenhaus,drk-krankenhaus-clementinenhaus:296,296,1,0
0,drk-krankenhaus-clementinenhaus,drk-krankenhaus-clementinenhaus:298,298,1,0
3,drk-krankenhaus-clementinenhaus,drk-krankenhaus-clementinenhaus:299,299,1,0
4,drk-krankenhaus-clementinenhaus,drk-krankenhaus-clementinenhaus:308,308,1,0
0,drk-krankenhaus-clementinenhaus,drk-krankenhaus-clementinenhaus:324,324,1,0
0,drk-krankenhaus-clementinenhaus,drk-krankenhaus-clementinenhaus:331,331,1,0
5,drk-krankenhaus-clementinenhaus,drk-krankenhaus-clementinenhaus:332,332,1,0
6,drk-krankenhaus-clementinenhaus,drk-krankenhaus-clementinenhaus:348,348,1,0
1,drk-krankenhaus-clementinenhaus,drk-krankenhaus-clementinenhaus:350,350,1,0
4,drk-krankenhaus-clementinenhaus,drk-krankenhaus-clementinenhaus:351,351,1,0
0,drk-krankenhaus-clementinenhaus,drk-krankenhaus-clementinenhaus:355,355,1,0
3,drk-krankenhaus-clementinenhaus,drk-krankenhaus-clementinenhaus:358,358,1,0
1,drk-krankenhaus-clementinenhaus,drk-krankenhaus-clementinenhaus:362,362,2,0
10,drk-krankenhaus-clementinenhaus,drk-krankenhaus-clementinenhaus:366,366,1,0
5,drk-krankenhaus-clementinenhaus,drk-krankenhaus-clementinenhaus:368,368,1,0
3,drk-krankenhaus-clementinenhaus,drk-krankenhaus-clementinenhaus:377,377,1,0
3,drk-krankenhaus-clementinenhaus,drk-krankenhaus-clementinenhaus:378,378,1,0
0,drk-krankenhaus-clementinenhaus,drk-krankenhaus-clementinenhaus:379,379,1,0
4,drk-krankenhaus-clementinenhaus,drk-krankenhaus-clementinenhaus:387,387,1,0
5,drk-krankenhaus-clementinenhaus,drk-krankenhaus-clementinenhaus:389,389,1,0
3,drk-krankenhaus-clementinenhaus,drk-krankenhaus-clementinenhaus:416,416,1,0
5,drk-krankenhaus-clementinenhaus,drk-krankenhaus-clementinenhaus:418,418,1,0
0,drk-krankenhaus-clementinenhaus,drk-krankenhaus-clementinenhaus:420,420,1,0
3,drk-krankenhaus-clementinenhaus,drk-krankenhaus-clementinenhaus:422,422,1,0
0,drk-krankenhaus-clementinenhaus,drk-krankenhaus-clementinenhaus:424,424,1,0
6,drk-krankenhaus-clementinenhaus,drk-krankenhaus-clementinenhaus:433,433,1,0
4,drk-krankenhaus-clementinenhaus,drk-krankenhaus-clementinenhaus:467,467,1,0
3,drk-krankenhaus-clementinenhaus,drk-krankenhaus-clementinenhaus:473,473,1,0
0,drk-krankenhaus-clementinenhaus,drk-krankenhaus-clementinenhaus:477,477,2,0
2,drk-krankenhaus-clementinenhaus,drk-krankenhaus-clementinenhaus:482,482,1,0
0,drk-krankenhaus-clementinenhaus,drk-krankenhaus-clementinenhaus:490,490,2,0
3,drk-krankenhaus-clementinenhaus,drk-krankenhaus-clementinenhaus:492,492,1,0
0,drk-krankenhaus-clementinenhaus,drk-krankenhaus-clementinenhaus:497,497,1,0
0,drk-krankenhaus-clementinenhaus,drk-krankenhaus-clementinenhaus:508,508,2,0
3,drk-krankenhaus-clementinenhaus,drk-krankenhaus-clementinenhaus:513,513,1,0
2,drk-krankenhaus-clementinenhaus,drk-krankenhaus-clementinenhaus:518,518,1,0
2,eilenriede-klinik-hannover,eilenriede-klinik-hannover:75,75,2,0
2,eilenriede-klinik-hannover,eilenriede-klinik-hannover:99,99,2,0
0,eilenriede-klinik-hannover,eilenriede-klinik-hannover:123,123,1,0
1,eilenriede-klinik-hannover,eilenriede-klinik-hannover:153,153,1,0
0,einbecker-buergerspital-gmbh,einbecker-buergerspital-gmbh:3,3,1,0
0,einbecker-buergerspital-gmbh,einbecker-buergerspital-gmbh:4,4,1,0
0,einbecker-buergerspital-gmbh,einbecker-buergerspital-gmbh:7,7,1,0
0,einbecker-buergerspital-gmbh,einbecker-buergerspital-gmbh:9,9,1,0
0,einbecker-buergerspital-gmbh,einbecker-buergerspital-gmbh:15,15,1,0
12,einbecker-buergerspital-gmbh,einbecker-buergerspital-gmbh:16,16,1,0
7,einbecker-buergerspital-gmbh,einbecker-buergerspital-gmbh:30,30,1,0
10,einbecker-buergerspital-gmbh,einbecker-buergerspital-gmbh:32,32,1,0
15,einbecker-buergerspital-gmbh,einbecker-buergerspital-gmbh:34,34,1,0
5,einbecker-buergerspital-gmbh,einbecker-buergerspital-gmbh:35,35,1,0
4,einbecker-buergerspital-gmbh,einbecker-buergerspital-gmbh:36,36,2,0
4,einbecker-buergerspital-gmbh,einbecker-buergerspital-gmbh:37,37,1,0
7,einbecker-buergerspital-gmbh,einbecker-buergerspital-gmbh:46,46,1,0
3,einbecker-buergerspital-gmbh,einbecker-buergerspital-gmbh:47,47,1,0
7,einbecker-buergerspital-gmbh,einbecker-buergerspital-gmbh:48,48,1,0
10,einbecker-buergerspital-gmbh,einbecker-buergerspital-gmbh:51,51,1,0
6,einbecker-buergerspital-gmbh,einbecker-buergerspital-gmbh:53,53,1,0
1,einbecker-buergerspital-gmbh,einbecker-buergerspital-gmbh:58,58,2,0
4,einbecker-buergerspital-gmbh,einbecker-buergerspital-gmbh:59,59,1,0
7,einbecker-buergerspital-gmbh,einbecker-buergerspital-gmbh:61,61,1,0
4,einbecker-buergerspital-gmbh,einbecker-buergerspital-gmbh:62,62,1,0
6,einbecker-buergerspital-gmbh,einbecker-buergerspital-gmbh:64,64,1,0
13,einbecker-buergerspital-gmbh,einbecker-buergerspital-gmbh:74,74,1,0
1,einbecker-buergerspital-gmbh,einbecker-buergerspital-gmbh:78,78,1,0
3,einbecker-buergerspital-gmbh,einbecker-buergerspital-gmbh:83,83,1,0
0,einbecker-buergerspital-gmbh,einbecker-buergerspital-gmbh:87,87,1,0
1,einbecker-buergerspital-gmbh,einbecker-buergerspital-gmbh:88,88,1,0
0,einbecker-buergerspital-gmbh,einbecker-buergerspital-gmbh:92,92,1,0
4,einbecker-buergerspital-gmbh,einbecker-buergerspital-gmbh:95,95,2,0
2,einbecker-buergerspital-gmbh,einbecker-buergerspital-gmbh:96,96,1,0
2,einbecker-buergerspital-gmbh,einbecker-buergerspital-gmbh:98,98,1,0
1,einbecker-buergerspital-gmbh,einbecker-buergerspital-gmbh:100,100,1,0
0,einbecker-buergerspital-gmbh,einbecker-buergerspital-gmbh:107,107,1,0
0,einbecker-buergerspital-gmbh,einbecker-buergerspital-gmbh:108,108,2,0
1,einbecker-buergerspital-gmbh,einbecker-buergerspital-gmbh:113,113,1,0
2,einbecker-buergerspital-gmbh,einbecker-buergerspital-gmbh:115,115,1,0
2,einbecker-buergerspital-gmbh,einbecker-buergerspital-gmbh:116,116,1,0
1,einbecker-buergerspital-gmbh,einbecker-buergerspital-gmbh:118,118,1,0
0,einbecker-buergerspital-gmbh,einbecker-buergerspital-gmbh:121,121,1,0
0,einbecker-buergerspital-gmbh,einbecker-buergerspital-gmbh:123,123,1,0
0,elbe-klinikum-buxtehude,elbe-klinikum-buxtehude:1,1,1,0
1,elbe-klinikum-buxtehude,elbe-klinikum-buxtehude:3,3,1,0
0,elbe-klinikum-buxtehude,elbe-klinikum-buxtehude:7,7,1,0
0,elbe-klinikum-buxtehude,elbe-klinikum-buxtehude:8,8,1,0
0,elbe-klinikum-buxtehude,elbe-klinikum-buxtehude:10,10,1,0
0,elbe-klinikum-buxtehude,elbe-klinikum-buxtehude:15,15,1,0
9,elbe-klinikum-buxtehude,elbe-klinikum-buxtehude:20,20,1,0
0,elbe-klinikum-buxtehude,elbe-klinikum-buxtehude:24,24,1,0
0,elbe-klinikum-buxtehude,elbe-klinikum-buxtehude:25,25,1,0
0,elbe-klinikum-buxtehude,elbe-klinikum-buxtehude:26,26,1,0
0,elbe-klinikum-buxtehude,elbe-klinikum-buxtehude:27,27,2,0
0,elbe-klinikum-buxtehude,elbe-klinikum-buxtehude:31,31,1,0
1,elbe-klinikum-buxtehude,elbe-klinikum-buxtehude:32,32,1,0
0,elbe-klinikum-buxtehude,elbe-klinikum-buxtehude:33,33,1,0
0,elbe-klinikum-buxtehude,elbe-klinikum-buxtehude:34,34,1,0
1,elbe-klinikum-buxtehude,elbe-klinikum-buxtehude:41,41,1,0
0,elbe-klinikum-buxtehude,elbe-klinikum-buxtehude:42,42,1,1
7,elbe-klinikum-buxtehude,elbe-klinikum-buxtehude:44,44,1,0
0,elbe-klinikum-buxtehude,elbe-klinikum-buxtehude:46,46,1,0
0,elbe-klinikum-buxtehude,elbe-klinikum-buxtehude:47,47,1,0
5,elbe-klinikum-buxtehude,elbe-klinikum-buxtehude:49,49,1,0
1,elbe-klinikum-buxtehude,elbe-klinikum-buxtehude:51,51,2,0
0,elbe-klinikum-buxtehude,elbe-klinikum-buxtehude:54,54,1,0
5,elbe-klinikum-buxtehude,elbe-klinikum-buxtehude:57,57,1,0
0,elbe-klinikum-buxtehude,elbe-klinikum-buxtehude:58,58,1,0
4,elbe-klinikum-buxtehude,elbe-klinikum-buxtehude:59,59,1,0
3,elbe-klinikum-buxtehude,elbe-klinikum-buxtehude:64,64,1,0
2,elbe-klinikum-buxtehude,elbe-klinikum-buxtehude:65,65,1,0
6,elbe-klinikum-buxtehude,elbe-klinikum-buxtehude:70,70,2,0
12,elbe-klinikum-buxtehude,elbe-klinikum-buxtehude:71,71,1,0
8,elbe-klinikum-buxtehude,elbe-klinikum-buxtehude:75,75,1,0
6,elbe-klinikum-buxtehude,elbe-klinikum-buxtehude:80,80,1,0
6,elbe-klinikum-buxtehude,elbe-klinikum-buxtehude:83,83,1,0
8,elbe-klinikum-buxtehude,elbe-klinikum-buxtehude:90,90,1,0
4,elbe-klinikum-buxtehude,elbe-klinikum-buxtehude:93,93,1,0
13,elbe-klinikum-buxtehude,elbe-klinikum-buxtehude:94,94,1,0
1,elbe-klinikum-buxtehude,elbe-klinikum-buxtehude:97,97,1,0
1,elbe-klinikum-buxtehude,elbe-klinikum-buxtehude:98,98,2,0
3,elbe-klinikum-buxtehude,elbe-klinikum-buxtehude:104,104,1,0
4,elbe-klinikum-buxtehude,elbe-klinikum-buxtehude:110,110,1,0
3,elbe-klinikum-buxtehude,elbe-klinikum-buxtehude:115,115,1,0
1,elbe-klinikum-buxtehude,elbe-klinikum-buxtehude:116,116,1,0
5,elbe-klinikum-buxtehude,elbe-klinikum-buxtehude:120,120,1,0
9,elbe-klinikum-buxtehude,elbe-klinikum-buxtehude:121,121,1,0
7,elbe-klinikum-buxtehude,elbe-klinikum-buxtehude:123,123,1,0
7,elbe-klinikum-buxtehude,elbe-klinikum-buxtehude:124,124,1,0
8,elbe-klinikum-buxtehude,elbe-klinikum-buxtehude:126,126,1,0
5,elbe-klinikum-buxtehude,elbe-klinikum-buxtehude:127,127,1,0
3,elbe-klinikum-buxtehude,elbe-klinikum-buxtehude:128,128,1,0
7,elbe-klinikum-buxtehude,elbe-klinikum-buxtehude:130,130,1,0
4,elbe-klinikum-buxtehude,elbe-klinikum-buxtehude:132,132,1,0
3,elbe-klinikum-buxtehude,elbe-klinikum-buxtehude:134,134,1,0
4,elbe-klinikum-buxtehude,elbe-klinikum-buxtehude:135,135,1,0
8,elbe-klinikum-buxtehude,elbe-klinikum-buxtehude:137,137,1,0
3,elbe-klinikum-buxtehude,elbe-klinikum-buxtehude:139,139,1,0
11,elbe-klinikum-buxtehude,elbe-klinikum-buxtehude:145,145,1,0
4,elbe-klinikum-buxtehude,elbe-klinikum-buxtehude:147,147,2,0
3,elbe-klinikum-buxtehude,elbe-klinikum-buxtehude:148,148,1,0
10,elbe-klinikum-buxtehude,elbe-klinikum-buxtehude:150,150,1,0
1,elbe-klinikum-buxtehude,elbe-klinikum-buxtehude:151,151,1,0
3,elbe-klinikum-buxtehude,elbe-klinikum-buxtehude:153,153,1,0
0,elbe-klinikum-buxtehude,elbe-klinikum-buxtehude:154,154,2,0
0,elbe-klinikum-buxtehude,elbe-klinikum-buxtehude:157,157,1,0
2,elbe-klinikum-buxtehude,elbe-klinikum-buxtehude:159,159,1,0
11,elbe-klinikum-buxtehude,elbe-klinikum-buxtehude:160,160,1,0
4,elbe-klinikum-buxtehude,elbe-klinikum-buxtehude:161,161,1,0
0,elbe-klinikum-buxtehude,elbe-klinikum-buxtehude:164,164,1,0
3,elbe-klinikum-buxtehude,elbe-klinikum-buxtehude:166,166,1,0
4,elbe-klinikum-buxtehude,elbe-klinikum-buxtehude:170,170,1,0
7,elbe-klinikum-buxtehude,elbe-klinikum-buxtehude:171,171,1,0
5,elbe-klinikum-buxtehude,elbe-klinikum-buxtehude:173,173,1,0
0,elbe-klinikum-buxtehude,elbe-klinikum-buxtehude:175,175,1,0
3,elbe-klinikum-buxtehude,elbe-klinikum-buxtehude:176,176,1,0
5,elbe-klinikum-buxtehude,elbe-klinikum-buxtehude:177,177,1,0
9,elbe-klinikum-buxtehude,elbe-klinikum-buxtehude:178,178,1,0
12,elbe-klinikum-buxtehude,elbe-klinikum-buxtehude:179,179,1,0
1,elbe-klinikum-buxtehude,elbe-klinikum-buxtehude:180,180,1,0
5,elbe-klinikum-buxtehude,elbe-klinikum-buxtehude:182,182,1,0
15,elbe-klinikum-buxtehude,elbe-klinikum-buxtehude:183,183,1,0
3,elbe-klinikum-buxtehude,elbe-klinikum-buxtehude:186,186,1,0
5,elbe-klinikum-buxtehude,elbe-klinikum-buxtehude:189,189,1,0
8,elbe-klinikum-buxtehude,elbe-klinikum-buxtehude:190,190,1,0
0,elbe-klinikum-buxtehude,elbe-klinikum-buxtehude:191,191,1,0
1,elbe-klinikum-buxtehude,elbe-klinikum-buxtehude:192,192,1,0
6,elbe-klinikum-buxtehude,elbe-klinikum-buxtehude:194,194,1,0
2,elbe-klinikum-buxtehude,elbe-klinikum-buxtehude:195,195,1,0
2,elbe-klinikum-buxtehude,elbe-klinikum-buxtehude:197,197,1,0
2,elbe-klinikum-buxtehude,elbe-klinikum-buxtehude:198,198,1,0
1,elbe-klinikum-buxtehude,elbe-klinikum-buxtehude:199,199,1,0
0,elbe-klinikum-buxtehude,elbe-klinikum-buxtehude:204,204,1,0
0,elbe-klinikum-buxtehude,elbe-klinikum-buxtehude:206,206,1,0
3,elbe-klinikum-buxtehude,elbe-klinikum-buxtehude:207,207,1,0
0,elbe-klinikum-buxtehude,elbe-klinikum-buxtehude:209,209,1,0
6,elbe-klinikum-buxtehude,elbe-klinikum-buxtehude:211,211,1,0
7,elbe-klinikum-buxtehude,elbe-klinikum-buxtehude:215,215,1,0
0,elbe-klinikum-buxtehude,elbe-klinikum-buxtehude:220,220,1,0
7,elbe-klinikum-buxtehude,elbe-klinikum-buxtehude:222,222,1,0
8,elbe-klinikum-buxtehude,elbe-klinikum-buxtehude:223,223,1,0
7,elbe-klinikum-buxtehude,elbe-klinikum-buxtehude:226,226,1,0
3,elbe-klinikum-buxtehude,elbe-klinikum-buxtehude:227,227,1,0
7,elbe-klinikum-buxtehude,elbe-klinikum-buxtehude:228,228,1,0
0,elbe-klinikum-buxtehude,elbe-klinikum-buxtehude:232,232,1,0
2,elbe-klinikum-buxtehude,elbe-klinikum-buxtehude:233,233,1,0
4,elbe-klinikum-buxtehude,elbe-klinikum-buxtehude:238,238,1,0
0,elbe-klinikum-buxtehude,elbe-klinikum-buxtehude:239,239,1,0
0,elbe-klinikum-buxtehude,elbe-klinikum-buxtehude:244,244,1,0
5,elbe-klinikum-buxtehude,elbe-klinikum-buxtehude:245,245,1,0
2,elbe-klinikum-buxtehude,elbe-klinikum-buxtehude:246,246,1,0
0,elbe-klinikum-buxtehude,elbe-klinikum-buxtehude:250,250,1,0
8,elbe-klinikum-buxtehude,elbe-klinikum-buxtehude:253,253,1,0
8,elbe-klinikum-buxtehude,elbe-klinikum-buxtehude:254,254,1,0
5,elbe-klinikum-buxtehude,elbe-klinikum-buxtehude:255,255,1,0
0,elbe-klinikum-buxtehude,elbe-klinikum-buxtehude:258,258,1,0
3,elbe-klinikum-buxtehude,elbe-klinikum-buxtehude:263,263,1,0
0,elbe-klinikum-buxtehude,elbe-klinikum-buxtehude:267,267,1,0
0,elbe-klinikum-buxtehude,elbe-klinikum-buxtehude:268,268,1,0
0,elbe-klinikum-buxtehude,elbe-klinikum-buxtehude:272,272,1,0
0,elbe-klinikum-buxtehude,elbe-klinikum-buxtehude:273,273,1,0
1,elbe-klinikum-buxtehude,elbe-klinikum-buxtehude:276,276,1,0
0,elbe-klinikum-buxtehude,elbe-klinikum-buxtehude:277,277,1,0
0,elbe-klinikum-stade,elbe-klinikum-stade:0,0,2,0
1,elbe-klinikum-stade,elbe-klinikum-stade:3,3,1,0
2,elbe-klinikum-stade,elbe-klinikum-stade:4,4,1,0
1,elbe-klinikum-stade,elbe-klinikum-stade:5,5,1,0
1,elbe-klinikum-stade,elbe-klinikum-stade:6,6,1,0
2,elbe-klinikum-stade,elbe-klinikum-stade:7,7,1,0
1,elbe-klinikum-stade,elbe-klinikum-stade:9,9,1,0
1,elbe-klinikum-stade,elbe-klinikum-stade:11,11,1,0
1,elbe-klinikum-stade,elbe-klinikum-stade:12,12,1,0
2,elbe-klinikum-stade,elbe-klinikum-stade:14,14,1,0
0,elbe-klinikum-stade,elbe-klinikum-stade:15,15,2,0
23,elbe-klinikum-stade,elbe-klinikum-stade:17,17,1,0
2,elbe-klinikum-stade,elbe-klinikum-stade:18,18,1,0
0,elbe-klinikum-stade,elbe-klinikum-stade:20,20,1,0
1,elbe-klinikum-stade,elbe-klinikum-stade:21,21,1,0
3,elbe-klinikum-stade,elbe-klinikum-stade:22,22,1,0
1,elbe-klinikum-stade,elbe-klinikum-stade:24,24,1,0
0,elbe-klinikum-stade,elbe-klinikum-stade:25,25,1,0
2,elbe-klinikum-stade,elbe-klinikum-stade:28,28,1,1
2,elbe-klinikum-stade,elbe-klinikum-stade:35,35,2,0
2,elbe-klinikum-stade,elbe-klinikum-stade:38,38,1,0
2,elbe-klinikum-stade,elbe-klinikum-stade:40,40,1,0
22,elbe-klinikum-stade,elbe-klinikum-stade:45,45,1,0
3,elbe-klinikum-stade,elbe-klinikum-stade:46,46,1,0
1,elbe-klinikum-stade,elbe-klinikum-stade:47,47,1,0
2,elbe-klinikum-stade,elbe-klinikum-stade:48,48,1,0
4,elbe-klinikum-stade,elbe-klinikum-stade:50,50,1,0
6,elbe-klinikum-stade,elbe-klinikum-stade:53,53,1,0
11,elbe-klinikum-stade,elbe-klinikum-stade:57,57,1,0
3,elbe-klinikum-stade,elbe-klinikum-stade:60,60,2,0
2,elbe-klinikum-stade,elbe-klinikum-stade:61,61,1,0
2,elbe-klinikum-stade,elbe-klinikum-stade:63,63,1,0
3,elbe-klinikum-stade,elbe-klinikum-stade:65,65,2,0
3,elbe-klinikum-stade,elbe-klinikum-stade:66,66,1,0
2,elbe-klinikum-stade,elbe-klinikum-stade:67,67,1,0
4,elbe-klinikum-stade,elbe-klinikum-stade:70,70,1,0
9,elbe-klinikum-stade,elbe-klinikum-stade:71,71,1,0
10,elbe-klinikum-stade,elbe-klinikum-stade:72,72,1,0
3,elbe-klinikum-stade,elbe-klinikum-stade:75,75,1,0
9,elbe-klinikum-stade,elbe-klinikum-stade:77,77,1,0
4,elbe-klinikum-stade,elbe-klinikum-stade:78,78,1,0
13,elbe-klinikum-stade,elbe-klinikum-stade:80,80,1,0
5,elbe-klinikum-stade,elbe-klinikum-stade:81,81,1,0
3,elbe-klinikum-stade,elbe-klinikum-stade:89,89,1,0
3,elbe-klinikum-stade,elbe-klinikum-stade:90,90,1,0
5,elbe-klinikum-stade,elbe-klinikum-stade:94,94,1,0
3,elbe-klinikum-stade,elbe-klinikum-stade:97,97,1,0
7,elbe-klinikum-stade,elbe-klinikum-stade:98,98,1,0
3,elbe-klinikum-stade,elbe-klinikum-stade:99,99,1,0
5,elbe-klinikum-stade,elbe-klinikum-stade:101,101,1,0
22,elbe-klinikum-stade,elbe-klinikum-stade:102,102,1,0
7,elbe-klinikum-stade,elbe-klinikum-stade:105,105,1,0
9,elbe-klinikum-stade,elbe-klinikum-stade:108,108,1,0
7,elbe-klinikum-stade,elbe-klinikum-stade:109,109,1,0
14,elbe-klinikum-stade,elbe-klinikum-stade:110,110,1,0
9,elbe-klinikum-stade,elbe-klinikum-stade:114,114,1,0
15,elbe-klinikum-stade,elbe-klinikum-stade:117,117,1,0
8,elbe-klinikum-stade,elbe-klinikum-stade:119,119,1,0
14,elbe-klinikum-stade,elbe-klinikum-stade:122,122,1,0
5,elbe-klinikum-stade,elbe-klinikum-stade:124,124,1,0
3,elbe-klinikum-stade,elbe-klinikum-stade:125,125,1,0
1,elbe-klinikum-stade,elbe-klinikum-stade:129,129,1,0
6,elbe-klinikum-stade,elbe-klinikum-stade:130,130,2,0
3,elbe-klinikum-stade,elbe-klinikum-stade:131,131,2,0
19,elbe-klinikum-stade,elbe-klinikum-stade:132,132,1,0
3,elbe-klinikum-stade,elbe-klinikum-stade:135,135,1,0
2,elbe-klinikum-stade,elbe-klinikum-stade:137,137,1,0
11,elbe-klinikum-stade,elbe-klinikum-stade:138,138,1,0
10,elbe-klinikum-stade,elbe-klinikum-stade:139,139,1,0
6,elbe-klinikum-stade,elbe-klinikum-stade:140,140,1,0
5,elbe-klinikum-stade,elbe-klinikum-stade:141,141,1,0
20,elbe-klinikum-stade,elbe-klinikum-stade:142,142,1,0
27,elbe-klinikum-stade,elbe-klinikum-stade:143,143,1,0
6,elbe-klinikum-stade,elbe-klinikum-stade:144,144,2,0
7,elbe-klinikum-stade,elbe-klinikum-stade:145,145,1,0
9,elbe-klinikum-stade,elbe-klinikum-stade:147,147,2,0
8,elbe-klinikum-stade,elbe-klinikum-stade:149,149,1,0
8,elbe-klinikum-stade,elbe-klinikum-stade:150,150,1,0
3,elbe-klinikum-stade,elbe-klinikum-stade:152,152,1,0
2,elbe-klinikum-stade,elbe-klinikum-stade:154,154,1,0
4,elbe-klinikum-stade,elbe-klinikum-stade:155,155,1,0
14,elbe-klinikum-stade,elbe-klinikum-stade:158,158,1,0
4,elbe-klinikum-stade,elbe-klinikum-stade:160,160,1,0
2,elbe-klinikum-stade,elbe-klinikum-stade:161,161,2,0
21,elbe-klinikum-stade,elbe-klinikum-stade:162,162,1,0
6,elbe-klinikum-stade,elbe-klinikum-stade:163,163,1,0
14,elbe-klinikum-stade,elbe-klinikum-stade:165,165,1,0
3,elbe-klinikum-stade,elbe-klinikum-stade:166,166,1,0
3,elbe-klinikum-stade,elbe-klinikum-stade:167,167,1,0
2,elbe-klinikum-stade,elbe-klinikum-stade:170,170,1,0
19,elbe-klinikum-stade,elbe-klinikum-stade:171,171,1,0
7,elbe-klinikum-stade,elbe-klinikum-stade:175,175,1,0
8,elbe-klinikum-stade,elbe-klinikum-stade:179,179,1,0
10,elbe-klinikum-stade,elbe-klinikum-stade:180,180,1,0
9,elbe-klinikum-stade,elbe-klinikum-stade:182,182,1,0
3,elbe-klinikum-stade,elbe-klinikum-stade:183,183,1,0
15,elbe-klinikum-stade,elbe-klinikum-stade:185,185,1,0
5,elbe-klinikum-stade,elbe-klinikum-stade:188,188,1,0
5,elbe-klinikum-stade,elbe-klinikum-stade:193,193,1,0
5,elbe-klinikum-stade,elbe-klinikum-stade:199,199,1,0
12,elbe-klinikum-stade,elbe-klinikum-stade:200,200,1,0
7,elbe-klinikum-stade,elbe-klinikum-stade:201,201,1,0
8,elbe-klinikum-stade,elbe-klinikum-stade:202,202,1,0
2,elbe-klinikum-stade,elbe-klinikum-stade:205,205,1,0
21,elbe-klinikum-stade,elbe-klinikum-stade:206,206,1,0
17,elbe-klinikum-stade,elbe-klinikum-stade:207,207,1,0
6,elbe-klinikum-stade,elbe-klinikum-stade:208,208,1,0
3,elbe-klinikum-stade,elbe-klinikum-stade:209,209,1,0
4,elbe-klinikum-stade,elbe-klinikum-stade:210,210,1,0
8,elbe-klinikum-stade,elbe-klinikum-stade:212,212,1,0
18,elbe-klinikum-stade,elbe-klinikum-stade:213,213,1,0
1,elbe-klinikum-stade,elbe-klinikum-stade:215,215,2,0
8,elbe-klinikum-stade,elbe-klinikum-stade:216,216,2,0
8,elbe-klinikum-stade,elbe-klinikum-stade:218,218,1,0
5,elbe-klinikum-stade,elbe-klinikum-stade:219,219,1,0
19,elbe-klinikum-stade,elbe-klinikum-stade:220,220,1,0
4,elbe-klinikum-stade,elbe-klinikum-stade:221,221,1,0
11,elbe-klinikum-stade,elbe-klinikum-stade:222,222,1,0
13,elbe-klinikum-stade,elbe-klinikum-stade:226,226,1,0
4,elbe-klinikum-stade,elbe-klinikum-stade:227,227,1,0
8,elbe-klinikum-stade,elbe-klinikum-stade:228,228,1,0
3,elbe-klinikum-stade,elbe-klinikum-stade:229,229,1,0
20,elbe-klinikum-stade,elbe-klinikum-stade:231,231,1,0
12,elbe-klinikum-stade,elbe-klinikum-stade:236,236,1,0
7,elbe-klinikum-stade,elbe-klinikum-stade:238,238,1,0
10,elbe-klinikum-stade,elbe-klinikum-stade:240,240,1,0
1,elbe-klinikum-stade,elbe-klinikum-stade:241,241,1,0
10,elbe-klinikum-stade,elbe-klinikum-stade:244,244,2,0
6,elbe-klinikum-stade,elbe-klinikum-stade:247,247,2,0
4,elbe-klinikum-stade,elbe-klinikum-stade:250,250,1,0
20,elbe-klinikum-stade,elbe-klinikum-stade:251,251,1,0
15,elbe-klinikum-stade,elbe-klinikum-stade:252,252,1,0
5,elbe-klinikum-stade,elbe-klinikum-stade:253,253,1,0
10,elbe-klinikum-stade,elbe-klinikum-stade:254,254,1,0
3,elbe-klinikum-stade,elbe-klinikum-stade:255,255,1,0
20,elbe-klinikum-stade,elbe-klinikum-stade:257,257,1,0
6,elbe-klinikum-stade,elbe-klinikum-stade:259,259,1,0
7,elbe-klinikum-stade,elbe-klinikum-stade:260,260,1,0
19,elbe-klinikum-stade,elbe-klinikum-stade:261,261,1,0
15,elbe-klinikum-stade,elbe-klinikum-stade:263,263,1,0
10,elbe-klinikum-stade,elbe-klinikum-stade:264,264,1,0
11,elbe-klinikum-stade,elbe-klinikum-stade:266,266,1,0
2,elbe-klinikum-stade,elbe-klinikum-stade:267,267,1,0
5,elbe-klinikum-stade,elbe-klinikum-stade:268,268,1,0
18,elbe-klinikum-stade,elbe-klinikum-stade:270,270,1,0
23,elbe-klinikum-stade,elbe-klinikum-stade:271,271,1,0
17,elbe-klinikum-stade,elbe-klinikum-stade:273,273,1,0
12,elbe-klinikum-stade,elbe-klinikum-stade:275,275,1,0
5,elbe-klinikum-stade,elbe-klinikum-stade:276,276,1,0
4,elbe-klinikum-stade,elbe-klinikum-stade:278,278,2,0
13,elbe-klinikum-stade,elbe-klinikum-stade:279,279,1,0
17,elbe-klinikum-stade,elbe-klinikum-stade:280,280,1,0
10,elbe-klinikum-stade,elbe-klinikum-stade:281,281,1,0
5,elbe-klinikum-stade,elbe-klinikum-stade:282,282,1,0
18,elbe-klinikum-stade,elbe-klinikum-stade:283,283,1,0
6,elbe-klinikum-stade,elbe-klinikum-stade:285,285,1,0
10,elbe-klinikum-stade,elbe-klinikum-stade:287,287,1,0
5,elbe-klinikum-stade,elbe-klinikum-stade:289,289,1,0
5,elbe-klinikum-stade,elbe-klinikum-stade:290,290,1,0
4,elbe-klinikum-stade,elbe-klinikum-stade:291,291,1,0
8,elbe-klinikum-stade,elbe-klinikum-stade:292,292,1,0
10,elbe-klinikum-stade,elbe-klinikum-stade:293,293,1,0
7,elbe-klinikum-stade,elbe-klinikum-stade:294,294,1,0
4,elbe-klinikum-stade,elbe-klinikum-stade:295,295,1,0
7,elbe-klinikum-stade,elbe-klinikum-stade:297,297,1,0
20,elbe-klinikum-stade,elbe-klinikum-stade:298,298,1,0
13,elbe-klinikum-stade,elbe-klinikum-stade:299,299,1,0
2,elbe-klinikum-stade,elbe-klinikum-stade:300,300,1,1
13,elbe-klinikum-stade,elbe-klinikum-stade:302,302,1,0
6,elbe-klinikum-stade,elbe-klinikum-stade:303,303,1,0
11,elbe-klinikum-stade,elbe-klinikum-stade:304,304,1,0
3,elbe-klinikum-stade,elbe-klinikum-stade:305,305,1,0
5,elbe-klinikum-stade,elbe-klinikum-stade:307,307,2,0
8,elbe-klinikum-stade,elbe-klinikum-stade:308,308,1,0
7,elbe-klinikum-stade,elbe-klinikum-stade:310,310,1,0
5,elbe-klinikum-stade,elbe-klinikum-stade:313,313,1,0
1,elbe-klinikum-stade,elbe-klinikum-stade:315,315,1,0
20,elbe-klinikum-stade,elbe-klinikum-stade:316,316,1,0
5,elbe-klinikum-stade,elbe-klinikum-stade:317,317,1,0
7,elbe-klinikum-stade,elbe-klinikum-stade:321,321,1,0
10,elbe-klinikum-stade,elbe-klinikum-stade:323,323,2,0
1,elbe-klinikum-stade,elbe-klinikum-stade:325,325,2,0
9,elbe-klinikum-stade,elbe-klinikum-stade:326,326,1,0
5,elbe-klinikum-stade,elbe-klinikum-stade:327,327,1,0
4,elbe-klinikum-stade,elbe-klinikum-stade:328,328,2,0
9,elbe-klinikum-stade,elbe-klinikum-stade:329,329,2,0
11,elbe-klinikum-stade,elbe-klinikum-stade:330,330,1,0
1,elbe-klinikum-stade,elbe-klinikum-stade:331,331,1,0
7,elbe-klinikum-stade,elbe-klinikum-stade:333,333,1,0
18,elbe-klinikum-stade,elbe-klinikum-stade:335,335,1,0
17,elbe-klinikum-stade,elbe-klinikum-stade:336,336,1,1
8,elbe-klinikum-stade,elbe-klinikum-stade:337,337,2,0
4,elbe-klinikum-stade,elbe-klinikum-stade:339,339,1,0
10,elbe-klinikum-stade,elbe-klinikum-stade:340,340,1,0
4,elbe-klinikum-stade,elbe-klinikum-stade:341,341,1,0
6,elbe-klinikum-stade,elbe-klinikum-stade:342,342,1,0
4,elbe-klinikum-stade,elbe-klinikum-stade:344,344,1,0
8,elbe-klinikum-stade,elbe-klinikum-stade:345,345,1,0
7,elbe-klinikum-stade,elbe-klinikum-stade:346,346,1,0
3,elbe-klinikum-stade,elbe-klinikum-stade:347,347,1,0
7,elbe-klinikum-stade,elbe-klinikum-stade:348,348,1,0
4,elbe-klinikum-stade,elbe-klinikum-stade:349,349,2,0
6,elbe-klinikum-stade,elbe-klinikum-stade:351,351,1,0
10,elbe-klinikum-stade,elbe-klinikum-stade:352,352,2,0
11,elbe-klinikum-stade,elbe-klinikum-stade:355,355,1,0
2,elbe-klinikum-stade,elbe-klinikum-stade:356,356,1,0
7,elbe-klinikum-stade,elbe-klinikum-stade:360,360,1,0
8,elbe-klinikum-stade,elbe-klinikum-stade:362,362,1,0
2,elbe-klinikum-stade,elbe-klinikum-stade:366,366,1,0
1,elbe-klinikum-stade,elbe-klinikum-stade:367,367,1,0
5,elbe-klinikum-stade,elbe-klinikum-stade:368,368,1,0
5,elbe-klinikum-stade,elbe-klinikum-stade:369,369,1,0
8,elbe-klinikum-stade,elbe-klinikum-stade:370,370,1,0
4,elbe-klinikum-stade,elbe-klinikum-stade:371,371,1,0
3,elbe-klinikum-stade,elbe-klinikum-stade:372,372,1,0
12,elbe-klinikum-stade,elbe-klinikum-stade:373,373,1,0
3,elbe-klinikum-stade,elbe-klinikum-stade:374,374,2,0
7,elbe-klinikum-stade,elbe-klinikum-stade:375,375,1,0
8,elbe-klinikum-stade,elbe-klinikum-stade:377,377,1,0
11,elbe-klinikum-stade,elbe-klinikum-stade:378,378,1,0
1,elbe-klinikum-stade,elbe-klinikum-stade:380,380,1,0
9,elbe-klinikum-stade,elbe-klinikum-stade:381,381,1,0
9,elbe-klinikum-stade,elbe-klinikum-stade:382,382,1,0
4,elbe-klinikum-stade,elbe-klinikum-stade:384,384,1,0
5,elbe-klinikum-stade,elbe-klinikum-stade:385,385,1,0
13,elbe-klinikum-stade,elbe-klinikum-stade:387,387,1,0
6,elbe-klinikum-stade,elbe-klinikum-stade:389,389,1,0
5,elbe-klinikum-stade,elbe-klinikum-stade:390,390,1,0
13,elbe-klinikum-stade,elbe-klinikum-stade:393,393,1,0
2,elbe-klinikum-stade,elbe-klinikum-stade:395,395,1,0
0,elbe-klinikum-stade,elbe-klinikum-stade:396,396,2,0
8,elbe-klinikum-stade,elbe-klinikum-stade:397,397,1,0
4,elbe-klinikum-stade,elbe-klinikum-stade:398,398,1,0
5,elbe-klinikum-stade,elbe-klinikum-stade:402,402,1,0
1,elbe-klinikum-stade,elbe-klinikum-stade:403,403,1,0
2,elbe-klinikum-stade,elbe-klinikum-stade:404,404,1,0
2,elbe-klinikum-stade,elbe-klinikum-stade:406,406,1,0
6,elbe-klinikum-stade,elbe-klinikum-stade:408,408,1,0
3,elbe-klinikum-stade,elbe-klinikum-stade:409,409,1,0
16,elbe-klinikum-stade,elbe-klinikum-stade:410,410,1,0
14,elbe-klinikum-stade,elbe-klinikum-stade:413,413,1,0
8,elbe-klinikum-stade,elbe-klinikum-stade:414,414,1,0
2,elbe-klinikum-stade,elbe-klinikum-stade:415,415,1,0
9,elbe-klinikum-stade,elbe-klinikum-stade:416,416,1,0
3,elbe-klinikum-stade,elbe-klinikum-stade:418,418,1,0
3,elbe-klinikum-stade,elbe-klinikum-stade:419,419,1,0
3,elbe-klinikum-stade,elbe-klinikum-stade:422,422,1,0
2,elbe-klinikum-stade,elbe-klinikum-stade:423,423,1,0
1,elbe-klinikum-stade,elbe-klinikum-stade:424,424,2,0
2,elbe-klinikum-stade,elbe-klinikum-stade:425,425,1,0
3,elbe-klinikum-stade,elbe-klinikum-stade:426,426,1,0
4,elbe-klinikum-stade,elbe-klinikum-stade:427,427,1,0
5,elbe-klinikum-stade,elbe-klinikum-stade:428,428,1,0
8,elbe-klinikum-stade,elbe-klinikum-stade:429,429,1,0
1,elbe-klinikum-stade,elbe-klinikum-stade:430,430,1,0
1,elbe-klinikum-stade,elbe-klinikum-stade:433,433,1,0
5,elbe-klinikum-stade,elbe-klinikum-stade:435,435,1,0
2,elbe-klinikum-stade,elbe-klinikum-stade:436,436,1,0
14,elbe-klinikum-stade,elbe-klinikum-stade:437,437,1,0
2,elbe-klinikum-stade,elbe-klinikum-stade:440,440,1,0
10,elbe-klinikum-stade,elbe-klinikum-stade:443,443,1,0
1,elbe-klinikum-stade,elbe-klinikum-stade:444,444,1,0
0,elbe-klinikum-stade,elbe-klinikum-stade:445,445,1,0
1,elbe-klinikum-stade,elbe-klinikum-stade:446,446,1,0
3,elbe-klinikum-stade,elbe-klinikum-stade:447,447,1,0
4,elbe-klinikum-stade,elbe-klinikum-stade:449,449,1,0
3,elbe-klinikum-stade,elbe-klinikum-stade:450,450,1,0
1,elbe-klinikum-stade,elbe-klinikum-stade:452,452,1,0
4,elbe-klinikum-stade,elbe-klinikum-stade:454,454,1,0
2,elbe-klinikum-stade,elbe-klinikum-stade:455,455,1,0
0,elbe-klinikum-stade,elbe-klinikum-stade:456,456,1,0
0,elbe-klinikum-stade,elbe-klinikum-stade:459,459,1,0
1,elbe-klinikum-stade,elbe-klinikum-stade:461,461,1,0
2,elbe-klinikum-stade,elbe-klinikum-stade:463,463,1,0
1,elbe-klinikum-stade,elbe-klinikum-stade:464,464,1,0
5,elbe-klinikum-stade,elbe-klinikum-stade:466,466,1,0
2,elbe-klinikum-stade,elbe-klinikum-stade:467,467,1,0
4,elbe-klinikum-stade,elbe-klinikum-stade:468,468,1,0
9,elbe-klinikum-stade,elbe-klinikum-stade:469,469,1,0
2,elbe-klinikum-stade,elbe-klinikum-stade:470,470,1,0
1,elbe-klinikum-stade,elbe-klinikum-stade:471,471,2,0
1,elbe-klinikum-stade,elbe-klinikum-stade:473,473,1,0
2,elbe-klinikum-stade,elbe-klinikum-stade:474,474,1,0
4,elbe-klinikum-stade,elbe-klinikum-stade:475,475,1,0
2,elbe-klinikum-stade,elbe-klinikum-stade:476,476,1,0
4,elbe-klinikum-stade,elbe-klinikum-stade:479,479,1,0
1,elbe-klinikum-stade,elbe-klinikum-stade:481,481,1,0
6,elbe-klinikum-stade,elbe-klinikum-stade:482,482,1,0
0,elbe-klinikum-stade,elbe-klinikum-stade:485,485,1,0
3,elbe-klinikum-stade,elbe-klinikum-stade:487,487,2,0
6,elbe-klinikum-stade,elbe-klinikum-stade:488,488,1,0
6,elbe-klinikum-stade,elbe-klinikum-stade:489,489,1,0
2,elbe-klinikum-stade,elbe-klinikum-stade:490,490,1,0
5,elbe-klinikum-stade,elbe-klinikum-stade:491,491,1,0
0,elbe-klinikum-stade,elbe-klinikum-stade:492,492,1,0
1,elbe-klinikum-stade,elbe-klinikum-stade:495,495,1,0
5,elbe-klinikum-stade,elbe-klinikum-stade:499,499,1,0
0,elbe-klinikum-stade,elbe-klinikum-stade:500,500,1,0
3,elbe-klinikum-stade,elbe-klinikum-stade:501,501,1,0
3,elbe-klinikum-stade,elbe-klinikum-stade:506,506,1,0
0,elbe-klinikum-stade,elbe-klinikum-stade:507,507,1,0
1,elbe-klinikum-stade,elbe-klinikum-stade:511,511,1,0
19,elbe-klinikum-stade,elbe-klinikum-stade:512,512,1,0
5,elbe-klinikum-stade,elbe-klinikum-stade:513,513,1,0
2,elbe-klinikum-stade,elbe-klinikum-stade:516,516,1,0
2,elbe-klinikum-stade,elbe-klinikum-stade:517,517,1,0
3,elbe-klinikum-stade,elbe-klinikum-stade:518,518,1,0
3,elbe-klinikum-stade,elbe-klinikum-stade:519,519,1,0
1,elbe-klinikum-stade,elbe-klinikum-stade:520,520,1,0
2,elbe-klinikum-stade,elbe-klinikum-stade:521,521,1,0
1,elbe-klinikum-stade,elbe-klinikum-stade:522,522,1,0
1,elbe-klinikum-stade,elbe-klinikum-stade:523,523,1,0
5,elbe-klinikum-stade,elbe-klinikum-stade:524,524,1,0
6,elbe-klinikum-stade,elbe-klinikum-stade:525,525,1,0
9,elbe-klinikum-stade,elbe-klinikum-stade:526,526,1,0
4,elbe-klinikum-stade,elbe-klinikum-stade:530,530,1,0
8,elbe-klinikum-stade,elbe-klinikum-stade:531,531,1,0
4,elbe-klinikum-stade,elbe-klinikum-stade:533,533,1,0
0,elbe-klinikum-stade,elbe-klinikum-stade:536,536,1,0
2,elbe-klinikum-stade,elbe-klinikum-stade:537,537,1,0
1,elbe-klinikum-stade,elbe-klinikum-stade:538,538,1,0
0,elbe-klinikum-stade,elbe-klinikum-stade:540,540,1,0
5,elbe-klinikum-stade,elbe-klinikum-stade:541,541,1,0
6,elbe-klinikum-stade,elbe-klinikum-stade:544,544,1,0
0,elbe-klinikum-stade,elbe-klinikum-stade:546,546,1,0
1,elbe-klinikum-stade,elbe-klinikum-stade:547,547,1,0
2,elbe-klinikum-stade,elbe-klinikum-stade:548,548,1,0
2,elbe-klinikum-stade,elbe-klinikum-stade:549,549,1,0
2,elbe-klinikum-stade,elbe-klinikum-stade:554,554,1,0
1,elbe-klinikum-stade,elbe-klinikum-stade:555,555,1,0
4,elbe-klinikum-stade,elbe-klinikum-stade:558,558,1,0
5,elbe-klinikum-stade,elbe-klinikum-stade:562,562,1,0
2,elbe-klinikum-stade,elbe-klinikum-stade:563,563,1,0
8,elbe-klinikum-stade,elbe-klinikum-stade:567,567,1,0
3,elbe-klinikum-stade,elbe-klinikum-stade:568,568,1,0
1,elbe-klinikum-stade,elbe-klinikum-stade:570,570,1,0
1,elbe-klinikum-stade,elbe-klinikum-stade:572,572,1,0
2,elbe-klinikum-stade,elbe-klinikum-stade:574,574,1,0
1,elbe-klinikum-stade,elbe-klinikum-stade:575,575,1,0
0,elbe-klinikum-stade,elbe-klinikum-stade:576,576,1,0
0,elbe-klinikum-stade,elbe-klinikum-stade:578,578,1,0
2,elbe-klinikum-stade,elbe-klinikum-stade:580,580,1,0
1,elbe-klinikum-stade,elbe-klinikum-stade:581,581,2,0
14,elbe-klinikum-stade,elbe-klinikum-stade:586,586,1,0
2,elbe-klinikum-stade,elbe-klinikum-stade:589,589,1,0
0,elbe-klinikum-stade,elbe-klinikum-stade:592,592,1,0
2,elbe-klinikum-stade,elbe-klinikum-stade:593,593,1,0
2,elbe-klinikum-stade,elbe-klinikum-stade:605,605,1,0
5,elbe-klinikum-stade,elbe-klinikum-stade:607,607,1,0
0,euregio-klinik-albert-schweitzer-strasse-gmbh,euregio-klinik-albert-schweitzer-strasse-gmbh:4,4,1,0
0,euregio-klinik-albert-schweitzer-strasse-gmbh,euregio-klinik-albert-schweitzer-strasse-gmbh:6,6,2,0
0,euregio-klinik-albert-schweitzer-strasse-gmbh,euregio-klinik-albert-schweitzer-strasse-gmbh:10,10,1,0
0,euregio-klinik-albert-schweitzer-strasse-gmbh,euregio-klinik-albert-schweitzer-strasse-gmbh:11,11,1,0
2,euregio-klinik-albert-schweitzer-strasse-gmbh,euregio-klinik-albert-schweitzer-strasse-gmbh:13,13,2,0
0,euregio-klinik-albert-schweitzer-strasse-gmbh,euregio-klinik-albert-schweitzer-strasse-gmbh:14,14,1,0
0,euregio-klinik-albert-schweitzer-strasse-gmbh,euregio-klinik-albert-schweitzer-strasse-gmbh:19,19,1,0
0,euregio-klinik-albert-schweitzer-strasse-gmbh,euregio-klinik-albert-schweitzer-strasse-gmbh:20,20,1,0
0,euregio-klinik-albert-schweitzer-strasse-gmbh,euregio-klinik-albert-schweitzer-strasse-gmbh:27,27,2,0
0,euregio-klinik-albert-schweitzer-strasse-gmbh,euregio-klinik-albert-schweitzer-strasse-gmbh:28,28,1,0
0,euregio-klinik-albert-schweitzer-strasse-gmbh,euregio-klinik-albert-schweitzer-strasse-gmbh:31,31,1,0
1,euregio-klinik-albert-schweitzer-strasse-gmbh,euregio-klinik-albert-schweitzer-strasse-gmbh:35,35,2,0
0,euregio-klinik-albert-schweitzer-strasse-gmbh,euregio-klinik-albert-schweitzer-strasse-gmbh:38,38,1,0
0,euregio-klinik-albert-schweitzer-strasse-gmbh,euregio-klinik-albert-schweitzer-strasse-gmbh:43,43,1,0
0,euregio-klinik-albert-schweitzer-strasse-gmbh,euregio-klinik-albert-schweitzer-strasse-gmbh:44,44,2,0
0,euregio-klinik-albert-schweitzer-strasse-gmbh,euregio-klinik-albert-schweitzer-strasse-gmbh:46,46,1,0
0,euregio-klinik-albert-schweitzer-strasse-gmbh,euregio-klinik-albert-schweitzer-strasse-gmbh:47,47,1,0
5,euregio-klinik-albert-schweitzer-strasse-gmbh,euregio-klinik-albert-schweitzer-strasse-gmbh:49,49,2,0
0,euregio-klinik-albert-schweitzer-strasse-gmbh,euregio-klinik-albert-schweitzer-strasse-gmbh:52,52,1,0
0,euregio-klinik-albert-schweitzer-strasse-gmbh,euregio-klinik-albert-schweitzer-strasse-gmbh:53,53,2,0
1,euregio-klinik-albert-schweitzer-strasse-gmbh,euregio-klinik-albert-schweitzer-strasse-gmbh:54,54,1,0
0,euregio-klinik-albert-schweitzer-strasse-gmbh,euregio-klinik-albert-schweitzer-strasse-gmbh:56,56,1,0
4,euregio-klinik-albert-schweitzer-strasse-gmbh,euregio-klinik-albert-schweitzer-strasse-gmbh:60,60,1,0
1,euregio-klinik-albert-schweitzer-strasse-gmbh,euregio-klinik-albert-schweitzer-strasse-gmbh:64,64,1,0
2,euregio-klinik-albert-schweitzer-strasse-gmbh,euregio-klinik-albert-schweitzer-strasse-gmbh:66,66,1,0
0,euregio-klinik-albert-schweitzer-strasse-gmbh,euregio-klinik-albert-schweitzer-strasse-gmbh:69,69,1,0
0,euregio-klinik-albert-schweitzer-strasse-gmbh,euregio-klinik-albert-schweitzer-strasse-gmbh:70,70,2,0
12,euregio-klinik-albert-schweitzer-strasse-gmbh,euregio-klinik-albert-schweitzer-strasse-gmbh:73,73,1,0
0,euregio-klinik-albert-schweitzer-strasse-gmbh,euregio-klinik-albert-schweitzer-strasse-gmbh:74,74,2,0
2,euregio-klinik-albert-schweitzer-strasse-gmbh,euregio-klinik-albert-schweitzer-strasse-gmbh:77,77,1,0
4,euregio-klinik-albert-schweitzer-strasse-gmbh,euregio-klinik-albert-schweitzer-strasse-gmbh:78,78,1,0
5,euregio-klinik-albert-schweitzer-strasse-gmbh,euregio-klinik-albert-schweitzer-strasse-gmbh:79,79,1,0
10,euregio-klinik-albert-schweitzer-strasse-gmbh,euregio-klinik-albert-schweitzer-strasse-gmbh:81,81,1,0
2,euregio-klinik-albert-schweitzer-strasse-gmbh,euregio-klinik-albert-schweitzer-strasse-gmbh:82,82,1,0
0,euregio-klinik-albert-schweitzer-strasse-gmbh,euregio-klinik-albert-schweitzer-strasse-gmbh:83,83,1,0
6,euregio-klinik-albert-schweitzer-strasse-gmbh,euregio-klinik-albert-schweitzer-strasse-gmbh:86,86,1,0
0,euregio-klinik-albert-schweitzer-strasse-gmbh,euregio-klinik-albert-schweitzer-strasse-gmbh:87,87,1,0
11,euregio-klinik-albert-schweitzer-strasse-gmbh,euregio-klinik-albert-schweitzer-strasse-gmbh:91,91,1,0
0,euregio-klinik-albert-schweitzer-strasse-gmbh,euregio-klinik-albert-schweitzer-strasse-gmbh:92,92,1,0
2,euregio-klinik-albert-schweitzer-strasse-gmbh,euregio-klinik-albert-schweitzer-strasse-gmbh:93,93,1,0
0,euregio-klinik-albert-schweitzer-strasse-gmbh,euregio-klinik-albert-schweitzer-strasse-gmbh:98,98,1,0
0,euregio-klinik-albert-schweitzer-strasse-gmbh,euregio-klinik-albert-schweitzer-strasse-gmbh:99,99,1,0
9,euregio-klinik-albert-schweitzer-strasse-gmbh,euregio-klinik-albert-schweitzer-strasse-gmbh:101,101,1,0
0,euregio-klinik-albert-schweitzer-strasse-gmbh,euregio-klinik-albert-schweitzer-strasse-gmbh:103,103,1,0
0,euregio-klinik-albert-schweitzer-strasse-gmbh,euregio-klinik-albert-schweitzer-strasse-gmbh:104,104,1,0
4,euregio-klinik-albert-schweitzer-strasse-gmbh,euregio-klinik-albert-schweitzer-strasse-gmbh:105,105,2,0
2,euregio-klinik-albert-schweitzer-strasse-gmbh,euregio-klinik-albert-schweitzer-strasse-gmbh:106,106,1,0
2,euregio-klinik-albert-schweitzer-strasse-gmbh,euregio-klinik-albert-schweitzer-strasse-gmbh:107,107,1,0
0,euregio-klinik-albert-schweitzer-strasse-gmbh,euregio-klinik-albert-schweitzer-strasse-gmbh:110,110,1,0
19,euregio-klinik-albert-schweitzer-strasse-gmbh,euregio-klinik-albert-schweitzer-strasse-gmbh:111,111,1,0
5,euregio-klinik-albert-schweitzer-strasse-gmbh,euregio-klinik-albert-schweitzer-strasse-gmbh:113,113,2,0
2,euregio-klinik-albert-schweitzer-strasse-gmbh,euregio-klinik-albert-schweitzer-strasse-gmbh:115,115,1,0
3,euregio-klinik-albert-schweitzer-strasse-gmbh,euregio-klinik-albert-schweitzer-strasse-gmbh:116,116,2,0
1,euregio-klinik-albert-schweitzer-strasse-gmbh,euregio-klinik-albert-schweitzer-strasse-gmbh:119,119,1,0
1,euregio-klinik-albert-schweitzer-strasse-gmbh,euregio-klinik-albert-schweitzer-strasse-gmbh:126,126,2,0
3,euregio-klinik-albert-schweitzer-strasse-gmbh,euregio-klinik-albert-schweitzer-strasse-gmbh:127,127,1,0
1,euregio-klinik-albert-schweitzer-strasse-gmbh,euregio-klinik-albert-schweitzer-strasse-gmbh:129,129,1,0
4,euregio-klinik-albert-schweitzer-strasse-gmbh,euregio-klinik-albert-schweitzer-strasse-gmbh:131,131,1,0
8,euregio-klinik-albert-schweitzer-strasse-gmbh,euregio-klinik-albert-schweitzer-strasse-gmbh:132,132,1,0
1,euregio-klinik-albert-schweitzer-strasse-gmbh,euregio-klinik-albert-schweitzer-strasse-gmbh:133,133,1,0
4,euregio-klinik-albert-schweitzer-strasse-gmbh,euregio-klinik-albert-schweitzer-strasse-gmbh:136,136,1,0
3,euregio-klinik-albert-schweitzer-strasse-gmbh,euregio-klinik-albert-schweitzer-strasse-gmbh:137,137,2,0
12,euregio-klinik-albert-schweitzer-strasse-gmbh,euregio-klinik-albert-schweitzer-strasse-gmbh:138,138,1,0
0,euregio-klinik-albert-schweitzer-strasse-gmbh,euregio-klinik-albert-schweitzer-strasse-gmbh:139,139,2,0
6,euregio-klinik-albert-schweitzer-strasse-gmbh,euregio-klinik-albert-schweitzer-strasse-gmbh:141,141,1,0
9,euregio-klinik-albert-schweitzer-strasse-gmbh,euregio-klinik-albert-schweitzer-strasse-gmbh:143,143,1,0
1,euregio-klinik-albert-schweitzer-strasse-gmbh,euregio-klinik-albert-schweitzer-strasse-gmbh:144,144,1,0
4,euregio-klinik-albert-schweitzer-strasse-gmbh,euregio-klinik-albert-schweitzer-strasse-gmbh:146,146,1,0
7,euregio-klinik-albert-schweitzer-strasse-gmbh,euregio-klinik-albert-schweitzer-strasse-gmbh:147,147,1,0
9,euregio-klinik-albert-schweitzer-strasse-gmbh,euregio-klinik-albert-schweitzer-strasse-gmbh:148,148,1,0
1,euregio-klinik-albert-schweitzer-strasse-gmbh,euregio-klinik-albert-schweitzer-strasse-gmbh:150,150,1,0
7,euregio-klinik-albert-schweitzer-strasse-gmbh,euregio-klinik-albert-schweitzer-strasse-gmbh:151,151,1,0
4,euregio-klinik-albert-schweitzer-strasse-gmbh,euregio-klinik-albert-schweitzer-strasse-gmbh:153,153,2,0
3,euregio-klinik-albert-schweitzer-strasse-gmbh,euregio-klinik-albert-schweitzer-strasse-gmbh:154,154,1,0
0,euregio-klinik-albert-schweitzer-strasse-gmbh,euregio-klinik-albert-schweitzer-strasse-gmbh:157,157,1,0
6,euregio-klinik-albert-schweitzer-strasse-gmbh,euregio-klinik-albert-schweitzer-strasse-gmbh:159,159,1,0
1,euregio-klinik-albert-schweitzer-strasse-gmbh,euregio-klinik-albert-schweitzer-strasse-gmbh:164,164,1,0
7,euregio-klinik-albert-schweitzer-strasse-gmbh,euregio-klinik-albert-schweitzer-strasse-gmbh:167,167,1,0
6,euregio-klinik-albert-schweitzer-strasse-gmbh,euregio-klinik-albert-schweitzer-strasse-gmbh:168,168,1,0
5,euregio-klinik-albert-schweitzer-strasse-gmbh,euregio-klinik-albert-schweitzer-strasse-gmbh:169,169,1,0
3,euregio-klinik-albert-schweitzer-strasse-gmbh,euregio-klinik-albert-schweitzer-strasse-gmbh:174,174,1,0
14,euregio-klinik-albert-schweitzer-strasse-gmbh,euregio-klinik-albert-schweitzer-strasse-gmbh:175,175,1,0
2,euregio-klinik-albert-schweitzer-strasse-gmbh,euregio-klinik-albert-schweitzer-strasse-gmbh:176,176,1,0
3,euregio-klinik-albert-schweitzer-strasse-gmbh,euregio-klinik-albert-schweitzer-strasse-gmbh:178,178,1,0
5,euregio-klinik-albert-schweitzer-strasse-gmbh,euregio-klinik-albert-schweitzer-strasse-gmbh:181,181,1,0
6,euregio-klinik-albert-schweitzer-strasse-gmbh,euregio-klinik-albert-schweitzer-strasse-gmbh:183,183,1,0
0,euregio-klinik-albert-schweitzer-strasse-gmbh,euregio-klinik-albert-schweitzer-strasse-gmbh:184,184,1,0
5,euregio-klinik-albert-schweitzer-strasse-gmbh,euregio-klinik-albert-schweitzer-strasse-gmbh:192,192,1,0
2,euregio-klinik-albert-schweitzer-strasse-gmbh,euregio-klinik-albert-schweitzer-strasse-gmbh:195,195,1,0
4,euregio-klinik-albert-schweitzer-strasse-gmbh,euregio-klinik-albert-schweitzer-strasse-gmbh:198,198,1,0
0,euregio-klinik-albert-schweitzer-strasse-gmbh,euregio-klinik-albert-schweitzer-strasse-gmbh:199,199,1,0
5,euregio-klinik-albert-schweitzer-strasse-gmbh,euregio-klinik-albert-schweitzer-strasse-gmbh:200,200,1,0
7,euregio-klinik-albert-schweitzer-strasse-gmbh,euregio-klinik-albert-schweitzer-strasse-gmbh:202,202,1,0
0,euregio-klinik-albert-schweitzer-strasse-gmbh,euregio-klinik-albert-schweitzer-strasse-gmbh:207,207,1,0
6,euregio-klinik-albert-schweitzer-strasse-gmbh,euregio-klinik-albert-schweitzer-strasse-gmbh:209,209,1,0
3,euregio-klinik-albert-schweitzer-strasse-gmbh,euregio-klinik-albert-schweitzer-strasse-gmbh:211,211,1,0
13,euregio-klinik-albert-schweitzer-strasse-gmbh,euregio-klinik-albert-schweitzer-strasse-gmbh:215,215,1,0
0,euregio-klinik-albert-schweitzer-strasse-gmbh,euregio-klinik-albert-schweitzer-strasse-gmbh:218,218,2,0
4,euregio-klinik-albert-schweitzer-strasse-gmbh,euregio-klinik-albert-schweitzer-strasse-gmbh:220,220,1,0
11,euregio-klinik-albert-schweitzer-strasse-gmbh,euregio-klinik-albert-schweitzer-strasse-gmbh:226,226,1,0
0,euregio-klinik-albert-schweitzer-strasse-gmbh,euregio-klinik-albert-schweitzer-strasse-gmbh:228,228,2,0
5,euregio-klinik-albert-schweitzer-strasse-gmbh,euregio-klinik-albert-schweitzer-strasse-gmbh:232,232,1,0
4,euregio-klinik-albert-schweitzer-strasse-gmbh,euregio-klinik-albert-schweitzer-strasse-gmbh:234,234,1,0
5,euregio-klinik-albert-schweitzer-strasse-gmbh,euregio-klinik-albert-schweitzer-strasse-gmbh:235,235,1,0
5,euregio-klinik-albert-schweitzer-strasse-gmbh,euregio-klinik-albert-schweitzer-strasse-gmbh:240,240,1,0
2,euregio-klinik-albert-schweitzer-strasse-gmbh,euregio-klinik-albert-schweitzer-strasse-gmbh:241,241,1,0
5,euregio-klinik-albert-schweitzer-strasse-gmbh,euregio-klinik-albert-schweitzer-strasse-gmbh:244,244,1,0
1,euregio-klinik-albert-schweitzer-strasse-gmbh,euregio-klinik-albert-schweitzer-strasse-gmbh:249,249,1,0
4,euregio-klinik-albert-schweitzer-strasse-gmbh,euregio-klinik-albert-schweitzer-strasse-gmbh:251,251,1,0
1,euregio-klinik-albert-schweitzer-strasse-gmbh,euregio-klinik-albert-schweitzer-strasse-gmbh:253,253,1,0
2,euregio-klinik-albert-schweitzer-strasse-gmbh,euregio-klinik-albert-schweitzer-strasse-gmbh:254,254,1,0
0,euregio-klinik-albert-schweitzer-strasse-gmbh,euregio-klinik-albert-schweitzer-strasse-gmbh:255,255,1,0
0,euregio-klinik-albert-schweitzer-strasse-gmbh,euregio-klinik-albert-schweitzer-strasse-gmbh:257,257,1,0
3,euregio-klinik-albert-schweitzer-strasse-gmbh,euregio-klinik-albert-schweitzer-strasse-gmbh:260,260,1,0
11,euregio-klinik-albert-schweitzer-strasse-gmbh,euregio-klinik-albert-schweitzer-strasse-gmbh:262,262,1,0
2,euregio-klinik-albert-schweitzer-strasse-gmbh,euregio-klinik-albert-schweitzer-strasse-gmbh:264,264,1,0
0,euregio-klinik-albert-schweitzer-strasse-gmbh,euregio-klinik-albert-schweitzer-strasse-gmbh:267,267,1,0
0,euregio-klinik-albert-schweitzer-strasse-gmbh,euregio-klinik-albert-schweitzer-strasse-gmbh:269,269,1,0
3,euregio-klinik-albert-schweitzer-strasse-gmbh,euregio-klinik-albert-schweitzer-strasse-gmbh:272,272,1,0
0,euregio-klinik-albert-schweitzer-strasse-gmbh,euregio-klinik-albert-schweitzer-strasse-gmbh:273,273,1,0
0,euregio-klinik-albert-schweitzer-strasse-gmbh,euregio-klinik-albert-schweitzer-strasse-gmbh:274,274,1,0
0,euregio-klinik-albert-schweitzer-strasse-gmbh,euregio-klinik-albert-schweitzer-strasse-gmbh:276,276,1,0
2,euregio-klinik-albert-schweitzer-strasse-gmbh,euregio-klinik-albert-schweitzer-strasse-gmbh:277,277,2,0
0,euregio-klinik-albert-schweitzer-strasse-gmbh,euregio-klinik-albert-schweitzer-strasse-gmbh:278,278,1,0
1,euregio-klinik-albert-schweitzer-strasse-gmbh,euregio-klinik-albert-schweitzer-strasse-gmbh:281,281,2,0
4,euregio-klinik-albert-schweitzer-strasse-gmbh,euregio-klinik-albert-schweitzer-strasse-gmbh:283,283,1,0
0,euregio-klinik-albert-schweitzer-strasse-gmbh,euregio-klinik-albert-schweitzer-strasse-gmbh:284,284,1,0
2,euregio-klinik-albert-schweitzer-strasse-gmbh,euregio-klinik-albert-schweitzer-strasse-gmbh:285,285,1,0
6,euregio-klinik-albert-schweitzer-strasse-gmbh,euregio-klinik-albert-schweitzer-strasse-gmbh:287,287,1,0
0,euregio-klinik-albert-schweitzer-strasse-gmbh,euregio-klinik-albert-schweitzer-strasse-gmbh:290,290,1,0
6,euregio-klinik-albert-schweitzer-strasse-gmbh,euregio-klinik-albert-schweitzer-strasse-gmbh:291,291,1,0
0,euregio-klinik-albert-schweitzer-strasse-gmbh,euregio-klinik-albert-schweitzer-strasse-gmbh:293,293,1,0
2,euregio-klinik-albert-schweitzer-strasse-gmbh,euregio-klinik-albert-schweitzer-strasse-gmbh:294,294,1,0
0,euregio-klinik-albert-schweitzer-strasse-gmbh,euregio-klinik-albert-schweitzer-strasse-gmbh:295,295,2,0
1,euregio-klinik-albert-schweitzer-strasse-gmbh,euregio-klinik-albert-schweitzer-strasse-gmbh:300,300,1,0
0,euregio-klinik-albert-schweitzer-strasse-gmbh,euregio-klinik-albert-schweitzer-strasse-gmbh:301,301,1,0
0,euregio-klinik-albert-schweitzer-strasse-gmbh,euregio-klinik-albert-schweitzer-strasse-gmbh:302,302,1,0
1,euregio-klinik-albert-schweitzer-strasse-gmbh,euregio-klinik-albert-schweitzer-strasse-gmbh:304,304,1,0
1,euregio-klinik-albert-schweitzer-strasse-gmbh,euregio-klinik-albert-schweitzer-strasse-gmbh:306,306,2,0
0,euregio-klinik-albert-schweitzer-strasse-gmbh,euregio-klinik-albert-schweitzer-strasse-gmbh:310,310,1,0
0,euregio-klinik-albert-schweitzer-strasse-gmbh,euregio-klinik-albert-schweitzer-strasse-gmbh:315,315,1,0
0,euregio-klinik-albert-schweitzer-strasse-gmbh,euregio-klinik-albert-schweitzer-strasse-gmbh:316,316,1,0
0,euregio-klinik-albert-schweitzer-strasse-gmbh,euregio-klinik-albert-schweitzer-strasse-gmbh:317,317,1,0
0,euregio-klinik-albert-schweitzer-strasse-gmbh,euregio-klinik-albert-schweitzer-strasse-gmbh:318,318,1,0
0,euregio-klinik-albert-schweitzer-strasse-gmbh,euregio-klinik-albert-schweitzer-strasse-gmbh:319,319,1,0
2,euregio-klinik-albert-schweitzer-strasse-gmbh,euregio-klinik-albert-schweitzer-strasse-gmbh:325,325,1,0
0,euregio-klinik-albert-schweitzer-strasse-gmbh,euregio-klinik-albert-schweitzer-strasse-gmbh:327,327,1,0
0,euregio-klinik-albert-schweitzer-strasse-gmbh,euregio-klinik-albert-schweitzer-strasse-gmbh:329,329,1,0
1,euregio-klinik-albert-schweitzer-strasse-gmbh,euregio-klinik-albert-schweitzer-strasse-gmbh:332,332,1,0
5,euregio-klinik-albert-schweitzer-strasse-gmbh,euregio-klinik-albert-schweitzer-strasse-gmbh:333,333,1,0
2,euregio-klinik-albert-schweitzer-strasse-gmbh,euregio-klinik-albert-schweitzer-strasse-gmbh:336,336,2,0
3,euregio-klinik-albert-schweitzer-strasse-gmbh,euregio-klinik-albert-schweitzer-strasse-gmbh:337,337,1,0
6,euregio-klinik-albert-schweitzer-strasse-gmbh,euregio-klinik-albert-schweitzer-strasse-gmbh:338,338,1,0
3,euregio-klinik-albert-schweitzer-strasse-gmbh,euregio-klinik-albert-schweitzer-strasse-gmbh:340,340,1,0
3,euregio-klinik-albert-schweitzer-strasse-gmbh,euregio-klinik-albert-schweitzer-strasse-gmbh:342,342,1,0
1,euregio-klinik-albert-schweitzer-strasse-gmbh,euregio-klinik-albert-schweitzer-strasse-gmbh:343,343,2,0
2,euregio-klinik-albert-schweitzer-strasse-gmbh,euregio-klinik-albert-schweitzer-strasse-gmbh:344,344,1,0
1,euregio-klinik-albert-schweitzer-strasse-gmbh,euregio-klinik-albert-schweitzer-strasse-gmbh:346,346,2,0
0,euregio-klinik-albert-schweitzer-strasse-gmbh,euregio-klinik-albert-schweitzer-strasse-gmbh:348,348,1,0
0,euregio-klinik-albert-schweitzer-strasse-gmbh,euregio-klinik-albert-schweitzer-strasse-gmbh:350,350,1,0
0,euregio-klinik-hannoverstrasse-gmbh,euregio-klinik-hannoverstrasse-gmbh:1,1,1,0
2,euregio-klinik-hannoverstrasse-gmbh,euregio-klinik-hannoverstrasse-gmbh:2,2,1,0
0,euregio-klinik-hannoverstrasse-gmbh,euregio-klinik-hannoverstrasse-gmbh:3,3,1,0
1,evangelisches-krankenhaus-goettingen-weende-ggmbh,evangelisches-krankenhaus-goettingen-weende-ggmbh:0,0,1,0
1,evangelisches-krankenhaus-goettingen-weende-ggmbh,evangelisches-krankenhaus-goettingen-weende-ggmbh:9,9,1,0
1,evangelisches-krankenhaus-goettingen-weende-ggmbh,evangelisches-krankenhaus-goettingen-weende-ggmbh:11,11,1,0
0,evangelisches-krankenhaus-goettingen-weende-ggmbh,evangelisches-krankenhaus-goettingen-weende-ggmbh:12,12,1,0
0,evangelisches-krankenhaus-goettingen-weende-ggmbh,evangelisches-krankenhaus-goettingen-weende-ggmbh:21,21,1,0
0,evangelisches-krankenhaus-goettingen-weende-ggmbh,evangelisches-krankenhaus-goettingen-weende-ggmbh:22,22,1,0
4,evangelisches-krankenhaus-goettingen-weende-ggmbh,evangelisches-krankenhaus-goettingen-weende-ggmbh:34,34,1,0
0,evangelisches-krankenhaus-goettingen-weende-ggmbh,evangelisches-krankenhaus-goettingen-weende-ggmbh:36,36,1,0
5,evangelisches-krankenhaus-goettingen-weende-ggmbh,evangelisches-krankenhaus-goettingen-weende-ggmbh:39,39,1,0
0,evangelisches-krankenhaus-goettingen-weende-ggmbh,evangelisches-krankenhaus-goettingen-weende-ggmbh:42,42,1,0
1,evangelisches-krankenhaus-goettingen-weende-ggmbh,evangelisches-krankenhaus-goettingen-weende-ggmbh:55,55,2,0
0,evangelisches-krankenhaus-goettingen-weende-ggmbh,evangelisches-krankenhaus-goettingen-weende-ggmbh:57,57,1,0
2,evangelisches-krankenhaus-goettingen-weende-ggmbh,evangelisches-krankenhaus-goettingen-weende-ggmbh:59,59,1,0
1,evangelisches-krankenhaus-goettingen-weende-ggmbh,evangelisches-krankenhaus-goettingen-weende-ggmbh:62,62,1,0
0,evangelisches-krankenhaus-goettingen-weende-ggmbh,evangelisches-krankenhaus-goettingen-weende-ggmbh:64,64,1,0
5,evangelisches-krankenhaus-goettingen-weende-ggmbh,evangelisches-krankenhaus-goettingen-weende-ggmbh:65,65,1,0
7,evangelisches-krankenhaus-goettingen-weende-ggmbh,evangelisches-krankenhaus-goettingen-weende-ggmbh:66,66,1,0
0,evangelisches-krankenhaus-goettingen-weende-ggmbh,evangelisches-krankenhaus-goettingen-weende-ggmbh:68,68,1,0
6,evangelisches-krankenhaus-goettingen-weende-ggmbh,evangelisches-krankenhaus-goettingen-weende-ggmbh:78,78,1,0
0,evangelisches-krankenhaus-goettingen-weende-ggmbh,evangelisches-krankenhaus-goettingen-weende-ggmbh:79,79,1,0
2,evangelisches-krankenhaus-goettingen-weende-ggmbh,evangelisches-krankenhaus-goettingen-weende-ggmbh:80,80,1,0
7,evangelisches-krankenhaus-goettingen-weende-ggmbh,evangelisches-krankenhaus-goettingen-weende-ggmbh:89,89,1,0
14,evangelisches-krankenhaus-goettingen-weende-ggmbh,evangelisches-krankenhaus-goettingen-weende-ggmbh:95,95,2,0
12,evangelisches-krankenhaus-goettingen-weende-ggmbh,evangelisches-krankenhaus-goettingen-weende-ggmbh:98,98,2,0
6,evangelisches-krankenhaus-goettingen-weende-ggmbh,evangelisches-krankenhaus-goettingen-weende-ggmbh:100,100,2,0
13,evangelisches-krankenhaus-goettingen-weende-ggmbh,evangelisches-krankenhaus-goettingen-weende-ggmbh:105,105,1,0
13,evangelisches-krankenhaus-goettingen-weende-ggmbh,evangelisches-krankenhaus-goettingen-weende-ggmbh:106,106,1,0
5,evangelisches-krankenhaus-goettingen-weende-ggmbh,evangelisches-krankenhaus-goettingen-weende-ggmbh:107,107,2,0
12,evangelisches-krankenhaus-goettingen-weende-ggmbh,evangelisches-krankenhaus-goettingen-weende-ggmbh:108,108,1,0
18,evangelisches-krankenhaus-goettingen-weende-ggmbh,evangelisches-krankenhaus-goettingen-weende-ggmbh:112,112,1,0
28,evangelisches-krankenhaus-goettingen-weende-ggmbh,evangelisches-krankenhaus-goettingen-weende-ggmbh:113,113,1,0
8,evangelisches-krankenhaus-goettingen-weende-ggmbh,evangelisches-krankenhaus-goettingen-weende-ggmbh:117,117,1,0
13,evangelisches-krankenhaus-goettingen-weende-ggmbh,evangelisches-krankenhaus-goettingen-weende-ggmbh:118,118,1,0
8,evangelisches-krankenhaus-goettingen-weende-ggmbh,evangelisches-krankenhaus-goettingen-weende-ggmbh:122,122,1,0
20,evangelisches-krankenhaus-goettingen-weende-ggmbh,evangelisches-krankenhaus-goettingen-weende-ggmbh:123,123,1,0
3,evangelisches-krankenhaus-goettingen-weende-ggmbh,evangelisches-krankenhaus-goettingen-weende-ggmbh:125,125,1,0
11,evangelisches-krankenhaus-goettingen-weende-ggmbh,evangelisches-krankenhaus-goettingen-weende-ggmbh:126,126,1,0
9,evangelisches-krankenhaus-goettingen-weende-ggmbh,evangelisches-krankenhaus-goettingen-weende-ggmbh:127,127,1,0
11,evangelisches-krankenhaus-goettingen-weende-ggmbh,evangelisches-krankenhaus-goettingen-weende-ggmbh:128,128,2,0
16,evangelisches-krankenhaus-goettingen-weende-ggmbh,evangelisches-krankenhaus-goettingen-weende-ggmbh:129,129,1,0
12,evangelisches-krankenhaus-goettingen-weende-ggmbh,evangelisches-krankenhaus-goettingen-weende-ggmbh:130,130,2,0
0,evangelisches-krankenhaus-goettingen-weende-ggmbh,evangelisches-krankenhaus-goettingen-weende-ggmbh:131,131,1,0
20,evangelisches-krankenhaus-goettingen-weende-ggmbh,evangelisches-krankenhaus-goettingen-weende-ggmbh:132,132,1,0
11,evangelisches-krankenhaus-goettingen-weende-ggmbh,evangelisches-krankenhaus-goettingen-weende-ggmbh:138,138,1,0
7,evangelisches-krankenhaus-goettingen-weende-ggmbh,evangelisches-krankenhaus-goettingen-weende-ggmbh:142,142,1,0
8,evangelisches-krankenhaus-goettingen-weende-ggmbh,evangelisches-krankenhaus-goettingen-weende-ggmbh:143,143,1,0
11,evangelisches-krankenhaus-goettingen-weende-ggmbh,evangelisches-krankenhaus-goettingen-weende-ggmbh:145,145,1,0
9,evangelisches-krankenhaus-goettingen-weende-ggmbh,evangelisches-krankenhaus-goettingen-weende-ggmbh:146,146,1,0
13,evangelisches-krankenhaus-goettingen-weende-ggmbh,evangelisches-krankenhaus-goettingen-weende-ggmbh:147,147,1,0
4,evangelisches-krankenhaus-goettingen-weende-ggmbh,evangelisches-krankenhaus-goettingen-weende-ggmbh:148,148,2,0
11,evangelisches-krankenhaus-goettingen-weende-ggmbh,evangelisches-krankenhaus-goettingen-weende-ggmbh:152,152,1,0
15,evangelisches-krankenhaus-goettingen-weende-ggmbh,evangelisches-krankenhaus-goettingen-weende-ggmbh:153,153,1,0
5,evangelisches-krankenhaus-goettingen-weende-ggmbh,evangelisches-krankenhaus-goettingen-weende-ggmbh:154,154,1,0
16,evangelisches-krankenhaus-goettingen-weende-ggmbh,evangelisches-krankenhaus-goettingen-weende-ggmbh:155,155,1,0
11,evangelisches-krankenhaus-goettingen-weende-ggmbh,evangelisches-krankenhaus-goettingen-weende-ggmbh:157,157,1,0
16,evangelisches-krankenhaus-goettingen-weende-ggmbh,evangelisches-krankenhaus-goettingen-weende-ggmbh:160,160,1,0
3,evangelisches-krankenhaus-goettingen-weende-ggmbh,evangelisches-krankenhaus-goettingen-weende-ggmbh:168,168,1,0
1,evangelisches-krankenhaus-goettingen-weende-ggmbh,evangelisches-krankenhaus-goettingen-weende-ggmbh:169,169,2,0
0,evangelisches-krankenhaus-goettingen-weende-ggmbh,evangelisches-krankenhaus-goettingen-weende-ggmbh:172,172,1,0
7,evangelisches-krankenhaus-goettingen-weende-ggmbh,evangelisches-krankenhaus-goettingen-weende-ggmbh:173,173,1,0
0,evangelisches-krankenhaus-goettingen-weende-ggmbh,evangelisches-krankenhaus-goettingen-weende-ggmbh:174,174,1,0
13,evangelisches-krankenhaus-goettingen-weende-ggmbh,evangelisches-krankenhaus-goettingen-weende-ggmbh:180,180,1,0
10,evangelisches-krankenhaus-goettingen-weende-ggmbh,evangelisches-krankenhaus-goettingen-weende-ggmbh:183,183,1,0
6,evangelisches-krankenhaus-goettingen-weende-ggmbh,evangelisches-krankenhaus-goettingen-weende-ggmbh:184,184,1,0
8,evangelisches-krankenhaus-goettingen-weende-ggmbh,evangelisches-krankenhaus-goettingen-weende-ggmbh:187,187,1,0
4,evangelisches-krankenhaus-goettingen-weende-ggmbh,evangelisches-krankenhaus-goettingen-weende-ggmbh:199,199,1,0
0,evangelisches-krankenhaus-goettingen-weende-ggmbh,evangelisches-krankenhaus-goettingen-weende-ggmbh:205,205,1,0
1,evangelisches-krankenhaus-goettingen-weende-ggmbh,evangelisches-krankenhaus-goettingen-weende-ggmbh:210,210,1,0
4,evangelisches-krankenhaus-goettingen-weende-ggmbh,evangelisches-krankenhaus-goettingen-weende-ggmbh:223,223,1,0
0,evangelisches-krankenhaus-goettingen-weende-ggmbh,evangelisches-krankenhaus-goettingen-weende-ggmbh:229,229,2,0
0,evangelisches-krankenhaus-goettingen-weende-ggmbh,evangelisches-krankenhaus-goettingen-weende-ggmbh:231,231,1,0
1,evangelisches-krankenhaus-goettingen-weende-ggmbh,evangelisches-krankenhaus-goettingen-weende-ggmbh:232,232,1,0
1,evangelisches-krankenhaus-goettingen-weende-ggmbh,evangelisches-krankenhaus-goettingen-weende-ggmbh:235,235,1,0
4,evangelisches-krankenhaus-goettingen-weende-ggmbh,evangelisches-krankenhaus-goettingen-weende-ggmbh:238,238,1,0
1,evangelisches-krankenhaus-goettingen-weende-ggmbh,evangelisches-krankenhaus-goettingen-weende-ggmbh:242,242,1,0
1,evangelisches-krankenhaus-goettingen-weende-ggmbh,evangelisches-krankenhaus-goettingen-weende-ggmbh:244,244,1,0
0,evangelisches-krankenhaus-goettingen-weende-ggmbh,evangelisches-krankenhaus-goettingen-weende-ggmbh:245,245,1,0
2,evangelisches-krankenhaus-goettingen-weende-ggmbh,evangelisches-krankenhaus-goettingen-weende-ggmbh:247,247,1,0
6,evangelisches-krankenhaus-goettingen-weende-ggmbh,evangelisches-krankenhaus-goettingen-weende-ggmbh:248,248,1,0
0,evangelisches-krankenhaus-goettingen-weende-ggmbh,evangelisches-krankenhaus-goettingen-weende-ggmbh:254,254,1,0
1,evangelisches-krankenhaus-goettingen-weende-ggmbh,evangelisches-krankenhaus-goettingen-weende-ggmbh:255,255,1,0
1,evangelisches-krankenhaus-goettingen-weende-ggmbh,evangelisches-krankenhaus-goettingen-weende-ggmbh:256,256,1,0
2,evangelisches-krankenhaus-goettingen-weende-ggmbh,evangelisches-krankenhaus-goettingen-weende-ggmbh:258,258,1,0
3,evangelisches-krankenhaus-goettingen-weende-ggmbh,evangelisches-krankenhaus-goettingen-weende-ggmbh:259,259,1,0
0,evangelisches-krankenhaus-goettingen-weende-ggmbh,evangelisches-krankenhaus-goettingen-weende-ggmbh:261,261,1,0
0,evangelisches-krankenhaus-goettingen-weende-ggmbh,evangelisches-krankenhaus-goettingen-weende-ggmbh:265,265,1,0
0,evangelisches-krankenhaus-goettingen-weende-ggmbh,evangelisches-krankenhaus-goettingen-weende-ggmbh:269,269,1,0
11,evangelisches-krankenhaus-goettingen-weende-ggmbh,evangelisches-krankenhaus-goettingen-weende-ggmbh:271,271,1,0
0,evangelisches-krankenhaus-goettingen-weende-ggmbh,evangelisches-krankenhaus-goettingen-weende-ggmbh:276,276,1,0
3,evangelisches-krankenhaus-goettingen-weende-ggmbh,evangelisches-krankenhaus-goettingen-weende-ggmbh:278,278,1,0
0,evangelisches-krankenhaus-goettingen-weende-ggmbh,evangelisches-krankenhaus-goettingen-weende-ggmbh:285,285,2,0
0,evangelisches-krankenhaus-goettingen-weende-ggmbh,evangelisches-krankenhaus-goettingen-weende-ggmbh:289,289,2,0
0,evangelisches-krankenhaus-goettingen-weende-ggmbh,evangelisches-krankenhaus-goettingen-weende-ggmbh:290,290,1,0
1,evangelisches-krankenhaus-goettingen-weende-ggmbh,evangelisches-krankenhaus-goettingen-weende-ggmbh:293,293,1,0
0,evangelisches-krankenhaus-goettingen-weende-ggmbh,evangelisches-krankenhaus-goettingen-weende-ggmbh:294,294,2,0
11,evangelisches-krankenhaus-goettingen-weende-ggmbh,evangelisches-krankenhaus-goettingen-weende-ggmbh:295,295,1,0
2,evangelisches-krankenhaus-goettingen-weende-ggmbh,evangelisches-krankenhaus-goettingen-weende-ggmbh:300,300,1,0
0,evangelisches-krankenhaus-goettingen-weende-ggmbh,evangelisches-krankenhaus-goettingen-weende-ggmbh:302,302,2,0
0,evangelisches-krankenhaus-goettingen-weende-ggmbh,evangelisches-krankenhaus-goettingen-weende-ggmbh:303,303,2,0
0,evangelisches-krankenhaus-oldenburg,evangelisches-krankenhaus-oldenburg:5,5,1,0
0,evangelisches-krankenhaus-oldenburg,evangelisches-krankenhaus-oldenburg:9,9,1,0
0,evangelisches-krankenhaus-oldenburg,evangelisches-krankenhaus-oldenburg:15,15,1,0
0,evangelisches-krankenhaus-oldenburg,evangelisches-krankenhaus-oldenburg:16,16,1,0
0,evangelisches-krankenhaus-oldenburg,evangelisches-krankenhaus-oldenburg:19,19,1,0
0,evangelisches-krankenhaus-oldenburg,evangelisches-krankenhaus-oldenburg:20,20,1,0
0,evangelisches-krankenhaus-oldenburg,evangelisches-krankenhaus-oldenburg:22,22,1,0
0,evangelisches-krankenhaus-oldenburg,evangelisches-krankenhaus-oldenburg:25,25,1,0
0,evangelisches-krankenhaus-oldenburg,evangelisches-krankenhaus-oldenburg:26,26,1,0
0,evangelisches-krankenhaus-oldenburg,evangelisches-krankenhaus-oldenburg:28,28,1,0
1,evangelisches-krankenhaus-oldenburg,evangelisches-krankenhaus-oldenburg:35,35,2,0
0,evangelisches-krankenhaus-oldenburg,evangelisches-krankenhaus-oldenburg:36,36,1,0
0,evangelisches-krankenhaus-oldenburg,evangelisches-krankenhaus-oldenburg:40,40,1,0
0,evangelisches-krankenhaus-oldenburg,evangelisches-krankenhaus-oldenburg:41,41,1,0
0,evangelisches-krankenhaus-oldenburg,evangelisches-krankenhaus-oldenburg:48,48,1,0
0,evangelisches-krankenhaus-oldenburg,evangelisches-krankenhaus-oldenburg:49,49,1,0
2,evangelisches-krankenhaus-oldenburg,evangelisches-krankenhaus-oldenburg:50,50,1,0
0,evangelisches-krankenhaus-oldenburg,evangelisches-krankenhaus-oldenburg:51,51,1,0
0,evangelisches-krankenhaus-oldenburg,evangelisches-krankenhaus-oldenburg:55,55,1,0
0,evangelisches-krankenhaus-oldenburg,evangelisches-krankenhaus-oldenburg:58,58,1,0
0,evangelisches-krankenhaus-oldenburg,evangelisches-krankenhaus-oldenburg:62,62,1,0
10,evangelisches-krankenhaus-oldenburg,evangelisches-krankenhaus-oldenburg:65,65,2,0
2,evangelisches-krankenhaus-oldenburg,evangelisches-krankenhaus-oldenburg:71,71,1,0
1,evangelisches-krankenhaus-oldenburg,evangelisches-krankenhaus-oldenburg:76,76,1,0
3,evangelisches-krankenhaus-oldenburg,evangelisches-krankenhaus-oldenburg:92,92,2,0
2,evangelisches-krankenhaus-oldenburg,evangelisches-krankenhaus-oldenburg:94,94,1,0
2,evangelisches-krankenhaus-oldenburg,evangelisches-krankenhaus-oldenburg:96,96,2,0
21,evangelisches-krankenhaus-oldenburg,evangelisches-krankenhaus-oldenburg:100,100,1,0
0,evangelisches-krankenhaus-oldenburg,evangelisches-krankenhaus-oldenburg:103,103,2,0
0,fachklinik-bad-bentheim-thermalsole-und-schwefelbad-bentheim-gmbh,fachklinik-bad-bentheim-thermalsole-und-schwefelbad-bentheim-gmbh:5,5,1,0
0,fachklinik-bad-bentheim-thermalsole-und-schwefelbad-bentheim-gmbh,fachklinik-bad-bentheim-thermalsole-und-schwefelbad-bentheim-gmbh:23,23,1,0
0,fachklinik-bad-bentheim-thermalsole-und-schwefelbad-bentheim-gmbh,fachklinik-bad-bentheim-thermalsole-und-schwefelbad-bentheim-gmbh:24,24,1,0
2,falkenried-caduceus-klinik-gmbh,falkenried-caduceus-klinik-gmbh:2,2,2,0
2,falkenried-caduceus-klinik-gmbh,falkenried-caduceus-klinik-gmbh:5,5,2,0
9,falkenried-caduceus-klinik-gmbh,falkenried-caduceus-klinik-gmbh:6,6,1,0
5,falkenried-caduceus-klinik-gmbh,falkenried-caduceus-klinik-gmbh:10,10,1,0
0,falkenried-caduceus-klinik-gmbh,falkenried-caduceus-klinik-gmbh:15,15,1,0
0,helios-albert-schweitzer-klinik-northeim,helios-albert-schweitzer-klinik-northeim:7,7,1,0
0,helios-albert-schweitzer-klinik-northeim,helios-albert-schweitzer-klinik-northeim:12,12,1,0
0,helios-albert-schweitzer-klinik-northeim,helios-albert-schweitzer-klinik-northeim:13,13,1,0
0,helios-albert-schweitzer-klinik-northeim,helios-albert-schweitzer-klinik-northeim:16,16,1,0
0,helios-albert-schweitzer-klinik-northeim,helios-albert-schweitzer-klinik-northeim:18,18,1,0
0,helios-albert-schweitzer-klinik-northeim,helios-albert-schweitzer-klinik-northeim:19,19,1,0
0,helios-albert-schweitzer-klinik-northeim,helios-albert-schweitzer-klinik-northeim:21,21,1,0
0,helios-albert-schweitzer-klinik-northeim,helios-albert-schweitzer-klinik-northeim:23,23,1,0
1,helios-albert-schweitzer-klinik-northeim,helios-albert-schweitzer-klinik-northeim:25,25,1,0
0,helios-klinik-cuxhaven-gmbh,helios-klinik-cuxhaven-gmbh:0,0,1,0
0,helios-klinik-cuxhaven-gmbh,helios-klinik-cuxhaven-gmbh:2,2,1,0
0,helios-klinik-cuxhaven-gmbh,helios-klinik-cuxhaven-gmbh:6,6,1,0
0,helios-klinik-cuxhaven-gmbh,helios-klinik-cuxhaven-gmbh:7,7,1,0
0,helios-klinik-cuxhaven-gmbh,helios-klinik-cuxhaven-gmbh:8,8,1,0
0,helios-klinik-cuxhaven-gmbh,helios-klinik-cuxhaven-gmbh:9,9,1,0
0,helios-klinik-cuxhaven-gmbh,helios-klinik-cuxhaven-gmbh:13,13,1,0
1,helios-klinik-cuxhaven-gmbh,helios-klinik-cuxhaven-gmbh:15,15,1,0
0,helios-klinik-cuxhaven-gmbh,helios-klinik-cuxhaven-gmbh:17,17,2,0
0,helios-klinik-cuxhaven-gmbh,helios-klinik-cuxhaven-gmbh:18,18,1,0
0,helios-klinik-cuxhaven-gmbh,helios-klinik-cuxhaven-gmbh:21,21,1,1
0,helios-klinik-cuxhaven-gmbh,helios-klinik-cuxhaven-gmbh:22,22,1,0
0,helios-klinik-cuxhaven-gmbh,helios-klinik-cuxhaven-gmbh:23,23,1,0
0,helios-klinik-cuxhaven-gmbh,helios-klinik-cuxhaven-gmbh:24,24,1,0
1,helios-klinik-cuxhaven-gmbh,helios-klinik-cuxhaven-gmbh:27,27,1,0
0,helios-klinik-wesermarsch-nordenham-gmbh,helios-klinik-wesermarsch-nordenham-gmbh:3,3,1,0
0,helios-klinik-wesermarsch-nordenham-gmbh,helios-klinik-wesermarsch-nordenham-gmbh:5,5,2,0
0,helios-klinik-wesermarsch-nordenham-gmbh,helios-klinik-wesermarsch-nordenham-gmbh:6,6,1,0
0,helios-klinik-wesermarsch-nordenham-gmbh,helios-klinik-wesermarsch-nordenham-gmbh:7,7,1,0
1,helios-klinik-wesermarsch-nordenham-gmbh,helios-klinik-wesermarsch-nordenham-gmbh:9,9,1,0
1,helios-klinik-wesermarsch-nordenham-gmbh,helios-klinik-wesermarsch-nordenham-gmbh:11,11,1,0
0,helios-klinik-wesermarsch-nordenham-gmbh,helios-klinik-wesermarsch-nordenham-gmbh:13,13,2,0
0,helios-klinik-wesermarsch-nordenham-gmbh,helios-klinik-wesermarsch-nordenham-gmbh:14,14,1,0
0,helios-klinik-wesermarsch-nordenham-gmbh,helios-klinik-wesermarsch-nordenham-gmbh:17,17,1,0
0,helios-klinik-wesermarsch-nordenham-gmbh,helios-klinik-wesermarsch-nordenham-gmbh:21,21,1,0
1,helios-klinik-wesermarsch-nordenham-gmbh,helios-klinik-wesermarsch-nordenham-gmbh:22,22,1,0
4,helios-klinik-wesermarsch-nordenham-gmbh,helios-klinik-wesermarsch-nordenham-gmbh:24,24,1,0
0,helios-klinik-wesermarsch-nordenham-gmbh,helios-klinik-wesermarsch-nordenham-gmbh:25,25,1,0
0,helios-klinik-wesermarsch-nordenham-gmbh,helios-klinik-wesermarsch-nordenham-gmbh:26,26,1,0
3,helios-klinik-wesermarsch-nordenham-gmbh,helios-klinik-wesermarsch-nordenham-gmbh:28,28,1,0
0,helios-klinik-wesermarsch-nordenham-gmbh,helios-klinik-wesermarsch-nordenham-gmbh:29,29,1,0
0,helios-klinik-wittingen-gmbh,helios-klinik-wittingen-gmbh:0,0,1,0
0,helios-klinik-wittingen-gmbh,helios-klinik-wittingen-gmbh:1,1,1,0
0,helios-klinik-wittingen-gmbh,helios-klinik-wittingen-gmbh:2,2,1,0
2,helios-klinik-wittingen-gmbh,helios-klinik-wittingen-gmbh:4,4,2,0
0,helios-klinik-wittingen-gmbh,helios-klinik-wittingen-gmbh:5,5,1,0
0,helios-klinik-wittingen-gmbh,helios-klinik-wittingen-gmbh:15,15,1,0
0,helios-kliniken-mittelweser-gmbh-klinik-nienburg,helios-kliniken-mittelweser-gmbh-klinik-nienburg:1,1,1,0
0,helios-kliniken-mittelweser-gmbh-klinik-nienburg,helios-kliniken-mittelweser-gmbh-klinik-nienburg:2,2,1,0
0,helios-kliniken-mittelweser-gmbh-klinik-nienburg,helios-kliniken-mittelweser-gmbh-klinik-nienburg:6,6,1,0
0,helios-kliniken-mittelweser-gmbh-klinik-nienburg,helios-kliniken-mittelweser-gmbh-klinik-nienburg:8,8,1,0
0,helios-kliniken-mittelweser-gmbh-klinik-nienburg,helios-kliniken-mittelweser-gmbh-klinik-nienburg:9,9,1,0
0,helios-kliniken-mittelweser-gmbh-klinik-nienburg,helios-kliniken-mittelweser-gmbh-klinik-nienburg:10,10,1,0
0,helios-kliniken-mittelweser-gmbh-klinik-nienburg,helios-kliniken-mittelweser-gmbh-klinik-nienburg:11,11,1,0
0,helios-kliniken-mittelweser-gmbh-klinik-nienburg,helios-kliniken-mittelweser-gmbh-klinik-nienburg:12,12,1,0
0,helios-kliniken-mittelweser-gmbh-klinik-nienburg,helios-kliniken-mittelweser-gmbh-klinik-nienburg:16,16,1,0
0,helios-kliniken-mittelweser-gmbh-klinik-nienburg,helios-kliniken-mittelweser-gmbh-klinik-nienburg:18,18,1,0
0,helios-kliniken-mittelweser-gmbh-klinik-nienburg,helios-kliniken-mittelweser-gmbh-klinik-nienburg:22,22,2,0
0,helios-kliniken-mittelweser-gmbh-klinik-nienburg,helios-kliniken-mittelweser-gmbh-klinik-nienburg:23,23,1,0
0,helios-kliniken-mittelweser-gmbh-klinik-nienburg,helios-kliniken-mittelweser-gmbh-klinik-nienburg:26,26,1,0
0,helios-klinikum-gifhorn-gmbh,helios-klinikum-gifhorn-gmbh:2,2,1,0
0,helios-klinikum-gifhorn-gmbh,helios-klinikum-gifhorn-gmbh:4,4,1,0
0,helios-klinikum-gifhorn-gmbh,helios-klinikum-gifhorn-gmbh:5,5,1,0
0,helios-klinikum-gifhorn-gmbh,helios-klinikum-gifhorn-gmbh:7,7,1,0
1,helios-klinikum-gifhorn-gmbh,helios-klinikum-gifhorn-gmbh:8,8,1,0
0,helios-klinikum-gifhorn-gmbh,helios-klinikum-gifhorn-gmbh:11,11,2,0
0,helios-klinikum-gifhorn-gmbh,helios-klinikum-gifhorn-gmbh:12,12,1,0
0,helios-klinikum-gifhorn-gmbh,helios-klinikum-gifhorn-gmbh:13,13,2,0
0,helios-klinikum-gifhorn-gmbh,helios-klinikum-gifhorn-gmbh:14,14,1,0
0,helios-klinikum-gifhorn-gmbh,helios-klinikum-gifhorn-gmbh:16,16,2,0
0,helios-klinikum-gifhorn-gmbh,helios-klinikum-gifhorn-gmbh:17,17,1,0
0,helios-klinikum-gifhorn-gmbh,helios-klinikum-gifhorn-gmbh:18,18,1,0
1,helios-klinikum-gifhorn-gmbh,helios-klinikum-gifhorn-gmbh:19,19,2,0
0,helios-klinikum-gifhorn-gmbh,helios-klinikum-gifhorn-gmbh:20,20,1,0
1,helios-klinikum-gifhorn-gmbh,helios-klinikum-gifhorn-gmbh:21,21,1,0
0,helios-klinikum-gifhorn-gmbh,helios-klinikum-gifhorn-gmbh:23,23,1,0
0,helios-klinikum-gifhorn-gmbh,helios-klinikum-gifhorn-gmbh:24,24,1,0
1,helios-klinikum-gifhorn-gmbh,helios-klinikum-gifhorn-gmbh:26,26,1,0
10,helios-klinikum-gifhorn-gmbh,helios-klinikum-gifhorn-gmbh:52,52,2,0
0,helios-klinikum-gifhorn-gmbh,helios-klinikum-gifhorn-gmbh:55,55,1,0
0,helios-klinikum-gifhorn-gmbh,helios-klinikum-gifhorn-gmbh:59,59,1,0
0,helios-klinikum-gifhorn-gmbh,helios-klinikum-gifhorn-gmbh:66,66,1,0
2,helios-klinikum-gifhorn-gmbh,helios-klinikum-gifhorn-gmbh:71,71,1,0
3,helios-klinikum-gifhorn-gmbh,helios-klinikum-gifhorn-gmbh:73,73,2,0
4,helios-klinikum-gifhorn-gmbh,helios-klinikum-gifhorn-gmbh:74,74,2,0
3,helios-klinikum-gifhorn-gmbh,helios-klinikum-gifhorn-gmbh:88,88,2,0
3,helios-klinikum-gifhorn-gmbh,helios-klinikum-gifhorn-gmbh:102,102,1,0
4,helios-klinikum-gifhorn-gmbh,helios-klinikum-gifhorn-gmbh:103,103,1,0
12,helios-klinikum-gifhorn-gmbh,helios-klinikum-gifhorn-gmbh:109,109,1,0
2,helios-klinikum-gifhorn-gmbh,helios-klinikum-gifhorn-gmbh:113,113,2,0
5,helios-klinikum-gifhorn-gmbh,helios-klinikum-gifhorn-gmbh:115,115,1,0
2,helios-klinikum-gifhorn-gmbh,helios-klinikum-gifhorn-gmbh:117,117,2,0
11,helios-klinikum-gifhorn-gmbh,helios-klinikum-gifhorn-gmbh:128,128,1,0
4,helios-klinikum-gifhorn-gmbh,helios-klinikum-gifhorn-gmbh:132,132,2,0
6,helios-klinikum-gifhorn-gmbh,helios-klinikum-gifhorn-gmbh:136,136,1,0
2,helios-klinikum-gifhorn-gmbh,helios-klinikum-gifhorn-gmbh:138,138,2,0
6,helios-klinikum-gifhorn-gmbh,helios-klinikum-gifhorn-gmbh:141,141,1,0
9,helios-klinikum-gifhorn-gmbh,helios-klinikum-gifhorn-gmbh:142,142,1,0
11,helios-klinikum-gifhorn-gmbh,helios-klinikum-gifhorn-gmbh:148,148,1,0
3,helios-klinikum-gifhorn-gmbh,helios-klinikum-gifhorn-gmbh:154,154,1,0
8,helios-klinikum-gifhorn-gmbh,helios-klinikum-gifhorn-gmbh:161,161,1,0
6,helios-klinikum-gifhorn-gmbh,helios-klinikum-gifhorn-gmbh:167,167,1,0
13,helios-klinikum-gifhorn-gmbh,helios-klinikum-gifhorn-gmbh:170,170,1,0
22,helios-klinikum-gifhorn-gmbh,helios-klinikum-gifhorn-gmbh:171,171,1,0
1,helios-klinikum-gifhorn-gmbh,helios-klinikum-gifhorn-gmbh:172,172,1,0
0,helios-klinikum-gifhorn-gmbh,helios-klinikum-gifhorn-gmbh:174,174,1,0
10,helios-klinikum-gifhorn-gmbh,helios-klinikum-gifhorn-gmbh:176,176,1,0
6,helios-klinikum-gifhorn-gmbh,helios-klinikum-gifhorn-gmbh:179,179,1,0
6,helios-klinikum-gifhorn-gmbh,helios-klinikum-gifhorn-gmbh:188,188,1,0
9,helios-klinikum-gifhorn-gmbh,helios-klinikum-gifhorn-gmbh:191,191,2,0
2,helios-klinikum-gifhorn-gmbh,helios-klinikum-gifhorn-gmbh:196,196,2,0
5,helios-klinikum-gifhorn-gmbh,helios-klinikum-gifhorn-gmbh:198,198,1,0
6,helios-klinikum-gifhorn-gmbh,helios-klinikum-gifhorn-gmbh:203,203,1,0
14,helios-klinikum-gifhorn-gmbh,helios-klinikum-gifhorn-gmbh:204,204,2,0
9,helios-klinikum-gifhorn-gmbh,helios-klinikum-gifhorn-gmbh:205,205,1,0
6,helios-klinikum-gifhorn-gmbh,helios-klinikum-gifhorn-gmbh:206,206,1,0
5,helios-klinikum-gifhorn-gmbh,helios-klinikum-gifhorn-gmbh:207,207,1,0
6,helios-klinikum-gifhorn-gmbh,helios-klinikum-gifhorn-gmbh:209,209,1,0
1,helios-klinikum-gifhorn-gmbh,helios-klinikum-gifhorn-gmbh:210,210,2,0
4,helios-klinikum-gifhorn-gmbh,helios-klinikum-gifhorn-gmbh:213,213,1,0
7,helios-klinikum-gifhorn-gmbh,helios-klinikum-gifhorn-gmbh:221,221,1,0
6,helios-klinikum-gifhorn-gmbh,helios-klinikum-gifhorn-gmbh:225,225,1,0
9,helios-klinikum-gifhorn-gmbh,helios-klinikum-gifhorn-gmbh:227,227,1,0
5,helios-klinikum-gifhorn-gmbh,helios-klinikum-gifhorn-gmbh:231,231,1,0
0,helios-klinikum-gifhorn-gmbh,helios-klinikum-gifhorn-gmbh:233,233,2,0
0,helios-klinikum-gifhorn-gmbh,helios-klinikum-gifhorn-gmbh:238,238,1,0
9,helios-klinikum-gifhorn-gmbh,helios-klinikum-gifhorn-gmbh:241,241,1,0
1,helios-klinikum-gifhorn-gmbh,helios-klinikum-gifhorn-gmbh:242,242,1,0
0,helios-klinikum-gifhorn-gmbh,helios-klinikum-gifhorn-gmbh:245,245,1,0
2,helios-klinikum-gifhorn-gmbh,helios-klinikum-gifhorn-gmbh:249,249,2,0
6,helios-klinikum-gifhorn-gmbh,helios-klinikum-gifhorn-gmbh:251,251,1,0
6,helios-klinikum-gifhorn-gmbh,helios-klinikum-gifhorn-gmbh:253,253,2,0
1,helios-klinikum-gifhorn-gmbh,helios-klinikum-gifhorn-gmbh:255,255,2,0
12,helios-klinikum-gifhorn-gmbh,helios-klinikum-gifhorn-gmbh:258,258,2,0
1,helios-klinikum-gifhorn-gmbh,helios-klinikum-gifhorn-gmbh:264,264,2,0
8,helios-klinikum-gifhorn-gmbh,helios-klinikum-gifhorn-gmbh:267,267,1,0
2,helios-klinikum-gifhorn-gmbh,helios-klinikum-gifhorn-gmbh:275,275,1,0
0,helios-klinikum-gifhorn-gmbh,helios-klinikum-gifhorn-gmbh:279,279,1,0
3,helios-klinikum-gifhorn-gmbh,helios-klinikum-gifhorn-gmbh:280,280,1,0
4,helios-klinikum-gifhorn-gmbh,helios-klinikum-gifhorn-gmbh:282,282,1,0
4,helios-klinikum-gifhorn-gmbh,helios-klinikum-gifhorn-gmbh:285,285,2,0
7,helios-klinikum-gifhorn-gmbh,helios-klinikum-gifhorn-gmbh:290,290,1,0
1,helios-klinikum-gifhorn-gmbh,helios-klinikum-gifhorn-gmbh:294,294,2,0
1,helios-klinikum-gifhorn-gmbh,helios-klinikum-gifhorn-gmbh:305,305,1,0
0,helios-klinikum-gifhorn-gmbh,helios-klinikum-gifhorn-gmbh:307,307,2,0
0,helios-klinikum-gifhorn-gmbh,helios-klinikum-gifhorn-gmbh:314,314,1,0
2,helios-klinikum-gifhorn-gmbh,helios-klinikum-gifhorn-gmbh:315,315,1,0
8,helios-klinikum-gifhorn-gmbh,helios-klinikum-gifhorn-gmbh:316,316,1,0
0,helios-klinikum-gifhorn-gmbh,helios-klinikum-gifhorn-gmbh:317,317,1,0
0,helios-klinikum-gifhorn-gmbh,helios-klinikum-gifhorn-gmbh:327,327,2,0
3,helios-klinikum-gifhorn-gmbh,helios-klinikum-gifhorn-gmbh:328,328,1,0
1,helios-klinikum-gifhorn-gmbh,helios-klinikum-gifhorn-gmbh:335,335,1,0
2,helios-klinikum-gifhorn-gmbh,helios-klinikum-gifhorn-gmbh:338,338,1,0
0,helios-klinikum-gifhorn-gmbh,helios-klinikum-gifhorn-gmbh:339,339,1,0
3,helios-klinikum-gifhorn-gmbh,helios-klinikum-gifhorn-gmbh:340,340,1,0
2,helios-klinikum-gifhorn-gmbh,helios-klinikum-gifhorn-gmbh:341,341,1,0
1,helios-klinikum-gifhorn-gmbh,helios-klinikum-gifhorn-gmbh:353,353,2,0
0,helios-klinikum-gifhorn-gmbh,helios-klinikum-gifhorn-gmbh:361,361,1,0
0,helios-klinikum-gifhorn-gmbh,helios-klinikum-gifhorn-gmbh:368,368,1,0
0,helios-klinikum-gifhorn-gmbh,helios-klinikum-gifhorn-gmbh:371,371,1,0
0,helios-klinikum-gifhorn-gmbh,helios-klinikum-gifhorn-gmbh:372,372,1,0
0,helios-klinikum-gifhorn-gmbh,helios-klinikum-gifhorn-gmbh:373,373,1,0
0,helios-klinikum-gifhorn-gmbh,helios-klinikum-gifhorn-gmbh:376,376,1,0
0,helios-klinikum-gifhorn-gmbh,helios-klinikum-gifhorn-gmbh:377,377,1,0
0,helios-klinikum-gifhorn-gmbh,helios-klinikum-gifhorn-gmbh:380,380,1,0
0,helios-klinikum-gifhorn-gmbh,helios-klinikum-gifhorn-gmbh:382,382,1,0
0,helios-klinikum-gifhorn-gmbh,helios-klinikum-gifhorn-gmbh:384,384,2,0
0,helios-klinikum-gifhorn-gmbh,helios-klinikum-gifhorn-gmbh:385,385,1,0
0,helios-klinikum-gifhorn-gmbh,helios-klinikum-gifhorn-gmbh:387,387,1,0
0,helios-klinikum-gifhorn-gmbh,helios-klinikum-gifhorn-gmbh:388,388,1,0
0,helios-klinikum-gifhorn-gmbh,helios-klinikum-gifhorn-gmbh:389,389,1,0
0,helios-klinikum-gifhorn-gmbh,helios-klinikum-gifhorn-gmbh:390,390,1,0
0,helios-klinikum-gifhorn-gmbh,helios-klinikum-gifhorn-gmbh:391,391,1,0
0,helios-klinikum-gifhorn-gmbh,helios-klinikum-gifhorn-gmbh:393,393,1,0
0,helios-klinikum-gifhorn-gmbh,helios-klinikum-gifhorn-gmbh:395,395,1,0
1,helios-klinikum-hildesheim-gmbh,helios-klinikum-hildesheim-gmbh:0,0,1,0
0,helios-klinikum-hildesheim-gmbh,helios-klinikum-hildesheim-gmbh:3,3,1,0
2,helios-klinikum-hildesheim-gmbh,helios-klinikum-hildesheim-gmbh:4,4,1,0
0,helios-klinikum-hildesheim-gmbh,helios-klinikum-hildesheim-gmbh:6,6,1,0
0,helios-klinikum-hildesheim-gmbh,helios-klinikum-hildesheim-gmbh:7,7,1,0
0,helios-klinikum-hildesheim-gmbh,helios-klinikum-hildesheim-gmbh:8,8,1,0
0,helios-klinikum-hildesheim-gmbh,helios-klinikum-hildesheim-gmbh:10,10,2,0
0,helios-klinikum-hildesheim-gmbh,helios-klinikum-hildesheim-gmbh:11,11,1,0
0,helios-klinikum-hildesheim-gmbh,helios-klinikum-hildesheim-gmbh:13,13,1,0
0,helios-klinikum-hildesheim-gmbh,helios-klinikum-hildesheim-gmbh:14,14,1,0
1,helios-klinikum-hildesheim-gmbh,helios-klinikum-hildesheim-gmbh:15,15,1,0
0,helios-klinikum-hildesheim-gmbh,helios-klinikum-hildesheim-gmbh:18,18,1,0
0,helios-klinikum-hildesheim-gmbh,helios-klinikum-hildesheim-gmbh:19,19,1,0
1,helios-klinikum-hildesheim-gmbh,helios-klinikum-hildesheim-gmbh:20,20,1,0
0,helios-klinikum-hildesheim-gmbh,helios-klinikum-hildesheim-gmbh:23,23,1,0
0,helios-klinikum-hildesheim-gmbh,helios-klinikum-hildesheim-gmbh:24,24,1,0
0,helios-klinikum-hildesheim-gmbh,helios-klinikum-hildesheim-gmbh:25,25,1,0
0,helios-klinikum-hildesheim-gmbh,helios-klinikum-hildesheim-gmbh:27,27,1,0
0,helios-klinikum-hildesheim-gmbh,helios-klinikum-hildesheim-gmbh:28,28,1,0
0,helios-klinikum-hildesheim-gmbh,helios-klinikum-hildesheim-gmbh:29,29,2,1
0,helios-klinikum-hildesheim-gmbh,helios-klinikum-hildesheim-gmbh:30,30,1,0
0,helios-klinikum-hildesheim-gmbh,helios-klinikum-hildesheim-gmbh:31,31,1,0
0,helios-klinikum-hildesheim-gmbh,helios-klinikum-hildesheim-gmbh:32,32,1,0
0,helios-klinikum-hildesheim-gmbh,helios-klinikum-hildesheim-gmbh:33,33,1,0
0,helios-klinikum-hildesheim-gmbh,helios-klinikum-hildesheim-gmbh:34,34,1,0
0,helios-klinikum-hildesheim-gmbh,helios-klinikum-hildesheim-gmbh:36,36,1,0
0,helios-klinikum-hildesheim-gmbh,helios-klinikum-hildesheim-gmbh:37,37,1,0
0,helios-klinikum-hildesheim-gmbh,helios-klinikum-hildesheim-gmbh:38,38,1,1
0,helios-klinikum-hildesheim-gmbh,helios-klinikum-hildesheim-gmbh:42,42,1,0
0,helios-klinikum-hildesheim-gmbh,helios-klinikum-hildesheim-gmbh:43,43,1,0
0,helios-klinikum-hildesheim-gmbh,helios-klinikum-hildesheim-gmbh:46,46,1,0
0,helios-klinikum-hildesheim-gmbh,helios-klinikum-hildesheim-gmbh:47,47,2,0
1,helios-klinikum-hildesheim-gmbh,helios-klinikum-hildesheim-gmbh:48,48,1,0
0,helios-klinikum-hildesheim-gmbh,helios-klinikum-hildesheim-gmbh:51,51,1,0
0,helios-klinikum-hildesheim-gmbh,helios-klinikum-hildesheim-gmbh:53,53,1,0
0,helios-klinikum-hildesheim-gmbh,helios-klinikum-hildesheim-gmbh:54,54,1,0
0,helios-klinikum-hildesheim-gmbh,helios-klinikum-hildesheim-gmbh:55,55,2,0
2,helios-klinikum-hildesheim-gmbh,helios-klinikum-hildesheim-gmbh:57,57,1,0
0,helios-klinikum-hildesheim-gmbh,helios-klinikum-hildesheim-gmbh:58,58,1,0
0,helios-klinikum-hildesheim-gmbh,helios-klinikum-hildesheim-gmbh:61,61,1,0
0,helios-klinikum-hildesheim-gmbh,helios-klinikum-hildesheim-gmbh:62,62,1,0
0,helios-klinikum-hildesheim-gmbh,helios-klinikum-hildesheim-gmbh:63,63,1,0
9,helios-klinikum-hildesheim-gmbh,helios-klinikum-hildesheim-gmbh:65,65,1,0
1,helios-klinikum-hildesheim-gmbh,helios-klinikum-hildesheim-gmbh:67,67,1,0
1,helios-klinikum-hildesheim-gmbh,helios-klinikum-hildesheim-gmbh:70,70,1,0
2,helios-klinikum-hildesheim-gmbh,helios-klinikum-hildesheim-gmbh:71,71,1,0
0,helios-klinikum-hildesheim-gmbh,helios-klinikum-hildesheim-gmbh:72,72,1,0
2,helios-klinikum-hildesheim-gmbh,helios-klinikum-hildesheim-gmbh:74,74,1,0
0,helios-klinikum-hildesheim-gmbh,helios-klinikum-hildesheim-gmbh:75,75,2,0
1,helios-klinikum-hildesheim-gmbh,helios-klinikum-hildesheim-gmbh:77,77,1,0
1,helios-klinikum-hildesheim-gmbh,helios-klinikum-hildesheim-gmbh:78,78,1,0
1,helios-klinikum-hildesheim-gmbh,helios-klinikum-hildesheim-gmbh:79,79,1,0
1,helios-klinikum-hildesheim-gmbh,helios-klinikum-hildesheim-gmbh:80,80,1,0
0,helios-klinikum-hildesheim-gmbh,helios-klinikum-hildesheim-gmbh:82,82,1,0
1,helios-klinikum-hildesheim-gmbh,helios-klinikum-hildesheim-gmbh:84,84,1,0
1,helios-klinikum-hildesheim-gmbh,helios-klinikum-hildesheim-gmbh:85,85,1,0
1,helios-klinikum-hildesheim-gmbh,helios-klinikum-hildesheim-gmbh:87,87,1,0
0,helios-klinikum-hildesheim-gmbh,helios-klinikum-hildesheim-gmbh:88,88,1,0
0,helios-klinikum-hildesheim-gmbh,helios-klinikum-hildesheim-gmbh:89,89,1,0
1,helios-klinikum-hildesheim-gmbh,helios-klinikum-hildesheim-gmbh:91,91,1,0
1,helios-klinikum-hildesheim-gmbh,helios-klinikum-hildesheim-gmbh:93,93,1,0
1,helios-klinikum-hildesheim-gmbh,helios-klinikum-hildesheim-gmbh:95,95,1,0
0,helios-klinikum-hildesheim-gmbh,helios-klinikum-hildesheim-gmbh:96,96,1,0
0,helios-klinikum-hildesheim-gmbh,helios-klinikum-hildesheim-gmbh:97,97,1,0
1,helios-klinikum-hildesheim-gmbh,helios-klinikum-hildesheim-gmbh:98,98,1,0
1,helios-klinikum-hildesheim-gmbh,helios-klinikum-hildesheim-gmbh:100,100,1,0
10,helios-klinikum-hildesheim-gmbh,helios-klinikum-hildesheim-gmbh:102,102,1,0
2,helios-klinikum-hildesheim-gmbh,helios-klinikum-hildesheim-gmbh:103,103,2,0
1,helios-klinikum-hildesheim-gmbh,helios-klinikum-hildesheim-gmbh:105,105,1,0
0,helios-klinikum-hildesheim-gmbh,helios-klinikum-hildesheim-gmbh:107,107,2,0
1,helios-klinikum-hildesheim-gmbh,helios-klinikum-hildesheim-gmbh:108,108,1,0
1,helios-klinikum-hildesheim-gmbh,helios-klinikum-hildesheim-gmbh:109,109,1,0
1,helios-klinikum-hildesheim-gmbh,helios-klinikum-hildesheim-gmbh:111,111,1,0
1,helios-klinikum-hildesheim-gmbh,helios-klinikum-hildesheim-gmbh:112,112,1,0
0,helios-klinikum-hildesheim-gmbh,helios-klinikum-hildesheim-gmbh:114,114,1,0
8,helios-klinikum-hildesheim-gmbh,helios-klinikum-hildesheim-gmbh:115,115,1,0
1,helios-klinikum-hildesheim-gmbh,helios-klinikum-hildesheim-gmbh:117,117,1,0
1,helios-klinikum-hildesheim-gmbh,helios-klinikum-hildesheim-gmbh:118,118,1,0
13,helios-klinikum-hildesheim-gmbh,helios-klinikum-hildesheim-gmbh:123,123,1,0
0,helios-klinikum-hildesheim-gmbh,helios-klinikum-hildesheim-gmbh:124,124,1,0
2,helios-klinikum-hildesheim-gmbh,helios-klinikum-hildesheim-gmbh:125,125,2,0
1,helios-klinikum-hildesheim-gmbh,helios-klinikum-hildesheim-gmbh:127,127,1,0
5,helios-klinikum-hildesheim-gmbh,helios-klinikum-hildesheim-gmbh:128,128,1,0
4,helios-klinikum-hildesheim-gmbh,helios-klinikum-hildesheim-gmbh:130,130,1,0
5,helios-klinikum-hildesheim-gmbh,helios-klinikum-hildesheim-gmbh:132,132,1,0
0,helios-klinikum-hildesheim-gmbh,helios-klinikum-hildesheim-gmbh:133,133,1,0
3,helios-klinikum-hildesheim-gmbh,helios-klinikum-hildesheim-gmbh:135,135,1,0
1,helios-klinikum-hildesheim-gmbh,helios-klinikum-hildesheim-gmbh:136,136,1,0
8,helios-klinikum-hildesheim-gmbh,helios-klinikum-hildesheim-gmbh:137,137,1,0
0,helios-klinikum-hildesheim-gmbh,helios-klinikum-hildesheim-gmbh:139,139,1,0
0,helios-klinikum-hildesheim-gmbh,helios-klinikum-hildesheim-gmbh:140,140,1,0
4,helios-klinikum-hildesheim-gmbh,helios-klinikum-hildesheim-gmbh:143,143,1,0
1,helios-klinikum-hildesheim-gmbh,helios-klinikum-hildesheim-gmbh:145,145,1,0
5,helios-klinikum-hildesheim-gmbh,helios-klinikum-hildesheim-gmbh:148,148,2,0
3,helios-klinikum-hildesheim-gmbh,helios-klinikum-hildesheim-gmbh:149,149,1,0
1,helios-klinikum-hildesheim-gmbh,helios-klinikum-hildesheim-gmbh:150,150,1,0
0,helios-klinikum-hildesheim-gmbh,helios-klinikum-hildesheim-gmbh:152,152,1,0
3,helios-klinikum-hildesheim-gmbh,helios-klinikum-hildesheim-gmbh:153,153,1,0
15,helios-klinikum-hildesheim-gmbh,helios-klinikum-hildesheim-gmbh:154,154,1,0
1,helios-klinikum-hildesheim-gmbh,helios-klinikum-hildesheim-gmbh:156,156,1,0
1,helios-klinikum-hildesheim-gmbh,helios-klinikum-hildesheim-gmbh:157,157,1,0
0,helios-klinikum-hildesheim-gmbh,helios-klinikum-hildesheim-gmbh:158,158,2,0
10,helios-klinikum-hildesheim-gmbh,helios-klinikum-hildesheim-gmbh:160,160,1,0
8,helios-klinikum-hildesheim-gmbh,helios-klinikum-hildesheim-gmbh:161,161,1,0
1,helios-klinikum-hildesheim-gmbh,helios-klinikum-hildesheim-gmbh:165,165,1,0
4,helios-klinikum-hildesheim-gmbh,helios-klinikum-hildesheim-gmbh:166,166,1,0
4,helios-klinikum-hildesheim-gmbh,helios-klinikum-hildesheim-gmbh:169,169,1,0
2,helios-klinikum-hildesheim-gmbh,helios-klinikum-hildesheim-gmbh:170,170,1,0
2,helios-klinikum-hildesheim-gmbh,helios-klinikum-hildesheim-gmbh:172,172,1,0
14,helios-klinikum-hildesheim-gmbh,helios-klinikum-hildesheim-gmbh:176,176,1,0
7,helios-klinikum-hildesheim-gmbh,helios-klinikum-hildesheim-gmbh:180,180,1,0
1,helios-klinikum-hildesheim-gmbh,helios-klinikum-hildesheim-gmbh:182,182,1,0
3,helios-klinikum-hildesheim-gmbh,helios-klinikum-hildesheim-gmbh:183,183,1,0
6,helios-klinikum-hildesheim-gmbh,helios-klinikum-hildesheim-gmbh:185,185,1,0
0,helios-klinikum-hildesheim-gmbh,helios-klinikum-hildesheim-gmbh:188,188,1,0
1,helios-klinikum-hildesheim-gmbh,helios-klinikum-hildesheim-gmbh:191,191,1,0
6,helios-klinikum-hildesheim-gmbh,helios-klinikum-hildesheim-gmbh:192,192,1,0
5,helios-klinikum-hildesheim-gmbh,helios-klinikum-hildesheim-gmbh:193,193,1,0
0,helios-klinikum-hildesheim-gmbh,helios-klinikum-hildesheim-gmbh:197,197,1,0
1,helios-klinikum-hildesheim-gmbh,helios-klinikum-hildesheim-gmbh:198,198,1,0
0,helios-klinikum-hildesheim-gmbh,helios-klinikum-hildesheim-gmbh:199,199,1,0
4,helios-klinikum-hildesheim-gmbh,helios-klinikum-hildesheim-gmbh:200,200,1,0
6,helios-klinikum-hildesheim-gmbh,helios-klinikum-hildesheim-gmbh:204,204,1,0
8,helios-klinikum-hildesheim-gmbh,helios-klinikum-hildesheim-gmbh:205,205,1,0
0,helios-klinikum-hildesheim-gmbh,helios-klinikum-hildesheim-gmbh:206,206,2,0
1,helios-klinikum-hildesheim-gmbh,helios-klinikum-hildesheim-gmbh:208,208,1,0
3,helios-klinikum-hildesheim-gmbh,helios-klinikum-hildesheim-gmbh:209,209,1,0
0,helios-klinikum-hildesheim-gmbh,helios-klinikum-hildesheim-gmbh:210,210,1,0
3,helios-klinikum-hildesheim-gmbh,helios-klinikum-hildesheim-gmbh:212,212,1,0
1,helios-klinikum-hildesheim-gmbh,helios-klinikum-hildesheim-gmbh:215,215,1,0
16,helios-klinikum-hildesheim-gmbh,helios-klinikum-hildesheim-gmbh:217,217,1,0
3,helios-klinikum-hildesheim-gmbh,helios-klinikum-hildesheim-gmbh:218,218,1,0
1,helios-klinikum-hildesheim-gmbh,helios-klinikum-hildesheim-gmbh:220,220,1,0
5,helios-klinikum-hildesheim-gmbh,helios-klinikum-hildesheim-gmbh:221,221,1,0
1,helios-klinikum-hildesheim-gmbh,helios-klinikum-hildesheim-gmbh:223,223,1,0
6,helios-klinikum-hildesheim-gmbh,helios-klinikum-hildesheim-gmbh:224,224,1,0
0,helios-klinikum-hildesheim-gmbh,helios-klinikum-hildesheim-gmbh:225,225,1,0
2,helios-klinikum-hildesheim-gmbh,helios-klinikum-hildesheim-gmbh:226,226,1,0
1,helios-klinikum-hildesheim-gmbh,helios-klinikum-hildesheim-gmbh:227,227,1,0
3,helios-klinikum-hildesheim-gmbh,helios-klinikum-hildesheim-gmbh:229,229,1,0
4,helios-klinikum-hildesheim-gmbh,helios-klinikum-hildesheim-gmbh:230,230,1,0
4,helios-klinikum-hildesheim-gmbh,helios-klinikum-hildesheim-gmbh:232,232,1,0
4,helios-klinikum-hildesheim-gmbh,helios-klinikum-hildesheim-gmbh:236,236,2,0
4,helios-klinikum-hildesheim-gmbh,helios-klinikum-hildesheim-gmbh:239,239,1,0
10,helios-klinikum-hildesheim-gmbh,helios-klinikum-hildesheim-gmbh:240,240,1,0
4,helios-klinikum-hildesheim-gmbh,helios-klinikum-hildesheim-gmbh:242,242,1,0
4,helios-klinikum-hildesheim-gmbh,helios-klinikum-hildesheim-gmbh:243,243,1,0
1,helios-klinikum-hildesheim-gmbh,helios-klinikum-hildesheim-gmbh:245,245,1,0
4,helios-klinikum-hildesheim-gmbh,helios-klinikum-hildesheim-gmbh:247,247,1,0
3,helios-klinikum-hildesheim-gmbh,helios-klinikum-hildesheim-gmbh:249,249,1,0
7,helios-klinikum-hildesheim-gmbh,helios-klinikum-hildesheim-gmbh:250,250,1,0
1,helios-klinikum-hildesheim-gmbh,helios-klinikum-hildesheim-gmbh:251,251,1,0
1,helios-klinikum-hildesheim-gmbh,helios-klinikum-hildesheim-gmbh:252,252,1,0
6,helios-klinikum-hildesheim-gmbh,helios-klinikum-hildesheim-gmbh:255,255,1,0
3,helios-klinikum-hildesheim-gmbh,helios-klinikum-hildesheim-gmbh:258,258,1,0
9,helios-klinikum-hildesheim-gmbh,helios-klinikum-hildesheim-gmbh:259,259,1,0
3,helios-klinikum-hildesheim-gmbh,helios-klinikum-hildesheim-gmbh:260,260,1,0
0,helios-klinikum-hildesheim-gmbh,helios-klinikum-hildesheim-gmbh:264,264,1,0
11,helios-klinikum-hildesheim-gmbh,helios-klinikum-hildesheim-gmbh:266,266,1,0
3,helios-klinikum-hildesheim-gmbh,helios-klinikum-hildesheim-gmbh:268,268,2,0
17,helios-klinikum-hildesheim-gmbh,helios-klinikum-hildesheim-gmbh:269,269,1,0
9,helios-klinikum-hildesheim-gmbh,helios-klinikum-hildesheim-gmbh:275,275,1,0
1,helios-klinikum-hildesheim-gmbh,helios-klinikum-hildesheim-gmbh:277,277,1,0
3,helios-klinikum-hildesheim-gmbh,helios-klinikum-hildesheim-gmbh:279,279,2,0
7,helios-klinikum-hildesheim-gmbh,helios-klinikum-hildesheim-gmbh:280,280,1,0
4,helios-klinikum-hildesheim-gmbh,helios-klinikum-hildesheim-gmbh:281,281,1,0
2,helios-klinikum-hildesheim-gmbh,helios-klinikum-hildesheim-gmbh:282,282,1,0
2,helios-klinikum-hildesheim-gmbh,helios-klinikum-hildesheim-gmbh:283,283,1,0
9,helios-klinikum-hildesheim-gmbh,helios-klinikum-hildesheim-gmbh:284,284,1,0
7,helios-klinikum-hildesheim-gmbh,helios-klinikum-hildesheim-gmbh:289,289,1,0
16,helios-klinikum-hildesheim-gmbh,helios-klinikum-hildesheim-gmbh:290,290,1,0
3,helios-klinikum-hildesheim-gmbh,helios-klinikum-hildesheim-gmbh:291,291,2,0
4,helios-klinikum-hildesheim-gmbh,helios-klinikum-hildesheim-gmbh:292,292,1,0
4,helios-klinikum-hildesheim-gmbh,helios-klinikum-hildesheim-gmbh:294,294,1,0
0,helios-klinikum-hildesheim-gmbh,helios-klinikum-hildesheim-gmbh:297,297,1,0
0,helios-klinikum-hildesheim-gmbh,helios-klinikum-hildesheim-gmbh:304,304,1,0
9,helios-klinikum-hildesheim-gmbh,helios-klinikum-hildesheim-gmbh:305,305,1,0
3,helios-klinikum-hildesheim-gmbh,helios-klinikum-hildesheim-gmbh:306,306,2,0
1,helios-klinikum-hildesheim-gmbh,helios-klinikum-hildesheim-gmbh:309,309,1,0
3,helios-klinikum-hildesheim-gmbh,helios-klinikum-hildesheim-gmbh:311,311,2,0
6,helios-klinikum-hildesheim-gmbh,helios-klinikum-hildesheim-gmbh:312,312,1,0
0,helios-klinikum-hildesheim-gmbh,helios-klinikum-hildesheim-gmbh:313,313,1,0
7,helios-klinikum-hildesheim-gmbh,helios-klinikum-hildesheim-gmbh:314,314,1,0
7,helios-klinikum-hildesheim-gmbh,helios-klinikum-hildesheim-gmbh:315,315,1,0
9,helios-klinikum-hildesheim-gmbh,helios-klinikum-hildesheim-gmbh:316,316,1,0
8,helios-klinikum-hildesheim-gmbh,helios-klinikum-hildesheim-gmbh:317,317,1,0
5,helios-klinikum-hildesheim-gmbh,helios-klinikum-hildesheim-gmbh:318,318,1,0
8,helios-klinikum-hildesheim-gmbh,helios-klinikum-hildesheim-gmbh:319,319,2,0
1,helios-klinikum-hildesheim-gmbh,helios-klinikum-hildesheim-gmbh:320,320,2,0
2,helios-klinikum-hildesheim-gmbh,helios-klinikum-hildesheim-gmbh:325,325,2,0
8,helios-klinikum-hildesheim-gmbh,helios-klinikum-hildesheim-gmbh:326,326,1,0
1,helios-klinikum-hildesheim-gmbh,helios-klinikum-hildesheim-gmbh:327,327,2,0
6,helios-klinikum-hildesheim-gmbh,helios-klinikum-hildesheim-gmbh:330,330,1,0
3,helios-klinikum-hildesheim-gmbh,helios-klinikum-hildesheim-gmbh:333,333,1,0
4,helios-klinikum-hildesheim-gmbh,helios-klinikum-hildesheim-gmbh:334,334,1,0
26,helios-klinikum-hildesheim-gmbh,helios-klinikum-hildesheim-gmbh:336,336,1,0
9,helios-klinikum-hildesheim-gmbh,helios-klinikum-hildesheim-gmbh:339,339,1,0
5,helios-klinikum-hildesheim-gmbh,helios-klinikum-hildesheim-gmbh:342,342,1,0
4,helios-klinikum-hildesheim-gmbh,helios-klinikum-hildesheim-gmbh:343,343,1,0
7,helios-klinikum-hildesheim-gmbh,helios-klinikum-hildesheim-gmbh:344,344,1,0
0,helios-klinikum-hildesheim-gmbh,helios-klinikum-hildesheim-gmbh:345,345,1,0
5,helios-klinikum-hildesheim-gmbh,helios-klinikum-hildesheim-gmbh:346,346,1,0
0,helios-klinikum-hildesheim-gmbh,helios-klinikum-hildesheim-gmbh:347,347,1,1
10,helios-klinikum-hildesheim-gmbh,helios-klinikum-hildesheim-gmbh:348,348,1,0
2,helios-klinikum-hildesheim-gmbh,helios-klinikum-hildesheim-gmbh:350,350,1,0
1,helios-klinikum-hildesheim-gmbh,helios-klinikum-hildesheim-gmbh:351,351,2,0
4,helios-klinikum-hildesheim-gmbh,helios-klinikum-hildesheim-gmbh:354,354,1,0
0,helios-klinikum-hildesheim-gmbh,helios-klinikum-hildesheim-gmbh:355,355,1,0
4,helios-klinikum-hildesheim-gmbh,helios-klinikum-hildesheim-gmbh:356,356,1,0
10,helios-klinikum-hildesheim-gmbh,helios-klinikum-hildesheim-gmbh:357,357,1,0
1,helios-klinikum-hildesheim-gmbh,helios-klinikum-hildesheim-gmbh:361,361,1,0
5,helios-klinikum-hildesheim-gmbh,helios-klinikum-hildesheim-gmbh:362,362,1,0
5,helios-klinikum-hildesheim-gmbh,helios-klinikum-hildesheim-gmbh:364,364,1,0
5,helios-klinikum-hildesheim-gmbh,helios-klinikum-hildesheim-gmbh:365,365,1,0
7,helios-klinikum-hildesheim-gmbh,helios-klinikum-hildesheim-gmbh:369,369,1,0
9,helios-klinikum-hildesheim-gmbh,helios-klinikum-hildesheim-gmbh:372,372,1,0
3,helios-klinikum-hildesheim-gmbh,helios-klinikum-hildesheim-gmbh:373,373,2,0
7,helios-klinikum-hildesheim-gmbh,helios-klinikum-hildesheim-gmbh:374,374,1,0
1,helios-klinikum-hildesheim-gmbh,helios-klinikum-hildesheim-gmbh:376,376,1,0
0,helios-klinikum-hildesheim-gmbh,helios-klinikum-hildesheim-gmbh:377,377,1,0
4,helios-klinikum-hildesheim-gmbh,helios-klinikum-hildesheim-gmbh:381,381,1,0
3,helios-klinikum-hildesheim-gmbh,helios-klinikum-hildesheim-gmbh:383,383,1,0
6,helios-klinikum-hildesheim-gmbh,helios-klinikum-hildesheim-gmbh:388,388,1,0
5,helios-klinikum-hildesheim-gmbh,helios-klinikum-hildesheim-gmbh:389,389,1,0
1,helios-klinikum-hildesheim-gmbh,helios-klinikum-hildesheim-gmbh:390,390,1,0
3,helios-klinikum-hildesheim-gmbh,helios-klinikum-hildesheim-gmbh:392,392,1,0
3,helios-klinikum-hildesheim-gmbh,helios-klinikum-hildesheim-gmbh:393,393,2,0
1,helios-klinikum-hildesheim-gmbh,helios-klinikum-hildesheim-gmbh:394,394,2,0
4,helios-klinikum-hildesheim-gmbh,helios-klinikum-hildesheim-gmbh:397,397,1,0
6,helios-klinikum-hildesheim-gmbh,helios-klinikum-hildesheim-gmbh:398,398,1,0
3,helios-klinikum-hildesheim-gmbh,helios-klinikum-hildesheim-gmbh:402,402,1,0
5,helios-klinikum-hildesheim-gmbh,helios-klinikum-hildesheim-gmbh:403,403,1,0
6,helios-klinikum-hildesheim-gmbh,helios-klinikum-hildesheim-gmbh:404,404,1,0
0,helios-klinikum-hildesheim-gmbh,helios-klinikum-hildesheim-gmbh:405,405,2,0
0,helios-klinikum-hildesheim-gmbh,helios-klinikum-hildesheim-gmbh:406,406,1,0
2,helios-klinikum-hildesheim-gmbh,helios-klinikum-hildesheim-gmbh:407,407,1,1
1,helios-klinikum-hildesheim-gmbh,helios-klinikum-hildesheim-gmbh:408,408,1,0
0,helios-klinikum-hildesheim-gmbh,helios-klinikum-hildesheim-gmbh:409,409,1,0
0,helios-klinikum-hildesheim-gmbh,helios-klinikum-hildesheim-gmbh:412,412,1,0
4,helios-klinikum-hildesheim-gmbh,helios-klinikum-hildesheim-gmbh:413,413,1,0
4,helios-klinikum-hildesheim-gmbh,helios-klinikum-hildesheim-gmbh:414,414,1,0
4,helios-klinikum-hildesheim-gmbh,helios-klinikum-hildesheim-gmbh:416,416,1,0
7,helios-klinikum-hildesheim-gmbh,helios-klinikum-hildesheim-gmbh:417,417,1,0
0,helios-klinikum-hildesheim-gmbh,helios-klinikum-hildesheim-gmbh:419,419,1,0
8,helios-klinikum-hildesheim-gmbh,helios-klinikum-hildesheim-gmbh:420,420,1,0
0,helios-klinikum-hildesheim-gmbh,helios-klinikum-hildesheim-gmbh:422,422,1,0
8,helios-klinikum-hildesheim-gmbh,helios-klinikum-hildesheim-gmbh:423,423,1,0
11,helios-klinikum-hildesheim-gmbh,helios-klinikum-hildesheim-gmbh:424,424,1,0
11,helios-klinikum-hildesheim-gmbh,helios-klinikum-hildesheim-gmbh:425,425,1,0
1,helios-klinikum-hildesheim-gmbh,helios-klinikum-hildesheim-gmbh:428,428,1,1
3,helios-klinikum-hildesheim-gmbh,helios-klinikum-hildesheim-gmbh:430,430,1,0
0,helios-klinikum-hildesheim-gmbh,helios-klinikum-hildesheim-gmbh:435,435,1,0
6,helios-klinikum-hildesheim-gmbh,helios-klinikum-hildesheim-gmbh:436,436,1,0
17,helios-klinikum-hildesheim-gmbh,helios-klinikum-hildesheim-gmbh:437,437,1,0
1,helios-klinikum-hildesheim-gmbh,helios-klinikum-hildesheim-gmbh:440,440,1,0
2,helios-klinikum-hildesheim-gmbh,helios-klinikum-hildesheim-gmbh:443,443,1,0
1,helios-klinikum-hildesheim-gmbh,helios-klinikum-hildesheim-gmbh:448,448,1,0
2,helios-klinikum-hildesheim-gmbh,helios-klinikum-hildesheim-gmbh:449,449,1,0
2,helios-klinikum-hildesheim-gmbh,helios-klinikum-hildesheim-gmbh:453,453,1,0
5,helios-klinikum-hildesheim-gmbh,helios-klinikum-hildesheim-gmbh:455,455,2,0
6,helios-klinikum-hildesheim-gmbh,helios-klinikum-hildesheim-gmbh:459,459,1,0
2,helios-klinikum-hildesheim-gmbh,helios-klinikum-hildesheim-gmbh:467,467,1,0
0,helios-klinikum-hildesheim-gmbh,helios-klinikum-hildesheim-gmbh:468,468,1,0
5,helios-klinikum-hildesheim-gmbh,helios-klinikum-hildesheim-gmbh:473,473,1,0
4,helios-klinikum-hildesheim-gmbh,helios-klinikum-hildesheim-gmbh:474,474,1,0
1,helios-klinikum-hildesheim-gmbh,helios-klinikum-hildesheim-gmbh:475,475,1,0
2,helios-klinikum-hildesheim-gmbh,helios-klinikum-hildesheim-gmbh:476,476,1,0
8,helios-klinikum-hildesheim-gmbh,helios-klinikum-hildesheim-gmbh:478,478,1,0
1,helios-klinikum-hildesheim-gmbh,helios-klinikum-hildesheim-gmbh:481,481,1,0
5,helios-klinikum-hildesheim-gmbh,helios-klinikum-hildesheim-gmbh:484,484,1,1
1,helios-klinikum-hildesheim-gmbh,helios-klinikum-hildesheim-gmbh:487,487,1,0
8,helios-klinikum-hildesheim-gmbh,helios-klinikum-hildesheim-gmbh:490,490,1,0
1,helios-klinikum-hildesheim-gmbh,helios-klinikum-hildesheim-gmbh:491,491,1,0
4,helios-klinikum-hildesheim-gmbh,helios-klinikum-hildesheim-gmbh:496,496,1,0
3,helios-klinikum-hildesheim-gmbh,helios-klinikum-hildesheim-gmbh:503,503,1,0
8,helios-klinikum-hildesheim-gmbh,helios-klinikum-hildesheim-gmbh:505,505,1,0
0,helios-klinikum-hildesheim-gmbh,helios-klinikum-hildesheim-gmbh:509,509,1,0
1,helios-klinikum-hildesheim-gmbh,helios-klinikum-hildesheim-gmbh:510,510,1,0
3,helios-klinikum-hildesheim-gmbh,helios-klinikum-hildesheim-gmbh:511,511,1,0
3,helios-klinikum-hildesheim-gmbh,helios-klinikum-hildesheim-gmbh:512,512,1,0
0,helios-klinikum-hildesheim-gmbh,helios-klinikum-hildesheim-gmbh:513,513,1,0
4,helios-klinikum-hildesheim-gmbh,helios-klinikum-hildesheim-gmbh:514,514,1,0
0,helios-klinikum-hildesheim-gmbh,helios-klinikum-hildesheim-gmbh:515,515,1,0
0,helios-klinikum-hildesheim-gmbh,helios-klinikum-hildesheim-gmbh:516,516,1,0
3,helios-klinikum-hildesheim-gmbh,helios-klinikum-hildesheim-gmbh:517,517,2,0
0,helios-klinikum-hildesheim-gmbh,helios-klinikum-hildesheim-gmbh:518,518,1,0
0,helios-klinikum-hildesheim-gmbh,helios-klinikum-hildesheim-gmbh:522,522,1,0
0,helios-klinikum-hildesheim-gmbh,helios-klinikum-hildesheim-gmbh:523,523,1,0
3,helios-klinikum-hildesheim-gmbh,helios-klinikum-hildesheim-gmbh:524,524,1,0
1,helios-klinikum-hildesheim-gmbh,helios-klinikum-hildesheim-gmbh:525,525,1,0
0,helios-klinikum-hildesheim-gmbh,helios-klinikum-hildesheim-gmbh:526,526,1,0
0,helios-klinikum-hildesheim-gmbh,helios-klinikum-hildesheim-gmbh:527,527,1,0
5,helios-klinikum-hildesheim-gmbh,helios-klinikum-hildesheim-gmbh:533,533,1,0
3,helios-klinikum-hildesheim-gmbh,helios-klinikum-hildesheim-gmbh:534,534,1,0
7,helios-klinikum-hildesheim-gmbh,helios-klinikum-hildesheim-gmbh:536,536,1,0
1,helios-klinikum-hildesheim-gmbh,helios-klinikum-hildesheim-gmbh:539,539,1,0
0,helios-klinikum-hildesheim-gmbh,helios-klinikum-hildesheim-gmbh:541,541,1,0
2,helios-klinikum-hildesheim-gmbh,helios-klinikum-hildesheim-gmbh:542,542,1,0
1,helios-klinikum-hildesheim-gmbh,helios-klinikum-hildesheim-gmbh:544,544,1,0
0,helios-klinikum-hildesheim-gmbh,helios-klinikum-hildesheim-gmbh:545,545,1,0
1,helios-klinikum-hildesheim-gmbh,helios-klinikum-hildesheim-gmbh:546,546,1,0
0,helios-klinikum-hildesheim-gmbh,helios-klinikum-hildesheim-gmbh:547,547,1,0
3,helios-klinikum-hildesheim-gmbh,helios-klinikum-hildesheim-gmbh:549,549,1,0
0,helios-klinikum-hildesheim-gmbh,helios-klinikum-hildesheim-gmbh:550,550,1,0
5,helios-klinikum-hildesheim-gmbh,helios-klinikum-hildesheim-gmbh:553,553,1,0
0,helios-klinikum-hildesheim-gmbh,helios-klinikum-hildesheim-gmbh:556,556,1,0
0,helios-klinikum-hildesheim-gmbh,helios-klinikum-hildesheim-gmbh:558,558,1,0
3,helios-klinikum-hildesheim-gmbh,helios-klinikum-hildesheim-gmbh:560,560,1,0
0,helios-klinikum-hildesheim-gmbh,helios-klinikum-hildesheim-gmbh:564,564,1,0
1,helios-klinikum-hildesheim-gmbh,helios-klinikum-hildesheim-gmbh:565,565,1,0
0,helios-klinikum-hildesheim-gmbh,helios-klinikum-hildesheim-gmbh:566,566,1,0
0,helios-klinikum-hildesheim-gmbh,helios-klinikum-hildesheim-gmbh:570,570,1,0
1,helios-klinikum-hildesheim-gmbh,helios-klinikum-hildesheim-gmbh:571,571,1,0
0,helios-klinikum-hildesheim-gmbh,helios-klinikum-hildesheim-gmbh:572,572,1,0
0,helios-klinikum-hildesheim-gmbh,helios-klinikum-hildesheim-gmbh:573,573,1,0
0,helios-klinikum-hildesheim-gmbh,helios-klinikum-hildesheim-gmbh:575,575,1,0
6,helios-klinikum-hildesheim-gmbh,helios-klinikum-hildesheim-gmbh:577,577,1,0
6,helios-klinikum-hildesheim-gmbh,helios-klinikum-hildesheim-gmbh:579,579,1,0
1,helios-klinikum-hildesheim-gmbh,helios-klinikum-hildesheim-gmbh:580,580,1,0
6,helios-klinikum-hildesheim-gmbh,helios-klinikum-hildesheim-gmbh:581,581,1,0
0,helios-klinikum-hildesheim-gmbh,helios-klinikum-hildesheim-gmbh:583,583,1,0
0,helios-klinikum-hildesheim-gmbh,helios-klinikum-hildesheim-gmbh:586,586,1,0
0,helios-klinikum-hildesheim-gmbh,helios-klinikum-hildesheim-gmbh:588,588,1,0
3,helios-klinikum-hildesheim-gmbh,helios-klinikum-hildesheim-gmbh:589,589,1,0
0,helios-klinikum-hildesheim-gmbh,helios-klinikum-hildesheim-gmbh:592,592,1,0
0,helios-klinikum-hildesheim-gmbh,helios-klinikum-hildesheim-gmbh:594,594,1,0
1,helios-klinikum-hildesheim-gmbh,helios-klinikum-hildesheim-gmbh:595,595,1,0
0,helios-klinikum-hildesheim-gmbh,helios-klinikum-hildesheim-gmbh:597,597,1,0
3,helios-klinikum-hildesheim-gmbh,helios-klinikum-hildesheim-gmbh:598,598,1,0
3,helios-klinikum-hildesheim-gmbh,helios-klinikum-hildesheim-gmbh:602,602,1,0
6,helios-klinikum-hildesheim-gmbh,helios-klinikum-hildesheim-gmbh:603,603,1,0
3,helios-klinikum-hildesheim-gmbh,helios-klinikum-hildesheim-gmbh:605,605,1,0
2,helios-klinikum-hildesheim-gmbh,helios-klinikum-hildesheim-gmbh:606,606,2,0
1,helios-klinikum-hildesheim-gmbh,helios-klinikum-hildesheim-gmbh:619,619,1,0
1,helios-klinikum-hildesheim-gmbh,helios-klinikum-hildesheim-gmbh:626,626,1,0
0,helios-klinikum-hildesheim-gmbh,helios-klinikum-hildesheim-gmbh:629,629,1,0
1,helios-klinikum-hildesheim-gmbh,helios-klinikum-hildesheim-gmbh:630,630,1,0
0,helios-klinikum-hildesheim-gmbh,helios-klinikum-hildesheim-gmbh:633,633,1,0
0,helios-klinikum-hildesheim-gmbh,helios-klinikum-hildesheim-gmbh:634,634,1,0
1,helios-klinikum-hildesheim-gmbh,helios-klinikum-hildesheim-gmbh:636,636,1,0
0,helios-klinikum-hildesheim-gmbh,helios-klinikum-hildesheim-gmbh:639,639,1,1
0,helios-klinikum-hildesheim-gmbh,helios-klinikum-hildesheim-gmbh:641,641,2,0
0,helios-klinikum-hildesheim-gmbh,helios-klinikum-hildesheim-gmbh:643,643,1,1
0,helios-klinikum-hildesheim-gmbh,helios-klinikum-hildesheim-gmbh:645,645,2,0
0,helios-klinikum-hildesheim-gmbh,helios-klinikum-hildesheim-gmbh:647,647,1,0
4,helios-klinikum-hildesheim-gmbh,helios-klinikum-hildesheim-gmbh:652,652,2,0
0,helios-klinikum-hildesheim-gmbh,helios-klinikum-hildesheim-gmbh:654,654,1,0
0,helios-klinikum-hildesheim-gmbh,helios-klinikum-hildesheim-gmbh:659,659,1,0
0,helios-klinikum-hildesheim-gmbh,helios-klinikum-hildesheim-gmbh:660,660,1,0
1,helios-klinikum-hildesheim-gmbh,helios-klinikum-hildesheim-gmbh:664,664,1,0
2,helios-klinikum-hildesheim-gmbh,helios-klinikum-hildesheim-gmbh:665,665,1,0
0,helios-klinikum-hildesheim-gmbh,helios-klinikum-hildesheim-gmbh:666,666,1,0
0,helios-klinikum-hildesheim-gmbh,helios-klinikum-hildesheim-gmbh:668,668,1,0
1,helios-klinikum-hildesheim-gmbh,helios-klinikum-hildesheim-gmbh:669,669,1,0
0,helios-klinikum-salzgitter-gmbh,helios-klinikum-salzgitter-gmbh:1,1,1,0
0,helios-klinikum-salzgitter-gmbh,helios-klinikum-salzgitter-gmbh:4,4,1,0
0,helios-klinikum-salzgitter-gmbh,helios-klinikum-salzgitter-gmbh:7,7,1,0
0,helios-klinikum-salzgitter-gmbh,helios-klinikum-salzgitter-gmbh:8,8,1,0
0,helios-klinikum-salzgitter-gmbh,helios-klinikum-salzgitter-gmbh:10,10,1,0
0,helios-klinikum-salzgitter-gmbh,helios-klinikum-salzgitter-gmbh:11,11,1,0
0,helios-klinikum-salzgitter-gmbh,helios-klinikum-salzgitter-gmbh:16,16,1,0
0,helios-klinikum-salzgitter-gmbh,helios-klinikum-salzgitter-gmbh:18,18,1,0
0,helios-klinikum-salzgitter-gmbh,helios-klinikum-salzgitter-gmbh:19,19,2,0
0,helios-klinikum-salzgitter-gmbh,helios-klinikum-salzgitter-gmbh:20,20,1,0
0,helios-klinikum-salzgitter-gmbh,helios-klinikum-salzgitter-gmbh:25,25,1,0
0,helios-klinikum-salzgitter-gmbh,helios-klinikum-salzgitter-gmbh:28,28,1,0
0,helios-klinikum-salzgitter-gmbh,helios-klinikum-salzgitter-gmbh:30,30,1,0
0,helios-klinikum-salzgitter-gmbh,helios-klinikum-salzgitter-gmbh:34,34,1,0
0,helios-klinikum-salzgitter-gmbh,helios-klinikum-salzgitter-gmbh:35,35,1,0
0,helios-klinikum-salzgitter-gmbh,helios-klinikum-salzgitter-gmbh:38,38,1,0
0,helios-klinikum-salzgitter-gmbh,helios-klinikum-salzgitter-gmbh:40,40,1,0
0,helios-klinikum-salzgitter-gmbh,helios-klinikum-salzgitter-gmbh:43,43,1,0
0,helios-klinikum-salzgitter-gmbh,helios-klinikum-salzgitter-gmbh:46,46,1,0
0,helios-klinikum-salzgitter-gmbh,helios-klinikum-salzgitter-gmbh:47,47,1,0
0,helios-klinikum-salzgitter-gmbh,helios-klinikum-salzgitter-gmbh:50,50,2,0
0,helios-klinikum-salzgitter-gmbh,helios-klinikum-salzgitter-gmbh:53,53,1,0
0,helios-klinikum-salzgitter-gmbh,helios-klinikum-salzgitter-gmbh:54,54,1,0
0,helios-klinikum-salzgitter-gmbh,helios-klinikum-salzgitter-gmbh:55,55,1,0
0,helios-klinikum-salzgitter-gmbh,helios-klinikum-salzgitter-gmbh:58,58,1,0
0,helios-klinikum-salzgitter-gmbh,helios-klinikum-salzgitter-gmbh:59,59,1,0
1,helios-klinikum-salzgitter-gmbh,helios-klinikum-salzgitter-gmbh:60,60,2,0
0,helios-klinikum-salzgitter-gmbh,helios-klinikum-salzgitter-gmbh:61,61,1,0
0,helios-klinikum-salzgitter-gmbh,helios-klinikum-salzgitter-gmbh:62,62,1,0
1,helios-klinikum-salzgitter-gmbh,helios-klinikum-salzgitter-gmbh:65,65,1,0
0,helios-klinikum-salzgitter-gmbh,helios-klinikum-salzgitter-gmbh:67,67,1,0
0,helios-klinikum-salzgitter-gmbh,helios-klinikum-salzgitter-gmbh:69,69,1,0
0,helios-klinikum-salzgitter-gmbh,helios-klinikum-salzgitter-gmbh:72,72,1,0
0,helios-klinikum-salzgitter-gmbh,helios-klinikum-salzgitter-gmbh:73,73,1,0
0,helios-klinikum-salzgitter-gmbh,helios-klinikum-salzgitter-gmbh:74,74,1,0
1,helios-klinikum-salzgitter-gmbh,helios-klinikum-salzgitter-gmbh:75,75,2,0
0,helios-klinikum-salzgitter-gmbh,helios-klinikum-salzgitter-gmbh:76,76,1,0
0,helios-klinikum-salzgitter-gmbh,helios-klinikum-salzgitter-gmbh:77,77,1,0
0,helios-klinikum-salzgitter-gmbh,helios-klinikum-salzgitter-gmbh:79,79,1,1
0,helios-klinikum-salzgitter-gmbh,helios-klinikum-salzgitter-gmbh:80,80,2,0
0,helios-klinikum-salzgitter-gmbh,helios-klinikum-salzgitter-gmbh:81,81,1,0
0,helios-klinikum-salzgitter-gmbh,helios-klinikum-salzgitter-gmbh:82,82,1,0
0,helios-klinikum-salzgitter-gmbh,helios-klinikum-salzgitter-gmbh:84,84,2,0
0,helios-klinikum-salzgitter-gmbh,helios-klinikum-salzgitter-gmbh:85,85,1,0
0,helios-klinikum-salzgitter-gmbh,helios-klinikum-salzgitter-gmbh:86,86,1,0
2,helios-klinikum-salzgitter-gmbh,helios-klinikum-salzgitter-gmbh:87,87,1,0
9,helios-klinikum-salzgitter-gmbh,helios-klinikum-salzgitter-gmbh:90,90,1,0
1,helios-klinikum-salzgitter-gmbh,helios-klinikum-salzgitter-gmbh:92,92,1,0
0,helios-klinikum-salzgitter-gmbh,helios-klinikum-salzgitter-gmbh:93,93,1,0
17,helios-klinikum-salzgitter-gmbh,helios-klinikum-salzgitter-gmbh:95,95,1,1
0,helios-klinikum-salzgitter-gmbh,helios-klinikum-salzgitter-gmbh:97,97,1,0
0,helios-klinikum-salzgitter-gmbh,helios-klinikum-salzgitter-gmbh:99,99,1,0
1,helios-klinikum-salzgitter-gmbh,helios-klinikum-salzgitter-gmbh:101,101,1,0
0,helios-klinikum-salzgitter-gmbh,helios-klinikum-salzgitter-gmbh:102,102,1,0
0,helios-klinikum-salzgitter-gmbh,helios-klinikum-salzgitter-gmbh:105,105,1,0
0,helios-klinikum-salzgitter-gmbh,helios-klinikum-salzgitter-gmbh:106,106,1,0
0,helios-klinikum-salzgitter-gmbh,helios-klinikum-salzgitter-gmbh:108,108,1,1
6,helios-klinikum-salzgitter-gmbh,helios-klinikum-salzgitter-gmbh:111,111,1,0
4,helios-klinikum-salzgitter-gmbh,helios-klinikum-salzgitter-gmbh:112,112,1,0
10,helios-klinikum-salzgitter-gmbh,helios-klinikum-salzgitter-gmbh:114,114,1,0
3,helios-klinikum-salzgitter-gmbh,helios-klinikum-salzgitter-gmbh:116,116,1,0
2,helios-klinikum-salzgitter-gmbh,helios-klinikum-salzgitter-gmbh:118,118,1,0
44,helios-klinikum-salzgitter-gmbh,helios-klinikum-salzgitter-gmbh:121,121,1,0
6,helios-klinikum-salzgitter-gmbh,helios-klinikum-salzgitter-gmbh:124,124,1,0
7,helios-klinikum-salzgitter-gmbh,helios-klinikum-salzgitter-gmbh:125,125,1,0
9,helios-klinikum-salzgitter-gmbh,helios-klinikum-salzgitter-gmbh:126,126,1,0
9,helios-klinikum-salzgitter-gmbh,helios-klinikum-salzgitter-gmbh:128,128,1,0
38,helios-klinikum-salzgitter-gmbh,helios-klinikum-salzgitter-gmbh:129,129,1,0
6,helios-klinikum-salzgitter-gmbh,helios-klinikum-salzgitter-gmbh:130,130,1,0
11,helios-klinikum-salzgitter-gmbh,helios-klinikum-salzgitter-gmbh:131,131,1,0
5,helios-klinikum-salzgitter-gmbh,helios-klinikum-salzgitter-gmbh:132,132,1,0
0,helios-klinikum-salzgitter-gmbh,helios-klinikum-salzgitter-gmbh:133,133,1,0
9,helios-klinikum-salzgitter-gmbh,helios-klinikum-salzgitter-gmbh:134,134,1,0
2,helios-klinikum-salzgitter-gmbh,helios-klinikum-salzgitter-gmbh:135,135,1,0
1,helios-klinikum-salzgitter-gmbh,helios-klinikum-salzgitter-gmbh:136,136,1,0
2,helios-klinikum-salzgitter-gmbh,helios-klinikum-salzgitter-gmbh:137,137,1,0
13,helios-klinikum-salzgitter-gmbh,helios-klinikum-salzgitter-gmbh:138,138,1,0
8,helios-klinikum-salzgitter-gmbh,helios-klinikum-salzgitter-gmbh:139,139,1,0
8,helios-klinikum-salzgitter-gmbh,helios-klinikum-salzgitter-gmbh:140,140,1,0
11,helios-klinikum-salzgitter-gmbh,helios-klinikum-salzgitter-gmbh:143,143,1,0
8,helios-klinikum-salzgitter-gmbh,helios-klinikum-salzgitter-gmbh:144,144,1,0
2,helios-klinikum-salzgitter-gmbh,helios-klinikum-salzgitter-gmbh:147,147,1,0
9,helios-klinikum-salzgitter-gmbh,helios-klinikum-salzgitter-gmbh:148,148,1,0
9,helios-klinikum-salzgitter-gmbh,helios-klinikum-salzgitter-gmbh:149,149,1,0
3,helios-klinikum-salzgitter-gmbh,helios-klinikum-salzgitter-gmbh:151,151,2,0
4,helios-klinikum-salzgitter-gmbh,helios-klinikum-salzgitter-gmbh:152,152,1,0
0,helios-klinikum-salzgitter-gmbh,helios-klinikum-salzgitter-gmbh:153,153,1,0
13,helios-klinikum-salzgitter-gmbh,helios-klinikum-salzgitter-gmbh:156,156,2,0
8,helios-klinikum-salzgitter-gmbh,helios-klinikum-salzgitter-gmbh:159,159,1,0
8,helios-klinikum-salzgitter-gmbh,helios-klinikum-salzgitter-gmbh:163,163,1,0
3,helios-klinikum-salzgitter-gmbh,helios-klinikum-salzgitter-gmbh:165,165,1,0
20,helios-klinikum-salzgitter-gmbh,helios-klinikum-salzgitter-gmbh:167,167,1,0
7,helios-klinikum-salzgitter-gmbh,helios-klinikum-salzgitter-gmbh:168,168,1,0
4,helios-klinikum-salzgitter-gmbh,helios-klinikum-salzgitter-gmbh:169,169,2,0
26,helios-klinikum-salzgitter-gmbh,helios-klinikum-salzgitter-gmbh:170,170,1,0
7,helios-klinikum-salzgitter-gmbh,helios-klinikum-salzgitter-gmbh:171,171,1,0
18,helios-klinikum-salzgitter-gmbh,helios-klinikum-salzgitter-gmbh:173,173,1,0
0,helios-klinikum-salzgitter-gmbh,helios-klinikum-salzgitter-gmbh:174,174,1,0
24,helios-klinikum-salzgitter-gmbh,helios-klinikum-salzgitter-gmbh:175,175,1,0
13,helios-klinikum-salzgitter-gmbh,helios-klinikum-salzgitter-gmbh:176,176,1,0
9,helios-klinikum-salzgitter-gmbh,helios-klinikum-salzgitter-gmbh:178,178,1,0
0,helios-klinikum-salzgitter-gmbh,helios-klinikum-salzgitter-gmbh:179,179,1,0
4,helios-klinikum-salzgitter-gmbh,helios-klinikum-salzgitter-gmbh:180,180,1,0
1,helios-klinikum-salzgitter-gmbh,helios-klinikum-salzgitter-gmbh:181,181,1,0
13,helios-klinikum-salzgitter-gmbh,helios-klinikum-salzgitter-gmbh:182,182,1,0
16,helios-klinikum-salzgitter-gmbh,helios-klinikum-salzgitter-gmbh:184,184,1,0
18,helios-klinikum-salzgitter-gmbh,helios-klinikum-salzgitter-gmbh:185,185,1,0
8,helios-klinikum-salzgitter-gmbh,helios-klinikum-salzgitter-gmbh:186,186,1,0
8,helios-klinikum-salzgitter-gmbh,helios-klinikum-salzgitter-gmbh:191,191,1,0
2,helios-klinikum-salzgitter-gmbh,helios-klinikum-salzgitter-gmbh:193,193,1,0
0,helios-klinikum-salzgitter-gmbh,helios-klinikum-salzgitter-gmbh:194,194,1,0
10,helios-klinikum-salzgitter-gmbh,helios-klinikum-salzgitter-gmbh:195,195,1,0
8,helios-klinikum-salzgitter-gmbh,helios-klinikum-salzgitter-gmbh:196,196,2,0
7,helios-klinikum-salzgitter-gmbh,helios-klinikum-salzgitter-gmbh:198,198,1,0
4,helios-klinikum-salzgitter-gmbh,helios-klinikum-salzgitter-gmbh:199,199,2,0
4,helios-klinikum-salzgitter-gmbh,helios-klinikum-salzgitter-gmbh:200,200,1,0
4,helios-klinikum-salzgitter-gmbh,helios-klinikum-salzgitter-gmbh:201,201,1,0
18,helios-klinikum-salzgitter-gmbh,helios-klinikum-salzgitter-gmbh:202,202,1,0
9,helios-klinikum-salzgitter-gmbh,helios-klinikum-salzgitter-gmbh:203,203,1,0
15,helios-klinikum-salzgitter-gmbh,helios-klinikum-salzgitter-gmbh:206,206,1,0
9,helios-klinikum-salzgitter-gmbh,helios-klinikum-salzgitter-gmbh:207,207,1,0
8,helios-klinikum-salzgitter-gmbh,helios-klinikum-salzgitter-gmbh:208,208,1,0
9,helios-klinikum-salzgitter-gmbh,helios-klinikum-salzgitter-gmbh:209,209,1,0
1,helios-klinikum-salzgitter-gmbh,helios-klinikum-salzgitter-gmbh:210,210,1,0
8,helios-klinikum-salzgitter-gmbh,helios-klinikum-salzgitter-gmbh:211,211,1,0
19,helios-klinikum-salzgitter-gmbh,helios-klinikum-salzgitter-gmbh:212,212,1,0
9,helios-klinikum-salzgitter-gmbh,helios-klinikum-salzgitter-gmbh:214,214,1,0
17,helios-klinikum-salzgitter-gmbh,helios-klinikum-salzgitter-gmbh:217,217,1,0
3,helios-klinikum-salzgitter-gmbh,helios-klinikum-salzgitter-gmbh:218,218,2,0
9,helios-klinikum-salzgitter-gmbh,helios-klinikum-salzgitter-gmbh:219,219,1,0
14,helios-klinikum-salzgitter-gmbh,helios-klinikum-salzgitter-gmbh:221,221,1,0
13,helios-klinikum-salzgitter-gmbh,helios-klinikum-salzgitter-gmbh:222,222,1,0
8,helios-klinikum-salzgitter-gmbh,helios-klinikum-salzgitter-gmbh:224,224,1,0
6,helios-klinikum-salzgitter-gmbh,helios-klinikum-salzgitter-gmbh:226,226,1,0
3,helios-klinikum-salzgitter-gmbh,helios-klinikum-salzgitter-gmbh:227,227,1,0
14,helios-klinikum-salzgitter-gmbh,helios-klinikum-salzgitter-gmbh:228,228,1,0
10,helios-klinikum-salzgitter-gmbh,helios-klinikum-salzgitter-gmbh:229,229,1,0
5,helios-klinikum-salzgitter-gmbh,helios-klinikum-salzgitter-gmbh:230,230,1,0
9,helios-klinikum-salzgitter-gmbh,helios-klinikum-salzgitter-gmbh:231,231,1,0
6,helios-klinikum-salzgitter-gmbh,helios-klinikum-salzgitter-gmbh:235,235,1,0
9,helios-klinikum-salzgitter-gmbh,helios-klinikum-salzgitter-gmbh:236,236,1,0
5,helios-klinikum-salzgitter-gmbh,helios-klinikum-salzgitter-gmbh:238,238,1,0
5,helios-klinikum-salzgitter-gmbh,helios-klinikum-salzgitter-gmbh:240,240,1,0
6,helios-klinikum-salzgitter-gmbh,helios-klinikum-salzgitter-gmbh:241,241,1,0
16,helios-klinikum-salzgitter-gmbh,helios-klinikum-salzgitter-gmbh:242,242,1,0
2,helios-klinikum-salzgitter-gmbh,helios-klinikum-salzgitter-gmbh:243,243,1,0
11,helios-klinikum-salzgitter-gmbh,helios-klinikum-salzgitter-gmbh:244,244,1,0
0,helios-klinikum-salzgitter-gmbh,helios-klinikum-salzgitter-gmbh:247,247,1,0
11,helios-klinikum-salzgitter-gmbh,helios-klinikum-salzgitter-gmbh:249,249,1,0
15,helios-klinikum-salzgitter-gmbh,helios-klinikum-salzgitter-gmbh:250,250,1,0
8,helios-klinikum-salzgitter-gmbh,helios-klinikum-salzgitter-gmbh:251,251,1,0
10,helios-klinikum-salzgitter-gmbh,helios-klinikum-salzgitter-gmbh:252,252,1,0
2,helios-klinikum-salzgitter-gmbh,helios-klinikum-salzgitter-gmbh:253,253,1,0
6,helios-klinikum-salzgitter-gmbh,helios-klinikum-salzgitter-gmbh:254,254,1,0
9,helios-klinikum-salzgitter-gmbh,helios-klinikum-salzgitter-gmbh:255,255,1,0
4,helios-klinikum-salzgitter-gmbh,helios-klinikum-salzgitter-gmbh:256,256,1,0
5,helios-klinikum-salzgitter-gmbh,helios-klinikum-salzgitter-gmbh:257,257,1,0
7,helios-klinikum-salzgitter-gmbh,helios-klinikum-salzgitter-gmbh:258,258,1,0
17,helios-klinikum-salzgitter-gmbh,helios-klinikum-salzgitter-gmbh:259,259,1,0
6,helios-klinikum-salzgitter-gmbh,helios-klinikum-salzgitter-gmbh:262,262,1,0
6,helios-klinikum-salzgitter-gmbh,helios-klinikum-salzgitter-gmbh:263,263,1,0
4,helios-klinikum-salzgitter-gmbh,helios-klinikum-salzgitter-gmbh:264,264,1,0
10,helios-klinikum-salzgitter-gmbh,helios-klinikum-salzgitter-gmbh:265,265,1,0
2,helios-klinikum-salzgitter-gmbh,helios-klinikum-salzgitter-gmbh:266,266,2,0
6,helios-klinikum-salzgitter-gmbh,helios-klinikum-salzgitter-gmbh:267,267,1,0
12,helios-klinikum-salzgitter-gmbh,helios-klinikum-salzgitter-gmbh:268,268,1,0
10,helios-klinikum-salzgitter-gmbh,helios-klinikum-salzgitter-gmbh:270,270,1,0
11,helios-klinikum-salzgitter-gmbh,helios-klinikum-salzgitter-gmbh:271,271,1,0
3,helios-klinikum-salzgitter-gmbh,helios-klinikum-salzgitter-gmbh:272,272,2,0
15,helios-klinikum-salzgitter-gmbh,helios-klinikum-salzgitter-gmbh:273,273,1,0
2,helios-klinikum-salzgitter-gmbh,helios-klinikum-salzgitter-gmbh:274,274,1,0
0,helios-klinikum-salzgitter-gmbh,helios-klinikum-salzgitter-gmbh:275,275,1,0
0,helios-klinikum-salzgitter-gmbh,helios-klinikum-salzgitter-gmbh:276,276,1,0
4,helios-klinikum-salzgitter-gmbh,helios-klinikum-salzgitter-gmbh:278,278,1,0
0,helios-klinikum-salzgitter-gmbh,helios-klinikum-salzgitter-gmbh:279,279,1,0
9,helios-klinikum-salzgitter-gmbh,helios-klinikum-salzgitter-gmbh:280,280,1,0
5,helios-klinikum-salzgitter-gmbh,helios-klinikum-salzgitter-gmbh:281,281,1,0
12,helios-klinikum-salzgitter-gmbh,helios-klinikum-salzgitter-gmbh:283,283,1,0
5,helios-klinikum-salzgitter-gmbh,helios-klinikum-salzgitter-gmbh:286,286,1,0
0,helios-klinikum-salzgitter-gmbh,helios-klinikum-salzgitter-gmbh:287,287,1,0
5,helios-klinikum-salzgitter-gmbh,helios-klinikum-salzgitter-gmbh:289,289,1,0
7,helios-klinikum-salzgitter-gmbh,helios-klinikum-salzgitter-gmbh:290,290,1,0
9,helios-klinikum-salzgitter-gmbh,helios-klinikum-salzgitter-gmbh:291,291,1,0
11,helios-klinikum-salzgitter-gmbh,helios-klinikum-salzgitter-gmbh:292,292,1,0
11,helios-klinikum-salzgitter-gmbh,helios-klinikum-salzgitter-gmbh:293,293,1,0
4,helios-klinikum-salzgitter-gmbh,helios-klinikum-salzgitter-gmbh:296,296,1,0
12,helios-klinikum-salzgitter-gmbh,helios-klinikum-salzgitter-gmbh:297,297,1,0
9,helios-klinikum-salzgitter-gmbh,helios-klinikum-salzgitter-gmbh:298,298,1,0
8,helios-klinikum-salzgitter-gmbh,helios-klinikum-salzgitter-gmbh:300,300,1,0
9,helios-klinikum-salzgitter-gmbh,helios-klinikum-salzgitter-gmbh:301,301,1,0
10,helios-klinikum-salzgitter-gmbh,helios-klinikum-salzgitter-gmbh:302,302,1,0
0,helios-klinikum-salzgitter-gmbh,helios-klinikum-salzgitter-gmbh:303,303,1,0
6,helios-klinikum-salzgitter-gmbh,helios-klinikum-salzgitter-gmbh:304,304,1,0
3,helios-klinikum-salzgitter-gmbh,helios-klinikum-salzgitter-gmbh:306,306,1,0
9,helios-klinikum-salzgitter-gmbh,helios-klinikum-salzgitter-gmbh:310,310,1,0
12,helios-klinikum-salzgitter-gmbh,helios-klinikum-salzgitter-gmbh:311,311,1,0
11,helios-klinikum-salzgitter-gmbh,helios-klinikum-salzgitter-gmbh:312,312,1,0
12,helios-klinikum-salzgitter-gmbh,helios-klinikum-salzgitter-gmbh:313,313,1,0
10,helios-klinikum-salzgitter-gmbh,helios-klinikum-salzgitter-gmbh:314,314,1,0
1,helios-klinikum-salzgitter-gmbh,helios-klinikum-salzgitter-gmbh:315,315,1,0
8,helios-klinikum-salzgitter-gmbh,helios-klinikum-salzgitter-gmbh:316,316,1,0
9,helios-klinikum-salzgitter-gmbh,helios-klinikum-salzgitter-gmbh:317,317,1,0
0,helios-klinikum-salzgitter-gmbh,helios-klinikum-salzgitter-gmbh:319,319,1,0
8,helios-klinikum-salzgitter-gmbh,helios-klinikum-salzgitter-gmbh:320,320,1,0
8,helios-klinikum-salzgitter-gmbh,helios-klinikum-salzgitter-gmbh:322,322,1,0
7,helios-klinikum-salzgitter-gmbh,helios-klinikum-salzgitter-gmbh:323,323,1,0
10,helios-klinikum-salzgitter-gmbh,helios-klinikum-salzgitter-gmbh:324,324,1,0
1,helios-klinikum-salzgitter-gmbh,helios-klinikum-salzgitter-gmbh:325,325,1,0
19,helios-klinikum-salzgitter-gmbh,helios-klinikum-salzgitter-gmbh:326,326,1,0
10,helios-klinikum-salzgitter-gmbh,helios-klinikum-salzgitter-gmbh:327,327,1,0
11,helios-klinikum-salzgitter-gmbh,helios-klinikum-salzgitter-gmbh:328,328,1,0
8,helios-klinikum-salzgitter-gmbh,helios-klinikum-salzgitter-gmbh:329,329,1,0
5,helios-klinikum-salzgitter-gmbh,helios-klinikum-salzgitter-gmbh:331,331,2,0
4,helios-klinikum-salzgitter-gmbh,helios-klinikum-salzgitter-gmbh:332,332,1,0
2,helios-klinikum-salzgitter-gmbh,helios-klinikum-salzgitter-gmbh:333,333,1,0
12,helios-klinikum-salzgitter-gmbh,helios-klinikum-salzgitter-gmbh:335,335,1,0
6,helios-klinikum-salzgitter-gmbh,helios-klinikum-salzgitter-gmbh:336,336,1,0
9,helios-klinikum-salzgitter-gmbh,helios-klinikum-salzgitter-gmbh:338,338,1,0
7,helios-klinikum-salzgitter-gmbh,helios-klinikum-salzgitter-gmbh:339,339,2,0
7,helios-klinikum-salzgitter-gmbh,helios-klinikum-salzgitter-gmbh:340,340,1,0
9,helios-klinikum-salzgitter-gmbh,helios-klinikum-salzgitter-gmbh:342,342,1,0
9,helios-klinikum-salzgitter-gmbh,helios-klinikum-salzgitter-gmbh:346,346,1,0
10,helios-klinikum-salzgitter-gmbh,helios-klinikum-salzgitter-gmbh:350,350,1,0
7,helios-klinikum-salzgitter-gmbh,helios-klinikum-salzgitter-gmbh:351,351,1,0
10,helios-klinikum-salzgitter-gmbh,helios-klinikum-salzgitter-gmbh:353,353,1,0
5,helios-klinikum-salzgitter-gmbh,helios-klinikum-salzgitter-gmbh:354,354,1,0
5,helios-klinikum-salzgitter-gmbh,helios-klinikum-salzgitter-gmbh:355,355,1,0
8,helios-klinikum-salzgitter-gmbh,helios-klinikum-salzgitter-gmbh:356,356,1,0
9,helios-klinikum-salzgitter-gmbh,helios-klinikum-salzgitter-gmbh:359,359,1,0
1,helios-klinikum-salzgitter-gmbh,helios-klinikum-salzgitter-gmbh:360,360,1,0
18,helios-klinikum-salzgitter-gmbh,helios-klinikum-salzgitter-gmbh:361,361,1,0
3,helios-klinikum-salzgitter-gmbh,helios-klinikum-salzgitter-gmbh:362,362,1,0
5,helios-klinikum-salzgitter-gmbh,helios-klinikum-salzgitter-gmbh:363,363,1,0
9,helios-klinikum-salzgitter-gmbh,helios-klinikum-salzgitter-gmbh:364,364,1,0
12,helios-klinikum-salzgitter-gmbh,helios-klinikum-salzgitter-gmbh:368,368,1,0
1,helios-klinikum-salzgitter-gmbh,helios-klinikum-salzgitter-gmbh:370,370,1,0
2,helios-klinikum-salzgitter-gmbh,helios-klinikum-salzgitter-gmbh:376,376,1,0
10,helios-klinikum-salzgitter-gmbh,helios-klinikum-salzgitter-gmbh:378,378,1,0
5,helios-klinikum-salzgitter-gmbh,helios-klinikum-salzgitter-gmbh:381,381,1,0
0,helios-klinikum-salzgitter-gmbh,helios-klinikum-salzgitter-gmbh:382,382,1,0
14,helios-klinikum-salzgitter-gmbh,helios-klinikum-salzgitter-gmbh:383,383,1,0
9,helios-klinikum-salzgitter-gmbh,helios-klinikum-salzgitter-gmbh:389,389,1,0
0,helios-klinikum-salzgitter-gmbh,helios-klinikum-salzgitter-gmbh:390,390,1,0
9,helios-klinikum-salzgitter-gmbh,helios-klinikum-salzgitter-gmbh:392,392,1,0
11,helios-klinikum-salzgitter-gmbh,helios-klinikum-salzgitter-gmbh:394,394,1,0
8,helios-klinikum-salzgitter-gmbh,helios-klinikum-salzgitter-gmbh:397,397,1,0
2,helios-klinikum-salzgitter-gmbh,helios-klinikum-salzgitter-gmbh:398,398,1,0
13,helios-klinikum-salzgitter-gmbh,helios-klinikum-salzgitter-gmbh:399,399,1,0
1,helios-klinikum-salzgitter-gmbh,helios-klinikum-salzgitter-gmbh:401,401,1,0
6,helios-klinikum-salzgitter-gmbh,helios-klinikum-salzgitter-gmbh:405,405,1,0
2,helios-klinikum-salzgitter-gmbh,helios-klinikum-salzgitter-gmbh:406,406,1,0
13,helios-klinikum-salzgitter-gmbh,helios-klinikum-salzgitter-gmbh:407,407,1,0
1,helios-klinikum-salzgitter-gmbh,helios-klinikum-salzgitter-gmbh:408,408,1,0
6,helios-klinikum-salzgitter-gmbh,helios-klinikum-salzgitter-gmbh:409,409,1,0
6,helios-klinikum-salzgitter-gmbh,helios-klinikum-salzgitter-gmbh:412,412,1,0
9,helios-klinikum-salzgitter-gmbh,helios-klinikum-salzgitter-gmbh:415,415,1,0
4,helios-klinikum-salzgitter-gmbh,helios-klinikum-salzgitter-gmbh:416,416,1,0
9,helios-klinikum-salzgitter-gmbh,helios-klinikum-salzgitter-gmbh:417,417,1,0
4,helios-klinikum-salzgitter-gmbh,helios-klinikum-salzgitter-gmbh:419,419,1,0
1,helios-klinikum-salzgitter-gmbh,helios-klinikum-salzgitter-gmbh:420,420,1,0
11,helios-klinikum-salzgitter-gmbh,helios-klinikum-salzgitter-gmbh:421,421,1,0
5,helios-klinikum-salzgitter-gmbh,helios-klinikum-salzgitter-gmbh:422,422,1,0
8,helios-klinikum-salzgitter-gmbh,helios-klinikum-salzgitter-gmbh:423,423,1,0
7,helios-klinikum-salzgitter-gmbh,helios-klinikum-salzgitter-gmbh:426,426,1,0
0,helios-klinikum-salzgitter-gmbh,helios-klinikum-salzgitter-gmbh:428,428,1,0
11,helios-klinikum-salzgitter-gmbh,helios-klinikum-salzgitter-gmbh:430,430,1,0
3,helios-klinikum-salzgitter-gmbh,helios-klinikum-salzgitter-gmbh:431,431,1,0
0,helios-klinikum-salzgitter-gmbh,helios-klinikum-salzgitter-gmbh:434,434,1,0
13,helios-klinikum-salzgitter-gmbh,helios-klinikum-salzgitter-gmbh:437,437,1,0
8,helios-klinikum-salzgitter-gmbh,helios-klinikum-salzgitter-gmbh:439,439,1,0
5,helios-klinikum-salzgitter-gmbh,helios-klinikum-salzgitter-gmbh:442,442,1,0
6,helios-klinikum-salzgitter-gmbh,helios-klinikum-salzgitter-gmbh:444,444,1,0
8,helios-klinikum-salzgitter-gmbh,helios-klinikum-salzgitter-gmbh:446,446,1,0
2,helios-klinikum-salzgitter-gmbh,helios-klinikum-salzgitter-gmbh:447,447,1,0
0,helios-klinikum-salzgitter-gmbh,helios-klinikum-salzgitter-gmbh:448,448,1,0
0,helios-klinikum-salzgitter-gmbh,helios-klinikum-salzgitter-gmbh:449,449,1,0
7,helios-klinikum-salzgitter-gmbh,helios-klinikum-salzgitter-gmbh:450,450,1,0
0,helios-klinikum-salzgitter-gmbh,helios-klinikum-salzgitter-gmbh:451,451,1,0
0,helios-klinikum-salzgitter-gmbh,helios-klinikum-salzgitter-gmbh:453,453,1,0
7,helios-klinikum-salzgitter-gmbh,helios-klinikum-salzgitter-gmbh:458,458,1,0
10,helios-klinikum-salzgitter-gmbh,helios-klinikum-salzgitter-gmbh:459,459,1,0
4,helios-klinikum-salzgitter-gmbh,helios-klinikum-salzgitter-gmbh:460,460,1,0
0,helios-klinikum-salzgitter-gmbh,helios-klinikum-salzgitter-gmbh:462,462,1,0
4,helios-klinikum-salzgitter-gmbh,helios-klinikum-salzgitter-gmbh:463,463,1,0
0,helios-klinikum-salzgitter-gmbh,helios-klinikum-salzgitter-gmbh:464,464,1,0
0,helios-klinikum-salzgitter-gmbh,helios-klinikum-salzgitter-gmbh:468,468,1,0
2,helios-klinikum-salzgitter-gmbh,helios-klinikum-salzgitter-gmbh:469,469,1,0
9,helios-klinikum-salzgitter-gmbh,helios-klinikum-salzgitter-gmbh:472,472,1,0
12,helios-klinikum-salzgitter-gmbh,helios-klinikum-salzgitter-gmbh:473,473,1,0
8,helios-klinikum-salzgitter-gmbh,helios-klinikum-salzgitter-gmbh:476,476,1,0
8,helios-klinikum-salzgitter-gmbh,helios-klinikum-salzgitter-gmbh:477,477,1,0
8,helios-klinikum-salzgitter-gmbh,helios-klinikum-salzgitter-gmbh:481,481,1,0
0,helios-klinikum-salzgitter-gmbh,helios-klinikum-salzgitter-gmbh:482,482,1,0
12,helios-klinikum-salzgitter-gmbh,helios-klinikum-salzgitter-gmbh:483,483,1,0
1,helios-klinikum-salzgitter-gmbh,helios-klinikum-salzgitter-gmbh:484,484,1,0
0,helios-klinikum-salzgitter-gmbh,helios-klinikum-salzgitter-gmbh:485,485,1,0
2,helios-klinikum-salzgitter-gmbh,helios-klinikum-salzgitter-gmbh:486,486,1,0
0,helios-klinikum-salzgitter-gmbh,helios-klinikum-salzgitter-gmbh:487,487,1,0
0,helios-klinikum-salzgitter-gmbh,helios-klinikum-salzgitter-gmbh:488,488,1,0
5,helios-klinikum-salzgitter-gmbh,helios-klinikum-salzgitter-gmbh:490,490,1,0
0,helios-klinikum-salzgitter-gmbh,helios-klinikum-salzgitter-gmbh:491,491,1,0
6,helios-klinikum-salzgitter-gmbh,helios-klinikum-salzgitter-gmbh:494,494,1,0
6,helios-klinikum-salzgitter-gmbh,helios-klinikum-salzgitter-gmbh:495,495,1,0
7,helios-klinikum-salzgitter-gmbh,helios-klinikum-salzgitter-gmbh:497,497,1,0
8,helios-klinikum-salzgitter-gmbh,helios-klinikum-salzgitter-gmbh:498,498,1,0
2,helios-klinikum-salzgitter-gmbh,helios-klinikum-salzgitter-gmbh:499,499,1,0
6,helios-klinikum-salzgitter-gmbh,helios-klinikum-salzgitter-gmbh:500,500,1,0
0,helios-klinikum-salzgitter-gmbh,helios-klinikum-salzgitter-gmbh:501,501,1,0
3,helios-klinikum-salzgitter-gmbh,helios-klinikum-salzgitter-gmbh:502,502,1,0
9,helios-klinikum-salzgitter-gmbh,helios-klinikum-salzgitter-gmbh:504,504,1,0
8,helios-klinikum-salzgitter-gmbh,helios-klinikum-salzgitter-gmbh:505,505,1,0
3,helios-klinikum-salzgitter-gmbh,helios-klinikum-salzgitter-gmbh:506,506,1,0
7,helios-klinikum-salzgitter-gmbh,helios-klinikum-salzgitter-gmbh:511,511,1,0
1,helios-klinikum-salzgitter-gmbh,helios-klinikum-salzgitter-gmbh:512,512,1,0
5,helios-klinikum-salzgitter-gmbh,helios-klinikum-salzgitter-gmbh:513,513,1,0
0,helios-klinikum-salzgitter-gmbh,helios-klinikum-salzgitter-gmbh:514,514,1,0
0,helios-klinikum-salzgitter-gmbh,helios-klinikum-salzgitter-gmbh:516,516,1,0
5,helios-klinikum-salzgitter-gmbh,helios-klinikum-salzgitter-gmbh:517,517,1,0
1,helios-klinikum-salzgitter-gmbh,helios-klinikum-salzgitter-gmbh:518,518,1,0
0,helios-klinikum-salzgitter-gmbh,helios-klinikum-salzgitter-gmbh:519,519,1,0
2,helios-klinikum-salzgitter-gmbh,helios-klinikum-salzgitter-gmbh:521,521,1,0
10,helios-klinikum-salzgitter-gmbh,helios-klinikum-salzgitter-gmbh:522,522,1,0
2,helios-klinikum-salzgitter-gmbh,helios-klinikum-salzgitter-gmbh:523,523,1,0
8,helios-klinikum-salzgitter-gmbh,helios-klinikum-salzgitter-gmbh:525,525,1,0
3,helios-klinikum-salzgitter-gmbh,helios-klinikum-salzgitter-gmbh:527,527,1,0
5,helios-klinikum-salzgitter-gmbh,helios-klinikum-salzgitter-gmbh:528,528,1,0
6,helios-klinikum-salzgitter-gmbh,helios-klinikum-salzgitter-gmbh:529,529,1,0
6,helios-klinikum-salzgitter-gmbh,helios-klinikum-salzgitter-gmbh:530,530,1,0
4,helios-klinikum-salzgitter-gmbh,helios-klinikum-salzgitter-gmbh:531,531,1,0
1,helios-klinikum-salzgitter-gmbh,helios-klinikum-salzgitter-gmbh:532,532,1,0
4,helios-klinikum-salzgitter-gmbh,helios-klinikum-salzgitter-gmbh:533,533,1,0
7,helios-klinikum-salzgitter-gmbh,helios-klinikum-salzgitter-gmbh:535,535,1,0
8,helios-klinikum-salzgitter-gmbh,helios-klinikum-salzgitter-gmbh:537,537,1,0
6,helios-klinikum-salzgitter-gmbh,helios-klinikum-salzgitter-gmbh:538,538,1,0
4,helios-klinikum-salzgitter-gmbh,helios-klinikum-salzgitter-gmbh:539,539,1,0
2,helios-klinikum-salzgitter-gmbh,helios-klinikum-salzgitter-gmbh:540,540,2,0
5,helios-klinikum-salzgitter-gmbh,helios-klinikum-salzgitter-gmbh:541,541,1,0
1,helios-klinikum-salzgitter-gmbh,helios-klinikum-salzgitter-gmbh:542,542,1,0
0,helios-klinikum-salzgitter-gmbh,helios-klinikum-salzgitter-gmbh:543,543,1,0
0,helios-klinikum-salzgitter-gmbh,helios-klinikum-salzgitter-gmbh:545,545,2,0
6,helios-klinikum-salzgitter-gmbh,helios-klinikum-salzgitter-gmbh:546,546,1,0
0,helios-klinikum-salzgitter-gmbh,helios-klinikum-salzgitter-gmbh:547,547,1,0
1,helios-klinikum-salzgitter-gmbh,helios-klinikum-salzgitter-gmbh:548,548,1,0
5,helios-klinikum-salzgitter-gmbh,helios-klinikum-salzgitter-gmbh:549,549,1,0
7,helios-klinikum-salzgitter-gmbh,helios-klinikum-salzgitter-gmbh:551,551,1,0
0,helios-klinikum-salzgitter-gmbh,helios-klinikum-salzgitter-gmbh:554,554,1,0
4,helios-klinikum-salzgitter-gmbh,helios-klinikum-salzgitter-gmbh:555,555,1,0
2,helios-klinikum-salzgitter-gmbh,helios-klinikum-salzgitter-gmbh:557,557,1,0
0,helios-klinikum-salzgitter-gmbh,helios-klinikum-salzgitter-gmbh:558,558,1,0
0,helios-klinikum-salzgitter-gmbh,helios-klinikum-salzgitter-gmbh:559,559,1,0
2,helios-klinikum-salzgitter-gmbh,helios-klinikum-salzgitter-gmbh:560,560,1,0
3,helios-klinikum-salzgitter-gmbh,helios-klinikum-salzgitter-gmbh:561,561,1,0
6,helios-klinikum-salzgitter-gmbh,helios-klinikum-salzgitter-gmbh:563,563,1,0
2,helios-klinikum-salzgitter-gmbh,helios-klinikum-salzgitter-gmbh:564,564,1,0
0,helios-klinikum-salzgitter-gmbh,helios-klinikum-salzgitter-gmbh:566,566,1,0
0,helios-klinikum-salzgitter-gmbh,helios-klinikum-salzgitter-gmbh:567,567,1,0
6,helios-klinikum-salzgitter-gmbh,helios-klinikum-salzgitter-gmbh:568,568,1,0
4,helios-klinikum-salzgitter-gmbh,helios-klinikum-salzgitter-gmbh:569,569,1,0
5,helios-klinikum-salzgitter-gmbh,helios-klinikum-salzgitter-gmbh:570,570,1,0
5,helios-klinikum-salzgitter-gmbh,helios-klinikum-salzgitter-gmbh:571,571,1,0
0,helios-klinikum-salzgitter-gmbh,helios-klinikum-salzgitter-gmbh:572,572,1,0
2,helios-klinikum-salzgitter-gmbh,helios-klinikum-salzgitter-gmbh:573,573,1,0
1,helios-klinikum-salzgitter-gmbh,helios-klinikum-salzgitter-gmbh:574,574,1,0
0,helios-klinikum-salzgitter-gmbh,helios-klinikum-salzgitter-gmbh:575,575,1,0
0,helios-klinikum-salzgitter-gmbh,helios-klinikum-salzgitter-gmbh:576,576,1,0
0,helios-klinikum-salzgitter-gmbh,helios-klinikum-salzgitter-gmbh:577,577,1,0
1,helios-klinikum-salzgitter-gmbh,helios-klinikum-salzgitter-gmbh:578,578,1,0
0,helios-klinikum-salzgitter-gmbh,helios-klinikum-salzgitter-gmbh:580,580,1,0
0,helios-klinikum-salzgitter-gmbh,helios-klinikum-salzgitter-gmbh:582,582,1,0
3,helios-klinikum-salzgitter-gmbh,helios-klinikum-salzgitter-gmbh:585,585,1,0
1,helios-klinikum-salzgitter-gmbh,helios-klinikum-salzgitter-gmbh:586,586,1,0
0,helios-klinikum-salzgitter-gmbh,helios-klinikum-salzgitter-gmbh:587,587,1,0
2,helios-klinikum-salzgitter-gmbh,helios-klinikum-salzgitter-gmbh:589,589,1,0
0,helios-klinikum-salzgitter-gmbh,helios-klinikum-salzgitter-gmbh:591,591,1,0
0,helios-klinikum-salzgitter-gmbh,helios-klinikum-salzgitter-gmbh:592,592,1,0
2,helios-klinikum-salzgitter-gmbh,helios-klinikum-salzgitter-gmbh:596,596,2,0
3,helios-klinikum-salzgitter-gmbh,helios-klinikum-salzgitter-gmbh:597,597,1,0
0,helios-klinikum-salzgitter-gmbh,helios-klinikum-salzgitter-gmbh:598,598,1,0
0,helios-klinikum-uelzen-gmbh,helios-klinikum-uelzen-gmbh:3,3,1,0
0,helios-klinikum-uelzen-gmbh,helios-klinikum-uelzen-gmbh:6,6,1,0
0,helios-klinikum-uelzen-gmbh,helios-klinikum-uelzen-gmbh:7,7,1,0
0,helios-klinikum-uelzen-gmbh,helios-klinikum-uelzen-gmbh:8,8,1,0
0,helios-klinikum-uelzen-gmbh,helios-klinikum-uelzen-gmbh:9,9,1,0
0,helios-klinikum-uelzen-gmbh,helios-klinikum-uelzen-gmbh:11,11,1,0
0,helios-klinikum-uelzen-gmbh,helios-klinikum-uelzen-gmbh:12,12,1,0
0,helios-klinikum-uelzen-gmbh,helios-klinikum-uelzen-gmbh:13,13,1,0
0,helios-klinikum-uelzen-gmbh,helios-klinikum-uelzen-gmbh:15,15,1,0
0,helios-klinikum-uelzen-gmbh,helios-klinikum-uelzen-gmbh:23,23,1,0
0,helios-klinikum-uelzen-gmbh,helios-klinikum-uelzen-gmbh:27,27,2,0
0,helios-st-marienberg-klinik-helmstedt,helios-st-marienberg-klinik-helmstedt:7,7,1,0
0,helios-st-marienberg-klinik-helmstedt,helios-st-marienberg-klinik-helmstedt:8,8,1,1
0,helios-st-marienberg-klinik-helmstedt,helios-st-marienberg-klinik-helmstedt:10,10,1,0
0,helios-st-marienberg-klinik-helmstedt,helios-st-marienberg-klinik-helmstedt:13,13,2,0
0,helios-st-marienberg-klinik-helmstedt,helios-st-marienberg-klinik-helmstedt:22,22,2,0
0,herz-und-gefaesszentrum-bad-bevensen,herz-und-gefaesszentrum-bad-bevensen:6,6,2,0
0,herz-und-gefaesszentrum-bad-bevensen,herz-und-gefaesszentrum-bad-bevensen:7,7,1,0
0,herz-und-gefaesszentrum-bad-bevensen,herz-und-gefaesszentrum-bad-bevensen:16,16,1,0
5,herz-und-gefaesszentrum-bad-bevensen,herz-und-gefaesszentrum-bad-bevensen:29,29,2,0
0,herzogin-elisabeth-hospital,herzogin-elisabeth-hospital:4,4,1,0
0,herzogin-elisabeth-hospital,herzogin-elisabeth-hospital:12,12,1,0
0,herzogin-elisabeth-hospital,herzogin-elisabeth-hospital:19,19,1,0
0,herzogin-elisabeth-hospital,herzogin-elisabeth-hospital:21,21,1,0
0,herzogin-elisabeth-hospital,herzogin-elisabeth-hospital:25,25,1,0
2,herzogin-elisabeth-hospital,herzogin-elisabeth-hospital:30,30,1,0
1,herzogin-elisabeth-hospital,herzogin-elisabeth-hospital:32,32,1,0
1,herzogin-elisabeth-hospital,herzogin-elisabeth-hospital:34,34,1,0
0,herzogin-elisabeth-hospital,herzogin-elisabeth-hospital:39,39,2,0
1,herzogin-elisabeth-hospital,herzogin-elisabeth-hospital:40,40,1,0
0,herzogin-elisabeth-hospital,herzogin-elisabeth-hospital:42,42,1,0
0,herzogin-elisabeth-hospital,herzogin-elisabeth-hospital:46,46,1,0
0,herzogin-elisabeth-hospital,herzogin-elisabeth-hospital:47,47,1,0
0,herzogin-elisabeth-hospital,herzogin-elisabeth-hospital:50,50,1,0
0,herzogin-elisabeth-hospital,herzogin-elisabeth-hospital:52,52,2,0
1,herzogin-elisabeth-hospital,herzogin-elisabeth-hospital:67,67,1,0
0,herzogin-elisabeth-hospital,herzogin-elisabeth-hospital:83,83,1,0
9,herzogin-elisabeth-hospital,herzogin-elisabeth-hospital:90,90,1,0
2,herzogin-elisabeth-hospital,herzogin-elisabeth-hospital:106,106,1,0
4,herzogin-elisabeth-hospital,herzogin-elisabeth-hospital:108,108,1,0
11,herzogin-elisabeth-hospital,herzogin-elisabeth-hospital:112,112,1,0
2,herzogin-elisabeth-hospital,herzogin-elisabeth-hospital:115,115,2,0
2,herzogin-elisabeth-hospital,herzogin-elisabeth-hospital:116,116,1,0
1,herzogin-elisabeth-hospital,herzogin-elisabeth-hospital:121,121,2,0
9,herzogin-elisabeth-hospital,herzogin-elisabeth-hospital:132,132,1,0
4,herzogin-elisabeth-hospital,herzogin-elisabeth-hospital:135,135,1,0
0,herzogin-elisabeth-hospital,herzogin-elisabeth-hospital:138,138,1,0
8,herzogin-elisabeth-hospital,herzogin-elisabeth-hospital:149,149,1,0
17,herzogin-elisabeth-hospital,herzogin-elisabeth-hospital:151,151,1,0
14,herzogin-elisabeth-hospital,herzogin-elisabeth-hospital:152,152,1,0
0,herzogin-elisabeth-hospital,herzogin-elisabeth-hospital:159,159,1,0
3,herzogin-elisabeth-hospital,herzogin-elisabeth-hospital:160,160,1,0
9,herzogin-elisabeth-hospital,herzogin-elisabeth-hospital:172,172,1,0
12,herzogin-elisabeth-hospital,herzogin-elisabeth-hospital:174,174,1,0
1,herzogin-elisabeth-hospital,herzogin-elisabeth-hospital:179,179,2,0
6,herzogin-elisabeth-hospital,herzogin-elisabeth-hospital:181,181,1,0
6,herzogin-elisabeth-hospital,herzogin-elisabeth-hospital:183,183,1,0
11,herzogin-elisabeth-hospital,herzogin-elisabeth-hospital:187,187,2,0
3,herzogin-elisabeth-hospital,herzogin-elisabeth-hospital:191,191,1,0
13,herzogin-elisabeth-hospital,herzogin-elisabeth-hospital:195,195,1,0
3,herzogin-elisabeth-hospital,herzogin-elisabeth-hospital:196,196,2,0
9,herzogin-elisabeth-hospital,herzogin-elisabeth-hospital:204,204,1,0
1,herzogin-elisabeth-hospital,herzogin-elisabeth-hospital:209,209,1,0
12,herzogin-elisabeth-hospital,herzogin-elisabeth-hospital:220,220,1,0
2,herzogin-elisabeth-hospital,herzogin-elisabeth-hospital:233,233,1,0
1,herzogin-elisabeth-hospital,herzogin-elisabeth-hospital:235,235,1,0
14,herzogin-elisabeth-hospital,herzogin-elisabeth-hospital:241,241,1,0
0,herzogin-elisabeth-hospital,herzogin-elisabeth-hospital:243,243,1,0
1,herzogin-elisabeth-hospital,herzogin-elisabeth-hospital:244,244,1,0
4,herzogin-elisabeth-hospital,herzogin-elisabeth-hospital:246,246,2,0
5,herzogin-elisabeth-hospital,herzogin-elisabeth-hospital:254,254,1,0
5,herzogin-elisabeth-hospital,herzogin-elisabeth-hospital:260,260,1,0
4,herzogin-elisabeth-hospital,herzogin-elisabeth-hospital:267,267,1,0
0,herzogin-elisabeth-hospital,herzogin-elisabeth-hospital:275,275,2,0
2,herzogin-elisabeth-hospital,herzogin-elisabeth-hospital:285,285,1,0
3,herzogin-elisabeth-hospital,herzogin-elisabeth-hospital:290,290,1,0
1,herzogin-elisabeth-hospital,herzogin-elisabeth-hospital:311,311,1,0
2,herzogin-elisabeth-hospital,herzogin-elisabeth-hospital:318,318,1,0
1,herzogin-elisabeth-hospital,herzogin-elisabeth-hospital:326,326,1,0
1,herzogin-elisabeth-hospital,herzogin-elisabeth-hospital:335,335,1,0
0,herzogin-elisabeth-hospital,herzogin-elisabeth-hospital:346,346,1,0
0,herzogin-elisabeth-hospital,herzogin-elisabeth-hospital:348,348,1,0
18,ini-international-neuroscience-institute-hannover,ini-international-neuroscience-institute-hannover:14,14,1,0
24,ini-international-neuroscience-institute-hannover,ini-international-neuroscience-institute-hannover:16,16,1,0
15,ini-international-neuroscience-institute-hannover,ini-international-neuroscience-institute-hannover:20,20,1,0
30,ini-international-neuroscience-institute-hannover,ini-international-neuroscience-institute-hannover:26,26,1,0
17,ini-international-neuroscience-institute-hannover,ini-international-neuroscience-institute-hannover:29,29,1,0
25,ini-international-neuroscience-institute-hannover,ini-international-neuroscience-institute-hannover:33,33,1,0
22,ini-international-neuroscience-institute-hannover,ini-international-neuroscience-institute-hannover:34,34,1,0
12,ini-international-neuroscience-institute-hannover,ini-international-neuroscience-institute-hannover:35,35,1,0
29,ini-international-neuroscience-institute-hannover,ini-international-neuroscience-institute-hannover:37,37,1,0
3,ini-international-neuroscience-institute-hannover,ini-international-neuroscience-institute-hannover:38,38,1,0
16,ini-international-neuroscience-institute-hannover,ini-international-neuroscience-institute-hannover:40,40,1,0
9,ini-international-neuroscience-institute-hannover,ini-international-neuroscience-institute-hannover:43,43,1,0
0,ini-international-neuroscience-institute-hannover,ini-international-neuroscience-institute-hannover:45,45,1,0
0,ini-international-neuroscience-institute-hannover,ini-international-neuroscience-institute-hannover:46,46,2,0
11,ini-international-neuroscience-institute-hannover,ini-international-neuroscience-institute-hannover:64,64,1,0
10,ini-international-neuroscience-institute-hannover,ini-international-neuroscience-institute-hannover:68,68,1,0
2,ini-international-neuroscience-institute-hannover,ini-international-neuroscience-institute-hannover:71,71,1,0
0,inselkrankenhaus-borkum-ggmbh,inselkrankenhaus-borkum-ggmbh:0,0,1,0
0,inselkrankenhaus-borkum-ggmbh,inselkrankenhaus-borkum-ggmbh:4,4,1,0
0,inselkrankenhaus-borkum-ggmbh,inselkrankenhaus-borkum-ggmbh:6,6,1,0
0,inselkrankenhaus-borkum-ggmbh,inselkrankenhaus-borkum-ggmbh:9,9,1,0
8,inselkrankenhaus-borkum-ggmbh,inselkrankenhaus-borkum-ggmbh:11,11,1,0
0,inselkrankenhaus-borkum-ggmbh,inselkrankenhaus-borkum-ggmbh:12,12,1,0
7,inselkrankenhaus-borkum-ggmbh,inselkrankenhaus-borkum-ggmbh:13,13,1,0
19,inselkrankenhaus-borkum-ggmbh,inselkrankenhaus-borkum-ggmbh:17,17,1,0
22,inselkrankenhaus-borkum-ggmbh,inselkrankenhaus-borkum-ggmbh:19,19,1,0
18,inselkrankenhaus-borkum-ggmbh,inselkrankenhaus-borkum-ggmbh:20,20,1,0
9,inselkrankenhaus-borkum-ggmbh,inselkrankenhaus-borkum-ggmbh:22,22,1,0
8,inselkrankenhaus-borkum-ggmbh,inselkrankenhaus-borkum-ggmbh:23,23,1,0
21,inselkrankenhaus-borkum-ggmbh,inselkrankenhaus-borkum-ggmbh:26,26,1,0
17,inselkrankenhaus-borkum-ggmbh,inselkrankenhaus-borkum-ggmbh:27,27,1,0
3,inselkrankenhaus-borkum-ggmbh,inselkrankenhaus-borkum-ggmbh:28,28,1,0
1,inselkrankenhaus-borkum-ggmbh,inselkrankenhaus-borkum-ggmbh:33,33,1,0
1,inselkrankenhaus-borkum-ggmbh,inselkrankenhaus-borkum-ggmbh:47,47,1,0
0,inselkrankenhaus-borkum-ggmbh,inselkrankenhaus-borkum-ggmbh:51,51,1,0
0,inselkrankenhaus-borkum-ggmbh,inselkrankenhaus-borkum-ggmbh:52,52,1,0
0,johanniter-krankenhaus-gronau-gmbh,johanniter-krankenhaus-gronau-gmbh:0,0,1,0
0,johanniter-krankenhaus-gronau-gmbh,johanniter-krankenhaus-gronau-gmbh:5,5,1,0
1,johanniter-krankenhaus-gronau-gmbh,johanniter-krankenhaus-gronau-gmbh:6,6,1,0
1,johanniter-krankenhaus-gronau-gmbh,johanniter-krankenhaus-gronau-gmbh:8,8,1,0
0,johanniter-krankenhaus-gronau-gmbh,johanniter-krankenhaus-gronau-gmbh:15,15,2,0
0,johanniter-krankenhaus-gronau-gmbh,johanniter-krankenhaus-gronau-gmbh:18,18,1,0
0,johanniter-krankenhaus-gronau-gmbh,johanniter-krankenhaus-gronau-gmbh:24,24,1,0
5,johanniter-krankenhaus-gronau-gmbh,johanniter-krankenhaus-gronau-gmbh:43,43,1,0
2,johanniter-krankenhaus-gronau-gmbh,johanniter-krankenhaus-gronau-gmbh:51,51,1,0
5,johanniter-krankenhaus-gronau-gmbh,johanniter-krankenhaus-gronau-gmbh:55,55,1,0
5,johanniter-krankenhaus-gronau-gmbh,johanniter-krankenhaus-gronau-gmbh:62,62,1,0
5,johanniter-krankenhaus-gronau-gmbh,johanniter-krankenhaus-gronau-gmbh:64,64,1,0
0,johanniter-krankenhaus-gronau-gmbh,johanniter-krankenhaus-gronau-gmbh:71,71,1,0
0,johanniter-krankenhaus-gronau-gmbh,johanniter-krankenhaus-gronau-gmbh:72,72,1,0
0,johanniter-krankenhaus-gronau-gmbh,johanniter-krankenhaus-gronau-gmbh:80,80,1,0
0,johanniter-krankenhaus-gronau-gmbh,johanniter-krankenhaus-gronau-gmbh:86,86,1,0
0,johanniter-krankenhaus-gronau-gmbh,johanniter-krankenhaus-gronau-gmbh:88,88,1,0
0,johanniter-krankenhaus-gronau-gmbh,johanniter-krankenhaus-gronau-gmbh:93,93,1,0
1,johanniter-krankenhaus-gronau-gmbh,johanniter-krankenhaus-gronau-gmbh:103,103,1,0
0,johanniter-krankenhaus-gronau-gmbh,johanniter-krankenhaus-gronau-gmbh:108,108,1,0
3,johanniter-krankenhaus-gronau-gmbh,johanniter-krankenhaus-gronau-gmbh:124,124,1,0
0,karl-jaspers-klinik,karl-jaspers-klinik:2,2,2,0
0,karl-jaspers-klinik,karl-jaspers-klinik:4,4,1,0
0,karl-jaspers-klinik,karl-jaspers-klinik:5,5,1,0
0,karl-jaspers-klinik,karl-jaspers-klinik:7,7,1,0
0,karl-jaspers-klinik,karl-jaspers-klinik:9,9,1,0
0,karl-jaspers-klinik,karl-jaspers-klinik:10,10,2,0
6,karl-jaspers-klinik,karl-jaspers-klinik:11,11,1,0
0,karl-jaspers-klinik,karl-jaspers-klinik:12,12,2,0
0,karl-jaspers-klinik,karl-jaspers-klinik:14,14,1,0
0,karl-jaspers-klinik,karl-jaspers-klinik:17,17,1,0
8,karl-jaspers-klinik,karl-jaspers-klinik:19,19,2,0
0,karl-jaspers-klinik,karl-jaspers-klinik:20,20,1,0
3,karl-jaspers-klinik,karl-jaspers-klinik:21,21,1,0
55,karl-jaspers-klinik,karl-jaspers-klinik:22,22,1,0
0,karl-jaspers-klinik,karl-jaspers-klinik:23,23,1,0
49,karl-jaspers-klinik,karl-jaspers-klinik:25,25,1,0
11,karl-jaspers-klinik,karl-jaspers-klinik:28,28,2,0
172,karl-jaspers-klinik,karl-jaspers-klinik:31,31,1,0
0,karl-jaspers-klinik,karl-jaspers-klinik:32,32,1,0
7,karl-jaspers-klinik,karl-jaspers-klinik:38,38,1,0
9,karl-jaspers-klinik,karl-jaspers-klinik:40,40,2,0
36,karl-jaspers-klinik,karl-jaspers-klinik:41,41,2,0
3,karl-jaspers-klinik,karl-jaspers-klinik:42,42,1,0
33,karl-jaspers-klinik,karl-jaspers-klinik:43,43,1,0
2,karl-jaspers-klinik,karl-jaspers-klinik:44,44,1,0
38,karl-jaspers-klinik,karl-jaspers-klinik:45,45,1,0
54,karl-jaspers-klinik,karl-jaspers-klinik:46,46,1,0
13,karl-jaspers-klinik,karl-jaspers-klinik:48,48,1,0
43,karl-jaspers-klinik,karl-jaspers-klinik:49,49,1,0
39,karl-jaspers-klinik,karl-jaspers-klinik:50,50,1,0
15,karl-jaspers-klinik,karl-jaspers-klinik:52,52,1,0
45,karl-jaspers-klinik,karl-jaspers-klinik:53,53,1,0
21,karl-jaspers-klinik,karl-jaspers-klinik:54,54,1,0
10,karl-jaspers-klinik,karl-jaspers-klinik:55,55,1,0
1,karl-jaspers-klinik,karl-jaspers-klinik:56,56,1,1
45,karl-jaspers-klinik,karl-jaspers-klinik:57,57,1,0
42,karl-jaspers-klinik,karl-jaspers-klinik:58,58,1,0
2,karl-jaspers-klinik,karl-jaspers-klinik:59,59,1,0
45,karl-jaspers-klinik,karl-jaspers-klinik:62,62,1,0
27,karl-jaspers-klinik,karl-jaspers-klinik:63,63,1,0
24,karl-jaspers-klinik,karl-jaspers-klinik:65,65,2,0
28,karl-jaspers-klinik,karl-jaspers-klinik:66,66,1,0
20,karl-jaspers-klinik,karl-jaspers-klinik:67,67,1,0
46,karl-jaspers-klinik,karl-jaspers-klinik:69,69,1,0
27,karl-jaspers-klinik,karl-jaspers-klinik:70,70,1,0
27,karl-jaspers-klinik,karl-jaspers-klinik:72,72,1,0
0,karl-jaspers-klinik,karl-jaspers-klinik:73,73,1,0
54,karl-jaspers-klinik,karl-jaspers-klinik:74,74,1,0
30,karl-jaspers-klinik,karl-jaspers-klinik:76,76,1,0
15,karl-jaspers-klinik,karl-jaspers-klinik:80,80,2,0
16,karl-jaspers-klinik,karl-jaspers-klinik:81,81,1,0
34,karl-jaspers-klinik,karl-jaspers-klinik:82,82,1,0
18,karl-jaspers-klinik,karl-jaspers-klinik:85,85,1,0
38,karl-jaspers-klinik,karl-jaspers-klinik:86,86,1,0
29,karl-jaspers-klinik,karl-jaspers-klinik:87,87,1,0
35,karl-jaspers-klinik,karl-jaspers-klinik:89,89,1,0
35,karl-jaspers-klinik,karl-jaspers-klinik:90,90,1,0
28,karl-jaspers-klinik,karl-jaspers-klinik:91,91,1,0
25,karl-jaspers-klinik,karl-jaspers-klinik:92,92,1,0
59,karl-jaspers-klinik,karl-jaspers-klinik:93,93,1,0
21,karl-jaspers-klinik,karl-jaspers-klinik:94,94,1,0
22,karl-jaspers-klinik,karl-jaspers-klinik:95,95,1,0
35,karl-jaspers-klinik,karl-jaspers-klinik:96,96,1,0
25,karl-jaspers-klinik,karl-jaspers-klinik:98,98,1,0
24,karl-jaspers-klinik,karl-jaspers-klinik:100,100,1,0
14,karl-jaspers-klinik,karl-jaspers-klinik:101,101,1,0
46,karl-jaspers-klinik,karl-jaspers-klinik:102,102,1,0
46,karl-jaspers-klinik,karl-jaspers-klinik:104,104,1,0
27,karl-jaspers-klinik,karl-jaspers-klinik:105,105,1,0
7,karl-jaspers-klinik,karl-jaspers-klinik:108,108,2,0
29,karl-jaspers-klinik,karl-jaspers-klinik:109,109,1,0
29,karl-jaspers-klinik,karl-jaspers-klinik:110,110,1,0
29,karl-jaspers-klinik,karl-jaspers-klinik:113,113,1,0
0,karl-jaspers-klinik,karl-jaspers-klinik:114,114,1,0
13,karl-jaspers-klinik,karl-jaspers-klinik:116,116,1,0
25,karl-jaspers-klinik,karl-jaspers-klinik:118,118,1,0
9,karl-jaspers-klinik,karl-jaspers-klinik:119,119,1,0
14,karl-jaspers-klinik,karl-jaspers-klinik:121,121,1,0
11,karl-jaspers-klinik,karl-jaspers-klinik:123,123,1,0
5,karl-jaspers-klinik,karl-jaspers-klinik:125,125,2,0
5,karl-jaspers-klinik,karl-jaspers-klinik:128,128,2,0
2,karl-jaspers-klinik,karl-jaspers-klinik:141,141,1,0
11,karl-jaspers-klinik,karl-jaspers-klinik:142,142,1,0
15,karl-jaspers-klinik,karl-jaspers-klinik:143,143,1,0
22,karl-jaspers-klinik,karl-jaspers-klinik:144,144,1,0
23,karl-jaspers-klinik,karl-jaspers-klinik:145,145,1,0
10,karl-jaspers-klinik,karl-jaspers-klinik:146,146,1,0
18,karl-jaspers-klinik,karl-jaspers-klinik:149,149,1,0
11,karl-jaspers-klinik,karl-jaspers-klinik:150,150,1,0
6,karl-jaspers-klinik,karl-jaspers-klinik:151,151,1,0
10,karl-jaspers-klinik,karl-jaspers-klinik:153,153,1,0
9,karl-jaspers-klinik,karl-jaspers-klinik:155,155,1,0
5,karl-jaspers-klinik,karl-jaspers-klinik:156,156,1,0
15,karl-jaspers-klinik,karl-jaspers-klinik:162,162,1,0
17,karl-jaspers-klinik,karl-jaspers-klinik:163,163,1,0
8,karl-jaspers-klinik,karl-jaspers-klinik:169,169,1,0
0,karl-jaspers-klinik,karl-jaspers-klinik:171,171,1,0
4,karl-jaspers-klinik,karl-jaspers-klinik:172,172,1,0
1,karl-jaspers-klinik,karl-jaspers-klinik:173,173,1,0
0,karl-jaspers-klinik-fuer-psychosomatische-medizin-und-psychotherapie,karl-jaspers-klinik-fuer-psychosomatische-medizin-und-psychotherapie:2,2,2,0
0,karl-jaspers-klinik-fuer-psychosomatische-medizin-und-psychotherapie,karl-jaspers-klinik-fuer-psychosomatische-medizin-und-psychotherapie:4,4,1,0
0,karl-jaspers-klinik-fuer-psychosomatische-medizin-und-psychotherapie,karl-jaspers-klinik-fuer-psychosomatische-medizin-und-psychotherapie:5,5,1,0
0,karl-jaspers-klinik-fuer-psychosomatische-medizin-und-psychotherapie,karl-jaspers-klinik-fuer-psychosomatische-medizin-und-psychotherapie:7,7,1,0
0,karl-jaspers-klinik-fuer-psychosomatische-medizin-und-psychotherapie,karl-jaspers-klinik-fuer-psychosomatische-medizin-und-psychotherapie:9,9,1,0
0,karl-jaspers-klinik-fuer-psychosomatische-medizin-und-psychotherapie,karl-jaspers-klinik-fuer-psychosomatische-medizin-und-psychotherapie:10,10,2,0
6,karl-jaspers-klinik-fuer-psychosomatische-medizin-und-psychotherapie,karl-jaspers-klinik-fuer-psychosomatische-medizin-und-psychotherapie:11,11,1,0
0,karl-jaspers-klinik-fuer-psychosomatische-medizin-und-psychotherapie,karl-jaspers-klinik-fuer-psychosomatische-medizin-und-psychotherapie:12,12,2,0
0,karl-jaspers-klinik-fuer-psychosomatische-medizin-und-psychotherapie,karl-jaspers-klinik-fuer-psychosomatische-medizin-und-psychotherapie:14,14,1,0
0,karl-jaspers-klinik-fuer-psychosomatische-medizin-und-psychotherapie,karl-jaspers-klinik-fuer-psychosomatische-medizin-und-psychotherapie:17,17,1,0
8,karl-jaspers-klinik-fuer-psychosomatische-medizin-und-psychotherapie,karl-jaspers-klinik-fuer-psychosomatische-medizin-und-psychotherapie:19,19,2,0
0,karl-jaspers-klinik-fuer-psychosomatische-medizin-und-psychotherapie,karl-jaspers-klinik-fuer-psychosomatische-medizin-und-psychotherapie:20,20,1,0
3,karl-jaspers-klinik-fuer-psychosomatische-medizin-und-psychotherapie,karl-jaspers-klinik-fuer-psychosomatische-medizin-und-psychotherapie:21,21,1,0
55,karl-jaspers-klinik-fuer-psychosomatische-medizin-und-psychotherapie,karl-jaspers-klinik-fuer-psychosomatische-medizin-und-psychotherapie:22,22,1,0
0,karl-jaspers-klinik-fuer-psychosomatische-medizin-und-psychotherapie,karl-jaspers-klinik-fuer-psychosomatische-medizin-und-psychotherapie:23,23,1,0
49,karl-jaspers-klinik-fuer-psychosomatische-medizin-und-psychotherapie,karl-jaspers-klinik-fuer-psychosomatische-medizin-und-psychotherapie:25,25,1,0
11,karl-jaspers-klinik-fuer-psychosomatische-medizin-und-psychotherapie,karl-jaspers-klinik-fuer-psychosomatische-medizin-und-psychotherapie:28,28,2,0
172,karl-jaspers-klinik-fuer-psychosomatische-medizin-und-psychotherapie,karl-jaspers-klinik-fuer-psychosomatische-medizin-und-psychotherapie:31,31,1,0
0,karl-jaspers-klinik-fuer-psychosomatische-medizin-und-psychotherapie,karl-jaspers-klinik-fuer-psychosomatische-medizin-und-psychotherapie:32,32,1,0
7,karl-jaspers-klinik-fuer-psychosomatische-medizin-und-psychotherapie,karl-jaspers-klinik-fuer-psychosomatische-medizin-und-psychotherapie:38,38,1,0
9,karl-jaspers-klinik-fuer-psychosomatische-medizin-und-psychotherapie,karl-jaspers-klinik-fuer-psychosomatische-medizin-und-psychotherapie:40,40,2,0
36,karl-jaspers-klinik-fuer-psychosomatische-medizin-und-psychotherapie,karl-jaspers-klinik-fuer-psychosomatische-medizin-und-psychotherapie:41,41,2,0
3,karl-jaspers-klinik-fuer-psychosomatische-medizin-und-psychotherapie,karl-jaspers-klinik-fuer-psychosomatische-medizin-und-psychotherapie:42,42,1,0
33,karl-jaspers-klinik-fuer-psychosomatische-medizin-und-psychotherapie,karl-jaspers-klinik-fuer-psychosomatische-medizin-und-psychotherapie:43,43,1,0
2,karl-jaspers-klinik-fuer-psychosomatische-medizin-und-psychotherapie,karl-jaspers-klinik-fuer-psychosomatische-medizin-und-psychotherapie:44,44,1,0
38,karl-jaspers-klinik-fuer-psychosomatische-medizin-und-psychotherapie,karl-jaspers-klinik-fuer-psychosomatische-medizin-und-psychotherapie:45,45,1,0
54,karl-jaspers-klinik-fuer-psychosomatische-medizin-und-psychotherapie,karl-jaspers-klinik-fuer-psychosomatische-medizin-und-psychotherapie:46,46,1,0
13,karl-jaspers-klinik-fuer-psychosomatische-medizin-und-psychotherapie,karl-jaspers-klinik-fuer-psychosomatische-medizin-und-psychotherapie:48,48,1,0
43,karl-jaspers-klinik-fuer-psychosomatische-medizin-und-psychotherapie,karl-jaspers-klinik-fuer-psychosomatische-medizin-und-psychotherapie:49,49,1,0
39,karl-jaspers-klinik-fuer-psychosomatische-medizin-und-psychotherapie,karl-jaspers-klinik-fuer-psychosomatische-medizin-und-psychotherapie:50,50,1,0
15,karl-jaspers-klinik-fuer-psychosomatische-medizin-und-psychotherapie,karl-jaspers-klinik-fuer-psychosomatische-medizin-und-psychotherapie:52,52,1,0
45,karl-jaspers-klinik-fuer-psychosomatische-medizin-und-psychotherapie,karl-jaspers-klinik-fuer-psychosomatische-medizin-und-psychotherapie:53,53,1,0
21,karl-jaspers-klinik-fuer-psychosomatische-medizin-und-psychotherapie,karl-jaspers-klinik-fuer-psychosomatische-medizin-und-psychotherapie:54,54,1,0
10,karl-jaspers-klinik-fuer-psychosomatische-medizin-und-psychotherapie,karl-jaspers-klinik-fuer-psychosomatische-medizin-und-psychotherapie:55,55,1,0
1,karl-jaspers-klinik-fuer-psychosomatische-medizin-und-psychotherapie,karl-jaspers-klinik-fuer-psychosomatische-medizin-und-psychotherapie:56,56,1,1
45,karl-jaspers-klinik-fuer-psychosomatische-medizin-und-psychotherapie,karl-jaspers-klinik-fuer-psychosomatische-medizin-und-psychotherapie:57,57,1,0
42,karl-jaspers-klinik-fuer-psychosomatische-medizin-und-psychotherapie,karl-jaspers-klinik-fuer-psychosomatische-medizin-und-psychotherapie:58,58,1,0
2,karl-jaspers-klinik-fuer-psychosomatische-medizin-und-psychotherapie,karl-jaspers-klinik-fuer-psychosomatische-medizin-und-psychotherapie:59,59,1,0
45,karl-jaspers-klinik-fuer-psychosomatische-medizin-und-psychotherapie,karl-jaspers-klinik-fuer-psychosomatische-medizin-und-psychotherapie:62,62,1,0
27,karl-jaspers-klinik-fuer-psychosomatische-medizin-und-psychotherapie,karl-jaspers-klinik-fuer-psychosomatische-medizin-und-psychotherapie:63,63,1,0
24,karl-jaspers-klinik-fuer-psychosomatische-medizin-und-psychotherapie,karl-jaspers-klinik-fuer-psychosomatische-medizin-und-psychotherapie:65,65,2,0
28,karl-jaspers-klinik-fuer-psychosomatische-medizin-und-psychotherapie,karl-jaspers-klinik-fuer-psychosomatische-medizin-und-psychotherapie:66,66,1,0
20,karl-jaspers-klinik-fuer-psychosomatische-medizin-und-psychotherapie,karl-jaspers-klinik-fuer-psychosomatische-medizin-und-psychotherapie:67,67,1,0
46,karl-jaspers-klinik-fuer-psychosomatische-medizin-und-psychotherapie,karl-jaspers-klinik-fuer-psychosomatische-medizin-und-psychotherapie:69,69,1,0
27,karl-jaspers-klinik-fuer-psychosomatische-medizin-und-psychotherapie,karl-jaspers-klinik-fuer-psychosomatische-medizin-und-psychotherapie:70,70,1,0
27,karl-jaspers-klinik-fuer-psychosomatische-medizin-und-psychotherapie,karl-jaspers-klinik-fuer-psychosomatische-medizin-und-psychotherapie:72,72,1,0
0,karl-jaspers-klinik-fuer-psychosomatische-medizin-und-psychotherapie,karl-jaspers-klinik-fuer-psychosomatische-medizin-und-psychotherapie:73,73,1,0
54,karl-jaspers-klinik-fuer-psychosomatische-medizin-und-psychotherapie,karl-jaspers-klinik-fuer-psychosomatische-medizin-und-psychotherapie:74,74,1,0
30,karl-jaspers-klinik-fuer-psychosomatische-medizin-und-psychotherapie,karl-jaspers-klinik-fuer-psychosomatische-medizin-und-psychotherapie:76,76,1,0
15,karl-jaspers-klinik-fuer-psychosomatische-medizin-und-psychotherapie,karl-jaspers-klinik-fuer-psychosomatische-medizin-und-psychotherapie:80,80,2,0
16,karl-jaspers-klinik-fuer-psychosomatische-medizin-und-psychotherapie,karl-jaspers-klinik-fuer-psychosomatische-medizin-und-psychotherapie:81,81,1,0
34,karl-jaspers-klinik-fuer-psychosomatische-medizin-und-psychotherapie,karl-jaspers-klinik-fuer-psychosomatische-medizin-und-psychotherapie:82,82,1,0
18,karl-jaspers-klinik-fuer-psychosomatische-medizin-und-psychotherapie,karl-jaspers-klinik-fuer-psychosomatische-medizin-und-psychotherapie:85,85,1,0
38,karl-jaspers-klinik-fuer-psychosomatische-medizin-und-psychotherapie,karl-jaspers-klinik-fuer-psychosomatische-medizin-und-psychotherapie:86,86,1,0
29,karl-jaspers-klinik-fuer-psychosomatische-medizin-und-psychotherapie,karl-jaspers-klinik-fuer-psychosomatische-medizin-und-psychotherapie:87,87,1,0
35,karl-jaspers-klinik-fuer-psychosomatische-medizin-und-psychotherapie,karl-jaspers-klinik-fuer-psychosomatische-medizin-und-psychotherapie:89,89,1,0
35,karl-jaspers-klinik-fuer-psychosomatische-medizin-und-psychotherapie,karl-jaspers-klinik-fuer-psychosomatische-medizin-und-psychotherapie:90,90,1,0
28,karl-jaspers-klinik-fuer-psychosomatische-medizin-und-psychotherapie,karl-jaspers-klinik-fuer-psychosomatische-medizin-und-psychotherapie:91,91,1,0
25,karl-jaspers-klinik-fuer-psychosomatische-medizin-und-psychotherapie,karl-jaspers-klinik-fuer-psychosomatische-medizin-und-psychotherapie:92,92,1,0
59,karl-jaspers-klinik-fuer-psychosomatische-medizin-und-psychotherapie,karl-jaspers-klinik-fuer-psychosomatische-medizin-und-psychotherapie:93,93,1,0
21,karl-jaspers-klinik-fuer-psychosomatische-medizin-und-psychotherapie,karl-jaspers-klinik-fuer-psychosomatische-medizin-und-psychotherapie:94,94,1,0
22,karl-jaspers-klinik-fuer-psychosomatische-medizin-und-psychotherapie,karl-jaspers-klinik-fuer-psychosomatische-medizin-und-psychotherapie:95,95,1,0
35,karl-jaspers-klinik-fuer-psychosomatische-medizin-und-psychotherapie,karl-jaspers-klinik-fuer-psychosomatische-medizin-und-psychotherapie:96,96,1,0
25,karl-jaspers-klinik-fuer-psychosomatische-medizin-und-psychotherapie,karl-jaspers-klinik-fuer-psychosomatische-medizin-und-psychotherapie:98,98,1,0
24,karl-jaspers-klinik-fuer-psychosomatische-medizin-und-psychotherapie,karl-jaspers-klinik-fuer-psychosomatische-medizin-und-psychotherapie:100,100,1,0
14,karl-jaspers-klinik-fuer-psychosomatische-medizin-und-psychotherapie,karl-jaspers-klinik-fuer-psychosomatische-medizin-und-psychotherapie:101,101,1,0
46,karl-jaspers-klinik-fuer-psychosomatische-medizin-und-psychotherapie,karl-jaspers-klinik-fuer-psychosomatische-medizin-und-psychotherapie:102,102,1,0
46,karl-jaspers-klinik-fuer-psychosomatische-medizin-und-psychotherapie,karl-jaspers-klinik-fuer-psychosomatische-medizin-und-psychotherapie:104,104,1,0
27,karl-jaspers-klinik-fuer-psychosomatische-medizin-und-psychotherapie,karl-jaspers-klinik-fuer-psychosomatische-medizin-und-psychotherapie:105,105,1,0
7,karl-jaspers-klinik-fuer-psychosomatische-medizin-und-psychotherapie,karl-jaspers-klinik-fuer-psychosomatische-medizin-und-psychotherapie:108,108,2,0
29,karl-jaspers-klinik-fuer-psychosomatische-medizin-und-psychotherapie,karl-jaspers-klinik-fuer-psychosomatische-medizin-und-psychotherapie:109,109,1,0
29,karl-jaspers-klinik-fuer-psychosomatische-medizin-und-psychotherapie,karl-jaspers-klinik-fuer-psychosomatische-medizin-und-psychotherapie:110,110,1,0
29,karl-jaspers-klinik-fuer-psychosomatische-medizin-und-psychotherapie,karl-jaspers-klinik-fuer-psychosomatische-medizin-und-psychotherapie:113,113,1,0
0,karl-jaspers-klinik-fuer-psychosomatische-medizin-und-psychotherapie,karl-jaspers-klinik-fuer-psychosomatische-medizin-und-psychotherapie:114,114,1,0
13,karl-jaspers-klinik-fuer-psychosomatische-medizin-und-psychotherapie,karl-jaspers-klinik-fuer-psychosomatische-medizin-und-psychotherapie:116,116,1,0
25,karl-jaspers-klinik-fuer-psychosomatische-medizin-und-psychotherapie,karl-jaspers-klinik-fuer-psychosomatische-medizin-und-psychotherapie:118,118,1,0
9,karl-jaspers-klinik-fuer-psychosomatische-medizin-und-psychotherapie,karl-jaspers-klinik-fuer-psychosomatische-medizin-und-psychotherapie:119,119,1,0
14,karl-jaspers-klinik-fuer-psychosomatische-medizin-und-psychotherapie,karl-jaspers-klinik-fuer-psychosomatische-medizin-und-psychotherapie:121,121,1,0
11,karl-jaspers-klinik-fuer-psychosomatische-medizin-und-psychotherapie,karl-jaspers-klinik-fuer-psychosomatische-medizin-und-psychotherapie:123,123,1,0
5,karl-jaspers-klinik-fuer-psychosomatische-medizin-und-psychotherapie,karl-jaspers-klinik-fuer-psychosomatische-medizin-und-psychotherapie:125,125,2,0
5,karl-jaspers-klinik-fuer-psychosomatische-medizin-und-psychotherapie,karl-jaspers-klinik-fuer-psychosomatische-medizin-und-psychotherapie:128,128,2,0
2,karl-jaspers-klinik-fuer-psychosomatische-medizin-und-psychotherapie,karl-jaspers-klinik-fuer-psychosomatische-medizin-und-psychotherapie:141,141,1,0
11,karl-jaspers-klinik-fuer-psychosomatische-medizin-und-psychotherapie,karl-jaspers-klinik-fuer-psychosomatische-medizin-und-psychotherapie:142,142,1,0
15,karl-jaspers-klinik-fuer-psychosomatische-medizin-und-psychotherapie,karl-jaspers-klinik-fuer-psychosomatische-medizin-und-psychotherapie:143,143,1,0
22,karl-jaspers-klinik-fuer-psychosomatische-medizin-und-psychotherapie,karl-jaspers-klinik-fuer-psychosomatische-medizin-und-psychotherapie:144,144,1,0
23,karl-jaspers-klinik-fuer-psychosomatische-medizin-und-psychotherapie,karl-jaspers-klinik-fuer-psychosomatische-medizin-und-psychotherapie:145,145,1,0
10,karl-jaspers-klinik-fuer-psychosomatische-medizin-und-psychotherapie,karl-jaspers-klinik-fuer-psychosomatische-medizin-und-psychotherapie:146,146,1,0
18,karl-jaspers-klinik-fuer-psychosomatische-medizin-und-psychotherapie,karl-jaspers-klinik-fuer-psychosomatische-medizin-und-psychotherapie:149,149,1,0
11,karl-jaspers-klinik-fuer-psychosomatische-medizin-und-psychotherapie,karl-jaspers-klinik-fuer-psychosomatische-medizin-und-psychotherapie:150,150,1,0
6,karl-jaspers-klinik-fuer-psychosomatische-medizin-und-psychotherapie,karl-jaspers-klinik-fuer-psychosomatische-medizin-und-psychotherapie:151,151,1,0
10,karl-jaspers-klinik-fuer-psychosomatische-medizin-und-psychotherapie,karl-jaspers-klinik-fuer-psychosomatische-medizin-und-psychotherapie:153,153,1,0
9,karl-jaspers-klinik-fuer-psychosomatische-medizin-und-psychotherapie,karl-jaspers-klinik-fuer-psychosomatische-medizin-und-psychotherapie:155,155,1,0
5,karl-jaspers-klinik-fuer-psychosomatische-medizin-und-psychotherapie,karl-jaspers-klinik-fuer-psychosomatische-medizin-und-psychotherapie:156,156,1,0
15,karl-jaspers-klinik-fuer-psychosomatische-medizin-und-psychotherapie,karl-jaspers-klinik-fuer-psychosomatische-medizin-und-psychotherapie:162,162,1,0
17,karl-jaspers-klinik-fuer-psychosomatische-medizin-und-psychotherapie,karl-jaspers-klinik-fuer-psychosomatische-medizin-und-psychotherapie:163,163,1,0
8,karl-jaspers-klinik-fuer-psychosomatische-medizin-und-psychotherapie,karl-jaspers-klinik-fuer-psychosomatische-medizin-und-psychotherapie:169,169,1,0
0,karl-jaspers-klinik-fuer-psychosomatische-medizin-und-psychotherapie,karl-jaspers-klinik-fuer-psychosomatische-medizin-und-psychotherapie:171,171,1,0
4,karl-jaspers-klinik-fuer-psychosomatische-medizin-und-psychotherapie,karl-jaspers-klinik-fuer-psychosomatische-medizin-und-psychotherapie:172,172,1,0
1,karl-jaspers-klinik-fuer-psychosomatische-medizin-und-psychotherapie,karl-jaspers-klinik-fuer-psychosomatische-medizin-und-psychotherapie:173,173,1,0
0,kinder-und-jugendkrankenhaus-auf-der-bult,kinder-und-jugendkrankenhaus-auf-der-bult:5,5,1,0
1,kinder-und-jugendkrankenhaus-auf-der-bult,kinder-und-jugendkrankenhaus-auf-der-bult:15,15,1,0
30,kinder-und-jugendkrankenhaus-auf-der-bult,kinder-und-jugendkrankenhaus-auf-der-bult:30,30,1,0
1,kinder-und-jugendkrankenhaus-auf-der-bult,kinder-und-jugendkrankenhaus-auf-der-bult:62,62,2,0
4,kinder-und-jugendkrankenhaus-auf-der-bult,kinder-und-jugendkrankenhaus-auf-der-bult:76,76,1,0
17,kinder-und-jugendkrankenhaus-auf-der-bult,kinder-und-jugendkrankenhaus-auf-der-bult:80,80,1,0
2,kinder-und-jugendkrankenhaus-auf-der-bult,kinder-und-jugendkrankenhaus-auf-der-bult:85,85,1,0
2,kinder-und-jugendkrankenhaus-auf-der-bult,kinder-und-jugendkrankenhaus-auf-der-bult:99,99,1,0
4,kinder-und-jugendkrankenhaus-auf-der-bult,kinder-und-jugendkrankenhaus-auf-der-bult:100,100,2,0
2,kinder-und-jugendkrankenhaus-auf-der-bult,kinder-und-jugendkrankenhaus-auf-der-bult:105,105,2,0
0,kinder-und-jugendkrankenhaus-auf-der-bult,kinder-und-jugendkrankenhaus-auf-der-bult:111,111,1,0
17,kinder-und-jugendkrankenhaus-auf-der-bult,kinder-und-jugendkrankenhaus-auf-der-bult:150,150,1,0
3,kinder-und-jugendkrankenhaus-auf-der-bult,kinder-und-jugendkrankenhaus-auf-der-bult:215,215,1,0
0,kinder-und-jugendkrankenhaus-auf-der-bult,kinder-und-jugendkrankenhaus-auf-der-bult:223,223,1,0
3,kinder-und-jugendkrankenhaus-auf-der-bult,kinder-und-jugendkrankenhaus-auf-der-bult:229,229,1,0
0,kinder-und-jugendkrankenhaus-auf-der-bult,kinder-und-jugendkrankenhaus-auf-der-bult:233,233,2,0
0,kinder-und-jugendkrankenhaus-auf-der-bult,kinder-und-jugendkrankenhaus-auf-der-bult:279,279,1,0
0,kinder-und-jugendkrankenhaus-auf-der-bult,kinder-und-jugendkrankenhaus-auf-der-bult:280,280,1,0
0,kinder-und-jugendkrankenhaus-auf-der-bult,kinder-und-jugendkrankenhaus-auf-der-bult:299,299,1,0
1,kirchberg-klinik,kirchberg-klinik:4,4,1,0
0,kirchberg-klinik,kirchberg-klinik:9,9,1,0
1,kirchberg-klinik,kirchberg-klinik:12,12,1,0
3,kirchberg-klinik,kirchberg-klinik:19,19,1,0
10,kirchberg-klinik,kirchberg-klinik:65,65,1,0
8,kirchberg-klinik,kirchberg-klinik:66,66,1,0
23,kirchberg-klinik,kirchberg-klinik:67,67,1,0
19,kirchberg-klinik,kirchberg-klinik:70,70,1,0
9,kirchberg-klinik,kirchberg-klinik:76,76,1,0
20,kirchberg-klinik,kirchberg-klinik:77,77,1,0
30,kirchberg-klinik,kirchberg-klinik:83,83,2,0
11,kirchberg-klinik,kirchberg-klinik:94,94,1,0
15,kirchberg-klinik,kirchberg-klinik:95,95,2,0
9,kirchberg-klinik,kirchberg-klinik:97,97,1,0
21,kirchberg-klinik,kirchberg-klinik:104,104,1,0
7,kirchberg-klinik,kirchberg-klinik:107,107,1,0
20,kirchberg-klinik,kirchberg-klinik:113,113,1,0
14,kirchberg-klinik,kirchberg-klinik:119,119,1,0
11,kirchberg-klinik,kirchberg-klinik:121,121,1,0
10,kirchberg-klinik,kirchberg-klinik:125,125,1,0
7,kirchberg-klinik,kirchberg-klinik:126,126,1,1
12,kirchberg-klinik,kirchberg-klinik:127,127,1,0
21,kirchberg-klinik,kirchberg-klinik:132,132,1,0
6,kirchberg-klinik,kirchberg-klinik:145,145,1,0
11,kirchberg-klinik,kirchberg-klinik:156,156,1,0
5,kirchberg-klinik,kirchberg-klinik:160,160,1,0
0,klinik-am-zuckerberg-gmbh,klinik-am-zuckerberg-gmbh:0,0,1,0
0,klinik-am-zuckerberg-gmbh,klinik-am-zuckerberg-gmbh:4,4,1,0
0,klinik-am-zuckerberg-gmbh,klinik-am-zuckerberg-gmbh:5,5,1,0
0,klinik-am-zuckerberg-gmbh,klinik-am-zuckerberg-gmbh:10,10,1,0
3,klinik-am-zuckerberg-gmbh,klinik-am-zuckerberg-gmbh:16,16,1,0
1,klinik-am-zuckerberg-gmbh,klinik-am-zuckerberg-gmbh:18,18,1,0
1,klinik-am-zuckerberg-gmbh,klinik-am-zuckerberg-gmbh:23,23,1,0
5,klinik-am-zuckerberg-gmbh,klinik-am-zuckerberg-gmbh:32,32,2,0
6,klinik-am-zuckerberg-gmbh,klinik-am-zuckerberg-gmbh:35,35,1,0
6,klinik-am-zuckerberg-gmbh,klinik-am-zuckerberg-gmbh:41,41,1,0
2,klinik-am-zuckerberg-gmbh,klinik-am-zuckerberg-gmbh:42,42,1,0
2,klinik-am-zuckerberg-gmbh,klinik-am-zuckerberg-gmbh:45,45,1,0
7,klinik-am-zuckerberg-gmbh,klinik-am-zuckerberg-gmbh:49,49,1,0
15,klinik-am-zuckerberg-gmbh,klinik-am-zuckerberg-gmbh:53,53,1,0
3,klinik-am-zuckerberg-gmbh,klinik-am-zuckerberg-gmbh:55,55,1,0
5,klinik-am-zuckerberg-gmbh,klinik-am-zuckerberg-gmbh:58,58,1,0
6,klinik-am-zuckerberg-gmbh,klinik-am-zuckerberg-gmbh:59,59,1,0
3,klinik-am-zuckerberg-gmbh,klinik-am-zuckerberg-gmbh:60,60,1,0
2,klinik-am-zuckerberg-gmbh,klinik-am-zuckerberg-gmbh:63,63,1,0
2,klinik-am-zuckerberg-gmbh,klinik-am-zuckerberg-gmbh:69,69,1,0
10,klinik-am-zuckerberg-gmbh,klinik-am-zuckerberg-gmbh:70,70,1,0
4,klinik-am-zuckerberg-gmbh,klinik-am-zuckerberg-gmbh:71,71,1,0
4,klinik-am-zuckerberg-gmbh,klinik-am-zuckerberg-gmbh:81,81,1,0
4,klinik-am-zuckerberg-gmbh,klinik-am-zuckerberg-gmbh:83,83,1,0
2,klinik-am-zuckerberg-gmbh,klinik-am-zuckerberg-gmbh:84,84,2,0
0,klinik-am-zuckerberg-gmbh,klinik-am-zuckerberg-gmbh:86,86,1,0
1,klinik-am-zuckerberg-gmbh,klinik-am-zuckerberg-gmbh:95,95,2,0
1,klinik-am-zuckerberg-gmbh,klinik-am-zuckerberg-gmbh:100,100,1,0
1,klinik-am-zuckerberg-gmbh,klinik-am-zuckerberg-gmbh:110,110,2,0
0,klinik-am-zuckerberg-gmbh,klinik-am-zuckerberg-gmbh:119,119,1,0
0,klinik-bassum,klinik-bassum:1,1,1,0
0,klinik-bassum,klinik-bassum:3,3,1,0
0,klinik-bassum,klinik-bassum:4,4,1,0
0,klinik-bassum,klinik-bassum:7,7,1,0
0,klinik-bassum,klinik-bassum:8,8,1,0
0,klinik-bassum,klinik-bassum:10,10,1,0
0,klinik-bassum,klinik-bassum:15,15,1,0
0,klinik-bassum,klinik-bassum:16,16,1,0
1,klinik-bassum,klinik-bassum:19,19,1,0
0,klinik-bassum,klinik-bassum:26,26,1,0
0,klinik-bassum,klinik-bassum:29,29,1,0
4,klinik-bassum,klinik-bassum:35,35,1,0
0,klinik-bassum,klinik-bassum:36,36,1,0
6,klinik-bassum,klinik-bassum:43,43,1,0
1,klinik-bassum,klinik-bassum:49,49,1,0
6,klinik-bassum,klinik-bassum:50,50,1,0
4,klinik-bassum,klinik-bassum:53,53,1,0
13,klinik-bassum,klinik-bassum:60,60,1,0
12,klinik-bassum,klinik-bassum:61,61,1,0
9,klinik-bassum,klinik-bassum:62,62,1,0
10,klinik-bassum,klinik-bassum:63,63,1,0
6,klinik-bassum,klinik-bassum:64,64,1,0
1,klinik-bassum,klinik-bassum:67,67,1,0
12,klinik-bassum,klinik-bassum:68,68,1,0
10,klinik-bassum,klinik-bassum:69,69,1,0
11,klinik-bassum,klinik-bassum:70,70,1,0
8,klinik-bassum,klinik-bassum:71,71,1,0
13,klinik-bassum,klinik-bassum:73,73,1,0
4,klinik-bassum,klinik-bassum:74,74,2,0
12,klinik-bassum,klinik-bassum:75,75,2,0
9,klinik-bassum,klinik-bassum:77,77,1,0
11,klinik-bassum,klinik-bassum:78,78,1,0
7,klinik-bassum,klinik-bassum:81,81,1,0
9,klinik-bassum,klinik-bassum:83,83,1,0
8,klinik-bassum,klinik-bassum:85,85,1,0
6,klinik-bassum,klinik-bassum:88,88,1,0
12,klinik-bassum,klinik-bassum:91,91,1,0
0,klinik-bassum,klinik-bassum:92,92,1,0
6,klinik-bassum,klinik-bassum:94,94,1,0
6,klinik-bassum,klinik-bassum:97,97,1,0
7,klinik-bassum,klinik-bassum:99,99,1,0
5,klinik-bassum,klinik-bassum:100,100,1,0
0,klinik-bassum,klinik-bassum:101,101,1,0
2,klinik-bassum,klinik-bassum:104,104,1,0
4,klinik-bassum,klinik-bassum:106,106,1,0
6,klinik-bassum,klinik-bassum:108,108,1,0
5,klinik-bassum,klinik-bassum:110,110,1,0
1,klinik-bassum,klinik-bassum:111,111,2,0
3,klinik-bassum,klinik-bassum:115,115,2,0
6,klinik-bassum,klinik-bassum:121,121,1,0
6,klinik-bassum,klinik-bassum:123,123,1,0
7,klinik-bassum,klinik-bassum:125,125,1,0
1,klinik-bassum,klinik-bassum:129,129,1,0
11,klinik-bassum,klinik-bassum:130,130,1,0
3,klinik-bassum,klinik-bassum:135,135,1,0
5,klinik-bassum,klinik-bassum:137,137,1,0
7,klinik-bassum,klinik-bassum:139,139,1,0
7,klinik-bassum,klinik-bassum:141,141,1,0
5,klinik-bassum,klinik-bassum:143,143,1,0
1,klinik-bassum,klinik-bassum:144,144,1,0
0,klinik-bassum,klinik-bassum:145,145,1,0
6,klinik-bassum,klinik-bassum:146,146,1,0
6,klinik-bassum,klinik-bassum:147,147,1,0
4,klinik-bassum,klinik-bassum:149,149,1,0
1,klinik-bassum,klinik-bassum:151,151,1,0
4,klinik-bassum,klinik-bassum:154,154,1,0
0,klinik-bassum,klinik-bassum:155,155,1,0
7,klinik-bassum,klinik-bassum:158,158,1,0
4,klinik-bassum,klinik-bassum:159,159,1,0
2,klinik-diepholz,klinik-diepholz:4,4,1,0
0,klinik-diepholz,klinik-diepholz:5,5,1,0
0,klinik-diepholz,klinik-diepholz:7,7,1,0
0,klinik-diepholz,klinik-diepholz:8,8,1,0
0,klinik-diepholz,klinik-diepholz:11,11,1,0
1,klinik-diepholz,klinik-diepholz:12,12,1,0
1,klinik-diepholz,klinik-diepholz:13,13,1,0
0,klinik-diepholz,klinik-diepholz:17,17,2,0
0,klinik-diepholz,klinik-diepholz:19,19,1,0
0,klinik-diepholz,klinik-diepholz:20,20,1,0
0,klinik-diepholz,klinik-diepholz:24,24,1,0
0,klinik-diepholz,klinik-diepholz:27,27,1,0
0,klinik-diepholz,klinik-diepholz:28,28,1,0
4,klinik-diepholz,klinik-diepholz:29,29,1,0
1,klinik-diepholz,klinik-diepholz:31,31,1,0
0,klinik-diepholz,klinik-diepholz:32,32,1,0
1,klinik-diepholz,klinik-diepholz:36,36,1,0
4,klinik-diepholz,klinik-diepholz:37,37,1,0
6,klinik-diepholz,klinik-diepholz:39,39,1,0
12,klinik-diepholz,klinik-diepholz:42,42,1,0
6,klinik-diepholz,klinik-diepholz:44,44,1,0
2,klinik-diepholz,klinik-diepholz:45,45,1,0
1,klinik-diepholz,klinik-diepholz:46,46,1,0
2,klinik-diepholz,klinik-diepholz:47,47,1,0
7,klinik-diepholz,klinik-diepholz:48,48,1,0
12,klinik-diepholz,klinik-diepholz:50,50,1,0
12,klinik-diepholz,klinik-diepholz:52,52,2,0
9,klinik-diepholz,klinik-diepholz:53,53,1,0
30,klinik-diepholz,klinik-diepholz:56,56,1,0
4,klinik-diepholz,klinik-diepholz:57,57,1,0
11,klinik-diepholz,klinik-diepholz:58,58,1,0
3,klinik-diepholz,klinik-diepholz:60,60,1,0
26,klinik-diepholz,klinik-diepholz:64,64,1,0
5,klinik-diepholz,klinik-diepholz:65,65,1,0
9,klinik-diepholz,klinik-diepholz:67,67,1,0
13,klinik-diepholz,klinik-diepholz:69,69,1,0
0,klinik-diepholz,klinik-diepholz:75,75,1,0
14,klinik-diepholz,klinik-diepholz:76,76,1,0
0,klinik-diepholz,klinik-diepholz:77,77,1,0
2,klinik-diepholz,klinik-diepholz:79,79,1,0
5,klinik-diepholz,klinik-diepholz:81,81,1,0
10,klinik-diepholz,klinik-diepholz:82,82,1,0
1,klinik-diepholz,klinik-diepholz:83,83,1,0
16,klinik-diepholz,klinik-diepholz:84,84,1,0
12,klinik-diepholz,klinik-diepholz:85,85,1,0
2,klinik-diepholz,klinik-diepholz:90,90,1,0
17,klinik-diepholz,klinik-diepholz:94,94,1,0
11,klinik-diepholz,klinik-diepholz:96,96,1,0
10,klinik-diepholz,klinik-diepholz:97,97,1,0
0,klinik-diepholz,klinik-diepholz:103,103,1,0
2,klinik-diepholz,klinik-diepholz:105,105,1,0
4,klinik-diepholz,klinik-diepholz:107,107,1,0
6,klinik-diepholz,klinik-diepholz:108,108,1,0
0,klinik-diepholz,klinik-diepholz:111,111,1,0
13,klinik-diepholz,klinik-diepholz:112,112,1,0
11,klinik-diepholz,klinik-diepholz:115,115,1,0
3,klinik-diepholz,klinik-diepholz:118,118,1,0
9,klinik-diepholz,klinik-diepholz:120,120,1,0
0,klinik-diepholz,klinik-diepholz:124,124,1,0
0,klinik-diepholz,klinik-diepholz:126,126,1,0
9,klinik-diepholz,klinik-diepholz:128,128,1,0
2,klinik-diepholz,klinik-diepholz:129,129,1,0
2,klinik-diepholz,klinik-diepholz:133,133,1,0
10,klinik-diepholz,klinik-diepholz:134,134,1,0
10,klinik-diepholz,klinik-diepholz:135,135,1,0
10,klinik-diepholz,klinik-diepholz:136,136,1,0
0,klinik-diepholz,klinik-diepholz:137,137,1,0
0,klinik-diepholz,klinik-diepholz:140,140,1,0
4,klinik-diepholz,klinik-diepholz:141,141,1,0
9,klinik-diepholz,klinik-diepholz:143,143,1,0
0,klinik-diepholz,klinik-diepholz:146,146,1,0
3,klinik-diepholz,klinik-diepholz:148,148,1,0
2,klinik-diepholz,klinik-diepholz:150,150,1,0
9,klinik-dr-barner-fachklinik-fuer-psychosomatische-und-psychotherapeutische-medizin,klinik-dr-barner-fachklinik-fuer-psychosomatische-und-psychotherapeutische-medizin:14,14,2,0
18,klinik-dr-barner-fachklinik-fuer-psychosomatische-und-psychotherapeutische-medizin,klinik-dr-barner-fachklinik-fuer-psychosomatische-und-psychotherapeutische-medizin:15,15,2,0
17,klinik-dr-barner-fachklinik-fuer-psychosomatische-und-psychotherapeutische-medizin,klinik-dr-barner-fachklinik-fuer-psychosomatische-und-psychotherapeutische-medizin:17,17,1,0
0,klinik-dr-barner-fachklinik-fuer-psychosomatische-und-psychotherapeutische-medizin,klinik-dr-barner-fachklinik-fuer-psychosomatische-und-psychotherapeutische-medizin:30,30,1,0
0,klinik-dr-hancken,klinik-dr-hancken:9,9,1,0
0,klinik-dr-hancken,klinik-dr-hancken:11,11,1,0
2,klinik-dr-hancken,klinik-dr-hancken:12,12,1,0
0,klinik-dr-hancken,klinik-dr-hancken:16,16,1,0
0,klinik-dr-hancken,klinik-dr-hancken:18,18,1,0
1,klinik-dr-hancken,klinik-dr-hancken:19,19,1,0
3,klinik-dr-hancken,klinik-dr-hancken:23,23,2,1
1,klinik-dr-hancken,klinik-dr-hancken:31,31,2,0
10,klinik-dr-hancken,klinik-dr-hancken:38,38,1,0
5,klinik-dr-hancken,klinik-dr-hancken:41,41,1,0
9,klinik-dr-hancken,klinik-dr-hancken:47,47,1,0
4,klinik-dr-hancken,klinik-dr-hancken:51,51,1,0
0,klinik-dr-hancken,klinik-dr-hancken:54,54,1,0
0,klinik-dr-hancken,klinik-dr-hancken:55,55,2,0
4,klinik-dr-hancken,klinik-dr-hancken:58,58,1,0
4,klinik-dr-hancken,klinik-dr-hancken:60,60,1,0
0,klinik-dr-hancken,klinik-dr-hancken:65,65,1,0
0,klinik-dr-hancken,klinik-dr-hancken:76,76,1,0
3,klinik-dr-hancken,klinik-dr-hancken:84,84,1,0
3,klinik-dr-hancken,klinik-dr-hancken:85,85,1,0
3,klinik-dr-hancken,klinik-dr-hancken:102,102,1,0
1,klinik-dr-witwity,klinik-dr-witwity:3,3,1,0
17,klinik-dr-witwity,klinik-dr-witwity:6,6,1,0
12,klinik-dr-witwity,klinik-dr-witwity:7,7,1,0
4,klinik-dr-witwity,klinik-dr-witwity:9,9,1,0
4,klinik-dr-witwity,klinik-dr-witwity:11,11,1,0
3,klinik-dr-witwity,klinik-dr-witwity:14,14,1,0
0,klinik-dr-witwity,klinik-dr-witwity:32,32,1,0
1,klinik-fallingbostel-fachklinik-fuer-herz-und-kreislauferkrankungen,klinik-fallingbostel-fachklinik-fuer-herz-und-kreislauferkrankungen:2,2,2,0
0,klinik-fallingbostel-fachklinik-fuer-herz-und-kreislauferkrankungen,klinik-fallingbostel-fachklinik-fuer-herz-und-kreislauferkrankungen:3,3,2,0
0,klinik-fallingbostel-fachklinik-fuer-herz-und-kreislauferkrankungen,klinik-fallingbostel-fachklinik-fuer-herz-und-kreislauferkrankungen:6,6,1,0
0,klinik-fallingbostel-fachklinik-fuer-herz-und-kreislauferkrankungen,klinik-fallingbostel-fachklinik-fuer-herz-und-kreislauferkrankungen:7,7,1,0
1,klinik-fallingbostel-fachklinik-fuer-herz-und-kreislauferkrankungen,klinik-fallingbostel-fachklinik-fuer-herz-und-kreislauferkrankungen:19,19,1,0
0,klinik-fallingbostel-fachklinik-fuer-herz-und-kreislauferkrankungen,klinik-fallingbostel-fachklinik-fuer-herz-und-kreislauferkrankungen:21,21,2,0
0,klinik-fallingbostel-fachklinik-fuer-herz-und-kreislauferkrankungen,klinik-fallingbostel-fachklinik-fuer-herz-und-kreislauferkrankungen:28,28,1,0
3,klinik-fallingbostel-fachklinik-fuer-herz-und-kreislauferkrankungen,klinik-fallingbostel-fachklinik-fuer-herz-und-kreislauferkrankungen:42,42,1,0
4,klinik-fallingbostel-fachklinik-fuer-herz-und-kreislauferkrankungen,klinik-fallingbostel-fachklinik-fuer-herz-und-kreislauferkrankungen:45,45,2,0
2,klinik-fallingbostel-fachklinik-fuer-herz-und-kreislauferkrankungen,klinik-fallingbostel-fachklinik-fuer-herz-und-kreislauferkrankungen:47,47,1,0
3,klinik-fallingbostel-fachklinik-fuer-herz-und-kreislauferkrankungen,klinik-fallingbostel-fachklinik-fuer-herz-und-kreislauferkrankungen:49,49,1,0
6,klinik-fallingbostel-fachklinik-fuer-herz-und-kreislauferkrankungen,klinik-fallingbostel-fachklinik-fuer-herz-und-kreislauferkrankungen:52,52,1,0
2,klinik-fallingbostel-fachklinik-fuer-herz-und-kreislauferkrankungen,klinik-fallingbostel-fachklinik-fuer-herz-und-kreislauferkrankungen:53,53,1,0
18,klinik-fallingbostel-fachklinik-fuer-herz-und-kreislauferkrankungen,klinik-fallingbostel-fachklinik-fuer-herz-und-kreislauferkrankungen:57,57,1,0
7,klinik-fallingbostel-fachklinik-fuer-herz-und-kreislauferkrankungen,klinik-fallingbostel-fachklinik-fuer-herz-und-kreislauferkrankungen:60,60,1,0
4,klinik-fallingbostel-fachklinik-fuer-herz-und-kreislauferkrankungen,klinik-fallingbostel-fachklinik-fuer-herz-und-kreislauferkrankungen:61,61,1,0
13,klinik-fallingbostel-fachklinik-fuer-herz-und-kreislauferkrankungen,klinik-fallingbostel-fachklinik-fuer-herz-und-kreislauferkrankungen:66,66,1,0
2,klinik-fallingbostel-fachklinik-fuer-herz-und-kreislauferkrankungen,klinik-fallingbostel-fachklinik-fuer-herz-und-kreislauferkrankungen:67,67,1,0
2,klinik-fallingbostel-fachklinik-fuer-herz-und-kreislauferkrankungen,klinik-fallingbostel-fachklinik-fuer-herz-und-kreislauferkrankungen:70,70,2,0
11,klinik-fallingbostel-fachklinik-fuer-herz-und-kreislauferkrankungen,klinik-fallingbostel-fachklinik-fuer-herz-und-kreislauferkrankungen:71,71,1,0
12,klinik-fallingbostel-fachklinik-fuer-herz-und-kreislauferkrankungen,klinik-fallingbostel-fachklinik-fuer-herz-und-kreislauferkrankungen:73,73,1,0
1,klinik-fallingbostel-fachklinik-fuer-herz-und-kreislauferkrankungen,klinik-fallingbostel-fachklinik-fuer-herz-und-kreislauferkrankungen:76,76,2,0
0,klinik-fallingbostel-fachklinik-fuer-herz-und-kreislauferkrankungen,klinik-fallingbostel-fachklinik-fuer-herz-und-kreislauferkrankungen:77,77,1,0
13,klinik-fallingbostel-fachklinik-fuer-herz-und-kreislauferkrankungen,klinik-fallingbostel-fachklinik-fuer-herz-und-kreislauferkrankungen:80,80,1,0
27,klinik-fallingbostel-fachklinik-fuer-herz-und-kreislauferkrankungen,klinik-fallingbostel-fachklinik-fuer-herz-und-kreislauferkrankungen:84,84,1,0
11,klinik-fallingbostel-fachklinik-fuer-herz-und-kreislauferkrankungen,klinik-fallingbostel-fachklinik-fuer-herz-und-kreislauferkrankungen:88,88,1,0
14,klinik-fallingbostel-fachklinik-fuer-herz-und-kreislauferkrankungen,klinik-fallingbostel-fachklinik-fuer-herz-und-kreislauferkrankungen:89,89,2,0
12,klinik-fallingbostel-fachklinik-fuer-herz-und-kreislauferkrankungen,klinik-fallingbostel-fachklinik-fuer-herz-und-kreislauferkrankungen:90,90,1,0
16,klinik-fallingbostel-fachklinik-fuer-herz-und-kreislauferkrankungen,klinik-fallingbostel-fachklinik-fuer-herz-und-kreislauferkrankungen:94,94,1,0
4,klinik-fallingbostel-fachklinik-fuer-herz-und-kreislauferkrankungen,klinik-fallingbostel-fachklinik-fuer-herz-und-kreislauferkrankungen:97,97,1,0
18,klinik-fallingbostel-fachklinik-fuer-herz-und-kreislauferkrankungen,klinik-fallingbostel-fachklinik-fuer-herz-und-kreislauferkrankungen:99,99,2,0
12,klinik-fallingbostel-fachklinik-fuer-herz-und-kreislauferkrankungen,klinik-fallingbostel-fachklinik-fuer-herz-und-kreislauferkrankungen:107,107,1,0
0,klinik-fallingbostel-fachklinik-fuer-herz-und-kreislauferkrankungen,klinik-fallingbostel-fachklinik-fuer-herz-und-kreislauferkrankungen:108,108,1,0
10,klinik-fallingbostel-fachklinik-fuer-herz-und-kreislauferkrankungen,klinik-fallingbostel-fachklinik-fuer-herz-und-kreislauferkrankungen:109,109,1,0
2,klinik-fallingbostel-fachklinik-fuer-herz-und-kreislauferkrankungen,klinik-fallingbostel-fachklinik-fuer-herz-und-kreislauferkrankungen:121,121,1,0
2,klinik-fallingbostel-fachklinik-fuer-herz-und-kreislauferkrankungen,klinik-fallingbostel-fachklinik-fuer-herz-und-kreislauferkrankungen:126,126,1,0
5,klinik-fallingbostel-fachklinik-fuer-herz-und-kreislauferkrankungen,klinik-fallingbostel-fachklinik-fuer-herz-und-kreislauferkrankungen:127,127,1,0
2,klinik-fallingbostel-fachklinik-fuer-herz-und-kreislauferkrankungen,klinik-fallingbostel-fachklinik-fuer-herz-und-kreislauferkrankungen:128,128,2,0
4,klinik-fallingbostel-fachklinik-fuer-herz-und-kreislauferkrankungen,klinik-fallingbostel-fachklinik-fuer-herz-und-kreislauferkrankungen:129,129,1,0
13,klinik-fallingbostel-fachklinik-fuer-herz-und-kreislauferkrankungen,klinik-fallingbostel-fachklinik-fuer-herz-und-kreislauferkrankungen:134,134,1,0
2,klinik-fallingbostel-fachklinik-fuer-herz-und-kreislauferkrankungen,klinik-fallingbostel-fachklinik-fuer-herz-und-kreislauferkrankungen:136,136,1,0
0,klinik-lilienthal,klinik-lilienthal:0,0,1,0
0,klinik-lilienthal,klinik-lilienthal:8,8,1,0
0,klinik-lilienthal,klinik-lilienthal:12,12,1,0
0,klinik-lilienthal,klinik-lilienthal:18,18,1,0
0,klinik-lilienthal,klinik-lilienthal:20,20,1,0
0,klinik-lilienthal,klinik-lilienthal:21,21,1,0
4,klinik-lilienthal,klinik-lilienthal:33,33,1,0
0,klinik-lilienthal,klinik-lilienthal:34,34,1,0
6,klinik-lilienthal,klinik-lilienthal:49,49,1,0
5,klinik-lilienthal,klinik-lilienthal:52,52,1,0
7,klinik-lilienthal,klinik-lilienthal:61,61,2,0
2,klinik-lilienthal,klinik-lilienthal:63,63,1,0
0,klinik-lilienthal,klinik-lilienthal:64,64,2,0
6,klinik-lilienthal,klinik-lilienthal:66,66,1,0
8,klinik-lilienthal,klinik-lilienthal:71,71,1,0
1,klinik-lilienthal,klinik-lilienthal:72,72,1,0
6,klinik-lilienthal,klinik-lilienthal:76,76,2,0
0,klinik-lilienthal,klinik-lilienthal:79,79,1,0
13,klinik-lilienthal,klinik-lilienthal:85,85,1,0
5,klinik-lilienthal,klinik-lilienthal:89,89,1,0
13,klinik-lilienthal,klinik-lilienthal:91,91,1,0
11,klinik-lilienthal,klinik-lilienthal:111,111,1,0
11,klinik-lilienthal,klinik-lilienthal:120,120,1,0
7,klinik-lilienthal,klinik-lilienthal:123,123,1,0
2,klinik-lilienthal,klinik-lilienthal:124,124,1,0
2,klinik-lilienthal,klinik-lilienthal:127,127,1,0
2,klinik-lilienthal,klinik-lilienthal:132,132,2,0
8,klinik-lilienthal,klinik-lilienthal:133,133,1,0
1,klinik-lilienthal,klinik-lilienthal:134,134,2,0
4,klinik-lilienthal,klinik-lilienthal:141,141,1,0
4,klinik-lilienthal,klinik-lilienthal:152,152,2,0
1,klinik-lilienthal,klinik-lilienthal:153,153,1,0
8,klinik-lilienthal,klinik-lilienthal:155,155,1,0
1,klinik-lilienthal,klinik-lilienthal:172,172,1,0
2,klinik-lilienthal,klinik-lilienthal:214,214,1,0
4,klinik-lilienthal,klinik-lilienthal:217,217,1,0
3,klinik-lilienthal,klinik-lilienthal:220,220,1,0
4,klinik-lilienthal,klinik-lilienthal:223,223,1,0
0,klinik-lilienthal,klinik-lilienthal:226,226,1,0
0,klinik-lilienthal,klinik-lilienthal:229,229,1,0
0,klinik-lilienthal,klinik-lilienthal:234,234,1,0
0,klinik-sulingen,klinik-sulingen:3,3,1,0
0,klinik-sulingen,klinik-sulingen:5,5,1,0
0,klinik-sulingen,klinik-sulingen:6,6,1,0
0,klinik-sulingen,klinik-sulingen:7,7,1,0
0,klinik-sulingen,klinik-sulingen:13,13,1,0
5,klinik-sulingen,klinik-sulingen:20,20,1,0
0,klinik-sulingen,klinik-sulingen:21,21,1,0
0,klinik-sulingen,klinik-sulingen:32,32,1,0
2,klinik-sulingen,klinik-sulingen:34,34,1,0
10,klinik-sulingen,klinik-sulingen:44,44,1,0
12,klinik-sulingen,klinik-sulingen:48,48,1,0
6,klinik-sulingen,klinik-sulingen:49,49,1,0
0,klinik-sulingen,klinik-sulingen:60,60,1,0
6,klinik-sulingen,klinik-sulingen:62,62,1,0
13,klinik-sulingen,klinik-sulingen:66,66,1,0
6,klinik-sulingen,klinik-sulingen:68,68,1,0
10,klinik-sulingen,klinik-sulingen:69,69,1,0
3,klinik-sulingen,klinik-sulingen:70,70,1,0
9,klinik-sulingen,klinik-sulingen:71,71,1,0
1,klinik-sulingen,klinik-sulingen:72,72,1,0
2,klinik-sulingen,klinik-sulingen:73,73,2,0
10,klinik-sulingen,klinik-sulingen:74,74,1,0
7,klinik-sulingen,klinik-sulingen:77,77,1,0
0,klinik-sulingen,klinik-sulingen:85,85,1,0
6,klinik-sulingen,klinik-sulingen:88,88,1,0
0,klinik-sulingen,klinik-sulingen:89,89,1,0
0,klinik-sulingen,klinik-sulingen:90,90,1,0
1,klinik-sulingen,klinik-sulingen:91,91,1,0
10,klinik-sulingen,klinik-sulingen:96,96,1,0
4,klinik-sulingen,klinik-sulingen:97,97,1,0
4,klinik-sulingen,klinik-sulingen:105,105,1,0
1,klinik-sulingen,klinik-sulingen:106,106,1,0
1,klinik-sulingen,klinik-sulingen:111,111,1,0
2,klinik-sulingen,klinik-sulingen:114,114,1,0
7,klinik-sulingen,klinik-sulingen:115,115,1,0
0,klinik-sulingen,klinik-sulingen:118,118,1,0
2,klinik-sulingen,klinik-sulingen:122,122,1,0
9,klinik-sulingen,klinik-sulingen:124,124,1,0
7,klinik-sulingen,klinik-sulingen:125,125,1,0
0,klinik-sulingen,klinik-sulingen:127,127,2,0
2,klinik-sulingen,klinik-sulingen:128,128,1,0
2,klinik-sulingen,klinik-sulingen:129,129,1,0
0,klinik-sulingen,klinik-sulingen:130,130,1,0
0,klinik-sulingen,klinik-sulingen:133,133,2,0
0,klinik-sulingen,klinik-sulingen:135,135,1,0
0,klinik-sulingen,klinik-sulingen:138,138,1,0
0,klinik-sulingen,klinik-sulingen:140,140,1,0
1,klinik-sulingen,klinik-sulingen:144,144,1,0
0,klinikum-emden-hans-susemihl-krankenhaus-ggmbh,klinikum-emden-hans-susemihl-krankenhaus-ggmbh:5,5,1,0
0,klinikum-emden-hans-susemihl-krankenhaus-ggmbh,klinikum-emden-hans-susemihl-krankenhaus-ggmbh:6,6,1,0
0,klinikum-emden-hans-susemihl-krankenhaus-ggmbh,klinikum-emden-hans-susemihl-krankenhaus-ggmbh:10,10,1,0
0,klinikum-emden-hans-susemihl-krankenhaus-ggmbh,klinikum-emden-hans-susemihl-krankenhaus-ggmbh:12,12,1,0
0,klinikum-emden-hans-susemihl-krankenhaus-ggmbh,klinikum-emden-hans-susemihl-krankenhaus-ggmbh:13,13,1,0
0,klinikum-emden-hans-susemihl-krankenhaus-ggmbh,klinikum-emden-hans-susemihl-krankenhaus-ggmbh:14,14,1,0
0,klinikum-emden-hans-susemihl-krankenhaus-ggmbh,klinikum-emden-hans-susemihl-krankenhaus-ggmbh:15,15,1,0
0,klinikum-emden-hans-susemihl-krankenhaus-ggmbh,klinikum-emden-hans-susemihl-krankenhaus-ggmbh:17,17,1,0
0,klinikum-emden-hans-susemihl-krankenhaus-ggmbh,klinikum-emden-hans-susemihl-krankenhaus-ggmbh:19,19,2,0
0,klinikum-emden-hans-susemihl-krankenhaus-ggmbh,klinikum-emden-hans-susemihl-krankenhaus-ggmbh:23,23,1,0
0,klinikum-emden-hans-susemihl-krankenhaus-ggmbh,klinikum-emden-hans-susemihl-krankenhaus-ggmbh:26,26,1,0
0,klinikum-emden-hans-susemihl-krankenhaus-ggmbh,klinikum-emden-hans-susemihl-krankenhaus-ggmbh:28,28,1,0
0,klinikum-emden-hans-susemihl-krankenhaus-ggmbh,klinikum-emden-hans-susemihl-krankenhaus-ggmbh:30,30,1,1
0,klinikum-emden-hans-susemihl-krankenhaus-ggmbh,klinikum-emden-hans-susemihl-krankenhaus-ggmbh:31,31,1,0
0,klinikum-emden-hans-susemihl-krankenhaus-ggmbh,klinikum-emden-hans-susemihl-krankenhaus-ggmbh:32,32,1,0
0,klinikum-emden-hans-susemihl-krankenhaus-ggmbh,klinikum-emden-hans-susemihl-krankenhaus-ggmbh:34,34,2,0
0,klinikum-emden-hans-susemihl-krankenhaus-ggmbh,klinikum-emden-hans-susemihl-krankenhaus-ggmbh:38,38,1,0
15,klinikum-emden-hans-susemihl-krankenhaus-ggmbh,klinikum-emden-hans-susemihl-krankenhaus-ggmbh:42,42,1,0
3,klinikum-emden-hans-susemihl-krankenhaus-ggmbh,klinikum-emden-hans-susemihl-krankenhaus-ggmbh:44,44,1,0
8,klinikum-emden-hans-susemihl-krankenhaus-ggmbh,klinikum-emden-hans-susemihl-krankenhaus-ggmbh:45,45,1,0
10,klinikum-emden-hans-susemihl-krankenhaus-ggmbh,klinikum-emden-hans-susemihl-krankenhaus-ggmbh:51,51,1,0
0,klinikum-emden-hans-susemihl-krankenhaus-ggmbh,klinikum-emden-hans-susemihl-krankenhaus-ggmbh:55,55,1,0
1,klinikum-emden-hans-susemihl-krankenhaus-ggmbh,klinikum-emden-hans-susemihl-krankenhaus-ggmbh:57,57,1,0
0,klinikum-emden-hans-susemihl-krankenhaus-ggmbh,klinikum-emden-hans-susemihl-krankenhaus-ggmbh:58,58,2,0
0,klinikum-emden-hans-susemihl-krankenhaus-ggmbh,klinikum-emden-hans-susemihl-krankenhaus-ggmbh:60,60,1,0
0,klinikum-emden-hans-susemihl-krankenhaus-ggmbh,klinikum-emden-hans-susemihl-krankenhaus-ggmbh:61,61,1,0
0,klinikum-emden-hans-susemihl-krankenhaus-ggmbh,klinikum-emden-hans-susemihl-krankenhaus-ggmbh:62,62,1,0
19,klinikum-emden-hans-susemihl-krankenhaus-ggmbh,klinikum-emden-hans-susemihl-krankenhaus-ggmbh:63,63,1,0
2,klinikum-emden-hans-susemihl-krankenhaus-ggmbh,klinikum-emden-hans-susemihl-krankenhaus-ggmbh:65,65,1,0
0,klinikum-emden-hans-susemihl-krankenhaus-ggmbh,klinikum-emden-hans-susemihl-krankenhaus-ggmbh:66,66,1,0
4,klinikum-emden-hans-susemihl-krankenhaus-ggmbh,klinikum-emden-hans-susemihl-krankenhaus-ggmbh:70,70,1,0
5,klinikum-emden-hans-susemihl-krankenhaus-ggmbh,klinikum-emden-hans-susemihl-krankenhaus-ggmbh:71,71,1,0
13,klinikum-emden-hans-susemihl-krankenhaus-ggmbh,klinikum-emden-hans-susemihl-krankenhaus-ggmbh:72,72,1,0
2,klinikum-emden-hans-susemihl-krankenhaus-ggmbh,klinikum-emden-hans-susemihl-krankenhaus-ggmbh:73,73,1,0
0,klinikum-emden-hans-susemihl-krankenhaus-ggmbh,klinikum-emden-hans-susemihl-krankenhaus-ggmbh:74,74,1,0
0,klinikum-emden-hans-susemihl-krankenhaus-ggmbh,klinikum-emden-hans-susemihl-krankenhaus-ggmbh:75,75,1,0
10,klinikum-emden-hans-susemihl-krankenhaus-ggmbh,klinikum-emden-hans-susemihl-krankenhaus-ggmbh:76,76,1,0
3,klinikum-emden-hans-susemihl-krankenhaus-ggmbh,klinikum-emden-hans-susemihl-krankenhaus-ggmbh:81,81,1,0
9,klinikum-emden-hans-susemihl-krankenhaus-ggmbh,klinikum-emden-hans-susemihl-krankenhaus-ggmbh:82,82,1,0
7,klinikum-emden-hans-susemihl-krankenhaus-ggmbh,klinikum-emden-hans-susemihl-krankenhaus-ggmbh:83,83,1,0
4,klinikum-emden-hans-susemihl-krankenhaus-ggmbh,klinikum-emden-hans-susemihl-krankenhaus-ggmbh:85,85,1,0
0,klinikum-emden-hans-susemihl-krankenhaus-ggmbh,klinikum-emden-hans-susemihl-krankenhaus-ggmbh:86,86,1,0
8,klinikum-emden-hans-susemihl-krankenhaus-ggmbh,klinikum-emden-hans-susemihl-krankenhaus-ggmbh:87,87,1,0
0,klinikum-emden-hans-susemihl-krankenhaus-ggmbh,klinikum-emden-hans-susemihl-krankenhaus-ggmbh:90,90,1,0
11,klinikum-emden-hans-susemihl-krankenhaus-ggmbh,klinikum-emden-hans-susemihl-krankenhaus-ggmbh:91,91,1,0
8,klinikum-emden-hans-susemihl-krankenhaus-ggmbh,klinikum-emden-hans-susemihl-krankenhaus-ggmbh:95,95,1,0
5,klinikum-emden-hans-susemihl-krankenhaus-ggmbh,klinikum-emden-hans-susemihl-krankenhaus-ggmbh:96,96,1,0
25,klinikum-emden-hans-susemihl-krankenhaus-ggmbh,klinikum-emden-hans-susemihl-krankenhaus-ggmbh:100,100,1,0
12,klinikum-emden-hans-susemihl-krankenhaus-ggmbh,klinikum-emden-hans-susemihl-krankenhaus-ggmbh:102,102,2,0
11,klinikum-emden-hans-susemihl-krankenhaus-ggmbh,klinikum-emden-hans-susemihl-krankenhaus-ggmbh:103,103,1,0
3,klinikum-emden-hans-susemihl-krankenhaus-ggmbh,klinikum-emden-hans-susemihl-krankenhaus-ggmbh:104,104,2,0
10,klinikum-emden-hans-susemihl-krankenhaus-ggmbh,klinikum-emden-hans-susemihl-krankenhaus-ggmbh:105,105,1,0
2,klinikum-emden-hans-susemihl-krankenhaus-ggmbh,klinikum-emden-hans-susemihl-krankenhaus-ggmbh:108,108,1,0
7,klinikum-emden-hans-susemihl-krankenhaus-ggmbh,klinikum-emden-hans-susemihl-krankenhaus-ggmbh:113,113,1,0
6,klinikum-emden-hans-susemihl-krankenhaus-ggmbh,klinikum-emden-hans-susemihl-krankenhaus-ggmbh:115,115,1,0
16,klinikum-emden-hans-susemihl-krankenhaus-ggmbh,klinikum-emden-hans-susemihl-krankenhaus-ggmbh:116,116,1,0
0,klinikum-emden-hans-susemihl-krankenhaus-ggmbh,klinikum-emden-hans-susemihl-krankenhaus-ggmbh:117,117,1,0
7,klinikum-emden-hans-susemihl-krankenhaus-ggmbh,klinikum-emden-hans-susemihl-krankenhaus-ggmbh:119,119,1,0
0,klinikum-emden-hans-susemihl-krankenhaus-ggmbh,klinikum-emden-hans-susemihl-krankenhaus-ggmbh:120,120,2,0
17,klinikum-emden-hans-susemihl-krankenhaus-ggmbh,klinikum-emden-hans-susemihl-krankenhaus-ggmbh:121,121,1,0
5,klinikum-emden-hans-susemihl-krankenhaus-ggmbh,klinikum-emden-hans-susemihl-krankenhaus-ggmbh:122,122,1,0
15,klinikum-emden-hans-susemihl-krankenhaus-ggmbh,klinikum-emden-hans-susemihl-krankenhaus-ggmbh:124,124,1,0
15,klinikum-emden-hans-susemihl-krankenhaus-ggmbh,klinikum-emden-hans-susemihl-krankenhaus-ggmbh:125,125,1,0
8,klinikum-emden-hans-susemihl-krankenhaus-ggmbh,klinikum-emden-hans-susemihl-krankenhaus-ggmbh:126,126,1,0
13,klinikum-emden-hans-susemihl-krankenhaus-ggmbh,klinikum-emden-hans-susemihl-krankenhaus-ggmbh:127,127,1,0
9,klinikum-emden-hans-susemihl-krankenhaus-ggmbh,klinikum-emden-hans-susemihl-krankenhaus-ggmbh:129,129,2,0
0,klinikum-emden-hans-susemihl-krankenhaus-ggmbh,klinikum-emden-hans-susemihl-krankenhaus-ggmbh:130,130,1,0
2,klinikum-emden-hans-susemihl-krankenhaus-ggmbh,klinikum-emden-hans-susemihl-krankenhaus-ggmbh:131,131,1,0
8,klinikum-emden-hans-susemihl-krankenhaus-ggmbh,klinikum-emden-hans-susemihl-krankenhaus-ggmbh:132,132,1,0
0,klinikum-emden-hans-susemihl-krankenhaus-ggmbh,klinikum-emden-hans-susemihl-krankenhaus-ggmbh:134,134,1,0
11,klinikum-emden-hans-susemihl-krankenhaus-ggmbh,klinikum-emden-hans-susemihl-krankenhaus-ggmbh:136,136,1,0
13,klinikum-emden-hans-susemihl-krankenhaus-ggmbh,klinikum-emden-hans-susemihl-krankenhaus-ggmbh:139,139,1,0
8,klinikum-emden-hans-susemihl-krankenhaus-ggmbh,klinikum-emden-hans-susemihl-krankenhaus-ggmbh:140,140,1,0
8,klinikum-emden-hans-susemihl-krankenhaus-ggmbh,klinikum-emden-hans-susemihl-krankenhaus-ggmbh:141,141,1,0
23,klinikum-emden-hans-susemihl-krankenhaus-ggmbh,klinikum-emden-hans-susemihl-krankenhaus-ggmbh:142,142,1,0
8,klinikum-emden-hans-susemihl-krankenhaus-ggmbh,klinikum-emden-hans-susemihl-krankenhaus-ggmbh:143,143,1,0
20,klinikum-emden-hans-susemihl-krankenhaus-ggmbh,klinikum-emden-hans-susemihl-krankenhaus-ggmbh:144,144,1,0
11,klinikum-emden-hans-susemihl-krankenhaus-ggmbh,klinikum-emden-hans-susemihl-krankenhaus-ggmbh:146,146,1,0
7,klinikum-emden-hans-susemihl-krankenhaus-ggmbh,klinikum-emden-hans-susemihl-krankenhaus-ggmbh:149,149,1,0
8,klinikum-emden-hans-susemihl-krankenhaus-ggmbh,klinikum-emden-hans-susemihl-krankenhaus-ggmbh:150,150,1,0
8,klinikum-emden-hans-susemihl-krankenhaus-ggmbh,klinikum-emden-hans-susemihl-krankenhaus-ggmbh:152,152,1,0
6,klinikum-emden-hans-susemihl-krankenhaus-ggmbh,klinikum-emden-hans-susemihl-krankenhaus-ggmbh:153,153,1,0
10,klinikum-emden-hans-susemihl-krankenhaus-ggmbh,klinikum-emden-hans-susemihl-krankenhaus-ggmbh:154,154,1,0
20,klinikum-emden-hans-susemihl-krankenhaus-ggmbh,klinikum-emden-hans-susemihl-krankenhaus-ggmbh:155,155,1,0
7,klinikum-emden-hans-susemihl-krankenhaus-ggmbh,klinikum-emden-hans-susemihl-krankenhaus-ggmbh:157,157,2,0
3,klinikum-emden-hans-susemihl-krankenhaus-ggmbh,klinikum-emden-hans-susemihl-krankenhaus-ggmbh:158,158,2,0
13,klinikum-emden-hans-susemihl-krankenhaus-ggmbh,klinikum-emden-hans-susemihl-krankenhaus-ggmbh:160,160,1,0
5,klinikum-emden-hans-susemihl-krankenhaus-ggmbh,klinikum-emden-hans-susemihl-krankenhaus-ggmbh:162,162,1,0
12,klinikum-emden-hans-susemihl-krankenhaus-ggmbh,klinikum-emden-hans-susemihl-krankenhaus-ggmbh:163,163,1,0
8,klinikum-emden-hans-susemihl-krankenhaus-ggmbh,klinikum-emden-hans-susemihl-krankenhaus-ggmbh:166,166,1,0
9,klinikum-emden-hans-susemihl-krankenhaus-ggmbh,klinikum-emden-hans-susemihl-krankenhaus-ggmbh:167,167,1,0
15,klinikum-emden-hans-susemihl-krankenhaus-ggmbh,klinikum-emden-hans-susemihl-krankenhaus-ggmbh:168,168,1,0
5,klinikum-emden-hans-susemihl-krankenhaus-ggmbh,klinikum-emden-hans-susemihl-krankenhaus-ggmbh:169,169,1,0
16,klinikum-emden-hans-susemihl-krankenhaus-ggmbh,klinikum-emden-hans-susemihl-krankenhaus-ggmbh:171,171,1,0
18,klinikum-emden-hans-susemihl-krankenhaus-ggmbh,klinikum-emden-hans-susemihl-krankenhaus-ggmbh:172,172,1,0
0,klinikum-emden-hans-susemihl-krankenhaus-ggmbh,klinikum-emden-hans-susemihl-krankenhaus-ggmbh:174,174,2,0
17,klinikum-emden-hans-susemihl-krankenhaus-ggmbh,klinikum-emden-hans-susemihl-krankenhaus-ggmbh:177,177,1,0
9,klinikum-emden-hans-susemihl-krankenhaus-ggmbh,klinikum-emden-hans-susemihl-krankenhaus-ggmbh:178,178,1,0
5,klinikum-emden-hans-susemihl-krankenhaus-ggmbh,klinikum-emden-hans-susemihl-krankenhaus-ggmbh:179,179,1,0
1,klinikum-emden-hans-susemihl-krankenhaus-ggmbh,klinikum-emden-hans-susemihl-krankenhaus-ggmbh:180,180,2,0
11,klinikum-emden-hans-susemihl-krankenhaus-ggmbh,klinikum-emden-hans-susemihl-krankenhaus-ggmbh:181,181,1,0
7,klinikum-emden-hans-susemihl-krankenhaus-ggmbh,klinikum-emden-hans-susemihl-krankenhaus-ggmbh:182,182,1,0
10,klinikum-emden-hans-susemihl-krankenhaus-ggmbh,klinikum-emden-hans-susemihl-krankenhaus-ggmbh:183,183,1,0
14,klinikum-emden-hans-susemihl-krankenhaus-ggmbh,klinikum-emden-hans-susemihl-krankenhaus-ggmbh:184,184,1,0
12,klinikum-emden-hans-susemihl-krankenhaus-ggmbh,klinikum-emden-hans-susemihl-krankenhaus-ggmbh:188,188,2,0
11,klinikum-emden-hans-susemihl-krankenhaus-ggmbh,klinikum-emden-hans-susemihl-krankenhaus-ggmbh:189,189,1,0
17,klinikum-emden-hans-susemihl-krankenhaus-ggmbh,klinikum-emden-hans-susemihl-krankenhaus-ggmbh:190,190,1,0
12,klinikum-emden-hans-susemihl-krankenhaus-ggmbh,klinikum-emden-hans-susemihl-krankenhaus-ggmbh:191,191,1,0
8,klinikum-emden-hans-susemihl-krankenhaus-ggmbh,klinikum-emden-hans-susemihl-krankenhaus-ggmbh:192,192,1,0
15,klinikum-emden-hans-susemihl-krankenhaus-ggmbh,klinikum-emden-hans-susemihl-krankenhaus-ggmbh:195,195,1,0
6,klinikum-emden-hans-susemihl-krankenhaus-ggmbh,klinikum-emden-hans-susemihl-krankenhaus-ggmbh:196,196,1,0
14,klinikum-emden-hans-susemihl-krankenhaus-ggmbh,klinikum-emden-hans-susemihl-krankenhaus-ggmbh:198,198,1,0
11,klinikum-emden-hans-susemihl-krankenhaus-ggmbh,klinikum-emden-hans-susemihl-krankenhaus-ggmbh:199,199,1,0
3,klinikum-emden-hans-susemihl-krankenhaus-ggmbh,klinikum-emden-hans-susemihl-krankenhaus-ggmbh:200,200,1,0
8,klinikum-emden-hans-susemihl-krankenhaus-ggmbh,klinikum-emden-hans-susemihl-krankenhaus-ggmbh:201,201,2,0
5,klinikum-emden-hans-susemihl-krankenhaus-ggmbh,klinikum-emden-hans-susemihl-krankenhaus-ggmbh:202,202,1,0
12,klinikum-emden-hans-susemihl-krankenhaus-ggmbh,klinikum-emden-hans-susemihl-krankenhaus-ggmbh:204,204,1,0
8,klinikum-emden-hans-susemihl-krankenhaus-ggmbh,klinikum-emden-hans-susemihl-krankenhaus-ggmbh:205,205,1,0
13,klinikum-emden-hans-susemihl-krankenhaus-ggmbh,klinikum-emden-hans-susemihl-krankenhaus-ggmbh:206,206,1,0
9,klinikum-emden-hans-susemihl-krankenhaus-ggmbh,klinikum-emden-hans-susemihl-krankenhaus-ggmbh:207,207,1,0
13,klinikum-emden-hans-susemihl-krankenhaus-ggmbh,klinikum-emden-hans-susemihl-krankenhaus-ggmbh:209,209,1,0
6,klinikum-emden-hans-susemihl-krankenhaus-ggmbh,klinikum-emden-hans-susemihl-krankenhaus-ggmbh:210,210,2,0
1,klinikum-emden-hans-susemihl-krankenhaus-ggmbh,klinikum-emden-hans-susemihl-krankenhaus-ggmbh:212,212,1,0
13,klinikum-emden-hans-susemihl-krankenhaus-ggmbh,klinikum-emden-hans-susemihl-krankenhaus-ggmbh:213,213,1,0
11,klinikum-emden-hans-susemihl-krankenhaus-ggmbh,klinikum-emden-hans-susemihl-krankenhaus-ggmbh:214,214,1,0
9,klinikum-emden-hans-susemihl-krankenhaus-ggmbh,klinikum-emden-hans-susemihl-krankenhaus-ggmbh:215,215,1,0
7,klinikum-emden-hans-susemihl-krankenhaus-ggmbh,klinikum-emden-hans-susemihl-krankenhaus-ggmbh:216,216,1,0
12,klinikum-emden-hans-susemihl-krankenhaus-ggmbh,klinikum-emden-hans-susemihl-krankenhaus-ggmbh:218,218,1,0
2,klinikum-emden-hans-susemihl-krankenhaus-ggmbh,klinikum-emden-hans-susemihl-krankenhaus-ggmbh:220,220,1,0
6,klinikum-emden-hans-susemihl-krankenhaus-ggmbh,klinikum-emden-hans-susemihl-krankenhaus-ggmbh:221,221,1,0
12,klinikum-emden-hans-susemihl-krankenhaus-ggmbh,klinikum-emden-hans-susemihl-krankenhaus-ggmbh:222,222,1,0
4,klinikum-emden-hans-susemihl-krankenhaus-ggmbh,klinikum-emden-hans-susemihl-krankenhaus-ggmbh:226,226,1,0
4,klinikum-emden-hans-susemihl-krankenhaus-ggmbh,klinikum-emden-hans-susemihl-krankenhaus-ggmbh:227,227,1,0
0,klinikum-emden-hans-susemihl-krankenhaus-ggmbh,klinikum-emden-hans-susemihl-krankenhaus-ggmbh:231,231,1,0
12,klinikum-emden-hans-susemihl-krankenhaus-ggmbh,klinikum-emden-hans-susemihl-krankenhaus-ggmbh:232,232,1,0
17,klinikum-emden-hans-susemihl-krankenhaus-ggmbh,klinikum-emden-hans-susemihl-krankenhaus-ggmbh:235,235,1,0
7,klinikum-emden-hans-susemihl-krankenhaus-ggmbh,klinikum-emden-hans-susemihl-krankenhaus-ggmbh:236,236,1,0
8,klinikum-emden-hans-susemihl-krankenhaus-ggmbh,klinikum-emden-hans-susemihl-krankenhaus-ggmbh:238,238,1,0
8,klinikum-emden-hans-susemihl-krankenhaus-ggmbh,klinikum-emden-hans-susemihl-krankenhaus-ggmbh:240,240,2,0
8,klinikum-emden-hans-susemihl-krankenhaus-ggmbh,klinikum-emden-hans-susemihl-krankenhaus-ggmbh:242,242,1,0
0,klinikum-emden-hans-susemihl-krankenhaus-ggmbh,klinikum-emden-hans-susemihl-krankenhaus-ggmbh:244,244,1,0
12,klinikum-emden-hans-susemihl-krankenhaus-ggmbh,klinikum-emden-hans-susemihl-krankenhaus-ggmbh:246,246,1,0
10,klinikum-emden-hans-susemihl-krankenhaus-ggmbh,klinikum-emden-hans-susemihl-krankenhaus-ggmbh:247,247,1,0
3,klinikum-emden-hans-susemihl-krankenhaus-ggmbh,klinikum-emden-hans-susemihl-krankenhaus-ggmbh:248,248,1,0
8,klinikum-emden-hans-susemihl-krankenhaus-ggmbh,klinikum-emden-hans-susemihl-krankenhaus-ggmbh:250,250,1,0
5,klinikum-emden-hans-susemihl-krankenhaus-ggmbh,klinikum-emden-hans-susemihl-krankenhaus-ggmbh:251,251,1,0
0,klinikum-emden-hans-susemihl-krankenhaus-ggmbh,klinikum-emden-hans-susemihl-krankenhaus-ggmbh:252,252,1,0
1,klinikum-emden-hans-susemihl-krankenhaus-ggmbh,klinikum-emden-hans-susemihl-krankenhaus-ggmbh:253,253,1,0
6,klinikum-emden-hans-susemihl-krankenhaus-ggmbh,klinikum-emden-hans-susemihl-krankenhaus-ggmbh:255,255,1,0
0,klinikum-emden-hans-susemihl-krankenhaus-ggmbh,klinikum-emden-hans-susemihl-krankenhaus-ggmbh:258,258,1,1
4,klinikum-emden-hans-susemihl-krankenhaus-ggmbh,klinikum-emden-hans-susemihl-krankenhaus-ggmbh:259,259,1,0
12,klinikum-emden-hans-susemihl-krankenhaus-ggmbh,klinikum-emden-hans-susemihl-krankenhaus-ggmbh:260,260,1,0
10,klinikum-emden-hans-susemihl-krankenhaus-ggmbh,klinikum-emden-hans-susemihl-krankenhaus-ggmbh:262,262,1,0
6,klinikum-emden-hans-susemihl-krankenhaus-ggmbh,klinikum-emden-hans-susemihl-krankenhaus-ggmbh:264,264,1,0
3,klinikum-emden-hans-susemihl-krankenhaus-ggmbh,klinikum-emden-hans-susemihl-krankenhaus-ggmbh:265,265,1,0
11,klinikum-emden-hans-susemihl-krankenhaus-ggmbh,klinikum-emden-hans-susemihl-krankenhaus-ggmbh:266,266,1,0
5,klinikum-emden-hans-susemihl-krankenhaus-ggmbh,klinikum-emden-hans-susemihl-krankenhaus-ggmbh:267,267,1,0
4,klinikum-emden-hans-susemihl-krankenhaus-ggmbh,klinikum-emden-hans-susemihl-krankenhaus-ggmbh:268,268,1,0
7,klinikum-emden-hans-susemihl-krankenhaus-ggmbh,klinikum-emden-hans-susemihl-krankenhaus-ggmbh:269,269,1,0
2,klinikum-emden-hans-susemihl-krankenhaus-ggmbh,klinikum-emden-hans-susemihl-krankenhaus-ggmbh:271,271,1,0
14,klinikum-emden-hans-susemihl-krankenhaus-ggmbh,klinikum-emden-hans-susemihl-krankenhaus-ggmbh:273,273,1,0
6,klinikum-emden-hans-susemihl-krankenhaus-ggmbh,klinikum-emden-hans-susemihl-krankenhaus-ggmbh:275,275,1,0
8,klinikum-emden-hans-susemihl-krankenhaus-ggmbh,klinikum-emden-hans-susemihl-krankenhaus-ggmbh:276,276,1,0
4,klinikum-emden-hans-susemihl-krankenhaus-ggmbh,klinikum-emden-hans-susemihl-krankenhaus-ggmbh:277,277,1,0
5,klinikum-emden-hans-susemihl-krankenhaus-ggmbh,klinikum-emden-hans-susemihl-krankenhaus-ggmbh:280,280,1,0
9,klinikum-emden-hans-susemihl-krankenhaus-ggmbh,klinikum-emden-hans-susemihl-krankenhaus-ggmbh:283,283,1,0
2,klinikum-emden-hans-susemihl-krankenhaus-ggmbh,klinikum-emden-hans-susemihl-krankenhaus-ggmbh:285,285,2,0
9,klinikum-emden-hans-susemihl-krankenhaus-ggmbh,klinikum-emden-hans-susemihl-krankenhaus-ggmbh:286,286,1,0
1,klinikum-emden-hans-susemihl-krankenhaus-ggmbh,klinikum-emden-hans-susemihl-krankenhaus-ggmbh:287,287,2,0
1,klinikum-emden-hans-susemihl-krankenhaus-ggmbh,klinikum-emden-hans-susemihl-krankenhaus-ggmbh:288,288,1,0
1,klinikum-emden-hans-susemihl-krankenhaus-ggmbh,klinikum-emden-hans-susemihl-krankenhaus-ggmbh:289,289,1,0
0,klinikum-emden-hans-susemihl-krankenhaus-ggmbh,klinikum-emden-hans-susemihl-krankenhaus-ggmbh:290,290,1,0
2,klinikum-emden-hans-susemihl-krankenhaus-ggmbh,klinikum-emden-hans-susemihl-krankenhaus-ggmbh:291,291,1,0
0,klinikum-emden-hans-susemihl-krankenhaus-ggmbh,klinikum-emden-hans-susemihl-krankenhaus-ggmbh:292,292,2,0
13,klinikum-emden-hans-susemihl-krankenhaus-ggmbh,klinikum-emden-hans-susemihl-krankenhaus-ggmbh:294,294,1,0
3,klinikum-emden-hans-susemihl-krankenhaus-ggmbh,klinikum-emden-hans-susemihl-krankenhaus-ggmbh:298,298,1,0
1,klinikum-emden-hans-susemihl-krankenhaus-ggmbh,klinikum-emden-hans-susemihl-krankenhaus-ggmbh:299,299,2,1
2,klinikum-emden-hans-susemihl-krankenhaus-ggmbh,klinikum-emden-hans-susemihl-krankenhaus-ggmbh:300,300,1,0
3,klinikum-emden-hans-susemihl-krankenhaus-ggmbh,klinikum-emden-hans-susemihl-krankenhaus-ggmbh:302,302,1,0
7,klinikum-emden-hans-susemihl-krankenhaus-ggmbh,klinikum-emden-hans-susemihl-krankenhaus-ggmbh:303,303,1,0
4,klinikum-emden-hans-susemihl-krankenhaus-ggmbh,klinikum-emden-hans-susemihl-krankenhaus-ggmbh:307,307,1,0
4,klinikum-emden-hans-susemihl-krankenhaus-ggmbh,klinikum-emden-hans-susemihl-krankenhaus-ggmbh:309,309,1,0
5,klinikum-emden-hans-susemihl-krankenhaus-ggmbh,klinikum-emden-hans-susemihl-krankenhaus-ggmbh:310,310,1,0
7,klinikum-emden-hans-susemihl-krankenhaus-ggmbh,klinikum-emden-hans-susemihl-krankenhaus-ggmbh:315,315,2,0
6,klinikum-emden-hans-susemihl-krankenhaus-ggmbh,klinikum-emden-hans-susemihl-krankenhaus-ggmbh:316,316,1,0
2,klinikum-emden-hans-susemihl-krankenhaus-ggmbh,klinikum-emden-hans-susemihl-krankenhaus-ggmbh:321,321,1,0
3,klinikum-emden-hans-susemihl-krankenhaus-ggmbh,klinikum-emden-hans-susemihl-krankenhaus-ggmbh:322,322,1,0
8,klinikum-emden-hans-susemihl-krankenhaus-ggmbh,klinikum-emden-hans-susemihl-krankenhaus-ggmbh:323,323,1,0
6,klinikum-emden-hans-susemihl-krankenhaus-ggmbh,klinikum-emden-hans-susemihl-krankenhaus-ggmbh:324,324,1,0
0,klinikum-emden-hans-susemihl-krankenhaus-ggmbh,klinikum-emden-hans-susemihl-krankenhaus-ggmbh:325,325,1,0
0,klinikum-emden-hans-susemihl-krankenhaus-ggmbh,klinikum-emden-hans-susemihl-krankenhaus-ggmbh:326,326,1,0
0,klinikum-emden-hans-susemihl-krankenhaus-ggmbh,klinikum-emden-hans-susemihl-krankenhaus-ggmbh:327,327,1,0
6,klinikum-emden-hans-susemihl-krankenhaus-ggmbh,klinikum-emden-hans-susemihl-krankenhaus-ggmbh:328,328,1,0
2,klinikum-emden-hans-susemihl-krankenhaus-ggmbh,klinikum-emden-hans-susemihl-krankenhaus-ggmbh:329,329,1,0
0,klinikum-emden-hans-susemihl-krankenhaus-ggmbh,klinikum-emden-hans-susemihl-krankenhaus-ggmbh:333,333,1,0
9,klinikum-emden-hans-susemihl-krankenhaus-ggmbh,klinikum-emden-hans-susemihl-krankenhaus-ggmbh:335,335,1,0
9,klinikum-emden-hans-susemihl-krankenhaus-ggmbh,klinikum-emden-hans-susemihl-krankenhaus-ggmbh:338,338,1,0
0,klinikum-emden-hans-susemihl-krankenhaus-ggmbh,klinikum-emden-hans-susemihl-krankenhaus-ggmbh:339,339,1,0
7,klinikum-emden-hans-susemihl-krankenhaus-ggmbh,klinikum-emden-hans-susemihl-krankenhaus-ggmbh:340,340,1,0
8,klinikum-emden-hans-susemihl-krankenhaus-ggmbh,klinikum-emden-hans-susemihl-krankenhaus-ggmbh:341,341,1,0
7,klinikum-emden-hans-susemihl-krankenhaus-ggmbh,klinikum-emden-hans-susemihl-krankenhaus-ggmbh:342,342,1,0
6,klinikum-emden-hans-susemihl-krankenhaus-ggmbh,klinikum-emden-hans-susemihl-krankenhaus-ggmbh:344,344,1,0
6,klinikum-emden-hans-susemihl-krankenhaus-ggmbh,klinikum-emden-hans-susemihl-krankenhaus-ggmbh:347,347,1,0
0,klinikum-emden-hans-susemihl-krankenhaus-ggmbh,klinikum-emden-hans-susemihl-krankenhaus-ggmbh:348,348,1,0
0,klinikum-emden-hans-susemihl-krankenhaus-ggmbh,klinikum-emden-hans-susemihl-krankenhaus-ggmbh:350,350,1,0
4,klinikum-emden-hans-susemihl-krankenhaus-ggmbh,klinikum-emden-hans-susemihl-krankenhaus-ggmbh:352,352,1,0
3,klinikum-emden-hans-susemihl-krankenhaus-ggmbh,klinikum-emden-hans-susemihl-krankenhaus-ggmbh:354,354,1,0
0,klinikum-emden-hans-susemihl-krankenhaus-ggmbh,klinikum-emden-hans-susemihl-krankenhaus-ggmbh:355,355,1,0
6,klinikum-emden-hans-susemihl-krankenhaus-ggmbh,klinikum-emden-hans-susemihl-krankenhaus-ggmbh:356,356,2,0
3,klinikum-emden-hans-susemihl-krankenhaus-ggmbh,klinikum-emden-hans-susemihl-krankenhaus-ggmbh:362,362,1,0
1,klinikum-emden-hans-susemihl-krankenhaus-ggmbh,klinikum-emden-hans-susemihl-krankenhaus-ggmbh:363,363,2,0
0,klinikum-emden-hans-susemihl-krankenhaus-ggmbh,klinikum-emden-hans-susemihl-krankenhaus-ggmbh:364,364,1,0
7,klinikum-emden-hans-susemihl-krankenhaus-ggmbh,klinikum-emden-hans-susemihl-krankenhaus-ggmbh:366,366,1,0
0,klinikum-emden-hans-susemihl-krankenhaus-ggmbh,klinikum-emden-hans-susemihl-krankenhaus-ggmbh:367,367,1,0
1,klinikum-emden-hans-susemihl-krankenhaus-ggmbh,klinikum-emden-hans-susemihl-krankenhaus-ggmbh:368,368,2,0
0,klinikum-emden-hans-susemihl-krankenhaus-ggmbh,klinikum-emden-hans-susemihl-krankenhaus-ggmbh:370,370,1,0
0,klinikum-emden-hans-susemihl-krankenhaus-ggmbh,klinikum-emden-hans-susemihl-krankenhaus-ggmbh:373,373,1,0
0,klinikum-emden-hans-susemihl-krankenhaus-ggmbh,klinikum-emden-hans-susemihl-krankenhaus-ggmbh:377,377,1,0
5,klinikum-emden-hans-susemihl-krankenhaus-ggmbh,klinikum-emden-hans-susemihl-krankenhaus-ggmbh:380,380,2,0
0,klinikum-emden-hans-susemihl-krankenhaus-ggmbh,klinikum-emden-hans-susemihl-krankenhaus-ggmbh:382,382,1,0
0,klinikum-emden-hans-susemihl-krankenhaus-ggmbh,klinikum-emden-hans-susemihl-krankenhaus-ggmbh:383,383,1,0
0,klinikum-emden-hans-susemihl-krankenhaus-ggmbh,klinikum-emden-hans-susemihl-krankenhaus-ggmbh:384,384,1,0
0,klinikum-emden-hans-susemihl-krankenhaus-ggmbh,klinikum-emden-hans-susemihl-krankenhaus-ggmbh:385,385,1,0
0,klinikum-emden-hans-susemihl-krankenhaus-ggmbh,klinikum-emden-hans-susemihl-krankenhaus-ggmbh:388,388,1,0
0,klinikum-emden-hans-susemihl-krankenhaus-ggmbh,klinikum-emden-hans-susemihl-krankenhaus-ggmbh:389,389,1,0
0,klinikum-emden-hans-susemihl-krankenhaus-ggmbh,klinikum-emden-hans-susemihl-krankenhaus-ggmbh:391,391,1,0
2,klinikum-emden-hans-susemihl-krankenhaus-ggmbh,klinikum-emden-hans-susemihl-krankenhaus-ggmbh:395,395,1,0
7,klinikum-emden-hans-susemihl-krankenhaus-ggmbh,klinikum-emden-hans-susemihl-krankenhaus-ggmbh:396,396,1,0
0,klinikum-emden-hans-susemihl-krankenhaus-ggmbh,klinikum-emden-hans-susemihl-krankenhaus-ggmbh:399,399,1,0
0,klinikum-hann-muenden-gmbh,klinikum-hann-muenden-gmbh:2,2,1,0
0,klinikum-hann-muenden-gmbh,klinikum-hann-muenden-gmbh:12,12,1,0
0,klinikum-hann-muenden-gmbh,klinikum-hann-muenden-gmbh:16,16,2,0
0,klinikum-hann-muenden-gmbh,klinikum-hann-muenden-gmbh:18,18,1,0
0,klinikum-hann-muenden-gmbh,klinikum-hann-muenden-gmbh:19,19,1,0
0,klinikum-hann-muenden-gmbh,klinikum-hann-muenden-gmbh:20,20,1,0
0,klinikum-hann-muenden-gmbh,klinikum-hann-muenden-gmbh:21,21,1,0
0,klinikum-hann-muenden-gmbh,klinikum-hann-muenden-gmbh:26,26,1,0
0,klinikum-hann-muenden-gmbh,klinikum-hann-muenden-gmbh:36,36,1,0
19,klinikum-hann-muenden-gmbh,klinikum-hann-muenden-gmbh:44,44,1,0
2,klinikum-hann-muenden-gmbh,klinikum-hann-muenden-gmbh:53,53,2,0
20,klinikum-hann-muenden-gmbh,klinikum-hann-muenden-gmbh:54,54,1,0
1,klinikum-hann-muenden-gmbh,klinikum-hann-muenden-gmbh:55,55,1,0
6,klinikum-hann-muenden-gmbh,klinikum-hann-muenden-gmbh:56,56,2,0
11,klinikum-hann-muenden-gmbh,klinikum-hann-muenden-gmbh:59,59,1,0
8,klinikum-hann-muenden-gmbh,klinikum-hann-muenden-gmbh:60,60,1,0
3,klinikum-hann-muenden-gmbh,klinikum-hann-muenden-gmbh:61,61,1,0
17,klinikum-hann-muenden-gmbh,klinikum-hann-muenden-gmbh:62,62,1,0
1,klinikum-hann-muenden-gmbh,klinikum-hann-muenden-gmbh:63,63,2,0
5,klinikum-hann-muenden-gmbh,klinikum-hann-muenden-gmbh:64,64,2,0
5,klinikum-hann-muenden-gmbh,klinikum-hann-muenden-gmbh:67,67,1,0
15,klinikum-hann-muenden-gmbh,klinikum-hann-muenden-gmbh:70,70,1,0
12,klinikum-hann-muenden-gmbh,klinikum-hann-muenden-gmbh:71,71,1,0
7,klinikum-hann-muenden-gmbh,klinikum-hann-muenden-gmbh:72,72,1,0
9,klinikum-hann-muenden-gmbh,klinikum-hann-muenden-gmbh:78,78,1,0
8,klinikum-hann-muenden-gmbh,klinikum-hann-muenden-gmbh:88,88,1,0
0,klinikum-hann-muenden-gmbh,klinikum-hann-muenden-gmbh:97,97,1,0
0,klinikum-hann-muenden-gmbh,klinikum-hann-muenden-gmbh:113,113,1,0
0,klinikum-hann-muenden-gmbh,klinikum-hann-muenden-gmbh:114,114,1,0
0,klinikum-leer-ggmbh,klinikum-leer-ggmbh:0,0,1,1
0,klinikum-leer-ggmbh,klinikum-leer-ggmbh:4,4,1,0
0,klinikum-leer-ggmbh,klinikum-leer-ggmbh:7,7,1,0
0,klinikum-leer-ggmbh,klinikum-leer-ggmbh:8,8,1,0
0,klinikum-leer-ggmbh,klinikum-leer-ggmbh:9,9,1,0
0,klinikum-leer-ggmbh,klinikum-leer-ggmbh:12,12,2,0
0,klinikum-leer-ggmbh,klinikum-leer-ggmbh:13,13,2,0
1,klinikum-leer-ggmbh,klinikum-leer-ggmbh:15,15,1,0
0,klinikum-leer-ggmbh,klinikum-leer-ggmbh:17,17,1,0
1,klinikum-leer-ggmbh,klinikum-leer-ggmbh:18,18,1,0
2,klinikum-leer-ggmbh,klinikum-leer-ggmbh:22,22,1,0
1,klinikum-leer-ggmbh,klinikum-leer-ggmbh:23,23,1,0
0,klinikum-leer-ggmbh,klinikum-leer-ggmbh:24,24,1,0
0,klinikum-leer-ggmbh,klinikum-leer-ggmbh:25,25,1,0
1,klinikum-leer-ggmbh,klinikum-leer-ggmbh:27,27,1,0
0,klinikum-leer-ggmbh,klinikum-leer-ggmbh:30,30,1,0
3,klinikum-leer-ggmbh,klinikum-leer-ggmbh:35,35,1,0
3,klinikum-leer-ggmbh,klinikum-leer-ggmbh:38,38,1,0
1,klinikum-leer-ggmbh,klinikum-leer-ggmbh:39,39,1,0
0,klinikum-leer-ggmbh,klinikum-leer-ggmbh:43,43,1,0
0,klinikum-leer-ggmbh,klinikum-leer-ggmbh:44,44,2,0
0,klinikum-leer-ggmbh,klinikum-leer-ggmbh:45,45,1,0
17,klinikum-leer-ggmbh,klinikum-leer-ggmbh:52,52,1,0
3,klinikum-leer-ggmbh,klinikum-leer-ggmbh:54,54,1,0
5,klinikum-leer-ggmbh,klinikum-leer-ggmbh:55,55,1,0
3,klinikum-leer-ggmbh,klinikum-leer-ggmbh:62,62,1,0
0,klinikum-leer-ggmbh,klinikum-leer-ggmbh:66,66,1,0
3,klinikum-leer-ggmbh,klinikum-leer-ggmbh:67,67,1,0
3,klinikum-leer-ggmbh,klinikum-leer-ggmbh:69,69,1,0
2,klinikum-leer-ggmbh,klinikum-leer-ggmbh:70,70,1,0
4,klinikum-leer-ggmbh,klinikum-leer-ggmbh:71,71,1,0
6,klinikum-leer-ggmbh,klinikum-leer-ggmbh:75,75,1,0
2,klinikum-leer-ggmbh,klinikum-leer-ggmbh:76,76,2,0
12,klinikum-leer-ggmbh,klinikum-leer-ggmbh:77,77,1,0
5,klinikum-leer-ggmbh,klinikum-leer-ggmbh:79,79,1,0
5,klinikum-leer-ggmbh,klinikum-leer-ggmbh:82,82,1,0
1,klinikum-leer-ggmbh,klinikum-leer-ggmbh:83,83,1,0
6,klinikum-leer-ggmbh,klinikum-leer-ggmbh:84,84,2,0
5,klinikum-leer-ggmbh,klinikum-leer-ggmbh:87,87,1,0
4,klinikum-leer-ggmbh,klinikum-leer-ggmbh:91,91,1,0
0,klinikum-leer-ggmbh,klinikum-leer-ggmbh:94,94,1,0
4,klinikum-leer-ggmbh,klinikum-leer-ggmbh:95,95,1,0
4,klinikum-leer-ggmbh,klinikum-leer-ggmbh:98,98,1,0
0,klinikum-leer-ggmbh,klinikum-leer-ggmbh:99,99,2,0
0,klinikum-leer-ggmbh,klinikum-leer-ggmbh:102,102,1,0
0,klinikum-leer-ggmbh,klinikum-leer-ggmbh:103,103,1,0
17,klinikum-leer-ggmbh,klinikum-leer-ggmbh:104,104,1,0
15,klinikum-leer-ggmbh,klinikum-leer-ggmbh:105,105,2,0
10,klinikum-leer-ggmbh,klinikum-leer-ggmbh:106,106,1,0
2,klinikum-leer-ggmbh,klinikum-leer-ggmbh:109,109,1,0
9,klinikum-leer-ggmbh,klinikum-leer-ggmbh:111,111,1,0
4,klinikum-leer-ggmbh,klinikum-leer-ggmbh:115,115,2,0
4,klinikum-leer-ggmbh,klinikum-leer-ggmbh:118,118,1,0
4,klinikum-leer-ggmbh,klinikum-leer-ggmbh:120,120,1,0
18,klinikum-leer-ggmbh,klinikum-leer-ggmbh:122,122,1,0
7,klinikum-leer-ggmbh,klinikum-leer-ggmbh:126,126,1,0
12,klinikum-leer-ggmbh,klinikum-leer-ggmbh:128,128,1,0
14,klinikum-leer-ggmbh,klinikum-leer-ggmbh:131,131,1,0
2,klinikum-leer-ggmbh,klinikum-leer-ggmbh:132,132,1,0
9,klinikum-leer-ggmbh,klinikum-leer-ggmbh:134,134,1,0
5,klinikum-leer-ggmbh,klinikum-leer-ggmbh:136,136,1,0
5,klinikum-leer-ggmbh,klinikum-leer-ggmbh:137,137,1,0
5,klinikum-leer-ggmbh,klinikum-leer-ggmbh:139,139,1,0
4,klinikum-leer-ggmbh,klinikum-leer-ggmbh:142,142,1,0
4,klinikum-leer-ggmbh,klinikum-leer-ggmbh:143,143,1,0
5,klinikum-leer-ggmbh,klinikum-leer-ggmbh:144,144,1,0
1,klinikum-leer-ggmbh,klinikum-leer-ggmbh:145,145,2,0
2,klinikum-leer-ggmbh,klinikum-leer-ggmbh:147,147,1,0
5,klinikum-leer-ggmbh,klinikum-leer-ggmbh:150,150,1,0
10,klinikum-leer-ggmbh,klinikum-leer-ggmbh:151,151,1,0
10,klinikum-leer-ggmbh,klinikum-leer-ggmbh:152,152,1,0
10,klinikum-leer-ggmbh,klinikum-leer-ggmbh:155,155,1,0
8,klinikum-leer-ggmbh,klinikum-leer-ggmbh:156,156,1,0
1,klinikum-leer-ggmbh,klinikum-leer-ggmbh:157,157,1,0
10,klinikum-leer-ggmbh,klinikum-leer-ggmbh:158,158,1,0
10,klinikum-leer-ggmbh,klinikum-leer-ggmbh:161,161,1,0
4,klinikum-leer-ggmbh,klinikum-leer-ggmbh:162,162,1,0
5,klinikum-leer-ggmbh,klinikum-leer-ggmbh:163,163,1,0
8,klinikum-leer-ggmbh,klinikum-leer-ggmbh:170,170,1,0
3,klinikum-leer-ggmbh,klinikum-leer-ggmbh:171,171,1,0
1,klinikum-leer-ggmbh,klinikum-leer-ggmbh:173,173,1,0
13,klinikum-leer-ggmbh,klinikum-leer-ggmbh:175,175,1,0
5,klinikum-leer-ggmbh,klinikum-leer-ggmbh:177,177,2,0
9,klinikum-leer-ggmbh,klinikum-leer-ggmbh:178,178,1,0
3,klinikum-leer-ggmbh,klinikum-leer-ggmbh:181,181,2,1
13,klinikum-leer-ggmbh,klinikum-leer-ggmbh:182,182,1,0
10,klinikum-leer-ggmbh,klinikum-leer-ggmbh:183,183,1,0
6,klinikum-leer-ggmbh,klinikum-leer-ggmbh:184,184,1,0
6,klinikum-leer-ggmbh,klinikum-leer-ggmbh:185,185,1,0
11,klinikum-leer-ggmbh,klinikum-leer-ggmbh:188,188,1,0
7,klinikum-leer-ggmbh,klinikum-leer-ggmbh:192,192,1,0
8,klinikum-leer-ggmbh,klinikum-leer-ggmbh:193,193,1,0
11,klinikum-leer-ggmbh,klinikum-leer-ggmbh:194,194,1,0
5,klinikum-leer-ggmbh,klinikum-leer-ggmbh:196,196,1,0
1,klinikum-leer-ggmbh,klinikum-leer-ggmbh:198,198,1,0
10,klinikum-leer-ggmbh,klinikum-leer-ggmbh:202,202,1,0
10,klinikum-leer-ggmbh,klinikum-leer-ggmbh:204,204,1,0
0,klinikum-leer-ggmbh,klinikum-leer-ggmbh:207,207,1,0
12,klinikum-leer-ggmbh,klinikum-leer-ggmbh:209,209,1,0
18,klinikum-leer-ggmbh,klinikum-leer-ggmbh:212,212,1,0
12,klinikum-leer-ggmbh,klinikum-leer-ggmbh:213,213,1,0
10,klinikum-leer-ggmbh,klinikum-leer-ggmbh:215,215,1,0
9,klinikum-leer-ggmbh,klinikum-leer-ggmbh:217,217,1,0
13,klinikum-leer-ggmbh,klinikum-leer-ggmbh:218,218,1,0
9,klinikum-leer-ggmbh,klinikum-leer-ggmbh:219,219,2,0
8,klinikum-leer-ggmbh,klinikum-leer-ggmbh:227,227,1,0
0,klinikum-leer-ggmbh,klinikum-leer-ggmbh:228,228,1,0
0,klinikum-leer-ggmbh,klinikum-leer-ggmbh:229,229,2,0
8,klinikum-leer-ggmbh,klinikum-leer-ggmbh:230,230,1,0
1,klinikum-leer-ggmbh,klinikum-leer-ggmbh:231,231,1,0
7,klinikum-leer-ggmbh,klinikum-leer-ggmbh:232,232,1,1
1,klinikum-leer-ggmbh,klinikum-leer-ggmbh:233,233,1,0
12,klinikum-leer-ggmbh,klinikum-leer-ggmbh:234,234,1,0
2,klinikum-leer-ggmbh,klinikum-leer-ggmbh:235,235,1,0
11,klinikum-leer-ggmbh,klinikum-leer-ggmbh:237,237,1,0
5,klinikum-leer-ggmbh,klinikum-leer-ggmbh:238,238,1,0
6,klinikum-leer-ggmbh,klinikum-leer-ggmbh:241,241,2,0
6,klinikum-leer-ggmbh,klinikum-leer-ggmbh:242,242,1,0
8,klinikum-leer-ggmbh,klinikum-leer-ggmbh:245,245,1,0
0,klinikum-leer-ggmbh,klinikum-leer-ggmbh:246,246,2,0
10,klinikum-leer-ggmbh,klinikum-leer-ggmbh:247,247,2,0
8,klinikum-leer-ggmbh,klinikum-leer-ggmbh:248,248,1,0
13,klinikum-leer-ggmbh,klinikum-leer-ggmbh:249,249,1,0
6,klinikum-leer-ggmbh,klinikum-leer-ggmbh:255,255,1,0
8,klinikum-leer-ggmbh,klinikum-leer-ggmbh:257,257,1,0
13,klinikum-leer-ggmbh,klinikum-leer-ggmbh:260,260,2,0
5,klinikum-leer-ggmbh,klinikum-leer-ggmbh:262,262,2,0
3,klinikum-leer-ggmbh,klinikum-leer-ggmbh:263,263,1,0
13,klinikum-leer-ggmbh,klinikum-leer-ggmbh:265,265,1,0
7,klinikum-leer-ggmbh,klinikum-leer-ggmbh:266,266,1,0
1,klinikum-leer-ggmbh,klinikum-leer-ggmbh:268,268,1,0
3,klinikum-leer-ggmbh,klinikum-leer-ggmbh:270,270,1,0
7,klinikum-leer-ggmbh,klinikum-leer-ggmbh:271,271,1,0
13,klinikum-leer-ggmbh,klinikum-leer-ggmbh:272,272,1,0
3,klinikum-leer-ggmbh,klinikum-leer-ggmbh:273,273,1,0
6,klinikum-leer-ggmbh,klinikum-leer-ggmbh:274,274,1,0
8,klinikum-leer-ggmbh,klinikum-leer-ggmbh:275,275,1,0
4,klinikum-leer-ggmbh,klinikum-leer-ggmbh:276,276,2,0
7,klinikum-leer-ggmbh,klinikum-leer-ggmbh:277,277,1,0
4,klinikum-leer-ggmbh,klinikum-leer-ggmbh:278,278,1,0
2,klinikum-leer-ggmbh,klinikum-leer-ggmbh:279,279,1,0
4,klinikum-leer-ggmbh,klinikum-leer-ggmbh:281,281,1,0
14,klinikum-leer-ggmbh,klinikum-leer-ggmbh:284,284,1,0
1,klinikum-leer-ggmbh,klinikum-leer-ggmbh:286,286,1,0
2,klinikum-leer-ggmbh,klinikum-leer-ggmbh:288,288,1,0
7,klinikum-leer-ggmbh,klinikum-leer-ggmbh:289,289,1,0
7,klinikum-leer-ggmbh,klinikum-leer-ggmbh:290,290,1,0
5,klinikum-leer-ggmbh,klinikum-leer-ggmbh:291,291,1,0
9,klinikum-leer-ggmbh,klinikum-leer-ggmbh:297,297,1,0
3,klinikum-leer-ggmbh,klinikum-leer-ggmbh:300,300,2,0
5,klinikum-leer-ggmbh,klinikum-leer-ggmbh:304,304,2,0
3,klinikum-leer-ggmbh,klinikum-leer-ggmbh:307,307,1,0
3,klinikum-leer-ggmbh,klinikum-leer-ggmbh:308,308,1,0
8,klinikum-leer-ggmbh,klinikum-leer-ggmbh:309,309,1,0
2,klinikum-leer-ggmbh,klinikum-leer-ggmbh:311,311,1,0
1,klinikum-leer-ggmbh,klinikum-leer-ggmbh:312,312,1,0
11,klinikum-leer-ggmbh,klinikum-leer-ggmbh:313,313,1,1
7,klinikum-leer-ggmbh,klinikum-leer-ggmbh:315,315,1,0
2,klinikum-leer-ggmbh,klinikum-leer-ggmbh:316,316,1,0
1,klinikum-leer-ggmbh,klinikum-leer-ggmbh:318,318,1,0
9,klinikum-leer-ggmbh,klinikum-leer-ggmbh:323,323,1,0
9,klinikum-leer-ggmbh,klinikum-leer-ggmbh:324,324,1,0
3,klinikum-leer-ggmbh,klinikum-leer-ggmbh:332,332,1,0
0,klinikum-leer-ggmbh,klinikum-leer-ggmbh:333,333,2,1
4,klinikum-leer-ggmbh,klinikum-leer-ggmbh:340,340,1,0
5,klinikum-leer-ggmbh,klinikum-leer-ggmbh:341,341,1,0
8,klinikum-leer-ggmbh,klinikum-leer-ggmbh:344,344,1,0
4,klinikum-leer-ggmbh,klinikum-leer-ggmbh:345,345,2,0
4,klinikum-leer-ggmbh,klinikum-leer-ggmbh:346,346,1,0
6,klinikum-leer-ggmbh,klinikum-leer-ggmbh:348,348,1,0
9,klinikum-leer-ggmbh,klinikum-leer-ggmbh:352,352,1,0
10,klinikum-leer-ggmbh,klinikum-leer-ggmbh:354,354,1,0
1,klinikum-leer-ggmbh,klinikum-leer-ggmbh:355,355,2,0
2,klinikum-leer-ggmbh,klinikum-leer-ggmbh:357,357,1,0
6,klinikum-leer-ggmbh,klinikum-leer-ggmbh:358,358,1,0
0,klinikum-leer-ggmbh,klinikum-leer-ggmbh:362,362,1,0
4,klinikum-leer-ggmbh,klinikum-leer-ggmbh:363,363,1,0
0,klinikum-leer-ggmbh,klinikum-leer-ggmbh:364,364,1,0
7,klinikum-leer-ggmbh,klinikum-leer-ggmbh:366,366,1,0
6,klinikum-leer-ggmbh,klinikum-leer-ggmbh:367,367,1,0
2,klinikum-leer-ggmbh,klinikum-leer-ggmbh:368,368,1,0
1,klinikum-leer-ggmbh,klinikum-leer-ggmbh:369,369,1,0
2,klinikum-leer-ggmbh,klinikum-leer-ggmbh:372,372,2,0
1,klinikum-leer-ggmbh,klinikum-leer-ggmbh:374,374,1,0
5,klinikum-leer-ggmbh,klinikum-leer-ggmbh:375,375,1,0
1,klinikum-leer-ggmbh,klinikum-leer-ggmbh:376,376,1,0
10,klinikum-leer-ggmbh,klinikum-leer-ggmbh:381,381,1,0
2,klinikum-leer-ggmbh,klinikum-leer-ggmbh:382,382,1,0
5,klinikum-leer-ggmbh,klinikum-leer-ggmbh:383,383,1,0
1,klinikum-leer-ggmbh,klinikum-leer-ggmbh:385,385,1,0
2,klinikum-leer-ggmbh,klinikum-leer-ggmbh:387,387,1,0
6,klinikum-leer-ggmbh,klinikum-leer-ggmbh:388,388,1,0
0,klinikum-leer-ggmbh,klinikum-leer-ggmbh:389,389,1,0
3,klinikum-leer-ggmbh,klinikum-leer-ggmbh:393,393,2,0
2,klinikum-leer-ggmbh,klinikum-leer-ggmbh:396,396,1,0
5,klinikum-leer-ggmbh,klinikum-leer-ggmbh:397,397,1,0
6,klinikum-leer-ggmbh,klinikum-leer-ggmbh:399,399,1,0
1,klinikum-leer-ggmbh,klinikum-leer-ggmbh:404,404,1,0
8,klinikum-leer-ggmbh,klinikum-leer-ggmbh:405,405,1,0
7,klinikum-leer-ggmbh,klinikum-leer-ggmbh:408,408,1,0
1,klinikum-leer-ggmbh,klinikum-leer-ggmbh:409,409,1,0
4,klinikum-leer-ggmbh,klinikum-leer-ggmbh:412,412,1,1
3,klinikum-leer-ggmbh,klinikum-leer-ggmbh:413,413,1,0
3,klinikum-leer-ggmbh,klinikum-leer-ggmbh:416,416,2,0
2,klinikum-leer-ggmbh,klinikum-leer-ggmbh:417,417,1,0
9,klinikum-leer-ggmbh,klinikum-leer-ggmbh:419,419,1,0
1,klinikum-leer-ggmbh,klinikum-leer-ggmbh:421,421,1,0
5,klinikum-leer-ggmbh,klinikum-leer-ggmbh:422,422,1,0
1,klinikum-leer-ggmbh,klinikum-leer-ggmbh:425,425,1,0
4,klinikum-leer-ggmbh,klinikum-leer-ggmbh:429,429,1,0
1,klinikum-leer-ggmbh,klinikum-leer-ggmbh:432,432,1,0
3,klinikum-leer-ggmbh,klinikum-leer-ggmbh:435,435,1,0
4,klinikum-leer-ggmbh,klinikum-leer-ggmbh:436,436,2,0
1,klinikum-leer-ggmbh,klinikum-leer-ggmbh:439,439,1,0
6,klinikum-leer-ggmbh,klinikum-leer-ggmbh:440,440,1,0
1,klinikum-leer-ggmbh,klinikum-leer-ggmbh:442,442,1,0
2,klinikum-leer-ggmbh,klinikum-leer-ggmbh:445,445,1,0
1,klinikum-leer-ggmbh,klinikum-leer-ggmbh:446,446,1,0
4,klinikum-leer-ggmbh,klinikum-leer-ggmbh:448,448,1,0
0,klinikum-leer-ggmbh,klinikum-leer-ggmbh:449,449,1,0
0,klinikum-leer-ggmbh,klinikum-leer-ggmbh:452,452,1,0
0,klinikum-leer-ggmbh,klinikum-leer-ggmbh:455,455,1,0
0,klinikum-leer-ggmbh,klinikum-leer-ggmbh:457,457,1,0
0,klinikum-leer-ggmbh,klinikum-leer-ggmbh:458,458,1,0
0,klinikum-leer-ggmbh,klinikum-leer-ggmbh:465,465,1,0
4,klinikum-leer-ggmbh,klinikum-leer-ggmbh:472,472,1,0
8,klinikum-leer-ggmbh,klinikum-leer-ggmbh:477,477,1,0
0,klinikum-osnabrueck,klinikum-osnabrueck:3,3,1,0
1,klinikum-osnabrueck,klinikum-osnabrueck:5,5,1,0
0,klinikum-osnabrueck,klinikum-osnabrueck:6,6,1,0
0,klinikum-osnabrueck,klinikum-osnabrueck:7,7,2,0
0,klinikum-osnabrueck,klinikum-osnabrueck:13,13,1,0
0,klinikum-osnabrueck,klinikum-osnabrueck:15,15,1,0
0,klinikum-osnabrueck,klinikum-osnabrueck:21,21,2,0
1,klinikum-osnabrueck,klinikum-osnabrueck:22,22,2,0
0,klinikum-osnabrueck,klinikum-osnabrueck:26,26,1,0
0,klinikum-osnabrueck,klinikum-osnabrueck:27,27,2,0
0,klinikum-osnabrueck,klinikum-osnabrueck:28,28,2,0
0,klinikum-osnabrueck,klinikum-osnabrueck:30,30,1,1
0,klinikum-osnabrueck,klinikum-osnabrueck:32,32,2,0
0,klinikum-osnabrueck,klinikum-osnabrueck:38,38,1,0
0,klinikum-osnabrueck,klinikum-osnabrueck:39,39,1,0
0,klinikum-osnabrueck,klinikum-osnabrueck:40,40,2,0
0,klinikum-osnabrueck,klinikum-osnabrueck:45,45,1,0
0,klinikum-osnabrueck,klinikum-osnabrueck:47,47,1,0
0,klinikum-osnabrueck,klinikum-osnabrueck:49,49,1,0
0,klinikum-osnabrueck,klinikum-osnabrueck:53,53,1,0
18,klinikum-osnabrueck,klinikum-osnabrueck:55,55,1,0
0,klinikum-osnabrueck,klinikum-osnabrueck:56,56,1,0
0,klinikum-osnabrueck,klinikum-osnabrueck:61,61,2,0
12,klinikum-osnabrueck,klinikum-osnabrueck:65,65,2,0
0,klinikum-osnabrueck,klinikum-osnabrueck:67,67,2,0
0,klinikum-osnabrueck,klinikum-osnabrueck:72,72,1,0
0,klinikum-osnabrueck,klinikum-osnabrueck:73,73,1,0
0,klinikum-osnabrueck,klinikum-osnabrueck:75,75,2,0
0,klinikum-osnabrueck,klinikum-osnabrueck:76,76,1,0
2,klinikum-osnabrueck,klinikum-osnabrueck:77,77,1,0
0,klinikum-osnabrueck,klinikum-osnabrueck:78,78,1,0
0,klinikum-osnabrueck,klinikum-osnabrueck:80,80,1,0
20,klinikum-osnabrueck,klinikum-osnabrueck:81,81,1,0
0,klinikum-osnabrueck,klinikum-osnabrueck:84,84,2,0
0,klinikum-osnabrueck,klinikum-osnabrueck:86,86,1,0
0,klinikum-osnabrueck,klinikum-osnabrueck:87,87,1,0
0,klinikum-osnabrueck,klinikum-osnabrueck:88,88,1,0
0,klinikum-osnabrueck,klinikum-osnabrueck:89,89,1,0
1,klinikum-osnabrueck,klinikum-osnabrueck:92,92,1,0
2,klinikum-osnabrueck,klinikum-osnabrueck:94,94,1,0
2,klinikum-osnabrueck,klinikum-osnabrueck:97,97,2,0
0,klinikum-osnabrueck,klinikum-osnabrueck:99,99,2,0
4,klinikum-osnabrueck,klinikum-osnabrueck:100,100,1,0
6,klinikum-osnabrueck,klinikum-osnabrueck:101,101,1,0
4,klinikum-osnabrueck,klinikum-osnabrueck:102,102,1,0
0,klinikum-osnabrueck,klinikum-osnabrueck:106,106,1,0
6,klinikum-osnabrueck,klinikum-osnabrueck:107,107,1,0
8,klinikum-osnabrueck,klinikum-osnabrueck:108,108,1,0
8,klinikum-osnabrueck,klinikum-osnabrueck:109,109,1,0
5,klinikum-osnabrueck,klinikum-osnabrueck:110,110,1,0
0,klinikum-osnabrueck,klinikum-osnabrueck:112,112,2,0
25,klinikum-osnabrueck,klinikum-osnabrueck:115,115,1,0
16,klinikum-osnabrueck,klinikum-osnabrueck:117,117,1,0
6,klinikum-osnabrueck,klinikum-osnabrueck:119,119,1,0
0,klinikum-osnabrueck,klinikum-osnabrueck:123,123,2,0
1,klinikum-osnabrueck,klinikum-osnabrueck:125,125,1,0
3,klinikum-osnabrueck,klinikum-osnabrueck:128,128,1,0
10,klinikum-osnabrueck,klinikum-osnabrueck:129,129,1,0
0,klinikum-osnabrueck,klinikum-osnabrueck:130,130,2,0
18,klinikum-osnabrueck,klinikum-osnabrueck:131,131,1,0
9,klinikum-osnabrueck,klinikum-osnabrueck:133,133,1,0
0,klinikum-osnabrueck,klinikum-osnabrueck:134,134,1,0
9,klinikum-osnabrueck,klinikum-osnabrueck:136,136,2,0
19,klinikum-osnabrueck,klinikum-osnabrueck:138,138,1,0
13,klinikum-osnabrueck,klinikum-osnabrueck:142,142,1,0
11,klinikum-osnabrueck,klinikum-osnabrueck:146,146,1,0
13,klinikum-osnabrueck,klinikum-osnabrueck:150,150,1,0
6,klinikum-osnabrueck,klinikum-osnabrueck:154,154,1,0
8,klinikum-osnabrueck,klinikum-osnabrueck:156,156,1,0
0,klinikum-osnabrueck,klinikum-osnabrueck:159,159,1,0
1,klinikum-osnabrueck,klinikum-osnabrueck:163,163,1,0
11,klinikum-osnabrueck,klinikum-osnabrueck:167,167,1,0
20,klinikum-osnabrueck,klinikum-osnabrueck:168,168,1,0
8,klinikum-osnabrueck,klinikum-osnabrueck:169,169,1,0
11,klinikum-osnabrueck,klinikum-osnabrueck:170,170,1,0
5,klinikum-osnabrueck,klinikum-osnabrueck:171,171,1,0
7,klinikum-osnabrueck,klinikum-osnabrueck:172,172,1,0
12,klinikum-osnabrueck,klinikum-osnabrueck:173,173,2,0
23,klinikum-osnabrueck,klinikum-osnabrueck:176,176,1,0
1,klinikum-osnabrueck,klinikum-osnabrueck:180,180,1,0
5,klinikum-osnabrueck,klinikum-osnabrueck:182,182,2,0
5,klinikum-osnabrueck,klinikum-osnabrueck:187,187,1,0
15,klinikum-osnabrueck,klinikum-osnabrueck:189,189,1,0
9,klinikum-osnabrueck,klinikum-osnabrueck:192,192,1,0
12,klinikum-osnabrueck,klinikum-osnabrueck:195,195,1,0
5,klinikum-osnabrueck,klinikum-osnabrueck:196,196,2,0
13,klinikum-osnabrueck,klinikum-osnabrueck:197,197,1,0
5,klinikum-osnabrueck,klinikum-osnabrueck:199,199,1,0
8,klinikum-osnabrueck,klinikum-osnabrueck:200,200,2,0
8,klinikum-osnabrueck,klinikum-osnabrueck:202,202,1,0
14,klinikum-osnabrueck,klinikum-osnabrueck:205,205,1,0
4,klinikum-osnabrueck,klinikum-osnabrueck:207,207,1,0
19,klinikum-osnabrueck,klinikum-osnabrueck:209,209,1,0
4,klinikum-osnabrueck,klinikum-osnabrueck:213,213,1,0
13,klinikum-osnabrueck,klinikum-osnabrueck:217,217,1,0
3,klinikum-osnabrueck,klinikum-osnabrueck:218,218,1,0
18,klinikum-osnabrueck,klinikum-osnabrueck:219,219,1,0
5,klinikum-osnabrueck,klinikum-osnabrueck:220,220,1,0
7,klinikum-osnabrueck,klinikum-osnabrueck:223,223,1,0
8,klinikum-osnabrueck,klinikum-osnabrueck:224,224,1,0
6,klinikum-osnabrueck,klinikum-osnabrueck:225,225,1,0
15,klinikum-osnabrueck,klinikum-osnabrueck:226,226,1,0
9,klinikum-osnabrueck,klinikum-osnabrueck:227,227,1,0
11,klinikum-osnabrueck,klinikum-osnabrueck:228,228,1,0
0,klinikum-osnabrueck,klinikum-osnabrueck:229,229,1,0
8,klinikum-osnabrueck,klinikum-osnabrueck:230,230,1,0
2,klinikum-osnabrueck,klinikum-osnabrueck:232,232,2,0
10,klinikum-osnabrueck,klinikum-osnabrueck:233,233,1,0
4,klinikum-osnabrueck,klinikum-osnabrueck:234,234,1,0
6,klinikum-osnabrueck,klinikum-osnabrueck:236,236,1,0
12,klinikum-osnabrueck,klinikum-osnabrueck:238,238,1,0
8,klinikum-osnabrueck,klinikum-osnabrueck:239,239,1,0
0,klinikum-osnabrueck,klinikum-osnabrueck:240,240,1,0
9,klinikum-osnabrueck,klinikum-osnabrueck:241,241,1,0
2,klinikum-osnabrueck,klinikum-osnabrueck:242,242,1,0
3,klinikum-osnabrueck,klinikum-osnabrueck:243,243,1,0
0,klinikum-osnabrueck,klinikum-osnabrueck:244,244,1,0
7,klinikum-osnabrueck,klinikum-osnabrueck:245,245,1,0
10,klinikum-osnabrueck,klinikum-osnabrueck:246,246,1,0
3,klinikum-osnabrueck,klinikum-osnabrueck:250,250,2,0
21,klinikum-osnabrueck,klinikum-osnabrueck:251,251,1,0
4,klinikum-osnabrueck,klinikum-osnabrueck:255,255,1,0
22,klinikum-osnabrueck,klinikum-osnabrueck:258,258,1,0
8,klinikum-osnabrueck,klinikum-osnabrueck:259,259,1,0
16,klinikum-osnabrueck,klinikum-osnabrueck:261,261,1,0
7,klinikum-osnabrueck,klinikum-osnabrueck:262,262,2,0
10,klinikum-osnabrueck,klinikum-osnabrueck:266,266,1,0
6,klinikum-osnabrueck,klinikum-osnabrueck:267,267,2,0
10,klinikum-osnabrueck,klinikum-osnabrueck:268,268,1,0
8,klinikum-osnabrueck,klinikum-osnabrueck:271,271,1,0
12,klinikum-osnabrueck,klinikum-osnabrueck:272,272,1,0
4,klinikum-osnabrueck,klinikum-osnabrueck:274,274,2,0
1,klinikum-osnabrueck,klinikum-osnabrueck:275,275,1,0
14,klinikum-osnabrueck,klinikum-osnabrueck:276,276,1,0
9,klinikum-osnabrueck,klinikum-osnabrueck:278,278,1,0
9,klinikum-osnabrueck,klinikum-osnabrueck:282,282,1,0
11,klinikum-osnabrueck,klinikum-osnabrueck:283,283,1,0
4,klinikum-osnabrueck,klinikum-osnabrueck:286,286,1,0
18,klinikum-osnabrueck,klinikum-osnabrueck:287,287,1,0
6,klinikum-osnabrueck,klinikum-osnabrueck:293,293,1,0
5,klinikum-osnabrueck,klinikum-osnabrueck:295,295,1,0
16,klinikum-osnabrueck,klinikum-osnabrueck:297,297,1,0
9,klinikum-osnabrueck,klinikum-osnabrueck:299,299,1,0
5,klinikum-osnabrueck,klinikum-osnabrueck:300,300,1,0
5,klinikum-osnabrueck,klinikum-osnabrueck:301,301,1,0
1,klinikum-osnabrueck,klinikum-osnabrueck:305,305,1,0
3,klinikum-osnabrueck,klinikum-osnabrueck:306,306,1,0
4,klinikum-osnabrueck,klinikum-osnabrueck:307,307,1,0
18,klinikum-osnabrueck,klinikum-osnabrueck:308,308,1,0
7,klinikum-osnabrueck,klinikum-osnabrueck:310,310,1,0
4,klinikum-osnabrueck,klinikum-osnabrueck:312,312,1,0
12,klinikum-osnabrueck,klinikum-osnabrueck:314,314,1,0
4,klinikum-osnabrueck,klinikum-osnabrueck:315,315,1,0
4,klinikum-osnabrueck,klinikum-osnabrueck:317,317,1,0
8,klinikum-osnabrueck,klinikum-osnabrueck:319,319,1,0
10,klinikum-osnabrueck,klinikum-osnabrueck:323,323,1,0
2,klinikum-osnabrueck,klinikum-osnabrueck:324,324,1,0
4,klinikum-osnabrueck,klinikum-osnabrueck:326,326,1,0
3,klinikum-osnabrueck,klinikum-osnabrueck:327,327,2,0
6,klinikum-osnabrueck,klinikum-osnabrueck:328,328,2,0
9,klinikum-osnabrueck,klinikum-osnabrueck:330,330,1,0
14,klinikum-osnabrueck,klinikum-osnabrueck:332,332,1,0
4,klinikum-osnabrueck,klinikum-osnabrueck:336,336,1,0
4,klinikum-osnabrueck,klinikum-osnabrueck:337,337,1,0
12,klinikum-osnabrueck,klinikum-osnabrueck:338,338,1,0
4,klinikum-osnabrueck,klinikum-osnabrueck:343,343,1,0
4,klinikum-osnabrueck,klinikum-osnabrueck:347,347,1,0
5,klinikum-osnabrueck,klinikum-osnabrueck:348,348,1,0
8,klinikum-osnabrueck,klinikum-osnabrueck:355,355,1,0
7,klinikum-osnabrueck,klinikum-osnabrueck:356,356,1,0
2,klinikum-osnabrueck,klinikum-osnabrueck:358,358,1,0
7,klinikum-osnabrueck,klinikum-osnabrueck:359,359,1,0
6,klinikum-osnabrueck,klinikum-osnabrueck:360,360,1,0
2,klinikum-osnabrueck,klinikum-osnabrueck:362,362,2,0
11,klinikum-osnabrueck,klinikum-osnabrueck:363,363,1,0
13,klinikum-osnabrueck,klinikum-osnabrueck:365,365,1,0
1,klinikum-osnabrueck,klinikum-osnabrueck:367,367,1,0
5,klinikum-osnabrueck,klinikum-osnabrueck:376,376,1,0
9,klinikum-osnabrueck,klinikum-osnabrueck:379,379,2,0
10,klinikum-osnabrueck,klinikum-osnabrueck:383,383,1,0
7,klinikum-osnabrueck,klinikum-osnabrueck:385,385,1,0
10,klinikum-osnabrueck,klinikum-osnabrueck:386,386,1,0
3,klinikum-osnabrueck,klinikum-osnabrueck:387,387,1,0
7,klinikum-osnabrueck,klinikum-osnabrueck:388,388,1,0
4,klinikum-osnabrueck,klinikum-osnabrueck:396,396,1,0
4,klinikum-osnabrueck,klinikum-osnabrueck:397,397,1,0
5,klinikum-osnabrueck,klinikum-osnabrueck:398,398,1,0
3,klinikum-osnabrueck,klinikum-osnabrueck:399,399,1,0
5,klinikum-osnabrueck,klinikum-osnabrueck:400,400,1,0
2,klinikum-osnabrueck,klinikum-osnabrueck:402,402,1,0
2,klinikum-osnabrueck,klinikum-osnabrueck:403,403,1,0
4,klinikum-osnabrueck,klinikum-osnabrueck:408,408,1,0
8,klinikum-osnabrueck,klinikum-osnabrueck:416,416,1,0
1,klinikum-osnabrueck,klinikum-osnabrueck:418,418,1,0
2,klinikum-osnabrueck,klinikum-osnabrueck:421,421,1,0
5,klinikum-osnabrueck,klinikum-osnabrueck:422,422,1,0
1,klinikum-osnabrueck,klinikum-osnabrueck:423,423,1,0
2,klinikum-osnabrueck,klinikum-osnabrueck:425,425,1,0
0,klinikum-osnabrueck,klinikum-osnabrueck:427,427,1,0
5,klinikum-osnabrueck,klinikum-osnabrueck:430,430,1,0
1,klinikum-osnabrueck,klinikum-osnabrueck:431,431,2,0
5,klinikum-osnabrueck,klinikum-osnabrueck:433,433,1,0
4,klinikum-osnabrueck,klinikum-osnabrueck:435,435,1,0
6,klinikum-osnabrueck,klinikum-osnabrueck:436,436,1,0
4,klinikum-osnabrueck,klinikum-osnabrueck:438,438,1,0
2,klinikum-osnabrueck,klinikum-osnabrueck:445,445,1,0
0,klinikum-osnabrueck,klinikum-osnabrueck:453,453,1,0
1,klinikum-osnabrueck,klinikum-osnabrueck:457,457,2,0
1,klinikum-osnabrueck,klinikum-osnabrueck:458,458,1,0
4,klinikum-osnabrueck,klinikum-osnabrueck:459,459,1,0
9,klinikum-osnabrueck,klinikum-osnabrueck:465,465,1,0
3,klinikum-osnabrueck,klinikum-osnabrueck:467,467,1,0
0,klinikum-osnabrueck,klinikum-osnabrueck:468,468,1,0
4,klinikum-osnabrueck,klinikum-osnabrueck:470,470,1,0
4,klinikum-osnabrueck,klinikum-osnabrueck:472,472,2,0
0,klinikum-osnabrueck,klinikum-osnabrueck:473,473,1,0
3,klinikum-osnabrueck,klinikum-osnabrueck:478,478,1,0
3,klinikum-osnabrueck,klinikum-osnabrueck:481,481,1,0
1,klinikum-osnabrueck,klinikum-osnabrueck:483,483,1,0
0,klinikum-osnabrueck,klinikum-osnabrueck:487,487,1,0
3,klinikum-osnabrueck,klinikum-osnabrueck:493,493,1,0
0,klinikum-osnabrueck,klinikum-osnabrueck:494,494,2,1
3,klinikum-osnabrueck,klinikum-osnabrueck:495,495,1,0
4,klinikum-osnabrueck,klinikum-osnabrueck:496,496,1,0
5,klinikum-osnabrueck,klinikum-osnabrueck:497,497,1,0
4,klinikum-osnabrueck,klinikum-osnabrueck:500,500,1,0
1,klinikum-osnabrueck,klinikum-osnabrueck:502,502,1,0
2,klinikum-osnabrueck,klinikum-osnabrueck:504,504,2,0
3,klinikum-osnabrueck,klinikum-osnabrueck:509,509,1,0
4,klinikum-osnabrueck,klinikum-osnabrueck:510,510,1,0
2,klinikum-osnabrueck,klinikum-osnabrueck:511,511,1,0
10,klinikum-osnabrueck,klinikum-osnabrueck:512,512,1,0
4,klinikum-osnabrueck,klinikum-osnabrueck:514,514,1,0
3,klinikum-osnabrueck,klinikum-osnabrueck:515,515,1,0
5,klinikum-osnabrueck,klinikum-osnabrueck:520,520,1,0
0,klinikum-osnabrueck,klinikum-osnabrueck:521,521,1,0
24,klinikum-osnabrueck,klinikum-osnabrueck:525,525,1,0
0,klinikum-osnabrueck,klinikum-osnabrueck:526,526,1,0
1,klinikum-osnabrueck,klinikum-osnabrueck:529,529,1,0
2,klinikum-osnabrueck,klinikum-osnabrueck:530,530,1,0
14,klinikum-osnabrueck,klinikum-osnabrueck:531,531,1,0
1,klinikum-osnabrueck,klinikum-osnabrueck:532,532,2,0
0,klinikum-osnabrueck,klinikum-osnabrueck:535,535,1,0
3,klinikum-osnabrueck,klinikum-osnabrueck:536,536,1,0
0,klinikum-osnabrueck,klinikum-osnabrueck:544,544,1,0
1,klinikum-osnabrueck,klinikum-osnabrueck:545,545,1,0
1,klinikum-osnabrueck,klinikum-osnabrueck:547,547,1,0
0,klinikum-osnabrueck,klinikum-osnabrueck:550,550,2,0
0,klinikum-osnabrueck,klinikum-osnabrueck:553,553,1,0
1,klinikum-osnabrueck,klinikum-osnabrueck:557,557,1,0
4,klinikum-osnabrueck,klinikum-osnabrueck:560,560,1,0
0,klinikum-osnabrueck,klinikum-osnabrueck:567,567,2,0
2,klinikum-osnabrueck,klinikum-osnabrueck:572,572,1,0
2,klinikum-osnabrueck,klinikum-osnabrueck:584,584,1,0
0,klinikum-osnabrueck,klinikum-osnabrueck:586,586,1,0
0,klinikum-osnabrueck,klinikum-osnabrueck:587,587,1,0
0,klinikum-osnabrueck,klinikum-osnabrueck:588,588,1,0
0,klinikum-osnabrueck,klinikum-osnabrueck:589,589,1,0
0,klinikum-osnabrueck,klinikum-osnabrueck:593,593,1,0
0,klinikum-osnabrueck,klinikum-osnabrueck:595,595,1,0
0,klinikum-osnabrueck,klinikum-osnabrueck:599,599,1,0
0,klinikum-osnabrueck,klinikum-osnabrueck:600,600,1,0
0,klinikum-osnabrueck,klinikum-osnabrueck:603,603,1,0
0,klinikum-osnabrueck,klinikum-osnabrueck:605,605,1,0
0,klinikum-osnabrueck,klinikum-osnabrueck:606,606,1,0
0,klinikum-wahrendorff-gmbh,klinikum-wahrendorff-gmbh:1,1,1,0
29,klinikum-wahrendorff-gmbh,klinikum-wahrendorff-gmbh:2,2,1,0
24,klinikum-wahrendorff-gmbh,klinikum-wahrendorff-gmbh:4,4,1,0
7,klinikum-wahrendorff-gmbh,klinikum-wahrendorff-gmbh:8,8,1,0
8,klinikum-wahrendorff-gmbh,klinikum-wahrendorff-gmbh:11,11,1,0
14,klinikum-wahrendorff-gmbh,klinikum-wahrendorff-gmbh:12,12,1,0
0,klinikum-wilhelmshaven-ggmbh,klinikum-wilhelmshaven-ggmbh:1,1,1,0
0,klinikum-wilhelmshaven-ggmbh,klinikum-wilhelmshaven-ggmbh:4,4,2,0
0,klinikum-wilhelmshaven-ggmbh,klinikum-wilhelmshaven-ggmbh:8,8,1,0
0,klinikum-wilhelmshaven-ggmbh,klinikum-wilhelmshaven-ggmbh:9,9,1,0
0,klinikum-wilhelmshaven-ggmbh,klinikum-wilhelmshaven-ggmbh:11,11,1,0
0,klinikum-wilhelmshaven-ggmbh,klinikum-wilhelmshaven-ggmbh:12,12,1,0
0,klinikum-wilhelmshaven-ggmbh,klinikum-wilhelmshaven-ggmbh:13,13,1,0
0,klinikum-wilhelmshaven-ggmbh,klinikum-wilhelmshaven-ggmbh:14,14,1,0
0,klinikum-wilhelmshaven-ggmbh,klinikum-wilhelmshaven-ggmbh:15,15,1,0
16,klinikum-wilhelmshaven-ggmbh,klinikum-wilhelmshaven-ggmbh:16,16,2,0
0,klinikum-wilhelmshaven-ggmbh,klinikum-wilhelmshaven-ggmbh:18,18,1,0
0,klinikum-wilhelmshaven-ggmbh,klinikum-wilhelmshaven-ggmbh:21,21,1,0
1,klinikum-wilhelmshaven-ggmbh,klinikum-wilhelmshaven-ggmbh:22,22,1,0
1,klinikum-wilhelmshaven-ggmbh,klinikum-wilhelmshaven-ggmbh:23,23,1,0
28,klinikum-wilhelmshaven-ggmbh,klinikum-wilhelmshaven-ggmbh:25,25,1,0
0,klinikum-wilhelmshaven-ggmbh,klinikum-wilhelmshaven-ggmbh:30,30,1,0
0,klinikum-wilhelmshaven-ggmbh,klinikum-wilhelmshaven-ggmbh:31,31,1,0
1,klinikum-wilhelmshaven-ggmbh,klinikum-wilhelmshaven-ggmbh:32,32,1,0
0,klinikum-wilhelmshaven-ggmbh,klinikum-wilhelmshaven-ggmbh:33,33,1,0
0,klinikum-wilhelmshaven-ggmbh,klinikum-wilhelmshaven-ggmbh:35,35,1,0
1,klinikum-wilhelmshaven-ggmbh,klinikum-wilhelmshaven-ggmbh:38,38,1,0
0,klinikum-wilhelmshaven-ggmbh,klinikum-wilhelmshaven-ggmbh:41,41,1,0
0,klinikum-wilhelmshaven-ggmbh,klinikum-wilhelmshaven-ggmbh:42,42,1,0
0,klinikum-wilhelmshaven-ggmbh,klinikum-wilhelmshaven-ggmbh:44,44,1,0
1,klinikum-wilhelmshaven-ggmbh,klinikum-wilhelmshaven-ggmbh:45,45,1,0
0,klinikum-wilhelmshaven-ggmbh,klinikum-wilhelmshaven-ggmbh:47,47,1,0
0,klinikum-wilhelmshaven-ggmbh,klinikum-wilhelmshaven-ggmbh:49,49,1,0
1,klinikum-wilhelmshaven-ggmbh,klinikum-wilhelmshaven-ggmbh:50,50,1,0
0,klinikum-wilhelmshaven-ggmbh,klinikum-wilhelmshaven-ggmbh:51,51,1,0
0,klinikum-wilhelmshaven-ggmbh,klinikum-wilhelmshaven-ggmbh:54,54,1,0
1,klinikum-wilhelmshaven-ggmbh,klinikum-wilhelmshaven-ggmbh:56,56,2,0
0,klinikum-wilhelmshaven-ggmbh,klinikum-wilhelmshaven-ggmbh:63,63,1,0
6,klinikum-wilhelmshaven-ggmbh,klinikum-wilhelmshaven-ggmbh:66,66,1,0
21,klinikum-wilhelmshaven-ggmbh,klinikum-wilhelmshaven-ggmbh:67,67,1,0
15,klinikum-wilhelmshaven-ggmbh,klinikum-wilhelmshaven-ggmbh:72,72,1,0
3,klinikum-wilhelmshaven-ggmbh,klinikum-wilhelmshaven-ggmbh:74,74,2,0
0,klinikum-wilhelmshaven-ggmbh,klinikum-wilhelmshaven-ggmbh:76,76,1,0
10,klinikum-wilhelmshaven-ggmbh,klinikum-wilhelmshaven-ggmbh:77,77,1,0
9,klinikum-wilhelmshaven-ggmbh,klinikum-wilhelmshaven-ggmbh:79,79,1,0
7,klinikum-wilhelmshaven-ggmbh,klinikum-wilhelmshaven-ggmbh:81,81,1,0
0,klinikum-wilhelmshaven-ggmbh,klinikum-wilhelmshaven-ggmbh:82,82,1,0
13,klinikum-wilhelmshaven-ggmbh,klinikum-wilhelmshaven-ggmbh:84,84,1,0
8,klinikum-wilhelmshaven-ggmbh,klinikum-wilhelmshaven-ggmbh:88,88,1,0
4,klinikum-wilhelmshaven-ggmbh,klinikum-wilhelmshaven-ggmbh:90,90,1,0
6,klinikum-wilhelmshaven-ggmbh,klinikum-wilhelmshaven-ggmbh:91,91,1,0
12,klinikum-wilhelmshaven-ggmbh,klinikum-wilhelmshaven-ggmbh:93,93,1,0
5,klinikum-wilhelmshaven-ggmbh,klinikum-wilhelmshaven-ggmbh:94,94,1,0
0,klinikum-wilhelmshaven-ggmbh,klinikum-wilhelmshaven-ggmbh:95,95,1,0
0,klinikum-wilhelmshaven-ggmbh,klinikum-wilhelmshaven-ggmbh:98,98,1,0
3,klinikum-wilhelmshaven-ggmbh,klinikum-wilhelmshaven-ggmbh:100,100,1,0
12,klinikum-wilhelmshaven-ggmbh,klinikum-wilhelmshaven-ggmbh:101,101,1,0
3,klinikum-wilhelmshaven-ggmbh,klinikum-wilhelmshaven-ggmbh:103,103,2,0
18,klinikum-wilhelmshaven-ggmbh,klinikum-wilhelmshaven-ggmbh:105,105,1,0
0,klinikum-wilhelmshaven-ggmbh,klinikum-wilhelmshaven-ggmbh:107,107,1,0
5,klinikum-wilhelmshaven-ggmbh,klinikum-wilhelmshaven-ggmbh:109,109,1,0
5,klinikum-wilhelmshaven-ggmbh,klinikum-wilhelmshaven-ggmbh:110,110,1,0
9,klinikum-wilhelmshaven-ggmbh,klinikum-wilhelmshaven-ggmbh:113,113,1,0
2,klinikum-wilhelmshaven-ggmbh,klinikum-wilhelmshaven-ggmbh:118,118,1,0
24,klinikum-wilhelmshaven-ggmbh,klinikum-wilhelmshaven-ggmbh:120,120,1,0
0,klinikum-wilhelmshaven-ggmbh,klinikum-wilhelmshaven-ggmbh:121,121,1,0
24,klinikum-wilhelmshaven-ggmbh,klinikum-wilhelmshaven-ggmbh:126,126,1,0
3,klinikum-wilhelmshaven-ggmbh,klinikum-wilhelmshaven-ggmbh:129,129,1,0
6,klinikum-wilhelmshaven-ggmbh,klinikum-wilhelmshaven-ggmbh:131,131,2,0
27,klinikum-wilhelmshaven-ggmbh,klinikum-wilhelmshaven-ggmbh:132,132,1,0
7,klinikum-wilhelmshaven-ggmbh,klinikum-wilhelmshaven-ggmbh:134,134,1,0
6,klinikum-wilhelmshaven-ggmbh,klinikum-wilhelmshaven-ggmbh:136,136,1,0
2,klinikum-wilhelmshaven-ggmbh,klinikum-wilhelmshaven-ggmbh:138,138,1,0
15,klinikum-wilhelmshaven-ggmbh,klinikum-wilhelmshaven-ggmbh:140,140,1,0
18,klinikum-wilhelmshaven-ggmbh,klinikum-wilhelmshaven-ggmbh:141,141,1,0
16,klinikum-wilhelmshaven-ggmbh,klinikum-wilhelmshaven-ggmbh:142,142,1,0
3,klinikum-wilhelmshaven-ggmbh,klinikum-wilhelmshaven-ggmbh:144,144,1,0
10,klinikum-wilhelmshaven-ggmbh,klinikum-wilhelmshaven-ggmbh:146,146,1,0
6,klinikum-wilhelmshaven-ggmbh,klinikum-wilhelmshaven-ggmbh:147,147,1,0
6,klinikum-wilhelmshaven-ggmbh,klinikum-wilhelmshaven-ggmbh:149,149,1,0
8,klinikum-wilhelmshaven-ggmbh,klinikum-wilhelmshaven-ggmbh:150,150,1,0
7,klinikum-wilhelmshaven-ggmbh,klinikum-wilhelmshaven-ggmbh:152,152,2,0
12,klinikum-wilhelmshaven-ggmbh,klinikum-wilhelmshaven-ggmbh:153,153,1,0
16,klinikum-wilhelmshaven-ggmbh,klinikum-wilhelmshaven-ggmbh:154,154,2,0
8,klinikum-wilhelmshaven-ggmbh,klinikum-wilhelmshaven-ggmbh:155,155,1,0
26,klinikum-wilhelmshaven-ggmbh,klinikum-wilhelmshaven-ggmbh:157,157,1,0
23,klinikum-wilhelmshaven-ggmbh,klinikum-wilhelmshaven-ggmbh:158,158,1,0
2,klinikum-wilhelmshaven-ggmbh,klinikum-wilhelmshaven-ggmbh:159,159,2,0
8,klinikum-wilhelmshaven-ggmbh,klinikum-wilhelmshaven-ggmbh:164,164,1,0
2,klinikum-wilhelmshaven-ggmbh,klinikum-wilhelmshaven-ggmbh:165,165,1,0
8,klinikum-wilhelmshaven-ggmbh,klinikum-wilhelmshaven-ggmbh:167,167,1,0
17,klinikum-wilhelmshaven-ggmbh,klinikum-wilhelmshaven-ggmbh:170,170,2,0
5,klinikum-wilhelmshaven-ggmbh,klinikum-wilhelmshaven-ggmbh:173,173,1,0
1,klinikum-wilhelmshaven-ggmbh,klinikum-wilhelmshaven-ggmbh:174,174,1,0
5,klinikum-wilhelmshaven-ggmbh,klinikum-wilhelmshaven-ggmbh:176,176,1,0
13,klinikum-wilhelmshaven-ggmbh,klinikum-wilhelmshaven-ggmbh:177,177,1,0
26,klinikum-wilhelmshaven-ggmbh,klinikum-wilhelmshaven-ggmbh:178,178,1,0
14,klinikum-wilhelmshaven-ggmbh,klinikum-wilhelmshaven-ggmbh:179,179,1,0
1,klinikum-wilhelmshaven-ggmbh,klinikum-wilhelmshaven-ggmbh:180,180,1,0
28,klinikum-wilhelmshaven-ggmbh,klinikum-wilhelmshaven-ggmbh:181,181,1,0
11,klinikum-wilhelmshaven-ggmbh,klinikum-wilhelmshaven-ggmbh:182,182,1,0
15,klinikum-wilhelmshaven-ggmbh,klinikum-wilhelmshaven-ggmbh:184,184,1,0
0,klinikum-wilhelmshaven-ggmbh,klinikum-wilhelmshaven-ggmbh:185,185,1,0
18,klinikum-wilhelmshaven-ggmbh,klinikum-wilhelmshaven-ggmbh:187,187,1,0
17,klinikum-wilhelmshaven-ggmbh,klinikum-wilhelmshaven-ggmbh:190,190,1,0
11,klinikum-wilhelmshaven-ggmbh,klinikum-wilhelmshaven-ggmbh:192,192,1,0
10,klinikum-wilhelmshaven-ggmbh,klinikum-wilhelmshaven-ggmbh:193,193,1,0
6,klinikum-wilhelmshaven-ggmbh,klinikum-wilhelmshaven-ggmbh:197,197,2,0
11,klinikum-wilhelmshaven-ggmbh,klinikum-wilhelmshaven-ggmbh:198,198,1,0
9,klinikum-wilhelmshaven-ggmbh,klinikum-wilhelmshaven-ggmbh:202,202,1,0
12,klinikum-wilhelmshaven-ggmbh,klinikum-wilhelmshaven-ggmbh:207,207,1,0
9,klinikum-wilhelmshaven-ggmbh,klinikum-wilhelmshaven-ggmbh:209,209,2,0
11,klinikum-wilhelmshaven-ggmbh,klinikum-wilhelmshaven-ggmbh:210,210,1,0
0,klinikum-wilhelmshaven-ggmbh,klinikum-wilhelmshaven-ggmbh:212,212,1,0
1,klinikum-wilhelmshaven-ggmbh,klinikum-wilhelmshaven-ggmbh:213,213,1,0
10,klinikum-wilhelmshaven-ggmbh,klinikum-wilhelmshaven-ggmbh:214,214,1,0
10,klinikum-wilhelmshaven-ggmbh,klinikum-wilhelmshaven-ggmbh:216,216,1,0
6,klinikum-wilhelmshaven-ggmbh,klinikum-wilhelmshaven-ggmbh:221,221,2,0
17,klinikum-wilhelmshaven-ggmbh,klinikum-wilhelmshaven-ggmbh:223,223,1,0
7,klinikum-wilhelmshaven-ggmbh,klinikum-wilhelmshaven-ggmbh:225,225,1,0
7,klinikum-wilhelmshaven-ggmbh,klinikum-wilhelmshaven-ggmbh:226,226,2,0
0,klinikum-wilhelmshaven-ggmbh,klinikum-wilhelmshaven-ggmbh:228,228,1,0
15,klinikum-wilhelmshaven-ggmbh,klinikum-wilhelmshaven-ggmbh:232,232,1,0
23,klinikum-wilhelmshaven-ggmbh,klinikum-wilhelmshaven-ggmbh:234,234,1,0
9,klinikum-wilhelmshaven-ggmbh,klinikum-wilhelmshaven-ggmbh:240,240,1,0
7,klinikum-wilhelmshaven-ggmbh,klinikum-wilhelmshaven-ggmbh:241,241,1,0
27,klinikum-wilhelmshaven-ggmbh,klinikum-wilhelmshaven-ggmbh:242,242,1,0
1,klinikum-wilhelmshaven-ggmbh,klinikum-wilhelmshaven-ggmbh:243,243,1,0
10,klinikum-wilhelmshaven-ggmbh,klinikum-wilhelmshaven-ggmbh:244,244,1,0
3,klinikum-wilhelmshaven-ggmbh,klinikum-wilhelmshaven-ggmbh:246,246,1,0
1,klinikum-wilhelmshaven-ggmbh,klinikum-wilhelmshaven-ggmbh:247,247,1,0
9,klinikum-wilhelmshaven-ggmbh,klinikum-wilhelmshaven-ggmbh:250,250,1,0
5,klinikum-wilhelmshaven-ggmbh,klinikum-wilhelmshaven-ggmbh:251,251,1,0
10,klinikum-wilhelmshaven-ggmbh,klinikum-wilhelmshaven-ggmbh:252,252,1,0
5,klinikum-wilhelmshaven-ggmbh,klinikum-wilhelmshaven-ggmbh:254,254,1,0
6,klinikum-wilhelmshaven-ggmbh,klinikum-wilhelmshaven-ggmbh:255,255,1,0
0,klinikum-wilhelmshaven-ggmbh,klinikum-wilhelmshaven-ggmbh:260,260,1,0
4,klinikum-wilhelmshaven-ggmbh,klinikum-wilhelmshaven-ggmbh:261,261,1,0
9,klinikum-wilhelmshaven-ggmbh,klinikum-wilhelmshaven-ggmbh:262,262,1,0
3,klinikum-wilhelmshaven-ggmbh,klinikum-wilhelmshaven-ggmbh:263,263,1,0
6,klinikum-wilhelmshaven-ggmbh,klinikum-wilhelmshaven-ggmbh:264,264,1,0
8,klinikum-wilhelmshaven-ggmbh,klinikum-wilhelmshaven-ggmbh:265,265,1,0
5,klinikum-wilhelmshaven-ggmbh,klinikum-wilhelmshaven-ggmbh:267,267,2,0
13,klinikum-wilhelmshaven-ggmbh,klinikum-wilhelmshaven-ggmbh:269,269,1,0
6,klinikum-wilhelmshaven-ggmbh,klinikum-wilhelmshaven-ggmbh:270,270,1,0
15,klinikum-wilhelmshaven-ggmbh,klinikum-wilhelmshaven-ggmbh:271,271,1,0
9,klinikum-wilhelmshaven-ggmbh,klinikum-wilhelmshaven-ggmbh:273,273,1,0
4,klinikum-wilhelmshaven-ggmbh,klinikum-wilhelmshaven-ggmbh:275,275,1,0
10,klinikum-wilhelmshaven-ggmbh,klinikum-wilhelmshaven-ggmbh:276,276,1,0
6,klinikum-wilhelmshaven-ggmbh,klinikum-wilhelmshaven-ggmbh:277,277,1,0
11,klinikum-wilhelmshaven-ggmbh,klinikum-wilhelmshaven-ggmbh:279,279,1,0
15,klinikum-wilhelmshaven-ggmbh,klinikum-wilhelmshaven-ggmbh:283,283,1,0
9,klinikum-wilhelmshaven-ggmbh,klinikum-wilhelmshaven-ggmbh:285,285,1,0
10,klinikum-wilhelmshaven-ggmbh,klinikum-wilhelmshaven-ggmbh:287,287,1,0
1,klinikum-wilhelmshaven-ggmbh,klinikum-wilhelmshaven-ggmbh:294,294,2,0
8,klinikum-wilhelmshaven-ggmbh,klinikum-wilhelmshaven-ggmbh:296,296,1,0
6,klinikum-wilhelmshaven-ggmbh,klinikum-wilhelmshaven-ggmbh:299,299,1,0
2,klinikum-wilhelmshaven-ggmbh,klinikum-wilhelmshaven-ggmbh:301,301,1,0
6,klinikum-wilhelmshaven-ggmbh,klinikum-wilhelmshaven-ggmbh:302,302,1,0
10,klinikum-wilhelmshaven-ggmbh,klinikum-wilhelmshaven-ggmbh:303,303,1,0
5,klinikum-wilhelmshaven-ggmbh,klinikum-wilhelmshaven-ggmbh:304,304,1,0
7,klinikum-wilhelmshaven-ggmbh,klinikum-wilhelmshaven-ggmbh:307,307,1,0
0,klinikum-wilhelmshaven-ggmbh,klinikum-wilhelmshaven-ggmbh:310,310,2,0
1,klinikum-wilhelmshaven-ggmbh,klinikum-wilhelmshaven-ggmbh:311,311,2,0
1,klinikum-wilhelmshaven-ggmbh,klinikum-wilhelmshaven-ggmbh:314,314,1,0
7,klinikum-wilhelmshaven-ggmbh,klinikum-wilhelmshaven-ggmbh:315,315,1,0
9,klinikum-wilhelmshaven-ggmbh,klinikum-wilhelmshaven-ggmbh:316,316,1,0
4,klinikum-wilhelmshaven-ggmbh,klinikum-wilhelmshaven-ggmbh:317,317,1,0
8,klinikum-wilhelmshaven-ggmbh,klinikum-wilhelmshaven-ggmbh:322,322,1,0
5,klinikum-wilhelmshaven-ggmbh,klinikum-wilhelmshaven-ggmbh:324,324,1,0
2,klinikum-wilhelmshaven-ggmbh,klinikum-wilhelmshaven-ggmbh:325,325,1,0
12,klinikum-wilhelmshaven-ggmbh,klinikum-wilhelmshaven-ggmbh:327,327,1,0
8,klinikum-wilhelmshaven-ggmbh,klinikum-wilhelmshaven-ggmbh:328,328,1,0
4,klinikum-wilhelmshaven-ggmbh,klinikum-wilhelmshaven-ggmbh:330,330,1,0
7,klinikum-wilhelmshaven-ggmbh,klinikum-wilhelmshaven-ggmbh:332,332,1,0
8,klinikum-wilhelmshaven-ggmbh,klinikum-wilhelmshaven-ggmbh:333,333,1,0
13,klinikum-wilhelmshaven-ggmbh,klinikum-wilhelmshaven-ggmbh:335,335,1,0
2,klinikum-wilhelmshaven-ggmbh,klinikum-wilhelmshaven-ggmbh:336,336,1,0
8,klinikum-wilhelmshaven-ggmbh,klinikum-wilhelmshaven-ggmbh:337,337,1,0
6,klinikum-wilhelmshaven-ggmbh,klinikum-wilhelmshaven-ggmbh:338,338,1,0
11,klinikum-wilhelmshaven-ggmbh,klinikum-wilhelmshaven-ggmbh:339,339,1,0
5,klinikum-wilhelmshaven-ggmbh,klinikum-wilhelmshaven-ggmbh:340,340,1,0
10,klinikum-wilhelmshaven-ggmbh,klinikum-wilhelmshaven-ggmbh:342,342,1,0
0,klinikum-wilhelmshaven-ggmbh,klinikum-wilhelmshaven-ggmbh:343,343,1,0
8,klinikum-wilhelmshaven-ggmbh,klinikum-wilhelmshaven-ggmbh:344,344,1,0
11,klinikum-wilhelmshaven-ggmbh,klinikum-wilhelmshaven-ggmbh:347,347,1,0
0,klinikum-wilhelmshaven-ggmbh,klinikum-wilhelmshaven-ggmbh:348,348,1,0
1,klinikum-wilhelmshaven-ggmbh,klinikum-wilhelmshaven-ggmbh:349,349,1,0
4,klinikum-wilhelmshaven-ggmbh,klinikum-wilhelmshaven-ggmbh:350,350,1,0
3,klinikum-wilhelmshaven-ggmbh,klinikum-wilhelmshaven-ggmbh:351,351,1,0
6,klinikum-wilhelmshaven-ggmbh,klinikum-wilhelmshaven-ggmbh:353,353,1,0
6,klinikum-wilhelmshaven-ggmbh,klinikum-wilhelmshaven-ggmbh:354,354,1,0
7,klinikum-wilhelmshaven-ggmbh,klinikum-wilhelmshaven-ggmbh:356,356,1,0
3,klinikum-wilhelmshaven-ggmbh,klinikum-wilhelmshaven-ggmbh:358,358,1,0
1,klinikum-wilhelmshaven-ggmbh,klinikum-wilhelmshaven-ggmbh:359,359,2,0
0,klinikum-wilhelmshaven-ggmbh,klinikum-wilhelmshaven-ggmbh:362,362,2,0
7,klinikum-wilhelmshaven-ggmbh,klinikum-wilhelmshaven-ggmbh:363,363,1,0
1,klinikum-wilhelmshaven-ggmbh,klinikum-wilhelmshaven-ggmbh:364,364,1,0
0,klinikum-wilhelmshaven-ggmbh,klinikum-wilhelmshaven-ggmbh:365,365,1,0
9,klinikum-wilhelmshaven-ggmbh,klinikum-wilhelmshaven-ggmbh:371,371,1,0
4,klinikum-wilhelmshaven-ggmbh,klinikum-wilhelmshaven-ggmbh:373,373,1,0
3,klinikum-wilhelmshaven-ggmbh,klinikum-wilhelmshaven-ggmbh:376,376,2,0
4,klinikum-wilhelmshaven-ggmbh,klinikum-wilhelmshaven-ggmbh:379,379,1,0
3,klinikum-wilhelmshaven-ggmbh,klinikum-wilhelmshaven-ggmbh:380,380,1,0
2,klinikum-wilhelmshaven-ggmbh,klinikum-wilhelmshaven-ggmbh:384,384,1,0
1,klinikum-wilhelmshaven-ggmbh,klinikum-wilhelmshaven-ggmbh:387,387,1,0
2,klinikum-wilhelmshaven-ggmbh,klinikum-wilhelmshaven-ggmbh:388,388,1,0
0,klinikum-wilhelmshaven-ggmbh,klinikum-wilhelmshaven-ggmbh:389,389,1,0
2,klinikum-wilhelmshaven-ggmbh,klinikum-wilhelmshaven-ggmbh:390,390,2,0
11,klinikum-wilhelmshaven-ggmbh,klinikum-wilhelmshaven-ggmbh:393,393,1,0
13,klinikum-wilhelmshaven-ggmbh,klinikum-wilhelmshaven-ggmbh:395,395,1,0
8,klinikum-wilhelmshaven-ggmbh,klinikum-wilhelmshaven-ggmbh:396,396,1,0
2,klinikum-wilhelmshaven-ggmbh,klinikum-wilhelmshaven-ggmbh:397,397,1,0
3,klinikum-wilhelmshaven-ggmbh,klinikum-wilhelmshaven-ggmbh:399,399,2,0
5,klinikum-wilhelmshaven-ggmbh,klinikum-wilhelmshaven-ggmbh:401,401,1,0
2,klinikum-wilhelmshaven-ggmbh,klinikum-wilhelmshaven-ggmbh:403,403,1,0
7,klinikum-wilhelmshaven-ggmbh,klinikum-wilhelmshaven-ggmbh:404,404,1,0
7,klinikum-wilhelmshaven-ggmbh,klinikum-wilhelmshaven-ggmbh:405,405,1,0
11,klinikum-wilhelmshaven-ggmbh,klinikum-wilhelmshaven-ggmbh:406,406,1,0
0,klinikum-wilhelmshaven-ggmbh,klinikum-wilhelmshaven-ggmbh:408,408,1,0
1,klinikum-wilhelmshaven-ggmbh,klinikum-wilhelmshaven-ggmbh:410,410,1,0
6,klinikum-wilhelmshaven-ggmbh,klinikum-wilhelmshaven-ggmbh:411,411,1,0
8,klinikum-wilhelmshaven-ggmbh,klinikum-wilhelmshaven-ggmbh:412,412,2,0
4,klinikum-wilhelmshaven-ggmbh,klinikum-wilhelmshaven-ggmbh:413,413,1,0
6,klinikum-wilhelmshaven-ggmbh,klinikum-wilhelmshaven-ggmbh:415,415,1,0
6,klinikum-wilhelmshaven-ggmbh,klinikum-wilhelmshaven-ggmbh:417,417,1,0
5,klinikum-wilhelmshaven-ggmbh,klinikum-wilhelmshaven-ggmbh:419,419,1,0
0,klinikum-wilhelmshaven-ggmbh,klinikum-wilhelmshaven-ggmbh:423,423,1,0
4,klinikum-wilhelmshaven-ggmbh,klinikum-wilhelmshaven-ggmbh:424,424,1,0
3,klinikum-wilhelmshaven-ggmbh,klinikum-wilhelmshaven-ggmbh:425,425,1,0
3,klinikum-wilhelmshaven-ggmbh,klinikum-wilhelmshaven-ggmbh:428,428,2,0
7,klinikum-wilhelmshaven-ggmbh,klinikum-wilhelmshaven-ggmbh:431,431,1,0
2,klinikum-wilhelmshaven-ggmbh,klinikum-wilhelmshaven-ggmbh:432,432,2,0
0,klinikum-wilhelmshaven-ggmbh,klinikum-wilhelmshaven-ggmbh:435,435,1,0
2,klinikum-wilhelmshaven-ggmbh,klinikum-wilhelmshaven-ggmbh:436,436,1,0
0,klinikum-wilhelmshaven-ggmbh,klinikum-wilhelmshaven-ggmbh:437,437,1,0
0,klinikum-wilhelmshaven-ggmbh,klinikum-wilhelmshaven-ggmbh:438,438,1,0
1,klinikum-wilhelmshaven-ggmbh,klinikum-wilhelmshaven-ggmbh:442,442,1,0
2,klinikum-wilhelmshaven-ggmbh,klinikum-wilhelmshaven-ggmbh:444,444,1,0
0,klinikum-wilhelmshaven-ggmbh,klinikum-wilhelmshaven-ggmbh:446,446,1,0
1,klinikum-wilhelmshaven-ggmbh,klinikum-wilhelmshaven-ggmbh:447,447,2,0
8,klinikum-wilhelmshaven-ggmbh,klinikum-wilhelmshaven-ggmbh:448,448,1,0
1,klinikum-wilhelmshaven-ggmbh,klinikum-wilhelmshaven-ggmbh:451,451,1,0
1,klinikum-wilhelmshaven-ggmbh,klinikum-wilhelmshaven-ggmbh:452,452,1,0
3,klinikum-wilhelmshaven-ggmbh,klinikum-wilhelmshaven-ggmbh:453,453,1,0
5,klinikum-wilhelmshaven-ggmbh,klinikum-wilhelmshaven-ggmbh:454,454,1,0
0,klinikum-wilhelmshaven-ggmbh,klinikum-wilhelmshaven-ggmbh:455,455,1,0
0,klinikum-wilhelmshaven-ggmbh,klinikum-wilhelmshaven-ggmbh:456,456,1,0
0,klinikum-wilhelmshaven-ggmbh,klinikum-wilhelmshaven-ggmbh:458,458,1,0
0,klinikum-wilhelmshaven-ggmbh,klinikum-wilhelmshaven-ggmbh:460,460,1,0
0,klinikum-wilhelmshaven-ggmbh,klinikum-wilhelmshaven-ggmbh:461,461,1,0
0,klinikum-wilhelmshaven-ggmbh,klinikum-wilhelmshaven-ggmbh:462,462,1,0
0,klinikum-wilhelmshaven-ggmbh,klinikum-wilhelmshaven-ggmbh:464,464,1,0
0,klinikum-wilhelmshaven-ggmbh,klinikum-wilhelmshaven-ggmbh:466,466,1,0
7,klinikum-wilhelmshaven-ggmbh,klinikum-wilhelmshaven-ggmbh:467,467,1,0
5,klinikum-wilhelmshaven-ggmbh,klinikum-wilhelmshaven-ggmbh:469,469,1,0
5,klinikum-wilhelmshaven-ggmbh,klinikum-wilhelmshaven-ggmbh:471,471,1,0
5,klinikum-wilhelmshaven-ggmbh,klinikum-wilhelmshaven-ggmbh:474,474,1,0
1,klinikum-wolfsburg,klinikum-wolfsburg:0,0,2,0
1,klinikum-wolfsburg,klinikum-wolfsburg:1,1,2,0
0,klinikum-wolfsburg,klinikum-wolfsburg:2,2,1,0
1,klinikum-wolfsburg,klinikum-wolfsburg:7,7,1,0
1,klinikum-wolfsburg,klinikum-wolfsburg:11,11,1,0
1,klinikum-wolfsburg,klinikum-wolfsburg:14,14,1,0
0,klinikum-wolfsburg,klinikum-wolfsburg:15,15,1,0
2,klinikum-wolfsburg,klinikum-wolfsburg:16,16,1,0
1,klinikum-wolfsburg,klinikum-wolfsburg:17,17,1,0
1,klinikum-wolfsburg,klinikum-wolfsburg:18,18,1,0
0,klinikum-wolfsburg,klinikum-wolfsburg:20,20,1,0
1,klinikum-wolfsburg,klinikum-wolfsburg:25,25,1,0
0,klinikum-wolfsburg,klinikum-wolfsburg:26,26,1,0
1,klinikum-wolfsburg,klinikum-wolfsburg:28,28,1,1
1,klinikum-wolfsburg,klinikum-wolfsburg:33,33,2,0
0,klinikum-wolfsburg,klinikum-wolfsburg:37,37,1,0
0,klinikum-wolfsburg,klinikum-wolfsburg:41,41,2,0
0,klinikum-wolfsburg,klinikum-wolfsburg:48,48,1,0
0,klinikum-wolfsburg,klinikum-wolfsburg:52,52,1,0
0,klinikum-wolfsburg,klinikum-wolfsburg:55,55,1,0
0,klinikum-wolfsburg,klinikum-wolfsburg:56,56,1,0
0,klinikum-wolfsburg,klinikum-wolfsburg:60,60,1,0
0,klinikum-wolfsburg,klinikum-wolfsburg:63,63,1,0
1,klinikum-wolfsburg,klinikum-wolfsburg:64,64,2,0
0,klinikum-wolfsburg,klinikum-wolfsburg:66,66,1,0
1,klinikum-wolfsburg,klinikum-wolfsburg:67,67,1,0
0,klinikum-wolfsburg,klinikum-wolfsburg:68,68,1,0
0,klinikum-wolfsburg,klinikum-wolfsburg:69,69,1,0
0,klinikum-wolfsburg,klinikum-wolfsburg:71,71,1,0
0,klinikum-wolfsburg,klinikum-wolfsburg:73,73,1,0
1,klinikum-wolfsburg,klinikum-wolfsburg:74,74,2,0
1,klinikum-wolfsburg,klinikum-wolfsburg:75,75,1,0
0,klinikum-wolfsburg,klinikum-wolfsburg:83,83,1,0
0,klinikum-wolfsburg,klinikum-wolfsburg:84,84,2,0
0,klinikum-wolfsburg,klinikum-wolfsburg:85,85,1,0
0,klinikum-wolfsburg,klinikum-wolfsburg:86,86,1,0
0,klinikum-wolfsburg,klinikum-wolfsburg:88,88,1,0
0,klinikum-wolfsburg,klinikum-wolfsburg:90,90,2,0
0,klinikum-wolfsburg,klinikum-wolfsburg:95,95,1,0
3,klinikum-wolfsburg,klinikum-wolfsburg:97,97,1,0
6,klinikum-wolfsburg,klinikum-wolfsburg:99,99,1,0
0,klinikum-wolfsburg,klinikum-wolfsburg:103,103,1,0
3,klinikum-wolfsburg,klinikum-wolfsburg:104,104,2,0
0,klinikum-wolfsburg,klinikum-wolfsburg:107,107,1,0
1,klinikum-wolfsburg,klinikum-wolfsburg:113,113,1,0
6,klinikum-wolfsburg,klinikum-wolfsburg:114,114,1,0
2,klinikum-wolfsburg,klinikum-wolfsburg:115,115,1,0
5,klinikum-wolfsburg,klinikum-wolfsburg:117,117,1,0
6,klinikum-wolfsburg,klinikum-wolfsburg:118,118,1,0
1,klinikum-wolfsburg,klinikum-wolfsburg:119,119,1,0
1,klinikum-wolfsburg,klinikum-wolfsburg:123,123,1,0
0,klinikum-wolfsburg,klinikum-wolfsburg:124,124,1,0
6,klinikum-wolfsburg,klinikum-wolfsburg:126,126,2,0
1,klinikum-wolfsburg,klinikum-wolfsburg:128,128,1,0
2,klinikum-wolfsburg,klinikum-wolfsburg:134,134,1,0
5,klinikum-wolfsburg,klinikum-wolfsburg:135,135,1,0
1,klinikum-wolfsburg,klinikum-wolfsburg:136,136,1,0
10,klinikum-wolfsburg,klinikum-wolfsburg:137,137,1,0
3,klinikum-wolfsburg,klinikum-wolfsburg:141,141,1,0
13,klinikum-wolfsburg,klinikum-wolfsburg:142,142,1,0
7,klinikum-wolfsburg,klinikum-wolfsburg:143,143,1,0
0,klinikum-wolfsburg,klinikum-wolfsburg:151,151,1,0
5,klinikum-wolfsburg,klinikum-wolfsburg:154,154,2,0
6,klinikum-wolfsburg,klinikum-wolfsburg:155,155,1,0
6,klinikum-wolfsburg,klinikum-wolfsburg:156,156,1,0
1,klinikum-wolfsburg,klinikum-wolfsburg:158,158,1,0
2,klinikum-wolfsburg,klinikum-wolfsburg:159,159,1,0
8,klinikum-wolfsburg,klinikum-wolfsburg:162,162,1,0
0,klinikum-wolfsburg,klinikum-wolfsburg:165,165,1,0
16,klinikum-wolfsburg,klinikum-wolfsburg:169,169,1,0
10,klinikum-wolfsburg,klinikum-wolfsburg:172,172,1,0
5,klinikum-wolfsburg,klinikum-wolfsburg:174,174,1,0
0,klinikum-wolfsburg,klinikum-wolfsburg:175,175,2,0
9,klinikum-wolfsburg,klinikum-wolfsburg:180,180,1,0
9,klinikum-wolfsburg,klinikum-wolfsburg:182,182,1,0
9,klinikum-wolfsburg,klinikum-wolfsburg:184,184,1,0
3,klinikum-wolfsburg,klinikum-wolfsburg:186,186,1,0
5,klinikum-wolfsburg,klinikum-wolfsburg:187,187,1,0
6,klinikum-wolfsburg,klinikum-wolfsburg:188,188,1,0
2,klinikum-wolfsburg,klinikum-wolfsburg:193,193,1,0
11,klinikum-wolfsburg,klinikum-wolfsburg:194,194,1,0
5,klinikum-wolfsburg,klinikum-wolfsburg:195,195,1,0
6,klinikum-wolfsburg,klinikum-wolfsburg:197,197,2,0
5,klinikum-wolfsburg,klinikum-wolfsburg:200,200,1,0
9,klinikum-wolfsburg,klinikum-wolfsburg:201,201,1,0
2,klinikum-wolfsburg,klinikum-wolfsburg:204,204,1,0
6,klinikum-wolfsburg,klinikum-wolfsburg:206,206,1,0
5,klinikum-wolfsburg,klinikum-wolfsburg:208,208,1,0
0,klinikum-wolfsburg,klinikum-wolfsburg:210,210,2,0
7,klinikum-wolfsburg,klinikum-wolfsburg:211,211,1,0
1,klinikum-wolfsburg,klinikum-wolfsburg:212,212,1,0
5,klinikum-wolfsburg,klinikum-wolfsburg:214,214,1,0
3,klinikum-wolfsburg,klinikum-wolfsburg:217,217,1,0
9,klinikum-wolfsburg,klinikum-wolfsburg:219,219,1,0
10,klinikum-wolfsburg,klinikum-wolfsburg:220,220,2,0
3,klinikum-wolfsburg,klinikum-wolfsburg:221,221,1,0
19,klinikum-wolfsburg,klinikum-wolfsburg:223,223,1,0
4,klinikum-wolfsburg,klinikum-wolfsburg:225,225,1,0
12,klinikum-wolfsburg,klinikum-wolfsburg:227,227,1,0
3,klinikum-wolfsburg,klinikum-wolfsburg:228,228,1,0
10,klinikum-wolfsburg,klinikum-wolfsburg:237,237,1,0
17,klinikum-wolfsburg,klinikum-wolfsburg:241,241,1,0
4,klinikum-wolfsburg,klinikum-wolfsburg:244,244,1,0
10,klinikum-wolfsburg,klinikum-wolfsburg:245,245,1,0
5,klinikum-wolfsburg,klinikum-wolfsburg:248,248,1,0
8,klinikum-wolfsburg,klinikum-wolfsburg:252,252,1,0
14,klinikum-wolfsburg,klinikum-wolfsburg:253,253,1,0
6,klinikum-wolfsburg,klinikum-wolfsburg:255,255,1,0
5,klinikum-wolfsburg,klinikum-wolfsburg:258,258,2,0
8,klinikum-wolfsburg,klinikum-wolfsburg:261,261,1,0
8,klinikum-wolfsburg,klinikum-wolfsburg:263,263,1,0
4,klinikum-wolfsburg,klinikum-wolfsburg:267,267,1,0
3,klinikum-wolfsburg,klinikum-wolfsburg:269,269,1,0
8,klinikum-wolfsburg,klinikum-wolfsburg:271,271,1,0
0,klinikum-wolfsburg,klinikum-wolfsburg:272,272,1,0
7,klinikum-wolfsburg,klinikum-wolfsburg:273,273,1,0
4,klinikum-wolfsburg,klinikum-wolfsburg:276,276,2,1
3,klinikum-wolfsburg,klinikum-wolfsburg:277,277,1,0
1,klinikum-wolfsburg,klinikum-wolfsburg:278,278,1,0
12,klinikum-wolfsburg,klinikum-wolfsburg:281,281,1,0
4,klinikum-wolfsburg,klinikum-wolfsburg:282,282,1,0
4,klinikum-wolfsburg,klinikum-wolfsburg:285,285,1,0
10,klinikum-wolfsburg,klinikum-wolfsburg:288,288,1,0
2,klinikum-wolfsburg,klinikum-wolfsburg:291,291,1,0
5,klinikum-wolfsburg,klinikum-wolfsburg:292,292,1,0
7,klinikum-wolfsburg,klinikum-wolfsburg:294,294,1,0
11,klinikum-wolfsburg,klinikum-wolfsburg:298,298,1,0
12,klinikum-wolfsburg,klinikum-wolfsburg:302,302,1,0
2,klinikum-wolfsburg,klinikum-wolfsburg:303,303,1,0
3,klinikum-wolfsburg,klinikum-wolfsburg:304,304,1,0
2,klinikum-wolfsburg,klinikum-wolfsburg:306,306,1,0
1,klinikum-wolfsburg,klinikum-wolfsburg:307,307,1,0
5,klinikum-wolfsburg,klinikum-wolfsburg:310,310,1,0
9,klinikum-wolfsburg,klinikum-wolfsburg:311,311,1,0
8,klinikum-wolfsburg,klinikum-wolfsburg:312,312,1,0
6,klinikum-wolfsburg,klinikum-wolfsburg:313,313,1,0
3,klinikum-wolfsburg,klinikum-wolfsburg:315,315,1,0
3,klinikum-wolfsburg,klinikum-wolfsburg:317,317,1,0
1,klinikum-wolfsburg,klinikum-wolfsburg:319,319,1,0
2,klinikum-wolfsburg,klinikum-wolfsburg:320,320,1,0
7,klinikum-wolfsburg,klinikum-wolfsburg:321,321,1,0
7,klinikum-wolfsburg,klinikum-wolfsburg:323,323,1,0
7,klinikum-wolfsburg,klinikum-wolfsburg:325,325,1,0
2,klinikum-wolfsburg,klinikum-wolfsburg:327,327,1,0
6,klinikum-wolfsburg,klinikum-wolfsburg:328,328,1,0
4,klinikum-wolfsburg,klinikum-wolfsburg:329,329,2,0
3,klinikum-wolfsburg,klinikum-wolfsburg:330,330,1,0
0,klinikum-wolfsburg,klinikum-wolfsburg:332,332,1,0
6,klinikum-wolfsburg,klinikum-wolfsburg:333,333,2,0
3,klinikum-wolfsburg,klinikum-wolfsburg:334,334,1,0
11,klinikum-wolfsburg,klinikum-wolfsburg:335,335,1,0
4,klinikum-wolfsburg,klinikum-wolfsburg:337,337,1,0
0,klinikum-wolfsburg,klinikum-wolfsburg:340,340,1,0
3,klinikum-wolfsburg,klinikum-wolfsburg:341,341,1,0
3,klinikum-wolfsburg,klinikum-wolfsburg:342,342,1,0
1,klinikum-wolfsburg,klinikum-wolfsburg:343,343,2,0
3,klinikum-wolfsburg,klinikum-wolfsburg:344,344,1,0
2,klinikum-wolfsburg,klinikum-wolfsburg:347,347,1,0
9,klinikum-wolfsburg,klinikum-wolfsburg:348,348,1,0
4,klinikum-wolfsburg,klinikum-wolfsburg:349,349,1,0
6,klinikum-wolfsburg,klinikum-wolfsburg:350,350,1,0
2,klinikum-wolfsburg,klinikum-wolfsburg:352,352,1,0
10,klinikum-wolfsburg,klinikum-wolfsburg:353,353,1,0
6,klinikum-wolfsburg,klinikum-wolfsburg:354,354,1,0
8,klinikum-wolfsburg,klinikum-wolfsburg:355,355,1,0
5,klinikum-wolfsburg,klinikum-wolfsburg:357,357,1,0
6,klinikum-wolfsburg,klinikum-wolfsburg:358,358,1,0
9,klinikum-wolfsburg,klinikum-wolfsburg:363,363,1,0
5,klinikum-wolfsburg,klinikum-wolfsburg:365,365,1,0
6,klinikum-wolfsburg,klinikum-wolfsburg:367,367,1,0
1,klinikum-wolfsburg,klinikum-wolfsburg:368,368,2,0
7,klinikum-wolfsburg,klinikum-wolfsburg:369,369,1,0
5,klinikum-wolfsburg,klinikum-wolfsburg:370,370,1,0
2,klinikum-wolfsburg,klinikum-wolfsburg:371,371,1,0
6,klinikum-wolfsburg,klinikum-wolfsburg:374,374,1,0
0,klinikum-wolfsburg,klinikum-wolfsburg:375,375,1,0
6,klinikum-wolfsburg,klinikum-wolfsburg:377,377,2,0
5,klinikum-wolfsburg,klinikum-wolfsburg:378,378,1,0
0,klinikum-wolfsburg,klinikum-wolfsburg:380,380,1,0
5,klinikum-wolfsburg,klinikum-wolfsburg:381,381,1,0
0,klinikum-wolfsburg,klinikum-wolfsburg:382,382,1,0
5,klinikum-wolfsburg,klinikum-wolfsburg:383,383,1,0
10,klinikum-wolfsburg,klinikum-wolfsburg:385,385,1,0
3,klinikum-wolfsburg,klinikum-wolfsburg:386,386,1,1
7,klinikum-wolfsburg,klinikum-wolfsburg:389,389,1,0
0,klinikum-wolfsburg,klinikum-wolfsburg:391,391,1,0
8,klinikum-wolfsburg,klinikum-wolfsburg:393,393,1,0
3,klinikum-wolfsburg,klinikum-wolfsburg:396,396,1,0
14,klinikum-wolfsburg,klinikum-wolfsburg:398,398,1,0
2,klinikum-wolfsburg,klinikum-wolfsburg:399,399,2,0
3,klinikum-wolfsburg,klinikum-wolfsburg:400,400,1,0
0,klinikum-wolfsburg,klinikum-wolfsburg:401,401,1,0
4,klinikum-wolfsburg,klinikum-wolfsburg:402,402,1,0
1,klinikum-wolfsburg,klinikum-wolfsburg:404,404,1,0
0,klinikum-wolfsburg,klinikum-wolfsburg:406,406,1,0
1,klinikum-wolfsburg,klinikum-wolfsburg:407,407,1,0
0,klinikum-wolfsburg,klinikum-wolfsburg:408,408,1,0
10,klinikum-wolfsburg,klinikum-wolfsburg:409,409,1,0
7,klinikum-wolfsburg,klinikum-wolfsburg:411,411,1,0
5,klinikum-wolfsburg,klinikum-wolfsburg:412,412,1,0
5,klinikum-wolfsburg,klinikum-wolfsburg:413,413,1,0
2,klinikum-wolfsburg,klinikum-wolfsburg:414,414,1,0
2,klinikum-wolfsburg,klinikum-wolfsburg:417,417,2,0
1,klinikum-wolfsburg,klinikum-wolfsburg:422,422,1,0
1,klinikum-wolfsburg,klinikum-wolfsburg:423,423,1,0
7,klinikum-wolfsburg,klinikum-wolfsburg:424,424,2,0
4,klinikum-wolfsburg,klinikum-wolfsburg:425,425,1,0
7,klinikum-wolfsburg,klinikum-wolfsburg:427,427,1,0
1,klinikum-wolfsburg,klinikum-wolfsburg:429,429,1,0
8,klinikum-wolfsburg,klinikum-wolfsburg:431,431,1,0
0,klinikum-wolfsburg,klinikum-wolfsburg:436,436,1,0
1,klinikum-wolfsburg,klinikum-wolfsburg:438,438,1,0
8,klinikum-wolfsburg,klinikum-wolfsburg:439,439,1,1
2,klinikum-wolfsburg,klinikum-wolfsburg:441,441,2,0
4,klinikum-wolfsburg,klinikum-wolfsburg:444,444,1,0
3,klinikum-wolfsburg,klinikum-wolfsburg:446,446,2,0
2,klinikum-wolfsburg,klinikum-wolfsburg:447,447,1,0
4,klinikum-wolfsburg,klinikum-wolfsburg:448,448,1,0
6,klinikum-wolfsburg,klinikum-wolfsburg:451,451,1,0
2,klinikum-wolfsburg,klinikum-wolfsburg:461,461,1,0
0,klinikum-wolfsburg,klinikum-wolfsburg:464,464,1,0
9,klinikum-wolfsburg,klinikum-wolfsburg:468,468,1,0
1,klinikum-wolfsburg,klinikum-wolfsburg:469,469,1,0
0,klinikum-wolfsburg,klinikum-wolfsburg:470,470,1,0
7,klinikum-wolfsburg,klinikum-wolfsburg:472,472,1,0
9,klinikum-wolfsburg,klinikum-wolfsburg:473,473,1,0
6,klinikum-wolfsburg,klinikum-wolfsburg:476,476,1,0
8,klinikum-wolfsburg,klinikum-wolfsburg:477,477,1,0
0,klinikum-wolfsburg,klinikum-wolfsburg:479,479,1,0
7,klinikum-wolfsburg,klinikum-wolfsburg:480,480,2,0
2,klinikum-wolfsburg,klinikum-wolfsburg:481,481,1,0
7,klinikum-wolfsburg,klinikum-wolfsburg:482,482,1,0
2,klinikum-wolfsburg,klinikum-wolfsburg:483,483,1,0
9,klinikum-wolfsburg,klinikum-wolfsburg:484,484,1,0
4,klinikum-wolfsburg,klinikum-wolfsburg:485,485,1,0
4,klinikum-wolfsburg,klinikum-wolfsburg:488,488,1,0
1,klinikum-wolfsburg,klinikum-wolfsburg:490,490,1,0
2,klinikum-wolfsburg,klinikum-wolfsburg:492,492,1,0
0,klinikum-wolfsburg,klinikum-wolfsburg:494,494,1,0
3,klinikum-wolfsburg,klinikum-wolfsburg:495,495,1,0
2,klinikum-wolfsburg,klinikum-wolfsburg:498,498,1,0
0,klinikum-wolfsburg,klinikum-wolfsburg:499,499,1,0
3,klinikum-wolfsburg,klinikum-wolfsburg:501,501,1,0
1,klinikum-wolfsburg,klinikum-wolfsburg:502,502,1,0
0,klinikum-wolfsburg,klinikum-wolfsburg:504,504,1,0
0,klinikum-wolfsburg,klinikum-wolfsburg:505,505,1,0
0,klinikum-wolfsburg,klinikum-wolfsburg:508,508,1,0
0,klinikum-wolfsburg,klinikum-wolfsburg:510,510,1,0
4,klinikum-wolfsburg,klinikum-wolfsburg:513,513,1,0
0,klinikum-wolfsburg,klinikum-wolfsburg:514,514,1,0
0,klinikum-wolfsburg,klinikum-wolfsburg:515,515,1,0
0,klinikum-wolfsburg,klinikum-wolfsburg:516,516,1,0
0,klinikum-wolfsburg,klinikum-wolfsburg:518,518,1,0
1,klinikum-wolfsburg,klinikum-wolfsburg:519,519,1,0
0,klinikum-wolfsburg,klinikum-wolfsburg:520,520,1,0
0,klinikum-wolfsburg,klinikum-wolfsburg:522,522,1,0
0,klinikum-wolfsburg,klinikum-wolfsburg:523,523,1,0
0,klinikum-wolfsburg,klinikum-wolfsburg:524,524,1,0
0,klinikum-wolfsburg,klinikum-wolfsburg:533,533,1,0
0,klinikum-wolfsburg,klinikum-wolfsburg:535,535,1,0
0,klinikum-wolfsburg,klinikum-wolfsburg:537,537,2,0
0,klinikum-wolfsburg,klinikum-wolfsburg:540,540,1,0
3,klinikum-wolfsburg,klinikum-wolfsburg:542,542,1,0
1,klinikum-wolfsburg,klinikum-wolfsburg:543,543,1,0
0,krankenhaus-buchholz-und-winsen-ggmbh-krankenhaus-buchholz,krankenhaus-buchholz-und-winsen-ggmbh-krankenhaus-buchholz:2,2,1,0
1,krankenhaus-buchholz-und-winsen-ggmbh-krankenhaus-buchholz,krankenhaus-buchholz-und-winsen-ggmbh-krankenhaus-buchholz:3,3,2,0
1,krankenhaus-buchholz-und-winsen-ggmbh-krankenhaus-buchholz,krankenhaus-buchholz-und-winsen-ggmbh-krankenhaus-buchholz:5,5,1,0
0,krankenhaus-buchholz-und-winsen-ggmbh-krankenhaus-buchholz,krankenhaus-buchholz-und-winsen-ggmbh-krankenhaus-buchholz:6,6,1,0
0,krankenhaus-buchholz-und-winsen-ggmbh-krankenhaus-buchholz,krankenhaus-buchholz-und-winsen-ggmbh-krankenhaus-buchholz:8,8,1,0
0,krankenhaus-buchholz-und-winsen-ggmbh-krankenhaus-buchholz,krankenhaus-buchholz-und-winsen-ggmbh-krankenhaus-buchholz:10,10,2,0
0,krankenhaus-buchholz-und-winsen-ggmbh-krankenhaus-buchholz,krankenhaus-buchholz-und-winsen-ggmbh-krankenhaus-buchholz:14,14,1,0
0,krankenhaus-buchholz-und-winsen-ggmbh-krankenhaus-buchholz,krankenhaus-buchholz-und-winsen-ggmbh-krankenhaus-buchholz:15,15,1,0
0,krankenhaus-buchholz-und-winsen-ggmbh-krankenhaus-buchholz,krankenhaus-buchholz-und-winsen-ggmbh-krankenhaus-buchholz:17,17,1,0
0,krankenhaus-buchholz-und-winsen-ggmbh-krankenhaus-buchholz,krankenhaus-buchholz-und-winsen-ggmbh-krankenhaus-buchholz:18,18,1,0
0,krankenhaus-buchholz-und-winsen-ggmbh-krankenhaus-buchholz,krankenhaus-buchholz-und-winsen-ggmbh-krankenhaus-buchholz:21,21,1,0
0,krankenhaus-buchholz-und-winsen-ggmbh-krankenhaus-buchholz,krankenhaus-buchholz-und-winsen-ggmbh-krankenhaus-buchholz:26,26,1,0
0,krankenhaus-buchholz-und-winsen-ggmbh-krankenhaus-buchholz,krankenhaus-buchholz-und-winsen-ggmbh-krankenhaus-buchholz:27,27,2,0
0,krankenhaus-buchholz-und-winsen-ggmbh-krankenhaus-buchholz,krankenhaus-buchholz-und-winsen-ggmbh-krankenhaus-buchholz:30,30,1,0
0,krankenhaus-buchholz-und-winsen-ggmbh-krankenhaus-buchholz,krankenhaus-buchholz-und-winsen-ggmbh-krankenhaus-buchholz:34,34,1,0
5,krankenhaus-buchholz-und-winsen-ggmbh-krankenhaus-buchholz,krankenhaus-buchholz-und-winsen-ggmbh-krankenhaus-buchholz:35,35,2,0
0,krankenhaus-buchholz-und-winsen-ggmbh-krankenhaus-buchholz,krankenhaus-buchholz-und-winsen-ggmbh-krankenhaus-buchholz:36,36,1,0
0,krankenhaus-buchholz-und-winsen-ggmbh-krankenhaus-buchholz,krankenhaus-buchholz-und-winsen-ggmbh-krankenhaus-buchholz:38,38,1,0
2,krankenhaus-buchholz-und-winsen-ggmbh-krankenhaus-buchholz,krankenhaus-buchholz-und-winsen-ggmbh-krankenhaus-buchholz:39,39,1,0
5,krankenhaus-buchholz-und-winsen-ggmbh-krankenhaus-buchholz,krankenhaus-buchholz-und-winsen-ggmbh-krankenhaus-buchholz:41,41,1,0
1,krankenhaus-buchholz-und-winsen-ggmbh-krankenhaus-buchholz,krankenhaus-buchholz-und-winsen-ggmbh-krankenhaus-buchholz:44,44,1,0
0,krankenhaus-buchholz-und-winsen-ggmbh-krankenhaus-buchholz,krankenhaus-buchholz-und-winsen-ggmbh-krankenhaus-buchholz:52,52,1,0
0,krankenhaus-buchholz-und-winsen-ggmbh-krankenhaus-buchholz,krankenhaus-buchholz-und-winsen-ggmbh-krankenhaus-buchholz:53,53,1,0
0,krankenhaus-buchholz-und-winsen-ggmbh-krankenhaus-buchholz,krankenhaus-buchholz-und-winsen-ggmbh-krankenhaus-buchholz:55,55,1,0
10,krankenhaus-buchholz-und-winsen-ggmbh-krankenhaus-buchholz,krankenhaus-buchholz-und-winsen-ggmbh-krankenhaus-buchholz:56,56,1,0
1,krankenhaus-buchholz-und-winsen-ggmbh-krankenhaus-buchholz,krankenhaus-buchholz-und-winsen-ggmbh-krankenhaus-buchholz:61,61,1,0
9,krankenhaus-buchholz-und-winsen-ggmbh-krankenhaus-buchholz,krankenhaus-buchholz-und-winsen-ggmbh-krankenhaus-buchholz:71,71,1,0
15,krankenhaus-buchholz-und-winsen-ggmbh-krankenhaus-buchholz,krankenhaus-buchholz-und-winsen-ggmbh-krankenhaus-buchholz:76,76,1,0
0,krankenhaus-buchholz-und-winsen-ggmbh-krankenhaus-buchholz,krankenhaus-buchholz-und-winsen-ggmbh-krankenhaus-buchholz:78,78,1,0
14,krankenhaus-buchholz-und-winsen-ggmbh-krankenhaus-buchholz,krankenhaus-buchholz-und-winsen-ggmbh-krankenhaus-buchholz:82,82,1,0
10,krankenhaus-buchholz-und-winsen-ggmbh-krankenhaus-buchholz,krankenhaus-buchholz-und-winsen-ggmbh-krankenhaus-buchholz:86,86,1,0
1,krankenhaus-buchholz-und-winsen-ggmbh-krankenhaus-buchholz,krankenhaus-buchholz-und-winsen-ggmbh-krankenhaus-buchholz:89,89,2,0
14,krankenhaus-buchholz-und-winsen-ggmbh-krankenhaus-buchholz,krankenhaus-buchholz-und-winsen-ggmbh-krankenhaus-buchholz:94,94,1,0
13,krankenhaus-buchholz-und-winsen-ggmbh-krankenhaus-buchholz,krankenhaus-buchholz-und-winsen-ggmbh-krankenhaus-buchholz:95,95,1,0
0,krankenhaus-buchholz-und-winsen-ggmbh-krankenhaus-buchholz,krankenhaus-buchholz-und-winsen-ggmbh-krankenhaus-buchholz:96,96,1,0
2,krankenhaus-buchholz-und-winsen-ggmbh-krankenhaus-buchholz,krankenhaus-buchholz-und-winsen-ggmbh-krankenhaus-buchholz:98,98,2,0
4,krankenhaus-buchholz-und-winsen-ggmbh-krankenhaus-buchholz,krankenhaus-buchholz-und-winsen-ggmbh-krankenhaus-buchholz:99,99,1,0
5,krankenhaus-buchholz-und-winsen-ggmbh-krankenhaus-buchholz,krankenhaus-buchholz-und-winsen-ggmbh-krankenhaus-buchholz:101,101,1,0
7,krankenhaus-buchholz-und-winsen-ggmbh-krankenhaus-buchholz,krankenhaus-buchholz-und-winsen-ggmbh-krankenhaus-buchholz:103,103,1,0
16,krankenhaus-buchholz-und-winsen-ggmbh-krankenhaus-buchholz,krankenhaus-buchholz-und-winsen-ggmbh-krankenhaus-buchholz:104,104,1,0
1,krankenhaus-buchholz-und-winsen-ggmbh-krankenhaus-buchholz,krankenhaus-buchholz-und-winsen-ggmbh-krankenhaus-buchholz:105,105,1,0
2,krankenhaus-buchholz-und-winsen-ggmbh-krankenhaus-buchholz,krankenhaus-buchholz-und-winsen-ggmbh-krankenhaus-buchholz:106,106,2,0
3,krankenhaus-buchholz-und-winsen-ggmbh-krankenhaus-buchholz,krankenhaus-buchholz-und-winsen-ggmbh-krankenhaus-buchholz:108,108,1,0
6,krankenhaus-buchholz-und-winsen-ggmbh-krankenhaus-buchholz,krankenhaus-buchholz-und-winsen-ggmbh-krankenhaus-buchholz:112,112,2,0
7,krankenhaus-buchholz-und-winsen-ggmbh-krankenhaus-buchholz,krankenhaus-buchholz-und-winsen-ggmbh-krankenhaus-buchholz:114,114,1,0
7,krankenhaus-buchholz-und-winsen-ggmbh-krankenhaus-buchholz,krankenhaus-buchholz-und-winsen-ggmbh-krankenhaus-buchholz:115,115,1,0
23,krankenhaus-buchholz-und-winsen-ggmbh-krankenhaus-buchholz,krankenhaus-buchholz-und-winsen-ggmbh-krankenhaus-buchholz:117,117,1,0
14,krankenhaus-buchholz-und-winsen-ggmbh-krankenhaus-buchholz,krankenhaus-buchholz-und-winsen-ggmbh-krankenhaus-buchholz:123,123,1,0
7,krankenhaus-buchholz-und-winsen-ggmbh-krankenhaus-buchholz,krankenhaus-buchholz-und-winsen-ggmbh-krankenhaus-buchholz:128,128,1,0
10,krankenhaus-buchholz-und-winsen-ggmbh-krankenhaus-buchholz,krankenhaus-buchholz-und-winsen-ggmbh-krankenhaus-buchholz:129,129,1,0
21,krankenhaus-buchholz-und-winsen-ggmbh-krankenhaus-buchholz,krankenhaus-buchholz-und-winsen-ggmbh-krankenhaus-buchholz:131,131,1,0
27,krankenhaus-buchholz-und-winsen-ggmbh-krankenhaus-buchholz,krankenhaus-buchholz-und-winsen-ggmbh-krankenhaus-buchholz:132,132,1,0
12,krankenhaus-buchholz-und-winsen-ggmbh-krankenhaus-buchholz,krankenhaus-buchholz-und-winsen-ggmbh-krankenhaus-buchholz:133,133,1,0
4,krankenhaus-buchholz-und-winsen-ggmbh-krankenhaus-buchholz,krankenhaus-buchholz-und-winsen-ggmbh-krankenhaus-buchholz:136,136,1,0
0,krankenhaus-buchholz-und-winsen-ggmbh-krankenhaus-buchholz,krankenhaus-buchholz-und-winsen-ggmbh-krankenhaus-buchholz:138,138,1,0
8,krankenhaus-buchholz-und-winsen-ggmbh-krankenhaus-buchholz,krankenhaus-buchholz-und-winsen-ggmbh-krankenhaus-buchholz:143,143,1,0
6,krankenhaus-buchholz-und-winsen-ggmbh-krankenhaus-buchholz,krankenhaus-buchholz-und-winsen-ggmbh-krankenhaus-buchholz:144,144,1,0
5,krankenhaus-buchholz-und-winsen-ggmbh-krankenhaus-buchholz,krankenhaus-buchholz-und-winsen-ggmbh-krankenhaus-buchholz:145,145,1,0
4,krankenhaus-buchholz-und-winsen-ggmbh-krankenhaus-buchholz,krankenhaus-buchholz-und-winsen-ggmbh-krankenhaus-buchholz:146,146,2,0
9,krankenhaus-buchholz-und-winsen-ggmbh-krankenhaus-buchholz,krankenhaus-buchholz-und-winsen-ggmbh-krankenhaus-buchholz:148,148,1,0
9,krankenhaus-buchholz-und-winsen-ggmbh-krankenhaus-buchholz,krankenhaus-buchholz-und-winsen-ggmbh-krankenhaus-buchholz:149,149,1,0
18,krankenhaus-buchholz-und-winsen-ggmbh-krankenhaus-buchholz,krankenhaus-buchholz-und-winsen-ggmbh-krankenhaus-buchholz:154,154,1,0
5,krankenhaus-buchholz-und-winsen-ggmbh-krankenhaus-buchholz,krankenhaus-buchholz-und-winsen-ggmbh-krankenhaus-buchholz:157,157,1,0
10,krankenhaus-buchholz-und-winsen-ggmbh-krankenhaus-buchholz,krankenhaus-buchholz-und-winsen-ggmbh-krankenhaus-buchholz:158,158,1,0
14,krankenhaus-buchholz-und-winsen-ggmbh-krankenhaus-buchholz,krankenhaus-buchholz-und-winsen-ggmbh-krankenhaus-buchholz:161,161,1,0
10,krankenhaus-buchholz-und-winsen-ggmbh-krankenhaus-buchholz,krankenhaus-buchholz-und-winsen-ggmbh-krankenhaus-buchholz:163,163,1,0
9,krankenhaus-buchholz-und-winsen-ggmbh-krankenhaus-buchholz,krankenhaus-buchholz-und-winsen-ggmbh-krankenhaus-buchholz:164,164,2,0
2,krankenhaus-buchholz-und-winsen-ggmbh-krankenhaus-buchholz,krankenhaus-buchholz-und-winsen-ggmbh-krankenhaus-buchholz:165,165,1,0
24,krankenhaus-buchholz-und-winsen-ggmbh-krankenhaus-buchholz,krankenhaus-buchholz-und-winsen-ggmbh-krankenhaus-buchholz:168,168,1,0
6,krankenhaus-buchholz-und-winsen-ggmbh-krankenhaus-buchholz,krankenhaus-buchholz-und-winsen-ggmbh-krankenhaus-buchholz:170,170,1,0
4,krankenhaus-buchholz-und-winsen-ggmbh-krankenhaus-buchholz,krankenhaus-buchholz-und-winsen-ggmbh-krankenhaus-buchholz:171,171,1,0
3,krankenhaus-buchholz-und-winsen-ggmbh-krankenhaus-buchholz,krankenhaus-buchholz-und-winsen-ggmbh-krankenhaus-buchholz:172,172,1,0
17,krankenhaus-buchholz-und-winsen-ggmbh-krankenhaus-buchholz,krankenhaus-buchholz-und-winsen-ggmbh-krankenhaus-buchholz:173,173,1,0
13,krankenhaus-buchholz-und-winsen-ggmbh-krankenhaus-buchholz,krankenhaus-buchholz-und-winsen-ggmbh-krankenhaus-buchholz:174,174,1,0
22,krankenhaus-buchholz-und-winsen-ggmbh-krankenhaus-buchholz,krankenhaus-buchholz-und-winsen-ggmbh-krankenhaus-buchholz:179,179,1,0
15,krankenhaus-buchholz-und-winsen-ggmbh-krankenhaus-buchholz,krankenhaus-buchholz-und-winsen-ggmbh-krankenhaus-buchholz:180,180,1,0
9,krankenhaus-buchholz-und-winsen-ggmbh-krankenhaus-buchholz,krankenhaus-buchholz-und-winsen-ggmbh-krankenhaus-buchholz:182,182,1,0
15,krankenhaus-buchholz-und-winsen-ggmbh-krankenhaus-buchholz,krankenhaus-buchholz-und-winsen-ggmbh-krankenhaus-buchholz:183,183,1,0
7,krankenhaus-buchholz-und-winsen-ggmbh-krankenhaus-buchholz,krankenhaus-buchholz-und-winsen-ggmbh-krankenhaus-buchholz:184,184,2,0
0,krankenhaus-buchholz-und-winsen-ggmbh-krankenhaus-buchholz,krankenhaus-buchholz-und-winsen-ggmbh-krankenhaus-buchholz:185,185,1,0
6,krankenhaus-buchholz-und-winsen-ggmbh-krankenhaus-buchholz,krankenhaus-buchholz-und-winsen-ggmbh-krankenhaus-buchholz:186,186,1,0
7,krankenhaus-buchholz-und-winsen-ggmbh-krankenhaus-buchholz,krankenhaus-buchholz-und-winsen-ggmbh-krankenhaus-buchholz:188,188,1,0
9,krankenhaus-buchholz-und-winsen-ggmbh-krankenhaus-buchholz,krankenhaus-buchholz-und-winsen-ggmbh-krankenhaus-buchholz:189,189,1,0
19,krankenhaus-buchholz-und-winsen-ggmbh-krankenhaus-buchholz,krankenhaus-buchholz-und-winsen-ggmbh-krankenhaus-buchholz:191,191,1,0
0,krankenhaus-buchholz-und-winsen-ggmbh-krankenhaus-buchholz,krankenhaus-buchholz-und-winsen-ggmbh-krankenhaus-buchholz:194,194,1,0
12,krankenhaus-buchholz-und-winsen-ggmbh-krankenhaus-buchholz,krankenhaus-buchholz-und-winsen-ggmbh-krankenhaus-buchholz:198,198,1,0
5,krankenhaus-buchholz-und-winsen-ggmbh-krankenhaus-buchholz,krankenhaus-buchholz-und-winsen-ggmbh-krankenhaus-buchholz:201,201,1,0
8,krankenhaus-buchholz-und-winsen-ggmbh-krankenhaus-buchholz,krankenhaus-buchholz-und-winsen-ggmbh-krankenhaus-buchholz:202,202,1,0
8,krankenhaus-buchholz-und-winsen-ggmbh-krankenhaus-buchholz,krankenhaus-buchholz-und-winsen-ggmbh-krankenhaus-buchholz:206,206,1,0
3,krankenhaus-buchholz-und-winsen-ggmbh-krankenhaus-buchholz,krankenhaus-buchholz-und-winsen-ggmbh-krankenhaus-buchholz:207,207,1,0
2,krankenhaus-buchholz-und-winsen-ggmbh-krankenhaus-buchholz,krankenhaus-buchholz-und-winsen-ggmbh-krankenhaus-buchholz:209,209,1,0
0,krankenhaus-buchholz-und-winsen-ggmbh-krankenhaus-buchholz,krankenhaus-buchholz-und-winsen-ggmbh-krankenhaus-buchholz:212,212,1,0
15,krankenhaus-buchholz-und-winsen-ggmbh-krankenhaus-buchholz,krankenhaus-buchholz-und-winsen-ggmbh-krankenhaus-buchholz:215,215,1,0
11,krankenhaus-buchholz-und-winsen-ggmbh-krankenhaus-buchholz,krankenhaus-buchholz-und-winsen-ggmbh-krankenhaus-buchholz:216,216,1,0
13,krankenhaus-buchholz-und-winsen-ggmbh-krankenhaus-buchholz,krankenhaus-buchholz-und-winsen-ggmbh-krankenhaus-buchholz:218,218,1,0
9,krankenhaus-buchholz-und-winsen-ggmbh-krankenhaus-buchholz,krankenhaus-buchholz-und-winsen-ggmbh-krankenhaus-buchholz:219,219,1,0
0,krankenhaus-buchholz-und-winsen-ggmbh-krankenhaus-buchholz,krankenhaus-buchholz-und-winsen-ggmbh-krankenhaus-buchholz:220,220,1,0
10,krankenhaus-buchholz-und-winsen-ggmbh-krankenhaus-buchholz,krankenhaus-buchholz-und-winsen-ggmbh-krankenhaus-buchholz:221,221,2,0
8,krankenhaus-buchholz-und-winsen-ggmbh-krankenhaus-buchholz,krankenhaus-buchholz-und-winsen-ggmbh-krankenhaus-buchholz:222,222,1,0
11,krankenhaus-buchholz-und-winsen-ggmbh-krankenhaus-buchholz,krankenhaus-buchholz-und-winsen-ggmbh-krankenhaus-buchholz:227,227,1,0
9,krankenhaus-buchholz-und-winsen-ggmbh-krankenhaus-buchholz,krankenhaus-buchholz-und-winsen-ggmbh-krankenhaus-buchholz:231,231,1,0
3,krankenhaus-buchholz-und-winsen-ggmbh-krankenhaus-buchholz,krankenhaus-buchholz-und-winsen-ggmbh-krankenhaus-buchholz:235,235,1,0
10,krankenhaus-buchholz-und-winsen-ggmbh-krankenhaus-buchholz,krankenhaus-buchholz-und-winsen-ggmbh-krankenhaus-buchholz:238,238,1,0
2,krankenhaus-buchholz-und-winsen-ggmbh-krankenhaus-buchholz,krankenhaus-buchholz-und-winsen-ggmbh-krankenhaus-buchholz:239,239,1,0
5,krankenhaus-buchholz-und-winsen-ggmbh-krankenhaus-buchholz,krankenhaus-buchholz-und-winsen-ggmbh-krankenhaus-buchholz:240,240,1,0
1,krankenhaus-buchholz-und-winsen-ggmbh-krankenhaus-buchholz,krankenhaus-buchholz-und-winsen-ggmbh-krankenhaus-buchholz:241,241,1,0
19,krankenhaus-buchholz-und-winsen-ggmbh-krankenhaus-buchholz,krankenhaus-buchholz-und-winsen-ggmbh-krankenhaus-buchholz:243,243,1,0
13,krankenhaus-buchholz-und-winsen-ggmbh-krankenhaus-buchholz,krankenhaus-buchholz-und-winsen-ggmbh-krankenhaus-buchholz:244,244,1,0
5,krankenhaus-buchholz-und-winsen-ggmbh-krankenhaus-buchholz,krankenhaus-buchholz-und-winsen-ggmbh-krankenhaus-buchholz:245,245,1,0
13,krankenhaus-buchholz-und-winsen-ggmbh-krankenhaus-buchholz,krankenhaus-buchholz-und-winsen-ggmbh-krankenhaus-buchholz:246,246,1,0
17,krankenhaus-buchholz-und-winsen-ggmbh-krankenhaus-buchholz,krankenhaus-buchholz-und-winsen-ggmbh-krankenhaus-buchholz:249,249,1,0
9,krankenhaus-buchholz-und-winsen-ggmbh-krankenhaus-buchholz,krankenhaus-buchholz-und-winsen-ggmbh-krankenhaus-buchholz:250,250,1,0
0,krankenhaus-buchholz-und-winsen-ggmbh-krankenhaus-buchholz,krankenhaus-buchholz-und-winsen-ggmbh-krankenhaus-buchholz:254,254,1,0
1,krankenhaus-buchholz-und-winsen-ggmbh-krankenhaus-buchholz,krankenhaus-buchholz-und-winsen-ggmbh-krankenhaus-buchholz:255,255,2,0
5,krankenhaus-buchholz-und-winsen-ggmbh-krankenhaus-buchholz,krankenhaus-buchholz-und-winsen-ggmbh-krankenhaus-buchholz:257,257,1,0
2,krankenhaus-buchholz-und-winsen-ggmbh-krankenhaus-buchholz,krankenhaus-buchholz-und-winsen-ggmbh-krankenhaus-buchholz:258,258,1,0
1,krankenhaus-buchholz-und-winsen-ggmbh-krankenhaus-buchholz,krankenhaus-buchholz-und-winsen-ggmbh-krankenhaus-buchholz:259,259,1,0
11,krankenhaus-buchholz-und-winsen-ggmbh-krankenhaus-buchholz,krankenhaus-buchholz-und-winsen-ggmbh-krankenhaus-buchholz:260,260,1,0
3,krankenhaus-buchholz-und-winsen-ggmbh-krankenhaus-buchholz,krankenhaus-buchholz-und-winsen-ggmbh-krankenhaus-buchholz:261,261,1,0
7,krankenhaus-buchholz-und-winsen-ggmbh-krankenhaus-buchholz,krankenhaus-buchholz-und-winsen-ggmbh-krankenhaus-buchholz:262,262,1,0
3,krankenhaus-buchholz-und-winsen-ggmbh-krankenhaus-buchholz,krankenhaus-buchholz-und-winsen-ggmbh-krankenhaus-buchholz:264,264,1,0
8,krankenhaus-buchholz-und-winsen-ggmbh-krankenhaus-buchholz,krankenhaus-buchholz-und-winsen-ggmbh-krankenhaus-buchholz:265,265,1,0
18,krankenhaus-buchholz-und-winsen-ggmbh-krankenhaus-buchholz,krankenhaus-buchholz-und-winsen-ggmbh-krankenhaus-buchholz:267,267,1,0
2,krankenhaus-buchholz-und-winsen-ggmbh-krankenhaus-buchholz,krankenhaus-buchholz-und-winsen-ggmbh-krankenhaus-buchholz:269,269,1,0
2,krankenhaus-buchholz-und-winsen-ggmbh-krankenhaus-buchholz,krankenhaus-buchholz-und-winsen-ggmbh-krankenhaus-buchholz:270,270,1,0
15,krankenhaus-buchholz-und-winsen-ggmbh-krankenhaus-buchholz,krankenhaus-buchholz-und-winsen-ggmbh-krankenhaus-buchholz:271,271,1,0
9,krankenhaus-buchholz-und-winsen-ggmbh-krankenhaus-buchholz,krankenhaus-buchholz-und-winsen-ggmbh-krankenhaus-buchholz:276,276,1,0
5,krankenhaus-buchholz-und-winsen-ggmbh-krankenhaus-buchholz,krankenhaus-buchholz-und-winsen-ggmbh-krankenhaus-buchholz:281,281,1,0
3,krankenhaus-buchholz-und-winsen-ggmbh-krankenhaus-buchholz,krankenhaus-buchholz-und-winsen-ggmbh-krankenhaus-buchholz:283,283,1,0
15,krankenhaus-buchholz-und-winsen-ggmbh-krankenhaus-buchholz,krankenhaus-buchholz-und-winsen-ggmbh-krankenhaus-buchholz:288,288,1,0
6,krankenhaus-buchholz-und-winsen-ggmbh-krankenhaus-buchholz,krankenhaus-buchholz-und-winsen-ggmbh-krankenhaus-buchholz:291,291,1,0
1,krankenhaus-buchholz-und-winsen-ggmbh-krankenhaus-buchholz,krankenhaus-buchholz-und-winsen-ggmbh-krankenhaus-buchholz:295,295,1,0
9,krankenhaus-buchholz-und-winsen-ggmbh-krankenhaus-buchholz,krankenhaus-buchholz-und-winsen-ggmbh-krankenhaus-buchholz:297,297,1,0
4,krankenhaus-buchholz-und-winsen-ggmbh-krankenhaus-buchholz,krankenhaus-buchholz-und-winsen-ggmbh-krankenhaus-buchholz:299,299,1,0
4,krankenhaus-buchholz-und-winsen-ggmbh-krankenhaus-buchholz,krankenhaus-buchholz-und-winsen-ggmbh-krankenhaus-buchholz:301,301,1,0
7,krankenhaus-buchholz-und-winsen-ggmbh-krankenhaus-buchholz,krankenhaus-buchholz-und-winsen-ggmbh-krankenhaus-buchholz:302,302,1,0
11,krankenhaus-buchholz-und-winsen-ggmbh-krankenhaus-buchholz,krankenhaus-buchholz-und-winsen-ggmbh-krankenhaus-buchholz:303,303,1,0
7,krankenhaus-buchholz-und-winsen-ggmbh-krankenhaus-buchholz,krankenhaus-buchholz-und-winsen-ggmbh-krankenhaus-buchholz:306,306,1,0
1,krankenhaus-buchholz-und-winsen-ggmbh-krankenhaus-buchholz,krankenhaus-buchholz-und-winsen-ggmbh-krankenhaus-buchholz:308,308,1,0
5,krankenhaus-buchholz-und-winsen-ggmbh-krankenhaus-buchholz,krankenhaus-buchholz-und-winsen-ggmbh-krankenhaus-buchholz:309,309,1,0
5,krankenhaus-buchholz-und-winsen-ggmbh-krankenhaus-buchholz,krankenhaus-buchholz-und-winsen-ggmbh-krankenhaus-buchholz:312,312,1,0
0,krankenhaus-buchholz-und-winsen-ggmbh-krankenhaus-buchholz,krankenhaus-buchholz-und-winsen-ggmbh-krankenhaus-buchholz:313,313,1,0
4,krankenhaus-buchholz-und-winsen-ggmbh-krankenhaus-buchholz,krankenhaus-buchholz-und-winsen-ggmbh-krankenhaus-buchholz:314,314,1,0
0,krankenhaus-buchholz-und-winsen-ggmbh-krankenhaus-buchholz,krankenhaus-buchholz-und-winsen-ggmbh-krankenhaus-buchholz:315,315,1,0
2,krankenhaus-buchholz-und-winsen-ggmbh-krankenhaus-buchholz,krankenhaus-buchholz-und-winsen-ggmbh-krankenhaus-buchholz:320,320,1,0
2,krankenhaus-buchholz-und-winsen-ggmbh-krankenhaus-buchholz,krankenhaus-buchholz-und-winsen-ggmbh-krankenhaus-buchholz:321,321,1,0
2,krankenhaus-buchholz-und-winsen-ggmbh-krankenhaus-buchholz,krankenhaus-buchholz-und-winsen-ggmbh-krankenhaus-buchholz:330,330,1,0
11,krankenhaus-buchholz-und-winsen-ggmbh-krankenhaus-buchholz,krankenhaus-buchholz-und-winsen-ggmbh-krankenhaus-buchholz:331,331,1,0
1,krankenhaus-buchholz-und-winsen-ggmbh-krankenhaus-buchholz,krankenhaus-buchholz-und-winsen-ggmbh-krankenhaus-buchholz:336,336,1,0
5,krankenhaus-buchholz-und-winsen-ggmbh-krankenhaus-buchholz,krankenhaus-buchholz-und-winsen-ggmbh-krankenhaus-buchholz:338,338,1,0
0,krankenhaus-buchholz-und-winsen-ggmbh-krankenhaus-buchholz,krankenhaus-buchholz-und-winsen-ggmbh-krankenhaus-buchholz:339,339,1,0
2,krankenhaus-buchholz-und-winsen-ggmbh-krankenhaus-buchholz,krankenhaus-buchholz-und-winsen-ggmbh-krankenhaus-buchholz:340,340,1,0
9,krankenhaus-buchholz-und-winsen-ggmbh-krankenhaus-buchholz,krankenhaus-buchholz-und-winsen-ggmbh-krankenhaus-buchholz:341,341,1,0
5,krankenhaus-buchholz-und-winsen-ggmbh-krankenhaus-buchholz,krankenhaus-buchholz-und-winsen-ggmbh-krankenhaus-buchholz:344,344,1,0
0,krankenhaus-buchholz-und-winsen-ggmbh-krankenhaus-buchholz,krankenhaus-buchholz-und-winsen-ggmbh-krankenhaus-buchholz:345,345,2,0
4,krankenhaus-buchholz-und-winsen-ggmbh-krankenhaus-buchholz,krankenhaus-buchholz-und-winsen-ggmbh-krankenhaus-buchholz:348,348,1,0
0,krankenhaus-buchholz-und-winsen-ggmbh-krankenhaus-buchholz,krankenhaus-buchholz-und-winsen-ggmbh-krankenhaus-buchholz:349,349,2,0
1,krankenhaus-buchholz-und-winsen-ggmbh-krankenhaus-buchholz,krankenhaus-buchholz-und-winsen-ggmbh-krankenhaus-buchholz:353,353,1,0
0,krankenhaus-buchholz-und-winsen-ggmbh-krankenhaus-buchholz,krankenhaus-buchholz-und-winsen-ggmbh-krankenhaus-buchholz:354,354,1,0
1,krankenhaus-buchholz-und-winsen-ggmbh-krankenhaus-buchholz,krankenhaus-buchholz-und-winsen-ggmbh-krankenhaus-buchholz:357,357,1,0
0,krankenhaus-buchholz-und-winsen-ggmbh-krankenhaus-buchholz,krankenhaus-buchholz-und-winsen-ggmbh-krankenhaus-buchholz:360,360,1,0
0,krankenhaus-buchholz-und-winsen-ggmbh-krankenhaus-buchholz,krankenhaus-buchholz-und-winsen-ggmbh-krankenhaus-buchholz:362,362,1,0
0,krankenhaus-buchholz-und-winsen-ggmbh-krankenhaus-buchholz,krankenhaus-buchholz-und-winsen-ggmbh-krankenhaus-buchholz:363,363,1,0
1,krankenhaus-buchholz-und-winsen-ggmbh-krankenhaus-buchholz,krankenhaus-buchholz-und-winsen-ggmbh-krankenhaus-buchholz:364,364,1,0
6,krankenhaus-buchholz-und-winsen-ggmbh-krankenhaus-buchholz,krankenhaus-buchholz-und-winsen-ggmbh-krankenhaus-buchholz:367,367,1,0
5,krankenhaus-buchholz-und-winsen-ggmbh-krankenhaus-buchholz,krankenhaus-buchholz-und-winsen-ggmbh-krankenhaus-buchholz:368,368,2,0
0,krankenhaus-buchholz-und-winsen-ggmbh-krankenhaus-buchholz,krankenhaus-buchholz-und-winsen-ggmbh-krankenhaus-buchholz:371,371,1,0
0,krankenhaus-buchholz-und-winsen-ggmbh-krankenhaus-buchholz,krankenhaus-buchholz-und-winsen-ggmbh-krankenhaus-buchholz:374,374,2,0
0,krankenhaus-buchholz-und-winsen-ggmbh-krankenhaus-buchholz,krankenhaus-buchholz-und-winsen-ggmbh-krankenhaus-buchholz:375,375,1,0
6,krankenhaus-buchholz-und-winsen-ggmbh-krankenhaus-buchholz,krankenhaus-buchholz-und-winsen-ggmbh-krankenhaus-buchholz:378,378,1,0
0,krankenhaus-buchholz-und-winsen-ggmbh-krankenhaus-buchholz,krankenhaus-buchholz-und-winsen-ggmbh-krankenhaus-buchholz:380,380,1,0
1,krankenhaus-buchholz-und-winsen-ggmbh-krankenhaus-buchholz,krankenhaus-buchholz-und-winsen-ggmbh-krankenhaus-buchholz:382,382,1,0
7,krankenhaus-buchholz-und-winsen-ggmbh-krankenhaus-buchholz,krankenhaus-buchholz-und-winsen-ggmbh-krankenhaus-buchholz:383,383,1,0
3,krankenhaus-buchholz-und-winsen-ggmbh-krankenhaus-buchholz,krankenhaus-buchholz-und-winsen-ggmbh-krankenhaus-buchholz:385,385,1,0
2,krankenhaus-buchholz-und-winsen-ggmbh-krankenhaus-buchholz,krankenhaus-buchholz-und-winsen-ggmbh-krankenhaus-buchholz:389,389,1,0
1,krankenhaus-buchholz-und-winsen-ggmbh-krankenhaus-buchholz,krankenhaus-buchholz-und-winsen-ggmbh-krankenhaus-buchholz:394,394,1,0
1,krankenhaus-buchholz-und-winsen-ggmbh-krankenhaus-buchholz,krankenhaus-buchholz-und-winsen-ggmbh-krankenhaus-buchholz:395,395,1,0
1,krankenhaus-buchholz-und-winsen-ggmbh-krankenhaus-buchholz,krankenhaus-buchholz-und-winsen-ggmbh-krankenhaus-buchholz:396,396,1,0
0,krankenhaus-buchholz-und-winsen-ggmbh-krankenhaus-buchholz,krankenhaus-buchholz-und-winsen-ggmbh-krankenhaus-buchholz:397,397,1,0
2,krankenhaus-buchholz-und-winsen-ggmbh-krankenhaus-buchholz,krankenhaus-buchholz-und-winsen-ggmbh-krankenhaus-buchholz:398,398,1,0
1,krankenhaus-buchholz-und-winsen-ggmbh-krankenhaus-buchholz,krankenhaus-buchholz-und-winsen-ggmbh-krankenhaus-buchholz:401,401,2,0
6,krankenhaus-buchholz-und-winsen-ggmbh-krankenhaus-buchholz,krankenhaus-buchholz-und-winsen-ggmbh-krankenhaus-buchholz:403,403,1,0
0,krankenhaus-buchholz-und-winsen-ggmbh-krankenhaus-buchholz,krankenhaus-buchholz-und-winsen-ggmbh-krankenhaus-buchholz:405,405,1,0
0,krankenhaus-buchholz-und-winsen-ggmbh-krankenhaus-buchholz,krankenhaus-buchholz-und-winsen-ggmbh-krankenhaus-buchholz:406,406,1,0
0,krankenhaus-buchholz-und-winsen-ggmbh-krankenhaus-buchholz,krankenhaus-buchholz-und-winsen-ggmbh-krankenhaus-buchholz:409,409,1,0
0,krankenhaus-buchholz-und-winsen-ggmbh-krankenhaus-buchholz,krankenhaus-buchholz-und-winsen-ggmbh-krankenhaus-buchholz:413,413,1,0
0,krankenhaus-buchholz-und-winsen-ggmbh-krankenhaus-buchholz,krankenhaus-buchholz-und-winsen-ggmbh-krankenhaus-buchholz:414,414,1,0
0,krankenhaus-buchholz-und-winsen-ggmbh-krankenhaus-buchholz,krankenhaus-buchholz-und-winsen-ggmbh-krankenhaus-buchholz:415,415,1,0
0,krankenhaus-buchholz-und-winsen-ggmbh-krankenhaus-buchholz,krankenhaus-buchholz-und-winsen-ggmbh-krankenhaus-buchholz:416,416,1,0
0,krankenhaus-buchholz-und-winsen-ggmbh-krankenhaus-buchholz,krankenhaus-buchholz-und-winsen-ggmbh-krankenhaus-buchholz:418,418,1,0
0,krankenhaus-buchholz-und-winsen-ggmbh-krankenhaus-buchholz,krankenhaus-buchholz-und-winsen-ggmbh-krankenhaus-buchholz:419,419,1,0
0,krankenhaus-buchholz-und-winsen-ggmbh-krankenhaus-buchholz,krankenhaus-buchholz-und-winsen-ggmbh-krankenhaus-buchholz:420,420,1,0
0,krankenhaus-buchholz-und-winsen-ggmbh-krankenhaus-buchholz,krankenhaus-buchholz-und-winsen-ggmbh-krankenhaus-buchholz:421,421,1,0
0,krankenhaus-buchholz-und-winsen-ggmbh-krankenhaus-buchholz,krankenhaus-buchholz-und-winsen-ggmbh-krankenhaus-buchholz:422,422,2,0
0,krankenhaus-buchholz-und-winsen-ggmbh-krankenhaus-buchholz,krankenhaus-buchholz-und-winsen-ggmbh-krankenhaus-buchholz:423,423,1,0
0,krankenhaus-buchholz-und-winsen-ggmbh-krankenhaus-buchholz,krankenhaus-buchholz-und-winsen-ggmbh-krankenhaus-buchholz:424,424,1,0
2,krankenhaus-buchholz-und-winsen-ggmbh-krankenhaus-buchholz,krankenhaus-buchholz-und-winsen-ggmbh-krankenhaus-buchholz:425,425,2,0
0,krankenhaus-buchholz-und-winsen-ggmbh-krankenhaus-winsen,krankenhaus-buchholz-und-winsen-ggmbh-krankenhaus-winsen:12,12,1,0
0,krankenhaus-buchholz-und-winsen-ggmbh-krankenhaus-winsen,krankenhaus-buchholz-und-winsen-ggmbh-krankenhaus-winsen:16,16,2,0
0,krankenhaus-buchholz-und-winsen-ggmbh-krankenhaus-winsen,krankenhaus-buchholz-und-winsen-ggmbh-krankenhaus-winsen:17,17,2,0
0,krankenhaus-buchholz-und-winsen-ggmbh-krankenhaus-winsen,krankenhaus-buchholz-und-winsen-ggmbh-krankenhaus-winsen:20,20,1,0
0,krankenhaus-buchholz-und-winsen-ggmbh-krankenhaus-winsen,krankenhaus-buchholz-und-winsen-ggmbh-krankenhaus-winsen:21,21,1,0
0,krankenhaus-buchholz-und-winsen-ggmbh-krankenhaus-winsen,krankenhaus-buchholz-und-winsen-ggmbh-krankenhaus-winsen:22,22,1,0
0,krankenhaus-buchholz-und-winsen-ggmbh-krankenhaus-winsen,krankenhaus-buchholz-und-winsen-ggmbh-krankenhaus-winsen:31,31,1,0
0,krankenhaus-buchholz-und-winsen-ggmbh-krankenhaus-winsen,krankenhaus-buchholz-und-winsen-ggmbh-krankenhaus-winsen:39,39,2,0
1,krankenhaus-buchholz-und-winsen-ggmbh-krankenhaus-winsen,krankenhaus-buchholz-und-winsen-ggmbh-krankenhaus-winsen:43,43,1,0
0,krankenhaus-buchholz-und-winsen-ggmbh-krankenhaus-winsen,krankenhaus-buchholz-und-winsen-ggmbh-krankenhaus-winsen:44,44,1,0
9,krankenhaus-buchholz-und-winsen-ggmbh-krankenhaus-winsen,krankenhaus-buchholz-und-winsen-ggmbh-krankenhaus-winsen:48,48,1,0
0,krankenhaus-buchholz-und-winsen-ggmbh-krankenhaus-winsen,krankenhaus-buchholz-und-winsen-ggmbh-krankenhaus-winsen:49,49,1,0
6,krankenhaus-buchholz-und-winsen-ggmbh-krankenhaus-winsen,krankenhaus-buchholz-und-winsen-ggmbh-krankenhaus-winsen:53,53,1,0
2,krankenhaus-buchholz-und-winsen-ggmbh-krankenhaus-winsen,krankenhaus-buchholz-und-winsen-ggmbh-krankenhaus-winsen:56,56,1,0
4,krankenhaus-buchholz-und-winsen-ggmbh-krankenhaus-winsen,krankenhaus-buchholz-und-winsen-ggmbh-krankenhaus-winsen:61,61,1,0
26,krankenhaus-buchholz-und-winsen-ggmbh-krankenhaus-winsen,krankenhaus-buchholz-und-winsen-ggmbh-krankenhaus-winsen:65,65,1,0
0,krankenhaus-buchholz-und-winsen-ggmbh-krankenhaus-winsen,krankenhaus-buchholz-und-winsen-ggmbh-krankenhaus-winsen:66,66,1,0
2,krankenhaus-buchholz-und-winsen-ggmbh-krankenhaus-winsen,krankenhaus-buchholz-und-winsen-ggmbh-krankenhaus-winsen:69,69,1,0
8,krankenhaus-buchholz-und-winsen-ggmbh-krankenhaus-winsen,krankenhaus-buchholz-und-winsen-ggmbh-krankenhaus-winsen:71,71,1,0
6,krankenhaus-buchholz-und-winsen-ggmbh-krankenhaus-winsen,krankenhaus-buchholz-und-winsen-ggmbh-krankenhaus-winsen:73,73,1,0
11,krankenhaus-buchholz-und-winsen-ggmbh-krankenhaus-winsen,krankenhaus-buchholz-und-winsen-ggmbh-krankenhaus-winsen:74,74,1,0
4,krankenhaus-buchholz-und-winsen-ggmbh-krankenhaus-winsen,krankenhaus-buchholz-und-winsen-ggmbh-krankenhaus-winsen:82,82,2,0
0,krankenhaus-buchholz-und-winsen-ggmbh-krankenhaus-winsen,krankenhaus-buchholz-und-winsen-ggmbh-krankenhaus-winsen:84,84,2,0
4,krankenhaus-buchholz-und-winsen-ggmbh-krankenhaus-winsen,krankenhaus-buchholz-und-winsen-ggmbh-krankenhaus-winsen:85,85,2,0
9,krankenhaus-buchholz-und-winsen-ggmbh-krankenhaus-winsen,krankenhaus-buchholz-und-winsen-ggmbh-krankenhaus-winsen:87,87,1,0
6,krankenhaus-buchholz-und-winsen-ggmbh-krankenhaus-winsen,krankenhaus-buchholz-und-winsen-ggmbh-krankenhaus-winsen:88,88,1,0
7,krankenhaus-buchholz-und-winsen-ggmbh-krankenhaus-winsen,krankenhaus-buchholz-und-winsen-ggmbh-krankenhaus-winsen:90,90,1,0
18,krankenhaus-buchholz-und-winsen-ggmbh-krankenhaus-winsen,krankenhaus-buchholz-und-winsen-ggmbh-krankenhaus-winsen:91,91,1,0
7,krankenhaus-buchholz-und-winsen-ggmbh-krankenhaus-winsen,krankenhaus-buchholz-und-winsen-ggmbh-krankenhaus-winsen:93,93,1,0
11,krankenhaus-buchholz-und-winsen-ggmbh-krankenhaus-winsen,krankenhaus-buchholz-und-winsen-ggmbh-krankenhaus-winsen:100,100,1,0
5,krankenhaus-buchholz-und-winsen-ggmbh-krankenhaus-winsen,krankenhaus-buchholz-und-winsen-ggmbh-krankenhaus-winsen:101,101,1,0
9,krankenhaus-buchholz-und-winsen-ggmbh-krankenhaus-winsen,krankenhaus-buchholz-und-winsen-ggmbh-krankenhaus-winsen:107,107,1,0
16,krankenhaus-buchholz-und-winsen-ggmbh-krankenhaus-winsen,krankenhaus-buchholz-und-winsen-ggmbh-krankenhaus-winsen:108,108,1,0
14,krankenhaus-buchholz-und-winsen-ggmbh-krankenhaus-winsen,krankenhaus-buchholz-und-winsen-ggmbh-krankenhaus-winsen:111,111,1,0
14,krankenhaus-buchholz-und-winsen-ggmbh-krankenhaus-winsen,krankenhaus-buchholz-und-winsen-ggmbh-krankenhaus-winsen:112,112,1,0
7,krankenhaus-buchholz-und-winsen-ggmbh-krankenhaus-winsen,krankenhaus-buchholz-und-winsen-ggmbh-krankenhaus-winsen:115,115,1,0
9,krankenhaus-buchholz-und-winsen-ggmbh-krankenhaus-winsen,krankenhaus-buchholz-und-winsen-ggmbh-krankenhaus-winsen:119,119,1,0
10,krankenhaus-buchholz-und-winsen-ggmbh-krankenhaus-winsen,krankenhaus-buchholz-und-winsen-ggmbh-krankenhaus-winsen:120,120,1,0
13,krankenhaus-buchholz-und-winsen-ggmbh-krankenhaus-winsen,krankenhaus-buchholz-und-winsen-ggmbh-krankenhaus-winsen:128,128,1,0
17,krankenhaus-buchholz-und-winsen-ggmbh-krankenhaus-winsen,krankenhaus-buchholz-und-winsen-ggmbh-krankenhaus-winsen:129,129,2,0
2,krankenhaus-buchholz-und-winsen-ggmbh-krankenhaus-winsen,krankenhaus-buchholz-und-winsen-ggmbh-krankenhaus-winsen:132,132,1,0
7,krankenhaus-buchholz-und-winsen-ggmbh-krankenhaus-winsen,krankenhaus-buchholz-und-winsen-ggmbh-krankenhaus-winsen:135,135,1,0
10,krankenhaus-buchholz-und-winsen-ggmbh-krankenhaus-winsen,krankenhaus-buchholz-und-winsen-ggmbh-krankenhaus-winsen:137,137,1,0
14,krankenhaus-buchholz-und-winsen-ggmbh-krankenhaus-winsen,krankenhaus-buchholz-und-winsen-ggmbh-krankenhaus-winsen:138,138,1,0
25,krankenhaus-buchholz-und-winsen-ggmbh-krankenhaus-winsen,krankenhaus-buchholz-und-winsen-ggmbh-krankenhaus-winsen:140,140,1,0
3,krankenhaus-buchholz-und-winsen-ggmbh-krankenhaus-winsen,krankenhaus-buchholz-und-winsen-ggmbh-krankenhaus-winsen:145,145,2,0
14,krankenhaus-buchholz-und-winsen-ggmbh-krankenhaus-winsen,krankenhaus-buchholz-und-winsen-ggmbh-krankenhaus-winsen:150,150,1,0
4,krankenhaus-buchholz-und-winsen-ggmbh-krankenhaus-winsen,krankenhaus-buchholz-und-winsen-ggmbh-krankenhaus-winsen:154,154,1,0
11,krankenhaus-buchholz-und-winsen-ggmbh-krankenhaus-winsen,krankenhaus-buchholz-und-winsen-ggmbh-krankenhaus-winsen:155,155,1,0
2,krankenhaus-buchholz-und-winsen-ggmbh-krankenhaus-winsen,krankenhaus-buchholz-und-winsen-ggmbh-krankenhaus-winsen:163,163,1,0
5,krankenhaus-buchholz-und-winsen-ggmbh-krankenhaus-winsen,krankenhaus-buchholz-und-winsen-ggmbh-krankenhaus-winsen:164,164,1,0
9,krankenhaus-buchholz-und-winsen-ggmbh-krankenhaus-winsen,krankenhaus-buchholz-und-winsen-ggmbh-krankenhaus-winsen:165,165,1,0
10,krankenhaus-buchholz-und-winsen-ggmbh-krankenhaus-winsen,krankenhaus-buchholz-und-winsen-ggmbh-krankenhaus-winsen:170,170,1,0
9,krankenhaus-buchholz-und-winsen-ggmbh-krankenhaus-winsen,krankenhaus-buchholz-und-winsen-ggmbh-krankenhaus-winsen:171,171,1,0
8,krankenhaus-buchholz-und-winsen-ggmbh-krankenhaus-winsen,krankenhaus-buchholz-und-winsen-ggmbh-krankenhaus-winsen:174,174,1,0
11,krankenhaus-buchholz-und-winsen-ggmbh-krankenhaus-winsen,krankenhaus-buchholz-und-winsen-ggmbh-krankenhaus-winsen:176,176,1,0
3,krankenhaus-buchholz-und-winsen-ggmbh-krankenhaus-winsen,krankenhaus-buchholz-und-winsen-ggmbh-krankenhaus-winsen:177,177,1,0
0,krankenhaus-buchholz-und-winsen-ggmbh-krankenhaus-winsen,krankenhaus-buchholz-und-winsen-ggmbh-krankenhaus-winsen:179,179,2,0
7,krankenhaus-buchholz-und-winsen-ggmbh-krankenhaus-winsen,krankenhaus-buchholz-und-winsen-ggmbh-krankenhaus-winsen:180,180,2,0
3,krankenhaus-buchholz-und-winsen-ggmbh-krankenhaus-winsen,krankenhaus-buchholz-und-winsen-ggmbh-krankenhaus-winsen:184,184,1,0
11,krankenhaus-buchholz-und-winsen-ggmbh-krankenhaus-winsen,krankenhaus-buchholz-und-winsen-ggmbh-krankenhaus-winsen:185,185,1,0
0,krankenhaus-buchholz-und-winsen-ggmbh-krankenhaus-winsen,krankenhaus-buchholz-und-winsen-ggmbh-krankenhaus-winsen:188,188,1,0
6,krankenhaus-buchholz-und-winsen-ggmbh-krankenhaus-winsen,krankenhaus-buchholz-und-winsen-ggmbh-krankenhaus-winsen:189,189,1,0
12,krankenhaus-buchholz-und-winsen-ggmbh-krankenhaus-winsen,krankenhaus-buchholz-und-winsen-ggmbh-krankenhaus-winsen:191,191,1,0
3,krankenhaus-buchholz-und-winsen-ggmbh-krankenhaus-winsen,krankenhaus-buchholz-und-winsen-ggmbh-krankenhaus-winsen:193,193,1,0
4,krankenhaus-buchholz-und-winsen-ggmbh-krankenhaus-winsen,krankenhaus-buchholz-und-winsen-ggmbh-krankenhaus-winsen:196,196,1,0
13,krankenhaus-buchholz-und-winsen-ggmbh-krankenhaus-winsen,krankenhaus-buchholz-und-winsen-ggmbh-krankenhaus-winsen:200,200,1,0
2,krankenhaus-buchholz-und-winsen-ggmbh-krankenhaus-winsen,krankenhaus-buchholz-und-winsen-ggmbh-krankenhaus-winsen:204,204,1,0
11,krankenhaus-buchholz-und-winsen-ggmbh-krankenhaus-winsen,krankenhaus-buchholz-und-winsen-ggmbh-krankenhaus-winsen:207,207,1,0
1,krankenhaus-buchholz-und-winsen-ggmbh-krankenhaus-winsen,krankenhaus-buchholz-und-winsen-ggmbh-krankenhaus-winsen:210,210,2,0
7,krankenhaus-buchholz-und-winsen-ggmbh-krankenhaus-winsen,krankenhaus-buchholz-und-winsen-ggmbh-krankenhaus-winsen:217,217,1,0
5,krankenhaus-buchholz-und-winsen-ggmbh-krankenhaus-winsen,krankenhaus-buchholz-und-winsen-ggmbh-krankenhaus-winsen:218,218,1,0
16,krankenhaus-buchholz-und-winsen-ggmbh-krankenhaus-winsen,krankenhaus-buchholz-und-winsen-ggmbh-krankenhaus-winsen:227,227,1,0
9,krankenhaus-buchholz-und-winsen-ggmbh-krankenhaus-winsen,krankenhaus-buchholz-und-winsen-ggmbh-krankenhaus-winsen:230,230,1,0
9,krankenhaus-buchholz-und-winsen-ggmbh-krankenhaus-winsen,krankenhaus-buchholz-und-winsen-ggmbh-krankenhaus-winsen:232,232,1,0
8,krankenhaus-buchholz-und-winsen-ggmbh-krankenhaus-winsen,krankenhaus-buchholz-und-winsen-ggmbh-krankenhaus-winsen:240,240,1,0
1,krankenhaus-buchholz-und-winsen-ggmbh-krankenhaus-winsen,krankenhaus-buchholz-und-winsen-ggmbh-krankenhaus-winsen:242,242,1,0
1,krankenhaus-buchholz-und-winsen-ggmbh-krankenhaus-winsen,krankenhaus-buchholz-und-winsen-ggmbh-krankenhaus-winsen:244,244,1,0
3,krankenhaus-buchholz-und-winsen-ggmbh-krankenhaus-winsen,krankenhaus-buchholz-und-winsen-ggmbh-krankenhaus-winsen:250,250,1,0
15,krankenhaus-buchholz-und-winsen-ggmbh-krankenhaus-winsen,krankenhaus-buchholz-und-winsen-ggmbh-krankenhaus-winsen:251,251,1,0
2,krankenhaus-buchholz-und-winsen-ggmbh-krankenhaus-winsen,krankenhaus-buchholz-und-winsen-ggmbh-krankenhaus-winsen:252,252,1,0
6,krankenhaus-buchholz-und-winsen-ggmbh-krankenhaus-winsen,krankenhaus-buchholz-und-winsen-ggmbh-krankenhaus-winsen:253,253,1,0
1,krankenhaus-buchholz-und-winsen-ggmbh-krankenhaus-winsen,krankenhaus-buchholz-und-winsen-ggmbh-krankenhaus-winsen:258,258,1,0
1,krankenhaus-buchholz-und-winsen-ggmbh-krankenhaus-winsen,krankenhaus-buchholz-und-winsen-ggmbh-krankenhaus-winsen:260,260,2,0
2,krankenhaus-buchholz-und-winsen-ggmbh-krankenhaus-winsen,krankenhaus-buchholz-und-winsen-ggmbh-krankenhaus-winsen:263,263,1,0
3,krankenhaus-buchholz-und-winsen-ggmbh-krankenhaus-winsen,krankenhaus-buchholz-und-winsen-ggmbh-krankenhaus-winsen:268,268,1,0
2,krankenhaus-buchholz-und-winsen-ggmbh-krankenhaus-winsen,krankenhaus-buchholz-und-winsen-ggmbh-krankenhaus-winsen:271,271,1,0
12,krankenhaus-buchholz-und-winsen-ggmbh-krankenhaus-winsen,krankenhaus-buchholz-und-winsen-ggmbh-krankenhaus-winsen:273,273,1,0
7,krankenhaus-buchholz-und-winsen-ggmbh-krankenhaus-winsen,krankenhaus-buchholz-und-winsen-ggmbh-krankenhaus-winsen:274,274,1,0
14,krankenhaus-buchholz-und-winsen-ggmbh-krankenhaus-winsen,krankenhaus-buchholz-und-winsen-ggmbh-krankenhaus-winsen:276,276,1,0
14,krankenhaus-buchholz-und-winsen-ggmbh-krankenhaus-winsen,krankenhaus-buchholz-und-winsen-ggmbh-krankenhaus-winsen:277,277,1,0
2,krankenhaus-buchholz-und-winsen-ggmbh-krankenhaus-winsen,krankenhaus-buchholz-und-winsen-ggmbh-krankenhaus-winsen:281,281,1,0
3,krankenhaus-buchholz-und-winsen-ggmbh-krankenhaus-winsen,krankenhaus-buchholz-und-winsen-ggmbh-krankenhaus-winsen:283,283,2,0
3,krankenhaus-buchholz-und-winsen-ggmbh-krankenhaus-winsen,krankenhaus-buchholz-und-winsen-ggmbh-krankenhaus-winsen:290,290,1,0
8,krankenhaus-buchholz-und-winsen-ggmbh-krankenhaus-winsen,krankenhaus-buchholz-und-winsen-ggmbh-krankenhaus-winsen:294,294,1,0
0,krankenhaus-buchholz-und-winsen-ggmbh-krankenhaus-winsen,krankenhaus-buchholz-und-winsen-ggmbh-krankenhaus-winsen:295,295,1,0
7,krankenhaus-buchholz-und-winsen-ggmbh-krankenhaus-winsen,krankenhaus-buchholz-und-winsen-ggmbh-krankenhaus-winsen:300,300,1,0
12,krankenhaus-buchholz-und-winsen-ggmbh-krankenhaus-winsen,krankenhaus-buchholz-und-winsen-ggmbh-krankenhaus-winsen:301,301,1,0
2,krankenhaus-buchholz-und-winsen-ggmbh-krankenhaus-winsen,krankenhaus-buchholz-und-winsen-ggmbh-krankenhaus-winsen:304,304,1,0
12,krankenhaus-buchholz-und-winsen-ggmbh-krankenhaus-winsen,krankenhaus-buchholz-und-winsen-ggmbh-krankenhaus-winsen:310,310,1,0
0,krankenhaus-buchholz-und-winsen-ggmbh-krankenhaus-winsen,krankenhaus-buchholz-und-winsen-ggmbh-krankenhaus-winsen:311,311,1,0
2,krankenhaus-buchholz-und-winsen-ggmbh-krankenhaus-winsen,krankenhaus-buchholz-und-winsen-ggmbh-krankenhaus-winsen:320,320,1,0
10,krankenhaus-buchholz-und-winsen-ggmbh-krankenhaus-winsen,krankenhaus-buchholz-und-winsen-ggmbh-krankenhaus-winsen:329,329,1,0
1,krankenhaus-buchholz-und-winsen-ggmbh-krankenhaus-winsen,krankenhaus-buchholz-und-winsen-ggmbh-krankenhaus-winsen:330,330,1,0
9,krankenhaus-buchholz-und-winsen-ggmbh-krankenhaus-winsen,krankenhaus-buchholz-und-winsen-ggmbh-krankenhaus-winsen:332,332,1,0
0,krankenhaus-buchholz-und-winsen-ggmbh-krankenhaus-winsen,krankenhaus-buchholz-und-winsen-ggmbh-krankenhaus-winsen:335,335,2,0
0,krankenhaus-buchholz-und-winsen-ggmbh-krankenhaus-winsen,krankenhaus-buchholz-und-winsen-ggmbh-krankenhaus-winsen:336,336,1,0
0,krankenhaus-buchholz-und-winsen-ggmbh-krankenhaus-winsen,krankenhaus-buchholz-und-winsen-ggmbh-krankenhaus-winsen:337,337,2,0
0,krankenhaus-buchholz-und-winsen-ggmbh-krankenhaus-winsen,krankenhaus-buchholz-und-winsen-ggmbh-krankenhaus-winsen:338,338,1,0
0,krankenhaus-buchholz-und-winsen-ggmbh-krankenhaus-winsen,krankenhaus-buchholz-und-winsen-ggmbh-krankenhaus-winsen:339,339,1,0
0,krankenhaus-buchholz-und-winsen-ggmbh-krankenhaus-winsen,krankenhaus-buchholz-und-winsen-ggmbh-krankenhaus-winsen:342,342,1,0
0,krankenhaus-buchholz-und-winsen-ggmbh-krankenhaus-winsen,krankenhaus-buchholz-und-winsen-ggmbh-krankenhaus-winsen:343,343,1,0
0,krankenhaus-buchholz-und-winsen-ggmbh-krankenhaus-winsen,krankenhaus-buchholz-und-winsen-ggmbh-krankenhaus-winsen:351,351,1,0
1,krankenhaus-ginsterhof,krankenhaus-ginsterhof:1,1,1,0
57,krankenhaus-ginsterhof,krankenhaus-ginsterhof:24,24,1,0
1,krankenhaus-ginsterhof,krankenhaus-ginsterhof:36,36,1,0
2,krankenhaus-ginsterhof,krankenhaus-ginsterhof:42,42,1,0
2,krankenhaus-ginsterhof,krankenhaus-ginsterhof:43,43,1,0
1,krankenhaus-ginsterhof,krankenhaus-ginsterhof:44,44,1,0
0,krankenhaus-johanneum,krankenhaus-johanneum:2,2,1,0
0,krankenhaus-johanneum,krankenhaus-johanneum:9,9,1,0
0,krankenhaus-johanneum,krankenhaus-johanneum:10,10,1,0
0,krankenhaus-johanneum,krankenhaus-johanneum:19,19,1,0
0,krankenhaus-johanneum,krankenhaus-johanneum:20,20,1,0
0,krankenhaus-johanneum,krankenhaus-johanneum:21,21,1,0
0,krankenhaus-johanneum,krankenhaus-johanneum:22,22,1,0
1,krankenhaus-johanneum,krankenhaus-johanneum:24,24,1,0
0,krankenhaus-johanneum,krankenhaus-johanneum:27,27,1,0
0,krankenhaus-johanneum,krankenhaus-johanneum:32,32,2,0
0,krankenhaus-johanneum,krankenhaus-johanneum:39,39,2,0
1,krankenhaus-johanneum,krankenhaus-johanneum:45,45,1,0
0,krankenhaus-johanneum,krankenhaus-johanneum:50,50,1,0
0,krankenhaus-johanneum,krankenhaus-johanneum:55,55,1,0
4,krankenhaus-johanneum,krankenhaus-johanneum:56,56,1,0
0,krankenhaus-johanneum,krankenhaus-johanneum:58,58,1,0
0,krankenhaus-johanneum,krankenhaus-johanneum:60,60,1,0
0,krankenhaus-johanneum,krankenhaus-johanneum:73,73,1,0
4,krankenhaus-johanneum,krankenhaus-johanneum:79,79,1,0
4,krankenhaus-johanneum,krankenhaus-johanneum:81,81,1,0
3,krankenhaus-johanneum,krankenhaus-johanneum:87,87,2,0
1,krankenhaus-johanneum,krankenhaus-johanneum:88,88,1,0
6,krankenhaus-johanneum,krankenhaus-johanneum:90,90,1,0
11,krankenhaus-johanneum,krankenhaus-johanneum:91,91,1,0
2,krankenhaus-johanneum,krankenhaus-johanneum:92,92,1,0
6,krankenhaus-johanneum,krankenhaus-johanneum:94,94,1,0
8,krankenhaus-johanneum,krankenhaus-johanneum:96,96,1,0
8,krankenhaus-johanneum,krankenhaus-johanneum:98,98,1,0
2,krankenhaus-johanneum,krankenhaus-johanneum:100,100,2,0
6,krankenhaus-johanneum,krankenhaus-johanneum:102,102,1,0
1,krankenhaus-johanneum,krankenhaus-johanneum:103,103,2,0
7,krankenhaus-johanneum,krankenhaus-johanneum:106,106,1,0
0,krankenhaus-johanneum,krankenhaus-johanneum:108,108,2,0
10,krankenhaus-johanneum,krankenhaus-johanneum:109,109,1,0
7,krankenhaus-johanneum,krankenhaus-johanneum:113,113,2,0
3,krankenhaus-johanneum,krankenhaus-johanneum:114,114,1,0
7,krankenhaus-johanneum,krankenhaus-johanneum:115,115,1,0
3,krankenhaus-johanneum,krankenhaus-johanneum:122,122,2,0
4,krankenhaus-johanneum,krankenhaus-johanneum:124,124,2,0
7,krankenhaus-johanneum,krankenhaus-johanneum:127,127,1,0
16,krankenhaus-johanneum,krankenhaus-johanneum:128,128,1,0
11,krankenhaus-johanneum,krankenhaus-johanneum:129,129,1,0
4,krankenhaus-johanneum,krankenhaus-johanneum:130,130,1,0
2,krankenhaus-johanneum,krankenhaus-johanneum:131,131,1,0
4,krankenhaus-johanneum,krankenhaus-johanneum:139,139,1,0
3,krankenhaus-johanneum,krankenhaus-johanneum:141,141,1,0
12,krankenhaus-johanneum,krankenhaus-johanneum:142,142,1,0
8,krankenhaus-johanneum,krankenhaus-johanneum:143,143,1,0
3,krankenhaus-johanneum,krankenhaus-johanneum:146,146,1,0
9,krankenhaus-johanneum,krankenhaus-johanneum:147,147,1,0
2,krankenhaus-johanneum,krankenhaus-johanneum:155,155,1,0
4,krankenhaus-johanneum,krankenhaus-johanneum:156,156,1,0
0,krankenhaus-johanneum,krankenhaus-johanneum:157,157,1,1
4,krankenhaus-johanneum,krankenhaus-johanneum:158,158,1,0
6,krankenhaus-johanneum,krankenhaus-johanneum:159,159,1,0
0,krankenhaus-johanneum,krankenhaus-johanneum:161,161,1,0
8,krankenhaus-johanneum,krankenhaus-johanneum:163,163,2,0
0,krankenhaus-johanneum,krankenhaus-johanneum:164,164,1,0
4,krankenhaus-johanneum,krankenhaus-johanneum:166,166,1,0
0,krankenhaus-johanneum,krankenhaus-johanneum:167,167,1,0
1,krankenhaus-johanneum,krankenhaus-johanneum:168,168,2,0
2,krankenhaus-johanneum,krankenhaus-johanneum:172,172,1,0
12,krankenhaus-johanneum,krankenhaus-johanneum:173,173,1,0
1,krankenhaus-johanneum,krankenhaus-johanneum:177,177,1,0
1,krankenhaus-johanneum,krankenhaus-johanneum:179,179,1,0
6,krankenhaus-johanneum,krankenhaus-johanneum:180,180,1,0
0,krankenhaus-johanneum,krankenhaus-johanneum:185,185,1,0
5,krankenhaus-johanneum,krankenhaus-johanneum:186,186,1,0
4,krankenhaus-johanneum,krankenhaus-johanneum:188,188,1,0
1,krankenhaus-johanneum,krankenhaus-johanneum:192,192,1,0
5,krankenhaus-johanneum,krankenhaus-johanneum:195,195,1,0
0,krankenhaus-johanneum,krankenhaus-johanneum:199,199,2,0
0,krankenhaus-johanneum,krankenhaus-johanneum:204,204,1,0
4,krankenhaus-johanneum,krankenhaus-johanneum:205,205,1,0
1,krankenhaus-johanneum,krankenhaus-johanneum:206,206,1,0
6,krankenhaus-johanneum,krankenhaus-johanneum:208,208,1,0
0,krankenhaus-johanneum,krankenhaus-johanneum:212,212,1,0
3,krankenhaus-johanneum,krankenhaus-johanneum:218,218,1,0
1,krankenhaus-johanneum,krankenhaus-johanneum:219,219,1,0
0,krankenhaus-johanneum,krankenhaus-johanneum:220,220,1,0
0,krankenhaus-johanneum,krankenhaus-johanneum:228,228,1,0
1,krankenhaus-johanneum,krankenhaus-johanneum:229,229,1,0
0,krankenhaus-johanneum,krankenhaus-johanneum:233,233,1,0
0,krankenhaus-johanneum,krankenhaus-johanneum:236,236,1,0
2,krankenhaus-johanneum,krankenhaus-johanneum:237,237,1,0
3,krankenhaus-johanneum,krankenhaus-johanneum:238,238,1,0
0,krankenhaus-land-hadeln,krankenhaus-land-hadeln:2,2,1,0
0,krankenhaus-land-hadeln,krankenhaus-land-hadeln:4,4,1,0
0,krankenhaus-land-hadeln,krankenhaus-land-hadeln:7,7,1,0
0,krankenhaus-land-hadeln,krankenhaus-land-hadeln:13,13,1,0
0,krankenhaus-land-hadeln,krankenhaus-land-hadeln:20,20,1,0
0,krankenhaus-land-hadeln,krankenhaus-land-hadeln:22,22,2,0
0,krankenhaus-land-hadeln,krankenhaus-land-hadeln:24,24,1,0
0,krankenhaus-land-hadeln,krankenhaus-land-hadeln:36,36,1,0
0,krankenhaus-land-hadeln,krankenhaus-land-hadeln:37,37,1,0
3,krankenhaus-land-hadeln,krankenhaus-land-hadeln:38,38,1,0
3,krankenhaus-land-hadeln,krankenhaus-land-hadeln:39,39,1,0
2,krankenhaus-land-hadeln,krankenhaus-land-hadeln:43,43,1,0
0,krankenhaus-land-hadeln,krankenhaus-land-hadeln:45,45,1,0
2,krankenhaus-land-hadeln,krankenhaus-land-hadeln:47,47,1,0
2,krankenhaus-land-hadeln,krankenhaus-land-hadeln:48,48,1,0
3,krankenhaus-land-hadeln,krankenhaus-land-hadeln:51,51,1,0
6,krankenhaus-land-hadeln,krankenhaus-land-hadeln:53,53,2,0
4,krankenhaus-land-hadeln,krankenhaus-land-hadeln:55,55,1,0
9,krankenhaus-land-hadeln,krankenhaus-land-hadeln:59,59,1,0
14,krankenhaus-land-hadeln,krankenhaus-land-hadeln:64,64,1,0
10,krankenhaus-land-hadeln,krankenhaus-land-hadeln:65,65,1,0
7,krankenhaus-land-hadeln,krankenhaus-land-hadeln:66,66,2,0
3,krankenhaus-land-hadeln,krankenhaus-land-hadeln:72,72,1,0
5,krankenhaus-land-hadeln,krankenhaus-land-hadeln:79,79,1,0
4,krankenhaus-land-hadeln,krankenhaus-land-hadeln:81,81,1,0
1,krankenhaus-land-hadeln,krankenhaus-land-hadeln:83,83,1,0
12,krankenhaus-land-hadeln,krankenhaus-land-hadeln:84,84,1,0
3,krankenhaus-land-hadeln,krankenhaus-land-hadeln:85,85,1,0
3,krankenhaus-land-hadeln,krankenhaus-land-hadeln:93,93,1,0
5,krankenhaus-land-hadeln,krankenhaus-land-hadeln:100,100,2,0
12,krankenhaus-land-hadeln,krankenhaus-land-hadeln:102,102,1,0
15,krankenhaus-land-hadeln,krankenhaus-land-hadeln:103,103,1,0
13,krankenhaus-land-hadeln,krankenhaus-land-hadeln:104,104,1,0
6,krankenhaus-land-hadeln,krankenhaus-land-hadeln:109,109,2,0
0,krankenhaus-land-hadeln,krankenhaus-land-hadeln:119,119,2,0
6,krankenhaus-land-hadeln,krankenhaus-land-hadeln:121,121,2,0
1,krankenhaus-land-hadeln,krankenhaus-land-hadeln:122,122,1,0
11,krankenhaus-land-hadeln,krankenhaus-land-hadeln:123,123,1,0
4,krankenhaus-land-hadeln,krankenhaus-land-hadeln:125,125,1,0
4,krankenhaus-land-hadeln,krankenhaus-land-hadeln:131,131,1,0
11,krankenhaus-land-hadeln,krankenhaus-land-hadeln:145,145,1,0
3,krankenhaus-land-hadeln,krankenhaus-land-hadeln:150,150,1,0
1,krankenhaus-land-hadeln,krankenhaus-land-hadeln:160,160,1,0
0,krankenhaus-land-hadeln,krankenhaus-land-hadeln:163,163,1,0
1,krankenhaus-land-hadeln,krankenhaus-land-hadeln:167,167,1,0
2,krankenhaus-land-hadeln,krankenhaus-land-hadeln:171,171,1,0
5,krankenhaus-land-hadeln,krankenhaus-land-hadeln:174,174,1,0
0,krankenhaus-land-hadeln,krankenhaus-land-hadeln:175,175,1,0
4,krankenhaus-land-hadeln,krankenhaus-land-hadeln:178,178,1,0
4,krankenhaus-land-hadeln,krankenhaus-land-hadeln:179,179,1,0
2,krankenhaus-land-hadeln,krankenhaus-land-hadeln:180,180,1,0
0,krankenhaus-land-hadeln,krankenhaus-land-hadeln:181,181,1,0
0,krankenhaus-land-hadeln,krankenhaus-land-hadeln:185,185,2,0
4,krankenhaus-land-hadeln,krankenhaus-land-hadeln:186,186,1,0
0,krankenhaus-lindenbrunn,krankenhaus-lindenbrunn:0,0,1,0
0,krankenhaus-lindenbrunn,krankenhaus-lindenbrunn:3,3,1,0
0,krankenhaus-lindenbrunn,krankenhaus-lindenbrunn:4,4,1,0
1,krankenhaus-lindenbrunn,krankenhaus-lindenbrunn:6,6,2,0
0,krankenhaus-lindenbrunn,krankenhaus-lindenbrunn:7,7,1,0
1,krankenhaus-lindenbrunn,krankenhaus-lindenbrunn:10,10,1,0
7,krankenhaus-lindenbrunn,krankenhaus-lindenbrunn:13,13,1,0
14,krankenhaus-lindenbrunn,krankenhaus-lindenbrunn:20,20,1,0
4,krankenhaus-lindenbrunn,krankenhaus-lindenbrunn:21,21,1,0
33,krankenhaus-lindenbrunn,krankenhaus-lindenbrunn:22,22,1,0
9,krankenhaus-lindenbrunn,krankenhaus-lindenbrunn:25,25,1,0
14,krankenhaus-lindenbrunn,krankenhaus-lindenbrunn:27,27,1,0
5,krankenhaus-lindenbrunn,krankenhaus-lindenbrunn:29,29,1,0
11,krankenhaus-lindenbrunn,krankenhaus-lindenbrunn:30,30,2,0
2,krankenhaus-lindenbrunn,krankenhaus-lindenbrunn:32,32,1,0
17,krankenhaus-lindenbrunn,krankenhaus-lindenbrunn:37,37,2,0
48,krankenhaus-lindenbrunn,krankenhaus-lindenbrunn:40,40,1,0
3,krankenhaus-lindenbrunn,krankenhaus-lindenbrunn:41,41,2,0
32,krankenhaus-lindenbrunn,krankenhaus-lindenbrunn:45,45,1,0
37,krankenhaus-lindenbrunn,krankenhaus-lindenbrunn:51,51,1,0
14,krankenhaus-lindenbrunn,krankenhaus-lindenbrunn:53,53,1,0
5,krankenhaus-lindenbrunn,krankenhaus-lindenbrunn:56,56,1,0
16,krankenhaus-lindenbrunn,krankenhaus-lindenbrunn:57,57,1,0
7,krankenhaus-lindenbrunn,krankenhaus-lindenbrunn:60,60,1,0
26,krankenhaus-lindenbrunn,krankenhaus-lindenbrunn:62,62,1,0
10,krankenhaus-lindenbrunn,krankenhaus-lindenbrunn:63,63,2,0
11,krankenhaus-lindenbrunn,krankenhaus-lindenbrunn:69,69,1,0
18,krankenhaus-lindenbrunn,krankenhaus-lindenbrunn:71,71,1,0
15,krankenhaus-lindenbrunn,krankenhaus-lindenbrunn:72,72,2,0
11,krankenhaus-lindenbrunn,krankenhaus-lindenbrunn:73,73,1,0
14,krankenhaus-lindenbrunn,krankenhaus-lindenbrunn:76,76,1,0
14,krankenhaus-lindenbrunn,krankenhaus-lindenbrunn:81,81,2,0
11,krankenhaus-lindenbrunn,krankenhaus-lindenbrunn:83,83,1,0
5,krankenhaus-lindenbrunn,krankenhaus-lindenbrunn:85,85,1,0
12,krankenhaus-lindenbrunn,krankenhaus-lindenbrunn:86,86,1,0
0,krankenhaus-lindenbrunn,krankenhaus-lindenbrunn:87,87,1,0
0,krankenhaus-ludmillenstift-meppen,krankenhaus-ludmillenstift-meppen:2,2,1,0
0,krankenhaus-ludmillenstift-meppen,krankenhaus-ludmillenstift-meppen:5,5,1,0
0,krankenhaus-ludmillenstift-meppen,krankenhaus-ludmillenstift-meppen:9,9,1,0
0,krankenhaus-ludmillenstift-meppen,krankenhaus-ludmillenstift-meppen:12,12,1,0
0,krankenhaus-ludmillenstift-meppen,krankenhaus-ludmillenstift-meppen:13,13,1,0
0,krankenhaus-ludmillenstift-meppen,krankenhaus-ludmillenstift-meppen:20,20,1,0
0,krankenhaus-ludmillenstift-meppen,krankenhaus-ludmillenstift-meppen:22,22,1,0
0,krankenhaus-ludmillenstift-meppen,krankenhaus-ludmillenstift-meppen:24,24,1,0
0,krankenhaus-ludmillenstift-meppen,krankenhaus-ludmillenstift-meppen:27,27,1,0
0,krankenhaus-ludmillenstift-meppen,krankenhaus-ludmillenstift-meppen:29,29,1,0
0,krankenhaus-ludmillenstift-meppen,krankenhaus-ludmillenstift-meppen:30,30,2,0
0,krankenhaus-ludmillenstift-meppen,krankenhaus-ludmillenstift-meppen:31,31,1,0
4,krankenhaus-ludmillenstift-meppen,krankenhaus-ludmillenstift-meppen:34,34,2,0
0,krankenhaus-ludmillenstift-meppen,krankenhaus-ludmillenstift-meppen:35,35,1,0
0,krankenhaus-ludmillenstift-meppen,krankenhaus-ludmillenstift-meppen:36,36,2,0
0,krankenhaus-ludmillenstift-meppen,krankenhaus-ludmillenstift-meppen:38,38,1,0
2,krankenhaus-ludmillenstift-meppen,krankenhaus-ludmillenstift-meppen:39,39,1,0
0,krankenhaus-ludmillenstift-meppen,krankenhaus-ludmillenstift-meppen:40,40,1,0
0,krankenhaus-ludmillenstift-meppen,krankenhaus-ludmillenstift-meppen:41,41,1,0
3,krankenhaus-ludmillenstift-meppen,krankenhaus-ludmillenstift-meppen:42,42,1,0
0,krankenhaus-ludmillenstift-meppen,krankenhaus-ludmillenstift-meppen:43,43,1,0
4,krankenhaus-ludmillenstift-meppen,krankenhaus-ludmillenstift-meppen:46,46,1,0
3,krankenhaus-ludmillenstift-meppen,krankenhaus-ludmillenstift-meppen:47,47,1,0
0,krankenhaus-ludmillenstift-meppen,krankenhaus-ludmillenstift-meppen:50,50,1,0
2,krankenhaus-ludmillenstift-meppen,krankenhaus-ludmillenstift-meppen:51,51,2,0
7,krankenhaus-ludmillenstift-meppen,krankenhaus-ludmillenstift-meppen:52,52,1,0
0,krankenhaus-ludmillenstift-meppen,krankenhaus-ludmillenstift-meppen:53,53,2,0
2,krankenhaus-ludmillenstift-meppen,krankenhaus-ludmillenstift-meppen:55,55,2,0
0,krankenhaus-ludmillenstift-meppen,krankenhaus-ludmillenstift-meppen:58,58,1,0
10,krankenhaus-ludmillenstift-meppen,krankenhaus-ludmillenstift-meppen:70,70,1,0
3,krankenhaus-ludmillenstift-meppen,krankenhaus-ludmillenstift-meppen:72,72,1,0
3,krankenhaus-ludmillenstift-meppen,krankenhaus-ludmillenstift-meppen:73,73,1,0
1,krankenhaus-ludmillenstift-meppen,krankenhaus-ludmillenstift-meppen:76,76,1,0
8,krankenhaus-ludmillenstift-meppen,krankenhaus-ludmillenstift-meppen:77,77,1,0
5,krankenhaus-ludmillenstift-meppen,krankenhaus-ludmillenstift-meppen:83,83,1,0
3,krankenhaus-ludmillenstift-meppen,krankenhaus-ludmillenstift-meppen:86,86,2,0
0,krankenhaus-ludmillenstift-meppen,krankenhaus-ludmillenstift-meppen:91,91,1,0
1,krankenhaus-ludmillenstift-meppen,krankenhaus-ludmillenstift-meppen:94,94,2,0
1,krankenhaus-ludmillenstift-meppen,krankenhaus-ludmillenstift-meppen:96,96,1,0
10,krankenhaus-ludmillenstift-meppen,krankenhaus-ludmillenstift-meppen:97,97,1,0
10,krankenhaus-ludmillenstift-meppen,krankenhaus-ludmillenstift-meppen:100,100,1,0
11,krankenhaus-ludmillenstift-meppen,krankenhaus-ludmillenstift-meppen:102,102,1,0
2,krankenhaus-ludmillenstift-meppen,krankenhaus-ludmillenstift-meppen:103,103,1,0
10,krankenhaus-ludmillenstift-meppen,krankenhaus-ludmillenstift-meppen:105,105,1,0
0,krankenhaus-ludmillenstift-meppen,krankenhaus-ludmillenstift-meppen:110,110,1,0
13,krankenhaus-ludmillenstift-meppen,krankenhaus-ludmillenstift-meppen:112,112,1,0
12,krankenhaus-ludmillenstift-meppen,krankenhaus-ludmillenstift-meppen:113,113,1,0
4,krankenhaus-ludmillenstift-meppen,krankenhaus-ludmillenstift-meppen:114,114,1,0
8,krankenhaus-ludmillenstift-meppen,krankenhaus-ludmillenstift-meppen:116,116,1,0
19,krankenhaus-ludmillenstift-meppen,krankenhaus-ludmillenstift-meppen:117,117,1,0
19,krankenhaus-ludmillenstift-meppen,krankenhaus-ludmillenstift-meppen:120,120,1,0
6,krankenhaus-ludmillenstift-meppen,krankenhaus-ludmillenstift-meppen:123,123,1,0
8,krankenhaus-ludmillenstift-meppen,krankenhaus-ludmillenstift-meppen:124,124,1,0
7,krankenhaus-ludmillenstift-meppen,krankenhaus-ludmillenstift-meppen:125,125,1,0
12,krankenhaus-ludmillenstift-meppen,krankenhaus-ludmillenstift-meppen:126,126,1,0
11,krankenhaus-ludmillenstift-meppen,krankenhaus-ludmillenstift-meppen:131,131,1,0
0,krankenhaus-ludmillenstift-meppen,krankenhaus-ludmillenstift-meppen:134,134,2,0
5,krankenhaus-ludmillenstift-meppen,krankenhaus-ludmillenstift-meppen:136,136,2,0
18,krankenhaus-ludmillenstift-meppen,krankenhaus-ludmillenstift-meppen:139,139,1,0
1,krankenhaus-ludmillenstift-meppen,krankenhaus-ludmillenstift-meppen:140,140,1,0
14,krankenhaus-ludmillenstift-meppen,krankenhaus-ludmillenstift-meppen:143,143,1,0
2,krankenhaus-ludmillenstift-meppen,krankenhaus-ludmillenstift-meppen:144,144,1,0
12,krankenhaus-ludmillenstift-meppen,krankenhaus-ludmillenstift-meppen:145,145,1,0
13,krankenhaus-ludmillenstift-meppen,krankenhaus-ludmillenstift-meppen:146,146,1,0
13,krankenhaus-ludmillenstift-meppen,krankenhaus-ludmillenstift-meppen:148,148,1,0
3,krankenhaus-ludmillenstift-meppen,krankenhaus-ludmillenstift-meppen:149,149,1,0
12,krankenhaus-ludmillenstift-meppen,krankenhaus-ludmillenstift-meppen:150,150,1,1
8,krankenhaus-ludmillenstift-meppen,krankenhaus-ludmillenstift-meppen:152,152,1,0
3,krankenhaus-ludmillenstift-meppen,krankenhaus-ludmillenstift-meppen:154,154,2,0
9,krankenhaus-ludmillenstift-meppen,krankenhaus-ludmillenstift-meppen:155,155,1,0
11,krankenhaus-ludmillenstift-meppen,krankenhaus-ludmillenstift-meppen:157,157,1,0
13,krankenhaus-ludmillenstift-meppen,krankenhaus-ludmillenstift-meppen:158,158,1,0
12,krankenhaus-ludmillenstift-meppen,krankenhaus-ludmillenstift-meppen:160,160,1,0
9,krankenhaus-ludmillenstift-meppen,krankenhaus-ludmillenstift-meppen:165,165,1,0
16,krankenhaus-ludmillenstift-meppen,krankenhaus-ludmillenstift-meppen:170,170,2,0
13,krankenhaus-ludmillenstift-meppen,krankenhaus-ludmillenstift-meppen:172,172,1,0
0,krankenhaus-ludmillenstift-meppen,krankenhaus-ludmillenstift-meppen:173,173,1,0
16,krankenhaus-ludmillenstift-meppen,krankenhaus-ludmillenstift-meppen:177,177,1,0
9,krankenhaus-ludmillenstift-meppen,krankenhaus-ludmillenstift-meppen:181,181,1,0
3,krankenhaus-ludmillenstift-meppen,krankenhaus-ludmillenstift-meppen:182,182,1,0
0,krankenhaus-ludmillenstift-meppen,krankenhaus-ludmillenstift-meppen:183,183,1,0
5,krankenhaus-ludmillenstift-meppen,krankenhaus-ludmillenstift-meppen:190,190,1,0
12,krankenhaus-ludmillenstift-meppen,krankenhaus-ludmillenstift-meppen:191,191,1,0
9,krankenhaus-ludmillenstift-meppen,krankenhaus-ludmillenstift-meppen:192,192,2,0
9,krankenhaus-ludmillenstift-meppen,krankenhaus-ludmillenstift-meppen:194,194,1,0
5,krankenhaus-ludmillenstift-meppen,krankenhaus-ludmillenstift-meppen:198,198,1,0
15,krankenhaus-ludmillenstift-meppen,krankenhaus-ludmillenstift-meppen:200,200,1,0
6,krankenhaus-ludmillenstift-meppen,krankenhaus-ludmillenstift-meppen:202,202,1,0
8,krankenhaus-ludmillenstift-meppen,krankenhaus-ludmillenstift-meppen:203,203,1,0
9,krankenhaus-ludmillenstift-meppen,krankenhaus-ludmillenstift-meppen:206,206,1,0
8,krankenhaus-ludmillenstift-meppen,krankenhaus-ludmillenstift-meppen:209,209,1,0
3,krankenhaus-ludmillenstift-meppen,krankenhaus-ludmillenstift-meppen:210,210,1,0
11,krankenhaus-ludmillenstift-meppen,krankenhaus-ludmillenstift-meppen:211,211,1,0
0,krankenhaus-ludmillenstift-meppen,krankenhaus-ludmillenstift-meppen:212,212,1,0
9,krankenhaus-ludmillenstift-meppen,krankenhaus-ludmillenstift-meppen:215,215,1,0
9,krankenhaus-ludmillenstift-meppen,krankenhaus-ludmillenstift-meppen:217,217,1,0
6,krankenhaus-ludmillenstift-meppen,krankenhaus-ludmillenstift-meppen:220,220,2,0
5,krankenhaus-ludmillenstift-meppen,krankenhaus-ludmillenstift-meppen:224,224,1,0
13,krankenhaus-ludmillenstift-meppen,krankenhaus-ludmillenstift-meppen:225,225,1,0
0,krankenhaus-ludmillenstift-meppen,krankenhaus-ludmillenstift-meppen:228,228,1,0
0,krankenhaus-ludmillenstift-meppen,krankenhaus-ludmillenstift-meppen:229,229,1,0
1,krankenhaus-ludmillenstift-meppen,krankenhaus-ludmillenstift-meppen:233,233,1,0
3,krankenhaus-ludmillenstift-meppen,krankenhaus-ludmillenstift-meppen:236,236,1,0
1,krankenhaus-ludmillenstift-meppen,krankenhaus-ludmillenstift-meppen:238,238,1,0
1,krankenhaus-ludmillenstift-meppen,krankenhaus-ludmillenstift-meppen:241,241,1,0
0,krankenhaus-ludmillenstift-meppen,krankenhaus-ludmillenstift-meppen:242,242,1,0
0,krankenhaus-ludmillenstift-meppen,krankenhaus-ludmillenstift-meppen:245,245,2,0
3,krankenhaus-ludmillenstift-meppen,krankenhaus-ludmillenstift-meppen:248,248,1,0
4,krankenhaus-ludmillenstift-meppen,krankenhaus-ludmillenstift-meppen:250,250,1,0
2,krankenhaus-ludmillenstift-meppen,krankenhaus-ludmillenstift-meppen:251,251,1,0
7,krankenhaus-ludmillenstift-meppen,krankenhaus-ludmillenstift-meppen:255,255,1,0
7,krankenhaus-ludmillenstift-meppen,krankenhaus-ludmillenstift-meppen:259,259,1,0
0,krankenhaus-ludmillenstift-meppen,krankenhaus-ludmillenstift-meppen:261,261,2,1
5,krankenhaus-ludmillenstift-meppen,krankenhaus-ludmillenstift-meppen:262,262,1,0
5,krankenhaus-ludmillenstift-meppen,krankenhaus-ludmillenstift-meppen:263,263,1,0
0,krankenhaus-ludmillenstift-meppen,krankenhaus-ludmillenstift-meppen:264,264,1,0
3,krankenhaus-ludmillenstift-meppen,krankenhaus-ludmillenstift-meppen:266,266,1,0
1,krankenhaus-ludmillenstift-meppen,krankenhaus-ludmillenstift-meppen:267,267,1,0
7,krankenhaus-ludmillenstift-meppen,krankenhaus-ludmillenstift-meppen:269,269,1,0
1,krankenhaus-ludmillenstift-meppen,krankenhaus-ludmillenstift-meppen:270,270,1,0
5,krankenhaus-ludmillenstift-meppen,krankenhaus-ludmillenstift-meppen:273,273,1,0
3,krankenhaus-ludmillenstift-meppen,krankenhaus-ludmillenstift-meppen:276,276,1,0
0,krankenhaus-ludmillenstift-meppen,krankenhaus-ludmillenstift-meppen:277,277,1,0
6,krankenhaus-ludmillenstift-meppen,krankenhaus-ludmillenstift-meppen:278,278,1,0
0,krankenhaus-ludmillenstift-meppen,krankenhaus-ludmillenstift-meppen:280,280,1,0
4,krankenhaus-ludmillenstift-meppen,krankenhaus-ludmillenstift-meppen:283,283,1,0
2,krankenhaus-ludmillenstift-meppen,krankenhaus-ludmillenstift-meppen:284,284,1,0
3,krankenhaus-ludmillenstift-meppen,krankenhaus-ludmillenstift-meppen:289,289,1,0
4,krankenhaus-ludmillenstift-meppen,krankenhaus-ludmillenstift-meppen:291,291,1,0
0,krankenhaus-ludmillenstift-meppen,krankenhaus-ludmillenstift-meppen:295,295,1,0
3,krankenhaus-ludmillenstift-meppen,krankenhaus-ludmillenstift-meppen:296,296,1,0
3,krankenhaus-ludmillenstift-meppen,krankenhaus-ludmillenstift-meppen:303,303,2,0
0,krankenhaus-ludmillenstift-meppen,krankenhaus-ludmillenstift-meppen:305,305,1,0
0,krankenhaus-ludmillenstift-meppen,krankenhaus-ludmillenstift-meppen:308,308,1,0
0,krankenhaus-ludmillenstift-meppen,krankenhaus-ludmillenstift-meppen:311,311,1,0
0,krankenhaus-ludmillenstift-meppen,krankenhaus-ludmillenstift-meppen:315,315,2,0
0,krankenhaus-ludmillenstift-meppen,krankenhaus-ludmillenstift-meppen:318,318,1,0
1,krankenhaus-ludmillenstift-meppen,krankenhaus-ludmillenstift-meppen:321,321,1,0
4,krankenhaus-ludmillenstift-meppen,krankenhaus-ludmillenstift-meppen:323,323,1,0
0,krankenhaus-ludmillenstift-meppen,krankenhaus-ludmillenstift-meppen:329,329,1,0
0,krankenhaus-norderney,krankenhaus-norderney:6,6,2,0
0,krankenhaus-norderney,krankenhaus-norderney:15,15,1,0
1,krankenhaus-norderney,krankenhaus-norderney:18,18,2,0
0,krankenhaus-norderney,krankenhaus-norderney:19,19,1,0
6,krankenhaus-norderney,krankenhaus-norderney:21,21,1,0
11,krankenhaus-norderney,krankenhaus-norderney:31,31,1,0
7,krankenhaus-norderney,krankenhaus-norderney:35,35,1,0
4,krankenhaus-norderney,krankenhaus-norderney:36,36,1,0
5,krankenhaus-norderney,krankenhaus-norderney:42,42,2,0
13,krankenhaus-norderney,krankenhaus-norderney:43,43,1,0
3,krankenhaus-norderney,krankenhaus-norderney:45,45,1,0
0,krankenhaus-norderney,krankenhaus-norderney:46,46,1,0
6,krankenhaus-norderney,krankenhaus-norderney:47,47,1,0
3,krankenhaus-norderney,krankenhaus-norderney:49,49,1,0
0,krankenhaus-norderney,krankenhaus-norderney:59,59,2,0
2,krankenhaus-norderney,krankenhaus-norderney:63,63,1,0
1,krankenhaus-norderney,krankenhaus-norderney:66,66,1,0
0,krankenhaus-norderney,krankenhaus-norderney:69,69,2,0
0,krankenhaus-rheiderland,krankenhaus-rheiderland:3,3,1,0
0,krankenhaus-rheiderland,krankenhaus-rheiderland:4,4,1,0
0,krankenhaus-rheiderland,krankenhaus-rheiderland:5,5,1,0
0,krankenhaus-rheiderland,krankenhaus-rheiderland:6,6,1,0
0,krankenhaus-rheiderland,krankenhaus-rheiderland:7,7,1,0
1,krankenhaus-rheiderland,krankenhaus-rheiderland:11,11,1,0
2,krankenhaus-rheiderland,krankenhaus-rheiderland:13,13,2,0
4,krankenhaus-rheiderland,krankenhaus-rheiderland:14,14,2,0
0,krankenhaus-rheiderland,krankenhaus-rheiderland:16,16,1,0
5,krankenhaus-rheiderland,krankenhaus-rheiderland:17,17,1,0
0,krankenhaus-rheiderland,krankenhaus-rheiderland:25,25,2,0
0,krankenhaus-rheiderland,krankenhaus-rheiderland:26,26,1,1
4,krankenhaus-rheiderland,krankenhaus-rheiderland:30,30,1,0
8,krankenhaus-rheiderland,krankenhaus-rheiderland:32,32,1,0
2,krankenhaus-rheiderland,krankenhaus-rheiderland:33,33,1,0
0,krankenhaus-rheiderland,krankenhaus-rheiderland:37,37,1,0
0,krankenhaus-rheiderland,krankenhaus-rheiderland:40,40,1,0
3,krankenhaus-rheiderland,krankenhaus-rheiderland:45,45,1,0
0,krankenhaus-rheiderland,krankenhaus-rheiderland:46,46,1,0
2,krankenhaus-rheiderland,krankenhaus-rheiderland:47,47,1,0
1,krankenhaus-rheiderland,krankenhaus-rheiderland:50,50,2,0
0,krankenhaus-st-elisabeth-ggmbh,krankenhaus-st-elisabeth-ggmbh:4,4,1,0
0,krankenhaus-st-elisabeth-ggmbh,krankenhaus-st-elisabeth-ggmbh:7,7,1,0
0,krankenhaus-st-elisabeth-ggmbh,krankenhaus-st-elisabeth-ggmbh:8,8,1,0
0,krankenhaus-st-elisabeth-ggmbh,krankenhaus-st-elisabeth-ggmbh:9,9,1,0
0,krankenhaus-st-elisabeth-ggmbh,krankenhaus-st-elisabeth-ggmbh:10,10,2,0
0,krankenhaus-st-elisabeth-ggmbh,krankenhaus-st-elisabeth-ggmbh:14,14,1,0
0,krankenhaus-st-elisabeth-ggmbh,krankenhaus-st-elisabeth-ggmbh:21,21,1,0
0,krankenhaus-st-elisabeth-ggmbh,krankenhaus-st-elisabeth-ggmbh:22,22,1,0
0,krankenhaus-st-elisabeth-ggmbh,krankenhaus-st-elisabeth-ggmbh:25,25,1,0
3,krankenhaus-st-elisabeth-ggmbh,krankenhaus-st-elisabeth-ggmbh:26,26,1,0
0,krankenhaus-st-elisabeth-ggmbh,krankenhaus-st-elisabeth-ggmbh:28,28,1,0
0,krankenhaus-st-elisabeth-ggmbh,krankenhaus-st-elisabeth-ggmbh:29,29,1,0
0,krankenhaus-st-elisabeth-ggmbh,krankenhaus-st-elisabeth-ggmbh:40,40,1,0
0,krankenhaus-st-elisabeth-ggmbh,krankenhaus-st-elisabeth-ggmbh:42,42,1,0
15,krankenhaus-st-elisabeth-ggmbh,krankenhaus-st-elisabeth-ggmbh:43,43,1,0
2,krankenhaus-st-elisabeth-ggmbh,krankenhaus-st-elisabeth-ggmbh:46,46,1,0
1,krankenhaus-st-elisabeth-ggmbh,krankenhaus-st-elisabeth-ggmbh:48,48,2,0
0,krankenhaus-st-elisabeth-ggmbh,krankenhaus-st-elisabeth-ggmbh:50,50,1,0
10,krankenhaus-st-elisabeth-ggmbh,krankenhaus-st-elisabeth-ggmbh:51,51,1,0
4,krankenhaus-st-elisabeth-ggmbh,krankenhaus-st-elisabeth-ggmbh:55,55,1,0
15,krankenhaus-st-elisabeth-ggmbh,krankenhaus-st-elisabeth-ggmbh:56,56,1,0
9,krankenhaus-st-elisabeth-ggmbh,krankenhaus-st-elisabeth-ggmbh:58,58,2,0
12,krankenhaus-st-elisabeth-ggmbh,krankenhaus-st-elisabeth-ggmbh:64,64,1,0
0,krankenhaus-st-elisabeth-ggmbh,krankenhaus-st-elisabeth-ggmbh:68,68,1,0
10,krankenhaus-st-elisabeth-ggmbh,krankenhaus-st-elisabeth-ggmbh:74,74,1,0
5,krankenhaus-st-elisabeth-ggmbh,krankenhaus-st-elisabeth-ggmbh:77,77,1,0
22,krankenhaus-st-elisabeth-ggmbh,krankenhaus-st-elisabeth-ggmbh:79,79,1,0
15,krankenhaus-st-elisabeth-ggmbh,krankenhaus-st-elisabeth-ggmbh:83,83,1,0
3,krankenhaus-st-elisabeth-ggmbh,krankenhaus-st-elisabeth-ggmbh:84,84,2,0
4,krankenhaus-st-elisabeth-ggmbh,krankenhaus-st-elisabeth-ggmbh:89,89,1,0
3,krankenhaus-st-elisabeth-ggmbh,krankenhaus-st-elisabeth-ggmbh:91,91,1,0
15,krankenhaus-st-elisabeth-ggmbh,krankenhaus-st-elisabeth-ggmbh:92,92,1,0
4,krankenhaus-st-elisabeth-ggmbh,krankenhaus-st-elisabeth-ggmbh:93,93,1,0
7,krankenhaus-st-elisabeth-ggmbh,krankenhaus-st-elisabeth-ggmbh:94,94,1,0
0,krankenhaus-st-elisabeth-ggmbh,krankenhaus-st-elisabeth-ggmbh:101,101,2,0
8,krankenhaus-st-elisabeth-ggmbh,krankenhaus-st-elisabeth-ggmbh:103,103,1,0
2,krankenhaus-st-elisabeth-ggmbh,krankenhaus-st-elisabeth-ggmbh:106,106,2,0
10,krankenhaus-st-elisabeth-ggmbh,krankenhaus-st-elisabeth-ggmbh:107,107,1,0
6,krankenhaus-st-elisabeth-ggmbh,krankenhaus-st-elisabeth-ggmbh:110,110,1,0
10,krankenhaus-st-elisabeth-ggmbh,krankenhaus-st-elisabeth-ggmbh:112,112,1,0
12,krankenhaus-st-elisabeth-ggmbh,krankenhaus-st-elisabeth-ggmbh:115,115,1,0
6,krankenhaus-st-elisabeth-ggmbh,krankenhaus-st-elisabeth-ggmbh:117,117,1,0
0,krankenhaus-st-elisabeth-ggmbh,krankenhaus-st-elisabeth-ggmbh:121,121,1,0
7,krankenhaus-st-elisabeth-ggmbh,krankenhaus-st-elisabeth-ggmbh:122,122,1,0
4,krankenhaus-st-elisabeth-ggmbh,krankenhaus-st-elisabeth-ggmbh:124,124,1,0
6,krankenhaus-st-elisabeth-ggmbh,krankenhaus-st-elisabeth-ggmbh:125,125,1,0
4,krankenhaus-st-elisabeth-ggmbh,krankenhaus-st-elisabeth-ggmbh:128,128,1,0
1,krankenhaus-st-elisabeth-ggmbh,krankenhaus-st-elisabeth-ggmbh:129,129,1,0
4,krankenhaus-st-elisabeth-ggmbh,krankenhaus-st-elisabeth-ggmbh:130,130,1,0
0,krankenhaus-st-elisabeth-ggmbh,krankenhaus-st-elisabeth-ggmbh:131,131,1,0
3,krankenhaus-st-elisabeth-ggmbh,krankenhaus-st-elisabeth-ggmbh:132,132,1,0
6,krankenhaus-st-elisabeth-ggmbh,krankenhaus-st-elisabeth-ggmbh:134,134,1,0
4,krankenhaus-st-elisabeth-ggmbh,krankenhaus-st-elisabeth-ggmbh:139,139,1,0
0,krankenhaus-st-elisabeth-ggmbh,krankenhaus-st-elisabeth-ggmbh:142,142,1,0
0,krankenhaus-st-elisabeth-ggmbh,krankenhaus-st-elisabeth-ggmbh:144,144,1,0
0,krankenhaus-st-elisabeth-ggmbh,krankenhaus-st-elisabeth-ggmbh:145,145,1,0
4,krankenhaus-st-elisabeth-ggmbh,krankenhaus-st-elisabeth-ggmbh:147,147,1,0
0,krankenhaus-st-elisabeth-ggmbh,krankenhaus-st-elisabeth-ggmbh:148,148,1,0
3,krankenhaus-st-elisabeth-ggmbh,krankenhaus-st-elisabeth-ggmbh:154,154,1,0
5,krankenhaus-st-elisabeth-ggmbh,krankenhaus-st-elisabeth-ggmbh:155,155,1,0
7,krankenhaus-st-elisabeth-ggmbh,krankenhaus-st-elisabeth-ggmbh:161,161,1,0
8,krankenhaus-st-elisabeth-ggmbh,krankenhaus-st-elisabeth-ggmbh:163,163,1,0
3,krankenhaus-st-elisabeth-ggmbh,krankenhaus-st-elisabeth-ggmbh:166,166,1,0
0,krankenhaus-st-elisabeth-ggmbh,krankenhaus-st-elisabeth-ggmbh:168,168,1,0
0,krankenhaus-st-elisabeth-ggmbh,krankenhaus-st-elisabeth-ggmbh:172,172,1,0
2,krankenhaus-st-elisabeth-ggmbh,krankenhaus-st-elisabeth-ggmbh:174,174,2,0
3,krankenhaus-st-elisabeth-ggmbh,krankenhaus-st-elisabeth-ggmbh:177,177,1,0
4,krankenhaus-st-elisabeth-ggmbh,krankenhaus-st-elisabeth-ggmbh:178,178,1,0
0,krankenhaus-st-elisabeth-ggmbh,krankenhaus-st-elisabeth-ggmbh:179,179,1,0
4,krankenhaus-st-elisabeth-ggmbh,krankenhaus-st-elisabeth-ggmbh:180,180,1,0
0,krankenhaus-st-elisabeth-ggmbh,krankenhaus-st-elisabeth-ggmbh:184,184,1,0
1,krankenhaus-st-elisabeth-ggmbh,krankenhaus-st-elisabeth-ggmbh:185,185,2,0
0,krankenhaus-st-elisabeth-ggmbh,krankenhaus-st-elisabeth-ggmbh:186,186,2,0
0,krankenhaus-st-elisabeth-ggmbh,krankenhaus-st-elisabeth-ggmbh:188,188,1,0
0,krankenhaus-st-elisabeth-ggmbh,krankenhaus-st-elisabeth-ggmbh:192,192,1,0
1,krankenhaus-st-elisabeth-ggmbh,krankenhaus-st-elisabeth-ggmbh:193,193,1,0
0,krankenhaus-st-elisabeth-ggmbh,krankenhaus-st-elisabeth-ggmbh:195,195,1,0
0,krankenhaus-st-elisabeth-ggmbh,krankenhaus-st-elisabeth-ggmbh:197,197,1,0
3,krankenhaus-st-elisabeth-ggmbh,krankenhaus-st-elisabeth-ggmbh:202,202,1,0
3,krankenhaus-st-elisabeth-ggmbh,krankenhaus-st-elisabeth-ggmbh:207,207,2,0
0,krankenhaus-st-elisabeth-ggmbh,krankenhaus-st-elisabeth-ggmbh:213,213,1,0
0,krankenhaus-st-elisabeth-ggmbh,krankenhaus-st-elisabeth-ggmbh:214,214,1,0
0,krankenhaus-st-elisabeth-ggmbh,krankenhaus-st-elisabeth-ggmbh:217,217,1,0
0,krankenhaus-st-elisabeth-ggmbh,krankenhaus-st-elisabeth-ggmbh:222,222,2,0
0,krankenhaus-st-elisabeth-ggmbh,krankenhaus-st-elisabeth-ggmbh:225,225,1,0
0,krankenhaus-wittmund-ggmbh,krankenhaus-wittmund-ggmbh:7,7,1,0
0,krankenhaus-wittmund-ggmbh,krankenhaus-wittmund-ggmbh:23,23,2,0
0,krankenhaus-wittmund-ggmbh,krankenhaus-wittmund-ggmbh:27,27,1,0
0,krankenhaus-wittmund-ggmbh,krankenhaus-wittmund-ggmbh:31,31,2,0
0,krankenhaus-wittmund-ggmbh,krankenhaus-wittmund-ggmbh:34,34,1,0
0,krankenhaus-wittmund-ggmbh,krankenhaus-wittmund-ggmbh:36,36,1,0
3,krankenhaus-wittmund-ggmbh,krankenhaus-wittmund-ggmbh:38,38,1,0
1,krankenhaus-wittmund-ggmbh,krankenhaus-wittmund-ggmbh:54,54,1,0
4,krankenhaus-wittmund-ggmbh,krankenhaus-wittmund-ggmbh:59,59,1,0
6,krankenhaus-wittmund-ggmbh,krankenhaus-wittmund-ggmbh:62,62,1,0
3,krankenhaus-wittmund-ggmbh,krankenhaus-wittmund-ggmbh:64,64,1,0
0,krankenhaus-wittmund-ggmbh,krankenhaus-wittmund-ggmbh:66,66,1,0
2,krankenhaus-wittmund-ggmbh,krankenhaus-wittmund-ggmbh:67,67,2,0
13,krankenhaus-wittmund-ggmbh,krankenhaus-wittmund-ggmbh:71,71,1,0
6,krankenhaus-wittmund-ggmbh,krankenhaus-wittmund-ggmbh:72,72,1,0
5,krankenhaus-wittmund-ggmbh,krankenhaus-wittmund-ggmbh:77,77,1,0
0,krankenhaus-wittmund-ggmbh,krankenhaus-wittmund-ggmbh:81,81,1,0
2,krankenhaus-wittmund-ggmbh,krankenhaus-wittmund-ggmbh:83,83,2,0
6,krankenhaus-wittmund-ggmbh,krankenhaus-wittmund-ggmbh:85,85,1,0
21,krankenhaus-wittmund-ggmbh,krankenhaus-wittmund-ggmbh:87,87,1,0
0,krankenhaus-wittmund-ggmbh,krankenhaus-wittmund-ggmbh:94,94,1,0
15,krankenhaus-wittmund-ggmbh,krankenhaus-wittmund-ggmbh:99,99,1,0
1,krankenhaus-wittmund-ggmbh,krankenhaus-wittmund-ggmbh:100,100,1,0
0,krankenhaus-wittmund-ggmbh,krankenhaus-wittmund-ggmbh:102,102,1,0
13,krankenhaus-wittmund-ggmbh,krankenhaus-wittmund-ggmbh:105,105,1,0
5,krankenhaus-wittmund-ggmbh,krankenhaus-wittmund-ggmbh:107,107,1,0
12,krankenhaus-wittmund-ggmbh,krankenhaus-wittmund-ggmbh:108,108,1,0
10,krankenhaus-wittmund-ggmbh,krankenhaus-wittmund-ggmbh:109,109,1,0
15,krankenhaus-wittmund-ggmbh,krankenhaus-wittmund-ggmbh:111,111,1,0
10,krankenhaus-wittmund-ggmbh,krankenhaus-wittmund-ggmbh:115,115,1,0
7,krankenhaus-wittmund-ggmbh,krankenhaus-wittmund-ggmbh:118,118,1,0
1,krankenhaus-wittmund-ggmbh,krankenhaus-wittmund-ggmbh:121,121,1,0
11,krankenhaus-wittmund-ggmbh,krankenhaus-wittmund-ggmbh:122,122,1,0
5,krankenhaus-wittmund-ggmbh,krankenhaus-wittmund-ggmbh:123,123,1,0
6,krankenhaus-wittmund-ggmbh,krankenhaus-wittmund-ggmbh:124,124,1,0
8,krankenhaus-wittmund-ggmbh,krankenhaus-wittmund-ggmbh:128,128,1,0
7,krankenhaus-wittmund-ggmbh,krankenhaus-wittmund-ggmbh:129,129,1,0
9,krankenhaus-wittmund-ggmbh,krankenhaus-wittmund-ggmbh:137,137,1,0
4,krankenhaus-wittmund-ggmbh,krankenhaus-wittmund-ggmbh:139,139,1,0
8,krankenhaus-wittmund-ggmbh,krankenhaus-wittmund-ggmbh:141,141,1,0
12,krankenhaus-wittmund-ggmbh,krankenhaus-wittmund-ggmbh:142,142,1,0
3,krankenhaus-wittmund-ggmbh,krankenhaus-wittmund-ggmbh:143,143,1,0
8,krankenhaus-wittmund-ggmbh,krankenhaus-wittmund-ggmbh:150,150,1,0
13,krankenhaus-wittmund-ggmbh,krankenhaus-wittmund-ggmbh:154,154,1,0
6,krankenhaus-wittmund-ggmbh,krankenhaus-wittmund-ggmbh:158,158,1,0
2,krankenhaus-wittmund-ggmbh,krankenhaus-wittmund-ggmbh:159,159,2,0
7,krankenhaus-wittmund-ggmbh,krankenhaus-wittmund-ggmbh:160,160,1,0
1,krankenhaus-wittmund-ggmbh,krankenhaus-wittmund-ggmbh:171,171,1,0
0,krankenhaus-wittmund-ggmbh,krankenhaus-wittmund-ggmbh:175,175,2,1
4,krankenhaus-wittmund-ggmbh,krankenhaus-wittmund-ggmbh:179,179,1,0
4,krankenhaus-wittmund-ggmbh,krankenhaus-wittmund-ggmbh:189,189,1,0
0,krankenhaus-wittmund-ggmbh,krankenhaus-wittmund-ggmbh:192,192,1,0
10,krankenhaus-wittmund-ggmbh,krankenhaus-wittmund-ggmbh:193,193,1,0
2,krankenhaus-wittmund-ggmbh,krankenhaus-wittmund-ggmbh:194,194,1,0
4,krankenhaus-wittmund-ggmbh,krankenhaus-wittmund-ggmbh:198,198,1,0
8,krankenhaus-wittmund-ggmbh,krankenhaus-wittmund-ggmbh:199,199,1,0
0,krankenhaus-wittmund-ggmbh,krankenhaus-wittmund-ggmbh:204,204,2,0
0,krankenhaus-wittmund-ggmbh,krankenhaus-wittmund-ggmbh:205,205,1,1
6,krankenhaus-wittmund-ggmbh,krankenhaus-wittmund-ggmbh:207,207,1,0
0,krankenhaus-wittmund-ggmbh,krankenhaus-wittmund-ggmbh:210,210,1,0
0,krankenhaus-wittmund-ggmbh,krankenhaus-wittmund-ggmbh:212,212,1,0
0,krankenhaus-wittmund-ggmbh,krankenhaus-wittmund-ggmbh:213,213,1,0
2,krankenhaus-wittmund-ggmbh,krankenhaus-wittmund-ggmbh:227,227,1,0
2,krankenhaus-wittmund-ggmbh,krankenhaus-wittmund-ggmbh:232,232,1,0
5,krankenhaus-wittmund-ggmbh,krankenhaus-wittmund-ggmbh:237,237,1,0
0,krankenhaus-wittmund-ggmbh,krankenhaus-wittmund-ggmbh:243,243,1,0
0,krankenhaus-wittmund-ggmbh,krankenhaus-wittmund-ggmbh:246,246,1,0
0,krankenhaus-wittmund-ggmbh,krankenhaus-wittmund-ggmbh:251,251,1,0
3,krankenhaus-wittmund-ggmbh,krankenhaus-wittmund-ggmbh:254,254,2,0
0,kreiskrankenhaus-osterholz,kreiskrankenhaus-osterholz:1,1,1,0
0,kreiskrankenhaus-osterholz,kreiskrankenhaus-osterholz:4,4,1,0
0,kreiskrankenhaus-osterholz,kreiskrankenhaus-osterholz:5,5,1,0
0,kreiskrankenhaus-osterholz,kreiskrankenhaus-osterholz:7,7,1,0
1,kreiskrankenhaus-osterholz,kreiskrankenhaus-osterholz:18,18,1,0
0,kreiskrankenhaus-osterholz,kreiskrankenhaus-osterholz:22,22,1,0
0,kreiskrankenhaus-osterholz,kreiskrankenhaus-osterholz:24,24,2,0
0,kreiskrankenhaus-osterholz,kreiskrankenhaus-osterholz:29,29,1,0
0,kreiskrankenhaus-osterholz,kreiskrankenhaus-osterholz:30,30,1,0
1,kreiskrankenhaus-osterholz,kreiskrankenhaus-osterholz:33,33,1,0
0,kreiskrankenhaus-osterholz,kreiskrankenhaus-osterholz:37,37,2,0
2,kreiskrankenhaus-osterholz,kreiskrankenhaus-osterholz:40,40,2,0
2,kreiskrankenhaus-osterholz,kreiskrankenhaus-osterholz:45,45,1,0
0,kreiskrankenhaus-osterholz,kreiskrankenhaus-osterholz:49,49,1,0
6,kreiskrankenhaus-osterholz,kreiskrankenhaus-osterholz:51,51,1,0
7,kreiskrankenhaus-osterholz,kreiskrankenhaus-osterholz:53,53,1,0
2,kreiskrankenhaus-osterholz,kreiskrankenhaus-osterholz:58,58,1,0
1,kreiskrankenhaus-osterholz,kreiskrankenhaus-osterholz:60,60,1,0
1,kreiskrankenhaus-osterholz,kreiskrankenhaus-osterholz:61,61,2,0
3,kreiskrankenhaus-osterholz,kreiskrankenhaus-osterholz:62,62,2,0
1,kreiskrankenhaus-osterholz,kreiskrankenhaus-osterholz:63,63,2,0
9,kreiskrankenhaus-osterholz,kreiskrankenhaus-osterholz:64,64,1,0
0,kreiskrankenhaus-osterholz,kreiskrankenhaus-osterholz:66,66,1,0
7,kreiskrankenhaus-osterholz,kreiskrankenhaus-osterholz:78,78,1,0
4,kreiskrankenhaus-osterholz,kreiskrankenhaus-osterholz:82,82,2,0
7,kreiskrankenhaus-osterholz,kreiskrankenhaus-osterholz:84,84,1,0
4,kreiskrankenhaus-osterholz,kreiskrankenhaus-osterholz:88,88,1,0
1,kreiskrankenhaus-osterholz,kreiskrankenhaus-osterholz:92,92,1,0
2,kreiskrankenhaus-osterholz,kreiskrankenhaus-osterholz:93,93,2,0
24,kreiskrankenhaus-osterholz,kreiskrankenhaus-osterholz:94,94,1,0
14,kreiskrankenhaus-osterholz,kreiskrankenhaus-osterholz:95,95,1,0
20,kreiskrankenhaus-osterholz,kreiskrankenhaus-osterholz:97,97,1,0
2,kreiskrankenhaus-osterholz,kreiskrankenhaus-osterholz:100,100,1,0
14,kreiskrankenhaus-osterholz,kreiskrankenhaus-osterholz:104,104,1,0
0,kreiskrankenhaus-osterholz,kreiskrankenhaus-osterholz:106,106,1,0
4,kreiskrankenhaus-osterholz,kreiskrankenhaus-osterholz:108,108,1,0
5,kreiskrankenhaus-osterholz,kreiskrankenhaus-osterholz:114,114,1,0
11,kreiskrankenhaus-osterholz,kreiskrankenhaus-osterholz:117,117,1,0
3,kreiskrankenhaus-osterholz,kreiskrankenhaus-osterholz:118,118,1,0
7,kreiskrankenhaus-osterholz,kreiskrankenhaus-osterholz:120,120,1,0
0,kreiskrankenhaus-osterholz,kreiskrankenhaus-osterholz:122,122,1,0
7,kreiskrankenhaus-osterholz,kreiskrankenhaus-osterholz:124,124,1,0
4,kreiskrankenhaus-osterholz,kreiskrankenhaus-osterholz:135,135,1,0
21,kreiskrankenhaus-osterholz,kreiskrankenhaus-osterholz:139,139,1,0
0,kreiskrankenhaus-osterholz,kreiskrankenhaus-osterholz:140,140,1,0
6,kreiskrankenhaus-osterholz,kreiskrankenhaus-osterholz:141,141,1,0
11,kreiskrankenhaus-osterholz,kreiskrankenhaus-osterholz:142,142,1,0
3,kreiskrankenhaus-osterholz,kreiskrankenhaus-osterholz:143,143,2,0
14,kreiskrankenhaus-osterholz,kreiskrankenhaus-osterholz:148,148,1,0
3,kreiskrankenhaus-osterholz,kreiskrankenhaus-osterholz:150,150,1,0
1,kreiskrankenhaus-osterholz,kreiskrankenhaus-osterholz:152,152,1,0
0,kreiskrankenhaus-osterholz,kreiskrankenhaus-osterholz:154,154,2,0
5,kreiskrankenhaus-osterholz,kreiskrankenhaus-osterholz:161,161,1,0
0,kreiskrankenhaus-osterholz,kreiskrankenhaus-osterholz:162,162,1,0
3,kreiskrankenhaus-osterholz,kreiskrankenhaus-osterholz:168,168,1,0
6,kreiskrankenhaus-osterholz,kreiskrankenhaus-osterholz:178,178,1,0
0,kreiskrankenhaus-osterholz,kreiskrankenhaus-osterholz:179,179,1,0
4,kreiskrankenhaus-osterholz,kreiskrankenhaus-osterholz:183,183,1,0
3,kreiskrankenhaus-osterholz,kreiskrankenhaus-osterholz:186,186,1,0
2,kreiskrankenhaus-osterholz,kreiskrankenhaus-osterholz:188,188,1,0
1,kreiskrankenhaus-osterholz,kreiskrankenhaus-osterholz:189,189,1,0
2,kreiskrankenhaus-osterholz,kreiskrankenhaus-osterholz:196,196,1,0
5,kreiskrankenhaus-osterholz,kreiskrankenhaus-osterholz:201,201,1,0
3,kreiskrankenhaus-osterholz,kreiskrankenhaus-osterholz:203,203,2,0
1,kreiskrankenhaus-osterholz,kreiskrankenhaus-osterholz:204,204,1,0
6,kreiskrankenhaus-osterholz,kreiskrankenhaus-osterholz:206,206,1,0
2,kreiskrankenhaus-osterholz,kreiskrankenhaus-osterholz:208,208,1,0
9,kreiskrankenhaus-osterholz,kreiskrankenhaus-osterholz:209,209,1,0
0,kreiskrankenhaus-osterholz,kreiskrankenhaus-osterholz:213,213,2,0
6,kreiskrankenhaus-osterholz,kreiskrankenhaus-osterholz:218,218,1,0
1,kreiskrankenhaus-osterholz,kreiskrankenhaus-osterholz:221,221,2,0
0,kreiskrankenhaus-osterholz,kreiskrankenhaus-osterholz:225,225,1,0
0,kreiskrankenhaus-osterholz,kreiskrankenhaus-osterholz:228,228,1,0
0,kreiskrankenhaus-osterholz,kreiskrankenhaus-osterholz:229,229,2,0
0,kreiskrankenhaus-osterholz,kreiskrankenhaus-osterholz:230,230,1,0
0,kreiskrankenhaus-osterholz,kreiskrankenhaus-osterholz:232,232,1,0
0,krh-klinikum-agnes-karll-laatzen,krh-klinikum-agnes-karll-laatzen:1,1,1,0
0,krh-klinikum-agnes-karll-laatzen,krh-klinikum-agnes-karll-laatzen:3,3,1,0
0,krh-klinikum-agnes-karll-laatzen,krh-klinikum-agnes-karll-laatzen:6,6,1,0
0,krh-klinikum-agnes-karll-laatzen,krh-klinikum-agnes-karll-laatzen:7,7,1,0
1,krh-klinikum-agnes-karll-laatzen,krh-klinikum-agnes-karll-laatzen:10,10,1,0
0,krh-klinikum-agnes-karll-laatzen,krh-klinikum-agnes-karll-laatzen:11,11,1,0
0,krh-klinikum-agnes-karll-laatzen,krh-klinikum-agnes-karll-laatzen:14,14,1,0
0,krh-klinikum-agnes-karll-laatzen,krh-klinikum-agnes-karll-laatzen:15,15,1,0
0,krh-klinikum-agnes-karll-laatzen,krh-klinikum-agnes-karll-laatzen:18,18,1,0
6,krh-klinikum-agnes-karll-laatzen,krh-klinikum-agnes-karll-laatzen:32,32,1,0
3,krh-klinikum-agnes-karll-laatzen,krh-klinikum-agnes-karll-laatzen:33,33,1,0
1,krh-klinikum-agnes-karll-laatzen,krh-klinikum-agnes-karll-laatzen:36,36,1,0
4,krh-klinikum-agnes-karll-laatzen,krh-klinikum-agnes-karll-laatzen:38,38,2,0
1,krh-klinikum-agnes-karll-laatzen,krh-klinikum-agnes-karll-laatzen:42,42,1,0
2,krh-klinikum-agnes-karll-laatzen,krh-klinikum-agnes-karll-laatzen:52,52,1,0
5,krh-klinikum-agnes-karll-laatzen,krh-klinikum-agnes-karll-laatzen:60,60,1,0
4,krh-klinikum-agnes-karll-laatzen,krh-klinikum-agnes-karll-laatzen:61,61,1,0
4,krh-klinikum-agnes-karll-laatzen,krh-klinikum-agnes-karll-laatzen:63,63,1,0
6,krh-klinikum-agnes-karll-laatzen,krh-klinikum-agnes-karll-laatzen:64,64,2,0
1,krh-klinikum-agnes-karll-laatzen,krh-klinikum-agnes-karll-laatzen:66,66,1,0
0,krh-klinikum-agnes-karll-laatzen,krh-klinikum-agnes-karll-laatzen:67,67,1,0
12,krh-klinikum-agnes-karll-laatzen,krh-klinikum-agnes-karll-laatzen:71,71,1,0
0,krh-klinikum-agnes-karll-laatzen,krh-klinikum-agnes-karll-laatzen:72,72,1,0
0,krh-klinikum-agnes-karll-laatzen,krh-klinikum-agnes-karll-laatzen:76,76,1,0
5,krh-klinikum-agnes-karll-laatzen,krh-klinikum-agnes-karll-laatzen:79,79,1,0
4,krh-klinikum-agnes-karll-laatzen,krh-klinikum-agnes-karll-laatzen:80,80,1,0
7,krh-klinikum-agnes-karll-laatzen,krh-klinikum-agnes-karll-laatzen:84,84,1,0
1,krh-klinikum-agnes-karll-laatzen,krh-klinikum-agnes-karll-laatzen:87,87,1,0
6,krh-klinikum-agnes-karll-laatzen,krh-klinikum-agnes-karll-laatzen:90,90,1,0
8,krh-klinikum-agnes-karll-laatzen,krh-klinikum-agnes-karll-laatzen:93,93,1,0
8,krh-klinikum-agnes-karll-laatzen,krh-klinikum-agnes-karll-laatzen:94,94,1,0
2,krh-klinikum-agnes-karll-laatzen,krh-klinikum-agnes-karll-laatzen:95,95,1,0
8,krh-klinikum-agnes-karll-laatzen,krh-klinikum-agnes-karll-laatzen:97,97,1,0
1,krh-klinikum-agnes-karll-laatzen,krh-klinikum-agnes-karll-laatzen:99,99,1,0
8,krh-klinikum-agnes-karll-laatzen,krh-klinikum-agnes-karll-laatzen:102,102,1,0
14,krh-klinikum-agnes-karll-laatzen,krh-klinikum-agnes-karll-laatzen:103,103,1,0
3,krh-klinikum-agnes-karll-laatzen,krh-klinikum-agnes-karll-laatzen:104,104,2,0
0,krh-klinikum-agnes-karll-laatzen,krh-klinikum-agnes-karll-laatzen:107,107,1,0
8,krh-klinikum-agnes-karll-laatzen,krh-klinikum-agnes-karll-laatzen:108,108,2,0
8,krh-klinikum-agnes-karll-laatzen,krh-klinikum-agnes-karll-laatzen:111,111,1,0
2,krh-klinikum-agnes-karll-laatzen,krh-klinikum-agnes-karll-laatzen:112,112,1,0
9,krh-klinikum-agnes-karll-laatzen,krh-klinikum-agnes-karll-laatzen:114,114,1,0
9,krh-klinikum-agnes-karll-laatzen,krh-klinikum-agnes-karll-laatzen:117,117,1,0
3,krh-klinikum-agnes-karll-laatzen,krh-klinikum-agnes-karll-laatzen:123,123,1,0
6,krh-klinikum-agnes-karll-laatzen,krh-klinikum-agnes-karll-laatzen:125,125,1,0
6,krh-klinikum-agnes-karll-laatzen,krh-klinikum-agnes-karll-laatzen:128,128,1,0
0,krh-klinikum-agnes-karll-laatzen,krh-klinikum-agnes-karll-laatzen:133,133,2,0
3,krh-klinikum-agnes-karll-laatzen,krh-klinikum-agnes-karll-laatzen:134,134,1,0
16,krh-klinikum-agnes-karll-laatzen,krh-klinikum-agnes-karll-laatzen:135,135,1,0
15,krh-klinikum-agnes-karll-laatzen,krh-klinikum-agnes-karll-laatzen:137,137,1,0
2,krh-klinikum-agnes-karll-laatzen,krh-klinikum-agnes-karll-laatzen:138,138,2,0
0,krh-klinikum-agnes-karll-laatzen,krh-klinikum-agnes-karll-laatzen:139,139,2,0
2,krh-klinikum-agnes-karll-laatzen,krh-klinikum-agnes-karll-laatzen:140,140,1,0
7,krh-klinikum-agnes-karll-laatzen,krh-klinikum-agnes-karll-laatzen:141,141,1,0
6,krh-klinikum-agnes-karll-laatzen,krh-klinikum-agnes-karll-laatzen:144,144,1,0
9,krh-klinikum-agnes-karll-laatzen,krh-klinikum-agnes-karll-laatzen:145,145,1,0
4,krh-klinikum-agnes-karll-laatzen,krh-klinikum-agnes-karll-laatzen:147,147,1,0
1,krh-klinikum-agnes-karll-laatzen,krh-klinikum-agnes-karll-laatzen:150,150,1,0
4,krh-klinikum-agnes-karll-laatzen,krh-klinikum-agnes-karll-laatzen:157,157,1,0
6,krh-klinikum-agnes-karll-laatzen,krh-klinikum-agnes-karll-laatzen:158,158,1,0
2,krh-klinikum-agnes-karll-laatzen,krh-klinikum-agnes-karll-laatzen:159,159,1,0
1,krh-klinikum-agnes-karll-laatzen,krh-klinikum-agnes-karll-laatzen:161,161,1,0
2,krh-klinikum-agnes-karll-laatzen,krh-klinikum-agnes-karll-laatzen:162,162,1,0
7,krh-klinikum-agnes-karll-laatzen,krh-klinikum-agnes-karll-laatzen:163,163,2,0
9,krh-klinikum-agnes-karll-laatzen,krh-klinikum-agnes-karll-laatzen:164,164,1,0
12,krh-klinikum-agnes-karll-laatzen,krh-klinikum-agnes-karll-laatzen:168,168,1,0
14,krh-klinikum-agnes-karll-laatzen,krh-klinikum-agnes-karll-laatzen:170,170,1,0
10,krh-klinikum-agnes-karll-laatzen,krh-klinikum-agnes-karll-laatzen:171,171,1,0
11,krh-klinikum-agnes-karll-laatzen,krh-klinikum-agnes-karll-laatzen:179,179,1,0
1,krh-klinikum-agnes-karll-laatzen,krh-klinikum-agnes-karll-laatzen:180,180,1,0
2,krh-klinikum-agnes-karll-laatzen,krh-klinikum-agnes-karll-laatzen:189,189,1,0
6,krh-klinikum-agnes-karll-laatzen,krh-klinikum-agnes-karll-laatzen:190,190,1,0
3,krh-klinikum-agnes-karll-laatzen,krh-klinikum-agnes-karll-laatzen:191,191,1,0
10,krh-klinikum-agnes-karll-laatzen,krh-klinikum-agnes-karll-laatzen:192,192,1,0
0,krh-klinikum-agnes-karll-laatzen,krh-klinikum-agnes-karll-laatzen:195,195,1,0
5,krh-klinikum-agnes-karll-laatzen,krh-klinikum-agnes-karll-laatzen:198,198,1,0
7,krh-klinikum-agnes-karll-laatzen,krh-klinikum-agnes-karll-laatzen:199,199,1,0
12,krh-klinikum-agnes-karll-laatzen,krh-klinikum-agnes-karll-laatzen:201,201,1,0
1,krh-klinikum-agnes-karll-laatzen,krh-klinikum-agnes-karll-laatzen:202,202,1,0
6,krh-klinikum-agnes-karll-laatzen,krh-klinikum-agnes-karll-laatzen:204,204,1,0
0,krh-klinikum-agnes-karll-laatzen,krh-klinikum-agnes-karll-laatzen:206,206,2,0
3,krh-klinikum-agnes-karll-laatzen,krh-klinikum-agnes-karll-laatzen:207,207,1,0
0,krh-klinikum-agnes-karll-laatzen,krh-klinikum-agnes-karll-laatzen:210,210,1,0
3,krh-klinikum-agnes-karll-laatzen,krh-klinikum-agnes-karll-laatzen:211,211,1,0
6,krh-klinikum-agnes-karll-laatzen,krh-klinikum-agnes-karll-laatzen:212,212,1,0
8,krh-klinikum-agnes-karll-laatzen,krh-klinikum-agnes-karll-laatzen:213,213,1,0
1,krh-klinikum-agnes-karll-laatzen,krh-klinikum-agnes-karll-laatzen:214,214,1,0
12,krh-klinikum-agnes-karll-laatzen,krh-klinikum-agnes-karll-laatzen:218,218,1,0
7,krh-klinikum-agnes-karll-laatzen,krh-klinikum-agnes-karll-laatzen:220,220,1,0
8,krh-klinikum-agnes-karll-laatzen,krh-klinikum-agnes-karll-laatzen:223,223,2,0
2,krh-klinikum-agnes-karll-laatzen,krh-klinikum-agnes-karll-laatzen:224,224,1,0
6,krh-klinikum-agnes-karll-laatzen,krh-klinikum-agnes-karll-laatzen:226,226,1,0
5,krh-klinikum-agnes-karll-laatzen,krh-klinikum-agnes-karll-laatzen:227,227,1,0
3,krh-klinikum-agnes-karll-laatzen,krh-klinikum-agnes-karll-laatzen:229,229,1,0
3,krh-klinikum-agnes-karll-laatzen,krh-klinikum-agnes-karll-laatzen:230,230,1,0
3,krh-klinikum-agnes-karll-laatzen,krh-klinikum-agnes-karll-laatzen:233,233,1,0
0,krh-klinikum-agnes-karll-laatzen,krh-klinikum-agnes-karll-laatzen:235,235,2,0
1,krh-klinikum-agnes-karll-laatzen,krh-klinikum-agnes-karll-laatzen:240,240,2,0
9,krh-klinikum-agnes-karll-laatzen,krh-klinikum-agnes-karll-laatzen:242,242,1,0
8,krh-klinikum-agnes-karll-laatzen,krh-klinikum-agnes-karll-laatzen:243,243,1,0
2,krh-klinikum-agnes-karll-laatzen,krh-klinikum-agnes-karll-laatzen:244,244,1,0
1,krh-klinikum-agnes-karll-laatzen,krh-klinikum-agnes-karll-laatzen:245,245,1,0
11,krh-klinikum-agnes-karll-laatzen,krh-klinikum-agnes-karll-laatzen:246,246,1,0
2,krh-klinikum-agnes-karll-laatzen,krh-klinikum-agnes-karll-laatzen:247,247,1,0
1,krh-klinikum-agnes-karll-laatzen,krh-klinikum-agnes-karll-laatzen:253,253,1,0
0,krh-klinikum-agnes-karll-laatzen,krh-klinikum-agnes-karll-laatzen:261,261,1,0
4,krh-klinikum-agnes-karll-laatzen,krh-klinikum-agnes-karll-laatzen:262,262,1,0
0,krh-klinikum-agnes-karll-laatzen,krh-klinikum-agnes-karll-laatzen:263,263,1,0
5,krh-klinikum-agnes-karll-laatzen,krh-klinikum-agnes-karll-laatzen:264,264,1,0
0,krh-klinikum-agnes-karll-laatzen,krh-klinikum-agnes-karll-laatzen:265,265,1,0
1,krh-klinikum-agnes-karll-laatzen,krh-klinikum-agnes-karll-laatzen:270,270,1,0
10,krh-klinikum-agnes-karll-laatzen,krh-klinikum-agnes-karll-laatzen:273,273,1,0
0,krh-klinikum-agnes-karll-laatzen,krh-klinikum-agnes-karll-laatzen:274,274,1,0
3,krh-klinikum-agnes-karll-laatzen,krh-klinikum-agnes-karll-laatzen:275,275,1,0
1,krh-klinikum-agnes-karll-laatzen,krh-klinikum-agnes-karll-laatzen:277,277,1,0
8,krh-klinikum-agnes-karll-laatzen,krh-klinikum-agnes-karll-laatzen:278,278,1,0
5,krh-klinikum-agnes-karll-laatzen,krh-klinikum-agnes-karll-laatzen:280,280,1,0
1,krh-klinikum-agnes-karll-laatzen,krh-klinikum-agnes-karll-laatzen:283,283,1,0
4,krh-klinikum-agnes-karll-laatzen,krh-klinikum-agnes-karll-laatzen:285,285,1,0
0,krh-klinikum-agnes-karll-laatzen,krh-klinikum-agnes-karll-laatzen:290,290,1,0
1,krh-klinikum-agnes-karll-laatzen,krh-klinikum-agnes-karll-laatzen:291,291,1,0
1,krh-klinikum-agnes-karll-laatzen,krh-klinikum-agnes-karll-laatzen:292,292,1,0
1,krh-klinikum-agnes-karll-laatzen,krh-klinikum-agnes-karll-laatzen:293,293,1,0
1,krh-klinikum-agnes-karll-laatzen,krh-klinikum-agnes-karll-laatzen:295,295,1,0
0,krh-klinikum-agnes-karll-laatzen,krh-klinikum-agnes-karll-laatzen:296,296,1,0
0,krh-klinikum-agnes-karll-laatzen,krh-klinikum-agnes-karll-laatzen:298,298,1,0
0,krh-klinikum-agnes-karll-laatzen,krh-klinikum-agnes-karll-laatzen:305,305,1,0
0,krh-klinikum-agnes-karll-laatzen,krh-klinikum-agnes-karll-laatzen:306,306,2,0
3,krh-klinikum-agnes-karll-laatzen,krh-klinikum-agnes-karll-laatzen:308,308,1,0
0,krh-klinikum-agnes-karll-laatzen,krh-klinikum-agnes-karll-laatzen:312,312,1,0
0,krh-klinikum-agnes-karll-laatzen,krh-klinikum-agnes-karll-laatzen:314,314,2,0
0,krh-klinikum-agnes-karll-laatzen,krh-klinikum-agnes-karll-laatzen:316,316,1,0
3,krh-klinikum-agnes-karll-laatzen,krh-klinikum-agnes-karll-laatzen:319,319,1,0
1,krh-klinikum-agnes-karll-laatzen,krh-klinikum-agnes-karll-laatzen:321,321,2,0
3,krh-klinikum-agnes-karll-laatzen,krh-klinikum-agnes-karll-laatzen:323,323,1,0
0,krh-klinikum-agnes-karll-laatzen,krh-klinikum-agnes-karll-laatzen:324,324,1,0
1,krh-klinikum-agnes-karll-laatzen,krh-klinikum-agnes-karll-laatzen:329,329,1,0
0,krh-klinikum-agnes-karll-laatzen,krh-klinikum-agnes-karll-laatzen:331,331,1,0
1,krh-klinikum-agnes-karll-laatzen,krh-klinikum-agnes-karll-laatzen:336,336,1,0
0,krh-klinikum-grossburgwedel,krh-klinikum-grossburgwedel:0,0,1,0
0,krh-klinikum-grossburgwedel,krh-klinikum-grossburgwedel:3,3,1,0
0,krh-klinikum-grossburgwedel,krh-klinikum-grossburgwedel:9,9,1,0
0,krh-klinikum-grossburgwedel,krh-klinikum-grossburgwedel:10,10,1,0
0,krh-klinikum-grossburgwedel,krh-klinikum-grossburgwedel:12,12,1,0
0,krh-klinikum-grossburgwedel,krh-klinikum-grossburgwedel:13,13,1,0
0,krh-klinikum-grossburgwedel,krh-klinikum-grossburgwedel:15,15,1,0
0,krh-klinikum-grossburgwedel,krh-klinikum-grossburgwedel:16,16,1,0
0,krh-klinikum-grossburgwedel,krh-klinikum-grossburgwedel:17,17,1,0
0,krh-klinikum-grossburgwedel,krh-klinikum-grossburgwedel:18,18,1,0
1,krh-klinikum-grossburgwedel,krh-klinikum-grossburgwedel:19,19,1,0
0,krh-klinikum-grossburgwedel,krh-klinikum-grossburgwedel:21,21,1,0
0,krh-klinikum-grossburgwedel,krh-klinikum-grossburgwedel:23,23,1,0
0,krh-klinikum-grossburgwedel,krh-klinikum-grossburgwedel:26,26,1,0
0,krh-klinikum-grossburgwedel,krh-klinikum-grossburgwedel:27,27,1,0
0,krh-klinikum-grossburgwedel,krh-klinikum-grossburgwedel:28,28,1,0
0,krh-klinikum-grossburgwedel,krh-klinikum-grossburgwedel:29,29,1,0
1,krh-klinikum-grossburgwedel,krh-klinikum-grossburgwedel:37,37,1,0
0,krh-klinikum-grossburgwedel,krh-klinikum-grossburgwedel:40,40,1,0
0,krh-klinikum-grossburgwedel,krh-klinikum-grossburgwedel:42,42,1,0
0,krh-klinikum-grossburgwedel,krh-klinikum-grossburgwedel:45,45,1,0
0,krh-klinikum-grossburgwedel,krh-klinikum-grossburgwedel:50,50,2,0
1,krh-klinikum-grossburgwedel,krh-klinikum-grossburgwedel:51,51,1,0
0,krh-klinikum-grossburgwedel,krh-klinikum-grossburgwedel:53,53,1,0
0,krh-klinikum-grossburgwedel,krh-klinikum-grossburgwedel:55,55,1,0
0,krh-klinikum-grossburgwedel,krh-klinikum-grossburgwedel:58,58,1,0
0,krh-klinikum-grossburgwedel,krh-klinikum-grossburgwedel:59,59,1,0
1,krh-klinikum-grossburgwedel,krh-klinikum-grossburgwedel:61,61,1,0
0,krh-klinikum-grossburgwedel,krh-klinikum-grossburgwedel:64,64,2,0
0,krh-klinikum-grossburgwedel,krh-klinikum-grossburgwedel:67,67,1,0
3,krh-klinikum-grossburgwedel,krh-klinikum-grossburgwedel:69,69,1,0
1,krh-klinikum-grossburgwedel,krh-klinikum-grossburgwedel:73,73,1,0
2,krh-klinikum-grossburgwedel,krh-klinikum-grossburgwedel:78,78,1,0
0,krh-klinikum-grossburgwedel,krh-klinikum-grossburgwedel:79,79,1,0
1,krh-klinikum-grossburgwedel,krh-klinikum-grossburgwedel:81,81,1,0
1,krh-klinikum-grossburgwedel,krh-klinikum-grossburgwedel:84,84,1,0
7,krh-klinikum-grossburgwedel,krh-klinikum-grossburgwedel:88,88,2,0
1,krh-klinikum-grossburgwedel,krh-klinikum-grossburgwedel:93,93,1,0
0,krh-klinikum-grossburgwedel,krh-klinikum-grossburgwedel:99,99,1,0
0,krh-klinikum-grossburgwedel,krh-klinikum-grossburgwedel:109,109,1,0
7,krh-klinikum-grossburgwedel,krh-klinikum-grossburgwedel:118,118,1,0
4,krh-klinikum-grossburgwedel,krh-klinikum-grossburgwedel:121,121,1,0
3,krh-klinikum-grossburgwedel,krh-klinikum-grossburgwedel:122,122,1,0
6,krh-klinikum-grossburgwedel,krh-klinikum-grossburgwedel:124,124,2,0
1,krh-klinikum-grossburgwedel,krh-klinikum-grossburgwedel:126,126,1,0
4,krh-klinikum-grossburgwedel,krh-klinikum-grossburgwedel:127,127,1,0
5,krh-klinikum-grossburgwedel,krh-klinikum-grossburgwedel:130,130,1,0
0,krh-klinikum-grossburgwedel,krh-klinikum-grossburgwedel:137,137,2,0
1,krh-klinikum-grossburgwedel,krh-klinikum-grossburgwedel:138,138,1,0
1,krh-klinikum-grossburgwedel,krh-klinikum-grossburgwedel:139,139,1,0
0,krh-klinikum-grossburgwedel,krh-klinikum-grossburgwedel:140,140,1,0
2,krh-klinikum-grossburgwedel,krh-klinikum-grossburgwedel:142,142,2,0
3,krh-klinikum-grossburgwedel,krh-klinikum-grossburgwedel:143,143,2,0
1,krh-klinikum-grossburgwedel,krh-klinikum-grossburgwedel:144,144,1,0
2,krh-klinikum-grossburgwedel,krh-klinikum-grossburgwedel:145,145,2,0
5,krh-klinikum-grossburgwedel,krh-klinikum-grossburgwedel:146,146,1,0
4,krh-klinikum-grossburgwedel,krh-klinikum-grossburgwedel:149,149,2,0
0,krh-klinikum-grossburgwedel,krh-klinikum-grossburgwedel:151,151,1,0
1,krh-klinikum-grossburgwedel,krh-klinikum-grossburgwedel:157,157,2,0
2,krh-klinikum-grossburgwedel,krh-klinikum-grossburgwedel:161,161,2,0
2,krh-klinikum-grossburgwedel,krh-klinikum-grossburgwedel:165,165,1,0
5,krh-klinikum-grossburgwedel,krh-klinikum-grossburgwedel:166,166,1,0
4,krh-klinikum-grossburgwedel,krh-klinikum-grossburgwedel:172,172,1,0
0,krh-klinikum-grossburgwedel,krh-klinikum-grossburgwedel:174,174,1,0
7,krh-klinikum-grossburgwedel,krh-klinikum-grossburgwedel:176,176,1,0
16,krh-klinikum-grossburgwedel,krh-klinikum-grossburgwedel:178,178,1,0
3,krh-klinikum-grossburgwedel,krh-klinikum-grossburgwedel:181,181,1,0
5,krh-klinikum-grossburgwedel,krh-klinikum-grossburgwedel:186,186,2,0
5,krh-klinikum-grossburgwedel,krh-klinikum-grossburgwedel:189,189,1,0
1,krh-klinikum-grossburgwedel,krh-klinikum-grossburgwedel:191,191,1,0
4,krh-klinikum-grossburgwedel,krh-klinikum-grossburgwedel:192,192,1,0
4,krh-klinikum-grossburgwedel,krh-klinikum-grossburgwedel:195,195,1,0
0,krh-klinikum-grossburgwedel,krh-klinikum-grossburgwedel:196,196,1,0
2,krh-klinikum-grossburgwedel,krh-klinikum-grossburgwedel:198,198,1,0
12,krh-klinikum-grossburgwedel,krh-klinikum-grossburgwedel:200,200,1,0
5,krh-klinikum-grossburgwedel,krh-klinikum-grossburgwedel:201,201,1,0
3,krh-klinikum-grossburgwedel,krh-klinikum-grossburgwedel:204,204,1,0
0,krh-klinikum-grossburgwedel,krh-klinikum-grossburgwedel:209,209,2,0
7,krh-klinikum-grossburgwedel,krh-klinikum-grossburgwedel:212,212,1,0
1,krh-klinikum-grossburgwedel,krh-klinikum-grossburgwedel:214,214,1,0
0,krh-klinikum-grossburgwedel,krh-klinikum-grossburgwedel:215,215,1,0
1,krh-klinikum-grossburgwedel,krh-klinikum-grossburgwedel:216,216,1,0
0,krh-klinikum-grossburgwedel,krh-klinikum-grossburgwedel:228,228,1,0
7,krh-klinikum-grossburgwedel,krh-klinikum-grossburgwedel:229,229,1,0
8,krh-klinikum-grossburgwedel,krh-klinikum-grossburgwedel:233,233,1,0
0,krh-klinikum-grossburgwedel,krh-klinikum-grossburgwedel:235,235,2,0
0,krh-klinikum-grossburgwedel,krh-klinikum-grossburgwedel:237,237,1,0
6,krh-klinikum-grossburgwedel,krh-klinikum-grossburgwedel:242,242,1,0
0,krh-klinikum-grossburgwedel,krh-klinikum-grossburgwedel:243,243,1,0
0,krh-klinikum-grossburgwedel,krh-klinikum-grossburgwedel:244,244,1,0
0,krh-klinikum-grossburgwedel,krh-klinikum-grossburgwedel:245,245,1,0
0,krh-klinikum-grossburgwedel,krh-klinikum-grossburgwedel:248,248,1,0
1,krh-klinikum-grossburgwedel,krh-klinikum-grossburgwedel:257,257,1,0
4,krh-klinikum-grossburgwedel,krh-klinikum-grossburgwedel:258,258,1,0
0,krh-klinikum-grossburgwedel,krh-klinikum-grossburgwedel:262,262,1,0
0,krh-klinikum-grossburgwedel,krh-klinikum-grossburgwedel:264,264,1,0
0,krh-klinikum-grossburgwedel,krh-klinikum-grossburgwedel:268,268,1,0
0,krh-klinikum-grossburgwedel,krh-klinikum-grossburgwedel:269,269,1,0
8,krh-klinikum-grossburgwedel,krh-klinikum-grossburgwedel:271,271,1,0
8,krh-klinikum-grossburgwedel,krh-klinikum-grossburgwedel:272,272,1,0
1,krh-klinikum-grossburgwedel,krh-klinikum-grossburgwedel:275,275,2,0
0,krh-klinikum-grossburgwedel,krh-klinikum-grossburgwedel:283,283,1,0
5,krh-klinikum-grossburgwedel,krh-klinikum-grossburgwedel:285,285,1,0
6,krh-klinikum-grossburgwedel,krh-klinikum-grossburgwedel:286,286,1,0
5,krh-klinikum-grossburgwedel,krh-klinikum-grossburgwedel:287,287,1,0
4,krh-klinikum-grossburgwedel,krh-klinikum-grossburgwedel:292,292,1,0
0,krh-klinikum-grossburgwedel,krh-klinikum-grossburgwedel:294,294,1,0
7,krh-klinikum-grossburgwedel,krh-klinikum-grossburgwedel:304,304,1,0
0,krh-klinikum-grossburgwedel,krh-klinikum-grossburgwedel:308,308,1,0
6,krh-klinikum-grossburgwedel,krh-klinikum-grossburgwedel:318,318,1,0
0,krh-klinikum-grossburgwedel,krh-klinikum-grossburgwedel:321,321,1,0
0,krh-klinikum-grossburgwedel,krh-klinikum-grossburgwedel:322,322,1,0
2,krh-klinikum-grossburgwedel,krh-klinikum-grossburgwedel:324,324,2,0
0,krh-klinikum-grossburgwedel,krh-klinikum-grossburgwedel:325,325,1,0
0,krh-klinikum-grossburgwedel,krh-klinikum-grossburgwedel:326,326,1,0
4,krh-klinikum-grossburgwedel,krh-klinikum-grossburgwedel:333,333,1,0
0,krh-klinikum-grossburgwedel,krh-klinikum-grossburgwedel:334,334,1,0
0,krh-klinikum-grossburgwedel,krh-klinikum-grossburgwedel:336,336,1,0
4,krh-klinikum-grossburgwedel,krh-klinikum-grossburgwedel:337,337,1,0
3,krh-klinikum-grossburgwedel,krh-klinikum-grossburgwedel:343,343,1,0
0,krh-klinikum-grossburgwedel,krh-klinikum-grossburgwedel:346,346,1,0
2,krh-klinikum-grossburgwedel,krh-klinikum-grossburgwedel:349,349,1,0
4,krh-klinikum-grossburgwedel,krh-klinikum-grossburgwedel:354,354,2,0
0,krh-klinikum-grossburgwedel,krh-klinikum-grossburgwedel:355,355,1,0
0,krh-klinikum-grossburgwedel,krh-klinikum-grossburgwedel:357,357,1,0
5,krh-klinikum-grossburgwedel,krh-klinikum-grossburgwedel:365,365,1,0
0,krh-klinikum-grossburgwedel,krh-klinikum-grossburgwedel:372,372,1,0
2,krh-klinikum-grossburgwedel,krh-klinikum-grossburgwedel:385,385,1,0
0,krh-klinikum-grossburgwedel,krh-klinikum-grossburgwedel:387,387,1,0
0,krh-klinikum-lehrte,krh-klinikum-lehrte:1,1,1,0
0,krh-klinikum-lehrte,krh-klinikum-lehrte:2,2,1,0
0,krh-klinikum-lehrte,krh-klinikum-lehrte:6,6,2,0
5,krh-klinikum-lehrte,krh-klinikum-lehrte:10,10,1,0
3,krh-klinikum-lehrte,krh-klinikum-lehrte:11,11,1,0
6,krh-klinikum-lehrte,krh-klinikum-lehrte:18,18,1,0
7,krh-klinikum-lehrte,krh-klinikum-lehrte:20,20,1,0
0,krh-klinikum-lehrte,krh-klinikum-lehrte:24,24,2,0
0,krh-klinikum-lehrte,krh-klinikum-lehrte:25,25,1,0
4,krh-klinikum-lehrte,krh-klinikum-lehrte:26,26,1,0
2,krh-klinikum-lehrte,krh-klinikum-lehrte:34,34,1,0
6,krh-klinikum-lehrte,krh-klinikum-lehrte:35,35,1,0
5,krh-klinikum-lehrte,krh-klinikum-lehrte:36,36,1,0
4,krh-klinikum-lehrte,krh-klinikum-lehrte:39,39,1,0
8,krh-klinikum-lehrte,krh-klinikum-lehrte:40,40,1,0
4,krh-klinikum-lehrte,krh-klinikum-lehrte:44,44,1,0
6,krh-klinikum-lehrte,krh-klinikum-lehrte:45,45,1,0
7,krh-klinikum-lehrte,krh-klinikum-lehrte:48,48,1,0
4,krh-klinikum-lehrte,krh-klinikum-lehrte:52,52,2,0
1,krh-klinikum-lehrte,krh-klinikum-lehrte:57,57,1,0
5,krh-klinikum-lehrte,krh-klinikum-lehrte:60,60,1,0
1,krh-klinikum-lehrte,krh-klinikum-lehrte:65,65,1,0
6,krh-klinikum-lehrte,krh-klinikum-lehrte:69,69,1,0
1,krh-klinikum-lehrte,krh-klinikum-lehrte:73,73,2,0
3,krh-klinikum-lehrte,krh-klinikum-lehrte:74,74,1,0
2,krh-klinikum-lehrte,krh-klinikum-lehrte:75,75,1,0
2,krh-klinikum-lehrte,krh-klinikum-lehrte:76,76,1,0
2,krh-klinikum-lehrte,krh-klinikum-lehrte:77,77,1,0
0,krh-klinikum-lehrte,krh-klinikum-lehrte:78,78,1,0
0,krh-klinikum-lehrte,krh-klinikum-lehrte:79,79,1,0
0,krh-klinikum-lehrte,krh-klinikum-lehrte:80,80,1,0
1,krh-klinikum-lehrte,krh-klinikum-lehrte:81,81,2,0
0,krh-klinikum-lehrte,krh-klinikum-lehrte:87,87,2,0
2,krh-klinikum-lehrte,krh-klinikum-lehrte:90,90,1,0
1,krh-klinikum-lehrte,krh-klinikum-lehrte:92,92,1,0
4,krh-klinikum-lehrte,krh-klinikum-lehrte:94,94,1,0
4,krh-klinikum-lehrte,krh-klinikum-lehrte:97,97,1,0
1,krh-klinikum-lehrte,krh-klinikum-lehrte:102,102,2,0
1,krh-klinikum-lehrte,krh-klinikum-lehrte:104,104,1,0
0,krh-klinikum-lehrte,krh-klinikum-lehrte:112,112,2,0
0,krh-klinikum-lehrte,krh-klinikum-lehrte:114,114,2,0
2,krh-klinikum-lehrte,krh-klinikum-lehrte:117,117,1,0
2,krh-klinikum-lehrte,krh-klinikum-lehrte:120,120,1,0
1,krh-klinikum-lehrte,krh-klinikum-lehrte:127,127,1,0
0,krh-klinikum-lehrte,krh-klinikum-lehrte:129,129,1,0
0,krh-klinikum-lehrte,krh-klinikum-lehrte:131,131,1,0
0,krh-klinikum-lehrte,krh-klinikum-lehrte:133,133,2,0
0,krh-klinikum-lehrte,krh-klinikum-lehrte:134,134,1,0
1,krh-klinikum-lehrte,krh-klinikum-lehrte:138,138,1,0
3,krh-klinikum-lehrte,krh-klinikum-lehrte:141,141,1,0
0,krh-klinikum-lehrte,krh-klinikum-lehrte:143,143,2,0
0,krh-klinikum-lehrte,krh-klinikum-lehrte:145,145,1,0
0,krh-klinikum-neustadt-am-ruebenberge,krh-klinikum-neustadt-am-ruebenberge:5,5,1,0
0,krh-klinikum-neustadt-am-ruebenberge,krh-klinikum-neustadt-am-ruebenberge:7,7,1,0
0,krh-klinikum-neustadt-am-ruebenberge,krh-klinikum-neustadt-am-ruebenberge:13,13,1,0
1,krh-klinikum-neustadt-am-ruebenberge,krh-klinikum-neustadt-am-ruebenberge:19,19,1,0
0,krh-klinikum-neustadt-am-ruebenberge,krh-klinikum-neustadt-am-ruebenberge:22,22,1,0
1,krh-klinikum-neustadt-am-ruebenberge,krh-klinikum-neustadt-am-ruebenberge:23,23,1,0
0,krh-klinikum-neustadt-am-ruebenberge,krh-klinikum-neustadt-am-ruebenberge:24,24,1,0
0,krh-klinikum-neustadt-am-ruebenberge,krh-klinikum-neustadt-am-ruebenberge:25,25,2,0
0,krh-klinikum-neustadt-am-ruebenberge,krh-klinikum-neustadt-am-ruebenberge:27,27,1,0
0,krh-klinikum-neustadt-am-ruebenberge,krh-klinikum-neustadt-am-ruebenberge:29,29,1,0
0,krh-klinikum-neustadt-am-ruebenberge,krh-klinikum-neustadt-am-ruebenberge:33,33,1,0
0,krh-klinikum-neustadt-am-ruebenberge,krh-klinikum-neustadt-am-ruebenberge:34,34,1,0
0,krh-klinikum-neustadt-am-ruebenberge,krh-klinikum-neustadt-am-ruebenberge:35,35,1,0
0,krh-klinikum-neustadt-am-ruebenberge,krh-klinikum-neustadt-am-ruebenberge:38,38,1,0
0,krh-klinikum-neustadt-am-ruebenberge,krh-klinikum-neustadt-am-ruebenberge:39,39,1,0
1,krh-klinikum-neustadt-am-ruebenberge,krh-klinikum-neustadt-am-ruebenberge:40,40,1,0
0,krh-klinikum-neustadt-am-ruebenberge,krh-klinikum-neustadt-am-ruebenberge:43,43,1,0
1,krh-klinikum-neustadt-am-ruebenberge,krh-klinikum-neustadt-am-ruebenberge:47,47,1,0
0,krh-klinikum-neustadt-am-ruebenberge,krh-klinikum-neustadt-am-ruebenberge:52,52,2,0
0,krh-klinikum-neustadt-am-ruebenberge,krh-klinikum-neustadt-am-ruebenberge:55,55,1,1
0,krh-klinikum-neustadt-am-ruebenberge,krh-klinikum-neustadt-am-ruebenberge:57,57,1,1
1,krh-klinikum-neustadt-am-ruebenberge,krh-klinikum-neustadt-am-ruebenberge:58,58,1,0
2,krh-klinikum-neustadt-am-ruebenberge,krh-klinikum-neustadt-am-ruebenberge:62,62,1,0
0,krh-klinikum-neustadt-am-ruebenberge,krh-klinikum-neustadt-am-ruebenberge:63,63,2,0
1,krh-klinikum-neustadt-am-ruebenberge,krh-klinikum-neustadt-am-ruebenberge:65,65,1,0
0,krh-klinikum-neustadt-am-ruebenberge,krh-klinikum-neustadt-am-ruebenberge:67,67,1,0
4,krh-klinikum-neustadt-am-ruebenberge,krh-klinikum-neustadt-am-ruebenberge:69,69,1,0
0,krh-klinikum-neustadt-am-ruebenberge,krh-klinikum-neustadt-am-ruebenberge:70,70,1,0
4,krh-klinikum-neustadt-am-ruebenberge,krh-klinikum-neustadt-am-ruebenberge:73,73,2,0
0,krh-klinikum-neustadt-am-ruebenberge,krh-klinikum-neustadt-am-ruebenberge:74,74,1,0
2,krh-klinikum-neustadt-am-ruebenberge,krh-klinikum-neustadt-am-ruebenberge:75,75,1,0
1,krh-klinikum-neustadt-am-ruebenberge,krh-klinikum-neustadt-am-ruebenberge:77,77,1,0
0,krh-klinikum-neustadt-am-ruebenberge,krh-klinikum-neustadt-am-ruebenberge:78,78,2,0
0,krh-klinikum-neustadt-am-ruebenberge,krh-klinikum-neustadt-am-ruebenberge:79,79,2,1
0,krh-klinikum-neustadt-am-ruebenberge,krh-klinikum-neustadt-am-ruebenberge:80,80,1,0
1,krh-klinikum-neustadt-am-ruebenberge,krh-klinikum-neustadt-am-ruebenberge:81,81,1,0
0,krh-klinikum-neustadt-am-ruebenberge,krh-klinikum-neustadt-am-ruebenberge:84,84,1,0
0,krh-klinikum-neustadt-am-ruebenberge,krh-klinikum-neustadt-am-ruebenberge:85,85,1,0
11,krh-klinikum-neustadt-am-ruebenberge,krh-klinikum-neustadt-am-ruebenberge:91,91,1,0
4,krh-klinikum-neustadt-am-ruebenberge,krh-klinikum-neustadt-am-ruebenberge:94,94,1,0
4,krh-klinikum-neustadt-am-ruebenberge,krh-klinikum-neustadt-am-ruebenberge:95,95,2,0
4,krh-klinikum-neustadt-am-ruebenberge,krh-klinikum-neustadt-am-ruebenberge:108,108,2,0
25,krh-klinikum-neustadt-am-ruebenberge,krh-klinikum-neustadt-am-ruebenberge:111,111,1,0
3,krh-klinikum-neustadt-am-ruebenberge,krh-klinikum-neustadt-am-ruebenberge:115,115,1,0
7,krh-klinikum-neustadt-am-ruebenberge,krh-klinikum-neustadt-am-ruebenberge:123,123,1,0
0,krh-klinikum-neustadt-am-ruebenberge,krh-klinikum-neustadt-am-ruebenberge:124,124,1,0
4,krh-klinikum-neustadt-am-ruebenberge,krh-klinikum-neustadt-am-ruebenberge:126,126,1,0
10,krh-klinikum-neustadt-am-ruebenberge,krh-klinikum-neustadt-am-ruebenberge:131,131,1,0
0,krh-klinikum-neustadt-am-ruebenberge,krh-klinikum-neustadt-am-ruebenberge:135,135,1,0
0,krh-klinikum-neustadt-am-ruebenberge,krh-klinikum-neustadt-am-ruebenberge:137,137,1,0
23,krh-klinikum-neustadt-am-ruebenberge,krh-klinikum-neustadt-am-ruebenberge:144,144,1,0
11,krh-klinikum-neustadt-am-ruebenberge,krh-klinikum-neustadt-am-ruebenberge:147,147,1,0
5,krh-klinikum-neustadt-am-ruebenberge,krh-klinikum-neustadt-am-ruebenberge:148,148,1,0
3,krh-klinikum-neustadt-am-ruebenberge,krh-klinikum-neustadt-am-ruebenberge:154,154,1,0
6,krh-klinikum-neustadt-am-ruebenberge,krh-klinikum-neustadt-am-ruebenberge:155,155,1,0
12,krh-klinikum-neustadt-am-ruebenberge,krh-klinikum-neustadt-am-ruebenberge:156,156,1,0
9,krh-klinikum-neustadt-am-ruebenberge,krh-klinikum-neustadt-am-ruebenberge:161,161,1,0
0,krh-klinikum-neustadt-am-ruebenberge,krh-klinikum-neustadt-am-ruebenberge:162,162,1,0
10,krh-klinikum-neustadt-am-ruebenberge,krh-klinikum-neustadt-am-ruebenberge:163,163,1,0
5,krh-klinikum-neustadt-am-ruebenberge,krh-klinikum-neustadt-am-ruebenberge:164,164,1,0
12,krh-klinikum-neustadt-am-ruebenberge,krh-klinikum-neustadt-am-ruebenberge:165,165,1,0
4,krh-klinikum-neustadt-am-ruebenberge,krh-klinikum-neustadt-am-ruebenberge:168,168,1,0
4,krh-klinikum-neustadt-am-ruebenberge,krh-klinikum-neustadt-am-ruebenberge:169,169,1,0
4,krh-klinikum-neustadt-am-ruebenberge,krh-klinikum-neustadt-am-ruebenberge:173,173,1,0
2,krh-klinikum-neustadt-am-ruebenberge,krh-klinikum-neustadt-am-ruebenberge:174,174,2,0
0,krh-klinikum-neustadt-am-ruebenberge,krh-klinikum-neustadt-am-ruebenberge:180,180,2,0
5,krh-klinikum-neustadt-am-ruebenberge,krh-klinikum-neustadt-am-ruebenberge:182,182,2,0
7,krh-klinikum-neustadt-am-ruebenberge,krh-klinikum-neustadt-am-ruebenberge:190,190,1,0
7,krh-klinikum-neustadt-am-ruebenberge,krh-klinikum-neustadt-am-ruebenberge:193,193,1,0
8,krh-klinikum-neustadt-am-ruebenberge,krh-klinikum-neustadt-am-ruebenberge:194,194,1,0
8,krh-klinikum-neustadt-am-ruebenberge,krh-klinikum-neustadt-am-ruebenberge:199,199,1,0
4,krh-klinikum-neustadt-am-ruebenberge,krh-klinikum-neustadt-am-ruebenberge:204,204,1,0
3,krh-klinikum-neustadt-am-ruebenberge,krh-klinikum-neustadt-am-ruebenberge:205,205,1,0
8,krh-klinikum-neustadt-am-ruebenberge,krh-klinikum-neustadt-am-ruebenberge:213,213,1,0
5,krh-klinikum-neustadt-am-ruebenberge,krh-klinikum-neustadt-am-ruebenberge:214,214,1,0
2,krh-klinikum-neustadt-am-ruebenberge,krh-klinikum-neustadt-am-ruebenberge:220,220,1,0
5,krh-klinikum-neustadt-am-ruebenberge,krh-klinikum-neustadt-am-ruebenberge:221,221,1,0
2,krh-klinikum-neustadt-am-ruebenberge,krh-klinikum-neustadt-am-ruebenberge:222,222,2,0
6,krh-klinikum-neustadt-am-ruebenberge,krh-klinikum-neustadt-am-ruebenberge:224,224,1,0
4,krh-klinikum-neustadt-am-ruebenberge,krh-klinikum-neustadt-am-ruebenberge:226,226,1,0
5,krh-klinikum-neustadt-am-ruebenberge,krh-klinikum-neustadt-am-ruebenberge:228,228,1,0
6,krh-klinikum-neustadt-am-ruebenberge,krh-klinikum-neustadt-am-ruebenberge:231,231,1,0
7,krh-klinikum-neustadt-am-ruebenberge,krh-klinikum-neustadt-am-ruebenberge:233,233,1,0
1,krh-klinikum-neustadt-am-ruebenberge,krh-klinikum-neustadt-am-ruebenberge:235,235,1,0
6,krh-klinikum-neustadt-am-ruebenberge,krh-klinikum-neustadt-am-ruebenberge:236,236,1,0
2,krh-klinikum-neustadt-am-ruebenberge,krh-klinikum-neustadt-am-ruebenberge:237,237,1,0
3,krh-klinikum-neustadt-am-ruebenberge,krh-klinikum-neustadt-am-ruebenberge:239,239,1,0
8,krh-klinikum-neustadt-am-ruebenberge,krh-klinikum-neustadt-am-ruebenberge:240,240,1,0
4,krh-klinikum-neustadt-am-ruebenberge,krh-klinikum-neustadt-am-ruebenberge:241,241,1,0
2,krh-klinikum-neustadt-am-ruebenberge,krh-klinikum-neustadt-am-ruebenberge:243,243,1,0
6,krh-klinikum-neustadt-am-ruebenberge,krh-klinikum-neustadt-am-ruebenberge:244,244,2,0
8,krh-klinikum-neustadt-am-ruebenberge,krh-klinikum-neustadt-am-ruebenberge:246,246,1,0
0,krh-klinikum-neustadt-am-ruebenberge,krh-klinikum-neustadt-am-ruebenberge:248,248,1,0
0,krh-klinikum-neustadt-am-ruebenberge,krh-klinikum-neustadt-am-ruebenberge:250,250,1,0
6,krh-klinikum-neustadt-am-ruebenberge,krh-klinikum-neustadt-am-ruebenberge:251,251,1,0
3,krh-klinikum-neustadt-am-ruebenberge,krh-klinikum-neustadt-am-ruebenberge:253,253,1,0
0,krh-klinikum-neustadt-am-ruebenberge,krh-klinikum-neustadt-am-ruebenberge:259,259,1,0
3,krh-klinikum-neustadt-am-ruebenberge,krh-klinikum-neustadt-am-ruebenberge:262,262,1,0
6,krh-klinikum-neustadt-am-ruebenberge,krh-klinikum-neustadt-am-ruebenberge:264,264,1,0
7,krh-klinikum-neustadt-am-ruebenberge,krh-klinikum-neustadt-am-ruebenberge:266,266,1,0
0,krh-klinikum-neustadt-am-ruebenberge,krh-klinikum-neustadt-am-ruebenberge:269,269,1,0
10,krh-klinikum-neustadt-am-ruebenberge,krh-klinikum-neustadt-am-ruebenberge:276,276,1,0
8,krh-klinikum-neustadt-am-ruebenberge,krh-klinikum-neustadt-am-ruebenberge:279,279,1,0
3,krh-klinikum-neustadt-am-ruebenberge,krh-klinikum-neustadt-am-ruebenberge:281,281,1,0
5,krh-klinikum-neustadt-am-ruebenberge,krh-klinikum-neustadt-am-ruebenberge:282,282,1,0
6,krh-klinikum-neustadt-am-ruebenberge,krh-klinikum-neustadt-am-ruebenberge:286,286,1,0
7,krh-klinikum-neustadt-am-ruebenberge,krh-klinikum-neustadt-am-ruebenberge:288,288,1,0
7,krh-klinikum-neustadt-am-ruebenberge,krh-klinikum-neustadt-am-ruebenberge:289,289,1,0
6,krh-klinikum-neustadt-am-ruebenberge,krh-klinikum-neustadt-am-ruebenberge:291,291,1,0
0,krh-klinikum-neustadt-am-ruebenberge,krh-klinikum-neustadt-am-ruebenberge:292,292,1,0
2,krh-klinikum-neustadt-am-ruebenberge,krh-klinikum-neustadt-am-ruebenberge:296,296,1,0
1,krh-klinikum-neustadt-am-ruebenberge,krh-klinikum-neustadt-am-ruebenberge:298,298,2,0
5,krh-klinikum-neustadt-am-ruebenberge,krh-klinikum-neustadt-am-ruebenberge:299,299,1,0
0,krh-klinikum-neustadt-am-ruebenberge,krh-klinikum-neustadt-am-ruebenberge:300,300,2,0
3,krh-klinikum-neustadt-am-ruebenberge,krh-klinikum-neustadt-am-ruebenberge:303,303,1,0
7,krh-klinikum-neustadt-am-ruebenberge,krh-klinikum-neustadt-am-ruebenberge:304,304,1,0
3,krh-klinikum-neustadt-am-ruebenberge,krh-klinikum-neustadt-am-ruebenberge:308,308,1,0
2,krh-klinikum-neustadt-am-ruebenberge,krh-klinikum-neustadt-am-ruebenberge:313,313,1,0
2,krh-klinikum-neustadt-am-ruebenberge,krh-klinikum-neustadt-am-ruebenberge:314,314,1,0
5,krh-klinikum-neustadt-am-ruebenberge,krh-klinikum-neustadt-am-ruebenberge:316,316,1,0
1,krh-klinikum-neustadt-am-ruebenberge,krh-klinikum-neustadt-am-ruebenberge:322,322,1,0
3,krh-klinikum-neustadt-am-ruebenberge,krh-klinikum-neustadt-am-ruebenberge:323,323,1,0
3,krh-klinikum-neustadt-am-ruebenberge,krh-klinikum-neustadt-am-ruebenberge:324,324,2,0
0,krh-klinikum-neustadt-am-ruebenberge,krh-klinikum-neustadt-am-ruebenberge:325,325,1,0
2,krh-klinikum-neustadt-am-ruebenberge,krh-klinikum-neustadt-am-ruebenberge:326,326,1,0
2,krh-klinikum-neustadt-am-ruebenberge,krh-klinikum-neustadt-am-ruebenberge:327,327,1,0
7,krh-klinikum-neustadt-am-ruebenberge,krh-klinikum-neustadt-am-ruebenberge:329,329,1,0
2,krh-klinikum-neustadt-am-ruebenberge,krh-klinikum-neustadt-am-ruebenberge:330,330,1,0
1,krh-klinikum-neustadt-am-ruebenberge,krh-klinikum-neustadt-am-ruebenberge:337,337,1,0
9,krh-klinikum-neustadt-am-ruebenberge,krh-klinikum-neustadt-am-ruebenberge:338,338,1,0
6,krh-klinikum-neustadt-am-ruebenberge,krh-klinikum-neustadt-am-ruebenberge:339,339,1,0
7,krh-klinikum-neustadt-am-ruebenberge,krh-klinikum-neustadt-am-ruebenberge:340,340,1,0
4,krh-klinikum-neustadt-am-ruebenberge,krh-klinikum-neustadt-am-ruebenberge:342,342,1,0
4,krh-klinikum-neustadt-am-ruebenberge,krh-klinikum-neustadt-am-ruebenberge:343,343,1,0
1,krh-klinikum-neustadt-am-ruebenberge,krh-klinikum-neustadt-am-ruebenberge:344,344,2,0
2,krh-klinikum-neustadt-am-ruebenberge,krh-klinikum-neustadt-am-ruebenberge:347,347,1,0
3,krh-klinikum-neustadt-am-ruebenberge,krh-klinikum-neustadt-am-ruebenberge:352,352,2,0
7,krh-klinikum-neustadt-am-ruebenberge,krh-klinikum-neustadt-am-ruebenberge:353,353,1,0
4,krh-klinikum-neustadt-am-ruebenberge,krh-klinikum-neustadt-am-ruebenberge:356,356,1,0
4,krh-klinikum-neustadt-am-ruebenberge,krh-klinikum-neustadt-am-ruebenberge:357,357,2,0
1,krh-klinikum-neustadt-am-ruebenberge,krh-klinikum-neustadt-am-ruebenberge:359,359,1,0
6,krh-klinikum-neustadt-am-ruebenberge,krh-klinikum-neustadt-am-ruebenberge:361,361,1,0
0,krh-klinikum-neustadt-am-ruebenberge,krh-klinikum-neustadt-am-ruebenberge:366,366,1,0
3,krh-klinikum-neustadt-am-ruebenberge,krh-klinikum-neustadt-am-ruebenberge:368,368,2,0
7,krh-klinikum-neustadt-am-ruebenberge,krh-klinikum-neustadt-am-ruebenberge:371,371,1,0
9,krh-klinikum-neustadt-am-ruebenberge,krh-klinikum-neustadt-am-ruebenberge:372,372,1,0
1,krh-klinikum-neustadt-am-ruebenberge,krh-klinikum-neustadt-am-ruebenberge:373,373,1,0
0,krh-klinikum-neustadt-am-ruebenberge,krh-klinikum-neustadt-am-ruebenberge:374,374,2,0
4,krh-klinikum-neustadt-am-ruebenberge,krh-klinikum-neustadt-am-ruebenberge:376,376,1,0
0,krh-klinikum-neustadt-am-ruebenberge,krh-klinikum-neustadt-am-ruebenberge:379,379,1,0
4,krh-klinikum-neustadt-am-ruebenberge,krh-klinikum-neustadt-am-ruebenberge:382,382,1,0
6,krh-klinikum-neustadt-am-ruebenberge,krh-klinikum-neustadt-am-ruebenberge:383,383,1,0
2,krh-klinikum-neustadt-am-ruebenberge,krh-klinikum-neustadt-am-ruebenberge:384,384,1,0
4,krh-klinikum-neustadt-am-ruebenberge,krh-klinikum-neustadt-am-ruebenberge:385,385,1,0
2,krh-klinikum-neustadt-am-ruebenberge,krh-klinikum-neustadt-am-ruebenberge:393,393,1,0
0,krh-klinikum-neustadt-am-ruebenberge,krh-klinikum-neustadt-am-ruebenberge:394,394,2,0
2,krh-klinikum-neustadt-am-ruebenberge,krh-klinikum-neustadt-am-ruebenberge:395,395,1,0
1,krh-klinikum-neustadt-am-ruebenberge,krh-klinikum-neustadt-am-ruebenberge:397,397,1,0
2,krh-klinikum-neustadt-am-ruebenberge,krh-klinikum-neustadt-am-ruebenberge:399,399,1,0
2,krh-klinikum-neustadt-am-ruebenberge,krh-klinikum-neustadt-am-ruebenberge:406,406,1,0
0,krh-klinikum-neustadt-am-ruebenberge,krh-klinikum-neustadt-am-ruebenberge:407,407,1,0
0,krh-klinikum-neustadt-am-ruebenberge,krh-klinikum-neustadt-am-ruebenberge:408,408,2,0
0,krh-klinikum-neustadt-am-ruebenberge,krh-klinikum-neustadt-am-ruebenberge:411,411,1,0
1,krh-klinikum-neustadt-am-ruebenberge,krh-klinikum-neustadt-am-ruebenberge:415,415,2,0
0,krh-klinikum-neustadt-am-ruebenberge,krh-klinikum-neustadt-am-ruebenberge:420,420,1,0
7,krh-klinikum-neustadt-am-ruebenberge,krh-klinikum-neustadt-am-ruebenberge:422,422,1,0
2,krh-klinikum-neustadt-am-ruebenberge,krh-klinikum-neustadt-am-ruebenberge:423,423,1,0
4,krh-klinikum-neustadt-am-ruebenberge,krh-klinikum-neustadt-am-ruebenberge:428,428,1,0
2,krh-klinikum-neustadt-am-ruebenberge,krh-klinikum-neustadt-am-ruebenberge:429,429,1,0
8,krh-klinikum-neustadt-am-ruebenberge,krh-klinikum-neustadt-am-ruebenberge:430,430,1,0
8,krh-klinikum-neustadt-am-ruebenberge,krh-klinikum-neustadt-am-ruebenberge:433,433,1,0
0,krh-klinikum-neustadt-am-ruebenberge,krh-klinikum-neustadt-am-ruebenberge:434,434,1,0
1,krh-klinikum-neustadt-am-ruebenberge,krh-klinikum-neustadt-am-ruebenberge:437,437,1,0
4,krh-klinikum-neustadt-am-ruebenberge,krh-klinikum-neustadt-am-ruebenberge:439,439,1,0
1,krh-klinikum-neustadt-am-ruebenberge,krh-klinikum-neustadt-am-ruebenberge:441,441,1,0
0,krh-klinikum-neustadt-am-ruebenberge,krh-klinikum-neustadt-am-ruebenberge:442,442,1,0
0,krh-klinikum-neustadt-am-ruebenberge,krh-klinikum-neustadt-am-ruebenberge:444,444,1,0
0,krh-klinikum-neustadt-am-ruebenberge,krh-klinikum-neustadt-am-ruebenberge:448,448,1,0
10,krh-klinikum-neustadt-am-ruebenberge,krh-klinikum-neustadt-am-ruebenberge:450,450,1,0
3,krh-klinikum-neustadt-am-ruebenberge,krh-klinikum-neustadt-am-ruebenberge:452,452,1,0
1,krh-klinikum-neustadt-am-ruebenberge,krh-klinikum-neustadt-am-ruebenberge:455,455,1,0
1,krh-klinikum-neustadt-am-ruebenberge,krh-klinikum-neustadt-am-ruebenberge:456,456,1,0
4,krh-klinikum-neustadt-am-ruebenberge,krh-klinikum-neustadt-am-ruebenberge:458,458,1,0
0,krh-klinikum-neustadt-am-ruebenberge,krh-klinikum-neustadt-am-ruebenberge:462,462,1,0
0,krh-klinikum-neustadt-am-ruebenberge,krh-klinikum-neustadt-am-ruebenberge:464,464,1,0
2,krh-klinikum-neustadt-am-ruebenberge,krh-klinikum-neustadt-am-ruebenberge:466,466,1,0
0,krh-klinikum-neustadt-am-ruebenberge,krh-klinikum-neustadt-am-ruebenberge:468,468,1,0
5,krh-klinikum-neustadt-am-ruebenberge,krh-klinikum-neustadt-am-ruebenberge:470,470,1,0
0,krh-klinikum-neustadt-am-ruebenberge,krh-klinikum-neustadt-am-ruebenberge:475,475,1,0
3,krh-klinikum-neustadt-am-ruebenberge,krh-klinikum-neustadt-am-ruebenberge:477,477,1,0
1,krh-klinikum-neustadt-am-ruebenberge,krh-klinikum-neustadt-am-ruebenberge:479,479,1,0
1,krh-klinikum-neustadt-am-ruebenberge,krh-klinikum-neustadt-am-ruebenberge:481,481,2,0
5,krh-klinikum-neustadt-am-ruebenberge,krh-klinikum-neustadt-am-ruebenberge:482,482,1,0
2,krh-klinikum-neustadt-am-ruebenberge,krh-klinikum-neustadt-am-ruebenberge:484,484,1,0
1,krh-klinikum-neustadt-am-ruebenberge,krh-klinikum-neustadt-am-ruebenberge:485,485,1,0
2,krh-klinikum-neustadt-am-ruebenberge,krh-klinikum-neustadt-am-ruebenberge:486,486,1,0
0,krh-klinikum-neustadt-am-ruebenberge,krh-klinikum-neustadt-am-ruebenberge:487,487,1,0
1,krh-klinikum-neustadt-am-ruebenberge,krh-klinikum-neustadt-am-ruebenberge:489,489,1,0
0,krh-klinikum-neustadt-am-ruebenberge,krh-klinikum-neustadt-am-ruebenberge:491,491,2,0
0,krh-klinikum-neustadt-am-ruebenberge,krh-klinikum-neustadt-am-ruebenberge:493,493,1,0
1,krh-klinikum-neustadt-am-ruebenberge,krh-klinikum-neustadt-am-ruebenberge:494,494,1,0
2,krh-klinikum-neustadt-am-ruebenberge,krh-klinikum-neustadt-am-ruebenberge:495,495,1,0
2,krh-klinikum-neustadt-am-ruebenberge,krh-klinikum-neustadt-am-ruebenberge:498,498,1,0
0,krh-klinikum-neustadt-am-ruebenberge,krh-klinikum-neustadt-am-ruebenberge:499,499,1,0
1,krh-klinikum-neustadt-am-ruebenberge,krh-klinikum-neustadt-am-ruebenberge:500,500,1,0
0,krh-klinikum-neustadt-am-ruebenberge,krh-klinikum-neustadt-am-ruebenberge:501,501,1,0
3,krh-klinikum-neustadt-am-ruebenberge,krh-klinikum-neustadt-am-ruebenberge:503,503,1,0
2,krh-klinikum-neustadt-am-ruebenberge,krh-klinikum-neustadt-am-ruebenberge:505,505,1,0
0,krh-klinikum-neustadt-am-ruebenberge,krh-klinikum-neustadt-am-ruebenberge:507,507,1,0
1,krh-klinikum-neustadt-am-ruebenberge,krh-klinikum-neustadt-am-ruebenberge:508,508,1,0
0,krh-klinikum-neustadt-am-ruebenberge,krh-klinikum-neustadt-am-ruebenberge:509,509,1,0
0,krh-klinikum-neustadt-am-ruebenberge,krh-klinikum-neustadt-am-ruebenberge:511,511,1,0
3,krh-klinikum-neustadt-am-ruebenberge,krh-klinikum-neustadt-am-ruebenberge:512,512,1,0
4,krh-klinikum-neustadt-am-ruebenberge,krh-klinikum-neustadt-am-ruebenberge:513,513,1,0
1,krh-klinikum-neustadt-am-ruebenberge,krh-klinikum-neustadt-am-ruebenberge:519,519,1,0
0,krh-klinikum-neustadt-am-ruebenberge,krh-klinikum-neustadt-am-ruebenberge:521,521,1,0
0,krh-klinikum-neustadt-am-ruebenberge,krh-klinikum-neustadt-am-ruebenberge:522,522,1,0
1,krh-klinikum-neustadt-am-ruebenberge,krh-klinikum-neustadt-am-ruebenberge:523,523,1,0
3,krh-klinikum-neustadt-am-ruebenberge,krh-klinikum-neustadt-am-ruebenberge:525,525,1,0
1,krh-klinikum-neustadt-am-ruebenberge,krh-klinikum-neustadt-am-ruebenberge:526,526,1,0
1,krh-klinikum-neustadt-am-ruebenberge,krh-klinikum-neustadt-am-ruebenberge:527,527,1,0
0,krh-klinikum-neustadt-am-ruebenberge,krh-klinikum-neustadt-am-ruebenberge:529,529,1,0
2,krh-klinikum-neustadt-am-ruebenberge,krh-klinikum-neustadt-am-ruebenberge:533,533,1,0
0,krh-klinikum-neustadt-am-ruebenberge,krh-klinikum-neustadt-am-ruebenberge:536,536,1,0
1,krh-klinikum-neustadt-am-ruebenberge,krh-klinikum-neustadt-am-ruebenberge:540,540,1,0
3,krh-klinikum-neustadt-am-ruebenberge,krh-klinikum-neustadt-am-ruebenberge:542,542,1,0
1,krh-klinikum-neustadt-am-ruebenberge,krh-klinikum-neustadt-am-ruebenberge:547,547,1,0
1,krh-klinikum-neustadt-am-ruebenberge,krh-klinikum-neustadt-am-ruebenberge:550,550,1,0
0,krh-klinikum-neustadt-am-ruebenberge,krh-klinikum-neustadt-am-ruebenberge:554,554,1,0
0,krh-klinikum-neustadt-am-ruebenberge,krh-klinikum-neustadt-am-ruebenberge:555,555,1,0
0,krh-klinikum-neustadt-am-ruebenberge,krh-klinikum-neustadt-am-ruebenberge:557,557,1,0
4,krh-klinikum-neustadt-am-ruebenberge,krh-klinikum-neustadt-am-ruebenberge:559,559,1,0
0,krh-klinikum-neustadt-am-ruebenberge,krh-klinikum-neustadt-am-ruebenberge:562,562,1,0
3,krh-klinikum-neustadt-am-ruebenberge,krh-klinikum-neustadt-am-ruebenberge:563,563,1,0
3,krh-klinikum-neustadt-am-ruebenberge,krh-klinikum-neustadt-am-ruebenberge:569,569,1,0
0,krh-klinikum-neustadt-am-ruebenberge,krh-klinikum-neustadt-am-ruebenberge:570,570,1,0
1,krh-klinikum-neustadt-am-ruebenberge,krh-klinikum-neustadt-am-ruebenberge:571,571,1,0
0,krh-klinikum-neustadt-am-ruebenberge,krh-klinikum-neustadt-am-ruebenberge:572,572,1,0
0,krh-klinikum-neustadt-am-ruebenberge,krh-klinikum-neustadt-am-ruebenberge:573,573,1,0
0,krh-klinikum-neustadt-am-ruebenberge,krh-klinikum-neustadt-am-ruebenberge:576,576,1,0
1,krh-klinikum-neustadt-am-ruebenberge,krh-klinikum-neustadt-am-ruebenberge:579,579,1,0
0,krh-klinikum-neustadt-am-ruebenberge,krh-klinikum-neustadt-am-ruebenberge:580,580,1,0
0,krh-klinikum-neustadt-am-ruebenberge,krh-klinikum-neustadt-am-ruebenberge:584,584,1,0
2,krh-klinikum-neustadt-am-ruebenberge,krh-klinikum-neustadt-am-ruebenberge:585,585,1,0
0,krh-klinikum-neustadt-am-ruebenberge,krh-klinikum-neustadt-am-ruebenberge:590,590,1,0
0,krh-klinikum-neustadt-am-ruebenberge,krh-klinikum-neustadt-am-ruebenberge:593,593,2,0
0,krh-klinikum-neustadt-am-ruebenberge,krh-klinikum-neustadt-am-ruebenberge:595,595,1,0
0,krh-klinikum-neustadt-am-ruebenberge,krh-klinikum-neustadt-am-ruebenberge:600,600,1,0
1,krh-klinikum-neustadt-am-ruebenberge,krh-klinikum-neustadt-am-ruebenberge:601,601,1,0
1,krh-klinikum-neustadt-am-ruebenberge,krh-klinikum-neustadt-am-ruebenberge:603,603,1,0
0,krh-klinikum-neustadt-am-ruebenberge,krh-klinikum-neustadt-am-ruebenberge:604,604,1,0
2,krh-klinikum-nordstadt,krh-klinikum-nordstadt:7,7,1,0
3,krh-klinikum-nordstadt,krh-klinikum-nordstadt:8,8,1,0
2,krh-klinikum-nordstadt,krh-klinikum-nordstadt:9,9,1,0
2,krh-klinikum-nordstadt,krh-klinikum-nordstadt:12,12,1,0
2,krh-klinikum-nordstadt,krh-klinikum-nordstadt:13,13,1,0
0,krh-klinikum-nordstadt,krh-klinikum-nordstadt:14,14,1,0
3,krh-klinikum-nordstadt,krh-klinikum-nordstadt:15,15,1,0
2,krh-klinikum-nordstadt,krh-klinikum-nordstadt:16,16,1,0
2,krh-klinikum-nordstadt,krh-klinikum-nordstadt:19,19,1,0
2,krh-klinikum-nordstadt,krh-klinikum-nordstadt:22,22,1,0
2,krh-klinikum-nordstadt,krh-klinikum-nordstadt:24,24,1,0
2,krh-klinikum-nordstadt,krh-klinikum-nordstadt:28,28,1,0
1,krh-klinikum-nordstadt,krh-klinikum-nordstadt:32,32,2,0
2,krh-klinikum-nordstadt,krh-klinikum-nordstadt:36,36,1,0
2,krh-klinikum-nordstadt,krh-klinikum-nordstadt:37,37,1,0
7,krh-klinikum-nordstadt,krh-klinikum-nordstadt:38,38,1,0
2,krh-klinikum-nordstadt,krh-klinikum-nordstadt:40,40,1,0
2,krh-klinikum-nordstadt,krh-klinikum-nordstadt:41,41,1,0
2,krh-klinikum-nordstadt,krh-klinikum-nordstadt:42,42,1,0
2,krh-klinikum-nordstadt,krh-klinikum-nordstadt:45,45,1,0
2,krh-klinikum-nordstadt,krh-klinikum-nordstadt:46,46,1,0
2,krh-klinikum-nordstadt,krh-klinikum-nordstadt:47,47,1,0
2,krh-klinikum-nordstadt,krh-klinikum-nordstadt:48,48,1,0
3,krh-klinikum-nordstadt,krh-klinikum-nordstadt:50,50,1,0
2,krh-klinikum-nordstadt,krh-klinikum-nordstadt:53,53,1,0
2,krh-klinikum-nordstadt,krh-klinikum-nordstadt:54,54,1,0
2,krh-klinikum-nordstadt,krh-klinikum-nordstadt:56,56,1,0
2,krh-klinikum-nordstadt,krh-klinikum-nordstadt:58,58,1,0
2,krh-klinikum-nordstadt,krh-klinikum-nordstadt:59,59,1,0
2,krh-klinikum-nordstadt,krh-klinikum-nordstadt:61,61,1,0
3,krh-klinikum-nordstadt,krh-klinikum-nordstadt:62,62,1,0
2,krh-klinikum-nordstadt,krh-klinikum-nordstadt:63,63,1,0
3,krh-klinikum-nordstadt,krh-klinikum-nordstadt:64,64,1,0
7,krh-klinikum-nordstadt,krh-klinikum-nordstadt:66,66,2,0
2,krh-klinikum-nordstadt,krh-klinikum-nordstadt:68,68,1,0
3,krh-klinikum-nordstadt,krh-klinikum-nordstadt:74,74,1,0
2,krh-klinikum-nordstadt,krh-klinikum-nordstadt:75,75,1,0
2,krh-klinikum-nordstadt,krh-klinikum-nordstadt:81,81,1,0
2,krh-klinikum-nordstadt,krh-klinikum-nordstadt:82,82,1,0
2,krh-klinikum-nordstadt,krh-klinikum-nordstadt:83,83,1,0
4,krh-klinikum-nordstadt,krh-klinikum-nordstadt:85,85,1,0
2,krh-klinikum-nordstadt,krh-klinikum-nordstadt:86,86,1,0
2,krh-klinikum-nordstadt,krh-klinikum-nordstadt:87,87,1,0
4,krh-klinikum-nordstadt,krh-klinikum-nordstadt:88,88,1,0
1,krh-klinikum-nordstadt,krh-klinikum-nordstadt:89,89,1,0
2,krh-klinikum-nordstadt,krh-klinikum-nordstadt:90,90,1,0
7,krh-klinikum-nordstadt,krh-klinikum-nordstadt:92,92,1,0
2,krh-klinikum-nordstadt,krh-klinikum-nordstadt:97,97,1,0
3,krh-klinikum-nordstadt,krh-klinikum-nordstadt:98,98,1,0
13,krh-klinikum-nordstadt,krh-klinikum-nordstadt:99,99,1,0
3,krh-klinikum-nordstadt,krh-klinikum-nordstadt:100,100,2,0
2,krh-klinikum-nordstadt,krh-klinikum-nordstadt:101,101,1,0
2,krh-klinikum-nordstadt,krh-klinikum-nordstadt:102,102,1,0
7,krh-klinikum-nordstadt,krh-klinikum-nordstadt:103,103,2,0
5,krh-klinikum-nordstadt,krh-klinikum-nordstadt:104,104,1,0
4,krh-klinikum-nordstadt,krh-klinikum-nordstadt:105,105,1,0
2,krh-klinikum-nordstadt,krh-klinikum-nordstadt:106,106,1,0
1,krh-klinikum-nordstadt,krh-klinikum-nordstadt:107,107,1,0
2,krh-klinikum-nordstadt,krh-klinikum-nordstadt:108,108,1,0
2,krh-klinikum-nordstadt,krh-klinikum-nordstadt:109,109,1,0
7,krh-klinikum-nordstadt,krh-klinikum-nordstadt:110,110,1,0
6,krh-klinikum-nordstadt,krh-klinikum-nordstadt:112,112,1,0
8,krh-klinikum-nordstadt,krh-klinikum-nordstadt:116,116,1,0
2,krh-klinikum-nordstadt,krh-klinikum-nordstadt:117,117,1,0
2,krh-klinikum-nordstadt,krh-klinikum-nordstadt:122,122,2,0
10,krh-klinikum-nordstadt,krh-klinikum-nordstadt:123,123,1,0
8,krh-klinikum-nordstadt,krh-klinikum-nordstadt:125,125,1,0
3,krh-klinikum-nordstadt,krh-klinikum-nordstadt:127,127,2,0
4,krh-klinikum-nordstadt,krh-klinikum-nordstadt:128,128,2,0
4,krh-klinikum-nordstadt,krh-klinikum-nordstadt:129,129,1,0
5,krh-klinikum-nordstadt,krh-klinikum-nordstadt:130,130,1,0
8,krh-klinikum-nordstadt,krh-klinikum-nordstadt:131,131,1,0
9,krh-klinikum-nordstadt,krh-klinikum-nordstadt:133,133,1,0
1,krh-klinikum-nordstadt,krh-klinikum-nordstadt:134,134,1,0
2,krh-klinikum-nordstadt,krh-klinikum-nordstadt:135,135,1,0
7,krh-klinikum-nordstadt,krh-klinikum-nordstadt:137,137,1,0
13,krh-klinikum-nordstadt,krh-klinikum-nordstadt:138,138,1,0
2,krh-klinikum-nordstadt,krh-klinikum-nordstadt:139,139,1,0
2,krh-klinikum-nordstadt,krh-klinikum-nordstadt:140,140,1,0
2,krh-klinikum-nordstadt,krh-klinikum-nordstadt:141,141,1,0
10,krh-klinikum-nordstadt,krh-klinikum-nordstadt:142,142,1,0
8,krh-klinikum-nordstadt,krh-klinikum-nordstadt:143,143,1,0
3,krh-klinikum-nordstadt,krh-klinikum-nordstadt:145,145,1,0
1,krh-klinikum-nordstadt,krh-klinikum-nordstadt:146,146,2,0
11,krh-klinikum-nordstadt,krh-klinikum-nordstadt:147,147,1,0
2,krh-klinikum-nordstadt,krh-klinikum-nordstadt:148,148,2,0
7,krh-klinikum-nordstadt,krh-klinikum-nordstadt:149,149,1,0
9,krh-klinikum-nordstadt,krh-klinikum-nordstadt:153,153,2,0
2,krh-klinikum-nordstadt,krh-klinikum-nordstadt:155,155,1,0
14,krh-klinikum-nordstadt,krh-klinikum-nordstadt:157,157,1,0
3,krh-klinikum-nordstadt,krh-klinikum-nordstadt:158,158,1,0
5,krh-klinikum-nordstadt,krh-klinikum-nordstadt:161,161,1,0
4,krh-klinikum-nordstadt,krh-klinikum-nordstadt:162,162,1,0
4,krh-klinikum-nordstadt,krh-klinikum-nordstadt:166,166,1,0
27,krh-klinikum-nordstadt,krh-klinikum-nordstadt:167,167,1,0
10,krh-klinikum-nordstadt,krh-klinikum-nordstadt:170,170,1,0
4,krh-klinikum-nordstadt,krh-klinikum-nordstadt:173,173,2,0
6,krh-klinikum-nordstadt,krh-klinikum-nordstadt:174,174,1,0
15,krh-klinikum-nordstadt,krh-klinikum-nordstadt:175,175,1,0
6,krh-klinikum-nordstadt,krh-klinikum-nordstadt:177,177,1,0
4,krh-klinikum-nordstadt,krh-klinikum-nordstadt:178,178,1,0
8,krh-klinikum-nordstadt,krh-klinikum-nordstadt:179,179,1,0
7,krh-klinikum-nordstadt,krh-klinikum-nordstadt:181,181,1,0
5,krh-klinikum-nordstadt,krh-klinikum-nordstadt:182,182,1,0
8,krh-klinikum-nordstadt,krh-klinikum-nordstadt:184,184,1,0
6,krh-klinikum-nordstadt,krh-klinikum-nordstadt:188,188,1,0
8,krh-klinikum-nordstadt,krh-klinikum-nordstadt:190,190,1,0
2,krh-klinikum-nordstadt,krh-klinikum-nordstadt:191,191,1,0
8,krh-klinikum-nordstadt,krh-klinikum-nordstadt:194,194,1,0
12,krh-klinikum-nordstadt,krh-klinikum-nordstadt:196,196,1,0
15,krh-klinikum-nordstadt,krh-klinikum-nordstadt:200,200,1,0
7,krh-klinikum-nordstadt,krh-klinikum-nordstadt:201,201,1,0
11,krh-klinikum-nordstadt,krh-klinikum-nordstadt:205,205,1,0
12,krh-klinikum-nordstadt,krh-klinikum-nordstadt:206,206,1,0
10,krh-klinikum-nordstadt,krh-klinikum-nordstadt:207,207,1,0
4,krh-klinikum-nordstadt,krh-klinikum-nordstadt:208,208,1,0
2,krh-klinikum-nordstadt,krh-klinikum-nordstadt:209,209,1,0
6,krh-klinikum-nordstadt,krh-klinikum-nordstadt:211,211,1,0
5,krh-klinikum-nordstadt,krh-klinikum-nordstadt:212,212,2,0
2,krh-klinikum-nordstadt,krh-klinikum-nordstadt:213,213,1,0
4,krh-klinikum-nordstadt,krh-klinikum-nordstadt:215,215,1,0
6,krh-klinikum-nordstadt,krh-klinikum-nordstadt:216,216,1,0
2,krh-klinikum-nordstadt,krh-klinikum-nordstadt:217,217,1,0
2,krh-klinikum-nordstadt,krh-klinikum-nordstadt:218,218,1,0
7,krh-klinikum-nordstadt,krh-klinikum-nordstadt:220,220,1,0
7,krh-klinikum-nordstadt,krh-klinikum-nordstadt:222,222,1,0
1,krh-klinikum-nordstadt,krh-klinikum-nordstadt:224,224,1,0
10,krh-klinikum-nordstadt,krh-klinikum-nordstadt:225,225,1,0
12,krh-klinikum-nordstadt,krh-klinikum-nordstadt:227,227,1,0
2,krh-klinikum-nordstadt,krh-klinikum-nordstadt:228,228,1,0
7,krh-klinikum-nordstadt,krh-klinikum-nordstadt:229,229,2,0
8,krh-klinikum-nordstadt,krh-klinikum-nordstadt:230,230,1,0
13,krh-klinikum-nordstadt,krh-klinikum-nordstadt:231,231,1,0
8,krh-klinikum-nordstadt,krh-klinikum-nordstadt:232,232,1,0
1,krh-klinikum-nordstadt,krh-klinikum-nordstadt:235,235,1,0
1,krh-klinikum-nordstadt,krh-klinikum-nordstadt:237,237,1,0
1,krh-klinikum-nordstadt,krh-klinikum-nordstadt:238,238,1,0
2,krh-klinikum-nordstadt,krh-klinikum-nordstadt:239,239,1,0
5,krh-klinikum-nordstadt,krh-klinikum-nordstadt:241,241,1,0
17,krh-klinikum-nordstadt,krh-klinikum-nordstadt:243,243,1,0
12,krh-klinikum-nordstadt,krh-klinikum-nordstadt:244,244,1,0
2,krh-klinikum-nordstadt,krh-klinikum-nordstadt:245,245,1,0
11,krh-klinikum-nordstadt,krh-klinikum-nordstadt:247,247,1,0
6,krh-klinikum-nordstadt,krh-klinikum-nordstadt:248,248,1,0
8,krh-klinikum-nordstadt,krh-klinikum-nordstadt:249,249,1,0
3,krh-klinikum-nordstadt,krh-klinikum-nordstadt:250,250,1,0
5,krh-klinikum-nordstadt,krh-klinikum-nordstadt:251,251,1,0
11,krh-klinikum-nordstadt,krh-klinikum-nordstadt:252,252,1,0
11,krh-klinikum-nordstadt,krh-klinikum-nordstadt:253,253,1,0
7,krh-klinikum-nordstadt,krh-klinikum-nordstadt:255,255,1,0
8,krh-klinikum-nordstadt,krh-klinikum-nordstadt:259,259,1,0
2,krh-klinikum-nordstadt,krh-klinikum-nordstadt:261,261,1,0
9,krh-klinikum-nordstadt,krh-klinikum-nordstadt:262,262,1,0
8,krh-klinikum-nordstadt,krh-klinikum-nordstadt:264,264,1,0
5,krh-klinikum-nordstadt,krh-klinikum-nordstadt:265,265,1,0
14,krh-klinikum-nordstadt,krh-klinikum-nordstadt:266,266,1,0
5,krh-klinikum-nordstadt,krh-klinikum-nordstadt:267,267,1,0
6,krh-klinikum-nordstadt,krh-klinikum-nordstadt:268,268,2,0
5,krh-klinikum-nordstadt,krh-klinikum-nordstadt:270,270,1,0
5,krh-klinikum-nordstadt,krh-klinikum-nordstadt:273,273,1,0
9,krh-klinikum-nordstadt,krh-klinikum-nordstadt:274,274,2,0
9,krh-klinikum-nordstadt,krh-klinikum-nordstadt:275,275,1,0
8,krh-klinikum-nordstadt,krh-klinikum-nordstadt:276,276,1,0
2,krh-klinikum-nordstadt,krh-klinikum-nordstadt:279,279,1,0
11,krh-klinikum-nordstadt,krh-klinikum-nordstadt:280,280,1,0
10,krh-klinikum-nordstadt,krh-klinikum-nordstadt:281,281,1,0
3,krh-klinikum-nordstadt,krh-klinikum-nordstadt:283,283,1,0
10,krh-klinikum-nordstadt,krh-klinikum-nordstadt:284,284,1,0
6,krh-klinikum-nordstadt,krh-klinikum-nordstadt:285,285,1,0
3,krh-klinikum-nordstadt,krh-klinikum-nordstadt:286,286,1,0
0,krh-klinikum-nordstadt,krh-klinikum-nordstadt:287,287,1,0
8,krh-klinikum-nordstadt,krh-klinikum-nordstadt:288,288,1,0
8,krh-klinikum-nordstadt,krh-klinikum-nordstadt:294,294,1,0
2,krh-klinikum-nordstadt,krh-klinikum-nordstadt:295,295,1,0
4,krh-klinikum-nordstadt,krh-klinikum-nordstadt:296,296,1,0
17,krh-klinikum-nordstadt,krh-klinikum-nordstadt:297,297,1,0
12,krh-klinikum-nordstadt,krh-klinikum-nordstadt:299,299,1,0
7,krh-klinikum-nordstadt,krh-klinikum-nordstadt:300,300,2,0
10,krh-klinikum-nordstadt,krh-klinikum-nordstadt:301,301,1,0
7,krh-klinikum-nordstadt,krh-klinikum-nordstadt:302,302,2,0
0,krh-klinikum-nordstadt,krh-klinikum-nordstadt:303,303,2,0
8,krh-klinikum-nordstadt,krh-klinikum-nordstadt:304,304,1,0
13,krh-klinikum-nordstadt,krh-klinikum-nordstadt:305,305,1,0
2,krh-klinikum-nordstadt,krh-klinikum-nordstadt:306,306,2,0
2,krh-klinikum-nordstadt,krh-klinikum-nordstadt:308,308,1,0
16,krh-klinikum-nordstadt,krh-klinikum-nordstadt:309,309,1,0
15,krh-klinikum-nordstadt,krh-klinikum-nordstadt:310,310,1,0
12,krh-klinikum-nordstadt,krh-klinikum-nordstadt:311,311,1,0
5,krh-klinikum-nordstadt,krh-klinikum-nordstadt:313,313,1,0
2,krh-klinikum-nordstadt,krh-klinikum-nordstadt:314,314,1,0
15,krh-klinikum-nordstadt,krh-klinikum-nordstadt:315,315,1,0
9,krh-klinikum-nordstadt,krh-klinikum-nordstadt:316,316,2,0
1,krh-klinikum-nordstadt,krh-klinikum-nordstadt:320,320,2,0
5,krh-klinikum-nordstadt,krh-klinikum-nordstadt:321,321,1,0
20,krh-klinikum-nordstadt,krh-klinikum-nordstadt:322,322,1,0
4,krh-klinikum-nordstadt,krh-klinikum-nordstadt:323,323,1,0
6,krh-klinikum-nordstadt,krh-klinikum-nordstadt:324,324,1,0
7,krh-klinikum-nordstadt,krh-klinikum-nordstadt:326,326,2,0
1,krh-klinikum-nordstadt,krh-klinikum-nordstadt:327,327,1,0
7,krh-klinikum-nordstadt,krh-klinikum-nordstadt:330,330,1,0
2,krh-klinikum-nordstadt,krh-klinikum-nordstadt:333,333,1,0
17,krh-klinikum-nordstadt,krh-klinikum-nordstadt:334,334,1,0
2,krh-klinikum-nordstadt,krh-klinikum-nordstadt:338,338,1,0
6,krh-klinikum-nordstadt,krh-klinikum-nordstadt:339,339,2,0
10,krh-klinikum-nordstadt,krh-klinikum-nordstadt:340,340,1,0
9,krh-klinikum-nordstadt,krh-klinikum-nordstadt:341,341,1,0
5,krh-klinikum-nordstadt,krh-klinikum-nordstadt:342,342,1,0
12,krh-klinikum-nordstadt,krh-klinikum-nordstadt:343,343,1,0
9,krh-klinikum-nordstadt,krh-klinikum-nordstadt:345,345,1,0
15,krh-klinikum-nordstadt,krh-klinikum-nordstadt:346,346,1,0
8,krh-klinikum-nordstadt,krh-klinikum-nordstadt:347,347,1,0
5,krh-klinikum-nordstadt,krh-klinikum-nordstadt:348,348,2,0
10,krh-klinikum-nordstadt,krh-klinikum-nordstadt:349,349,1,0
3,krh-klinikum-nordstadt,krh-klinikum-nordstadt:350,350,1,0
15,krh-klinikum-nordstadt,krh-klinikum-nordstadt:351,351,1,0
7,krh-klinikum-nordstadt,krh-klinikum-nordstadt:352,352,1,0
5,krh-klinikum-nordstadt,krh-klinikum-nordstadt:355,355,1,0
1,krh-klinikum-nordstadt,krh-klinikum-nordstadt:356,356,1,0
2,krh-klinikum-nordstadt,krh-klinikum-nordstadt:357,357,1,0
3,krh-klinikum-nordstadt,krh-klinikum-nordstadt:358,358,1,0
4,krh-klinikum-nordstadt,krh-klinikum-nordstadt:359,359,1,0
13,krh-klinikum-nordstadt,krh-klinikum-nordstadt:360,360,1,0
6,krh-klinikum-nordstadt,krh-klinikum-nordstadt:361,361,1,0
10,krh-klinikum-nordstadt,krh-klinikum-nordstadt:362,362,1,0
8,krh-klinikum-nordstadt,krh-klinikum-nordstadt:363,363,1,0
2,krh-klinikum-nordstadt,krh-klinikum-nordstadt:364,364,1,0
10,krh-klinikum-nordstadt,krh-klinikum-nordstadt:365,365,1,0
4,krh-klinikum-nordstadt,krh-klinikum-nordstadt:366,366,1,0
13,krh-klinikum-nordstadt,krh-klinikum-nordstadt:367,367,1,0
8,krh-klinikum-nordstadt,krh-klinikum-nordstadt:368,368,1,0
12,krh-klinikum-nordstadt,krh-klinikum-nordstadt:369,369,1,0
15,krh-klinikum-nordstadt,krh-klinikum-nordstadt:370,370,1,0
11,krh-klinikum-nordstadt,krh-klinikum-nordstadt:371,371,1,0
2,krh-klinikum-nordstadt,krh-klinikum-nordstadt:372,372,2,0
1,krh-klinikum-nordstadt,krh-klinikum-nordstadt:373,373,1,0
8,krh-klinikum-nordstadt,krh-klinikum-nordstadt:374,374,1,0
7,krh-klinikum-nordstadt,krh-klinikum-nordstadt:375,375,1,0
2,krh-klinikum-nordstadt,krh-klinikum-nordstadt:377,377,1,0
10,krh-klinikum-nordstadt,krh-klinikum-nordstadt:381,381,1,0
1,krh-klinikum-nordstadt,krh-klinikum-nordstadt:382,382,1,0
5,krh-klinikum-nordstadt,krh-klinikum-nordstadt:384,384,1,0
4,krh-klinikum-nordstadt,krh-klinikum-nordstadt:385,385,2,0
14,krh-klinikum-nordstadt,krh-klinikum-nordstadt:387,387,1,0
8,krh-klinikum-nordstadt,krh-klinikum-nordstadt:390,390,1,0
23,krh-klinikum-nordstadt,krh-klinikum-nordstadt:391,391,1,0
3,krh-klinikum-nordstadt,krh-klinikum-nordstadt:392,392,1,0
8,krh-klinikum-nordstadt,krh-klinikum-nordstadt:393,393,1,0
9,krh-klinikum-nordstadt,krh-klinikum-nordstadt:394,394,1,0
8,krh-klinikum-nordstadt,krh-klinikum-nordstadt:398,398,1,0
8,krh-klinikum-nordstadt,krh-klinikum-nordstadt:399,399,1,0
6,krh-klinikum-nordstadt,krh-klinikum-nordstadt:400,400,1,0
5,krh-klinikum-nordstadt,krh-klinikum-nordstadt:401,401,1,0
16,krh-klinikum-nordstadt,krh-klinikum-nordstadt:402,402,1,0
6,krh-klinikum-nordstadt,krh-klinikum-nordstadt:408,408,1,0
16,krh-klinikum-nordstadt,krh-klinikum-nordstadt:409,409,1,0
1,krh-klinikum-nordstadt,krh-klinikum-nordstadt:410,410,1,0
2,krh-klinikum-nordstadt,krh-klinikum-nordstadt:411,411,1,0
2,krh-klinikum-nordstadt,krh-klinikum-nordstadt:415,415,1,0
2,krh-klinikum-nordstadt,krh-klinikum-nordstadt:417,417,1,0
3,krh-klinikum-nordstadt,krh-klinikum-nordstadt:419,419,1,0
3,krh-klinikum-nordstadt,krh-klinikum-nordstadt:421,421,1,0
6,krh-klinikum-nordstadt,krh-klinikum-nordstadt:422,422,1,0
8,krh-klinikum-nordstadt,krh-klinikum-nordstadt:423,423,1,0
3,krh-klinikum-nordstadt,krh-klinikum-nordstadt:424,424,1,0
11,krh-klinikum-nordstadt,krh-klinikum-nordstadt:427,427,1,0
6,krh-klinikum-nordstadt,krh-klinikum-nordstadt:428,428,1,0
3,krh-klinikum-nordstadt,krh-klinikum-nordstadt:429,429,1,0
2,krh-klinikum-nordstadt,krh-klinikum-nordstadt:430,430,1,0
0,krh-klinikum-nordstadt,krh-klinikum-nordstadt:432,432,2,0
11,krh-klinikum-nordstadt,krh-klinikum-nordstadt:433,433,1,0
5,krh-klinikum-nordstadt,krh-klinikum-nordstadt:436,436,1,0
7,krh-klinikum-nordstadt,krh-klinikum-nordstadt:438,438,1,0
2,krh-klinikum-nordstadt,krh-klinikum-nordstadt:440,440,1,0
2,krh-klinikum-nordstadt,krh-klinikum-nordstadt:442,442,1,0
1,krh-klinikum-nordstadt,krh-klinikum-nordstadt:446,446,1,0
2,krh-klinikum-nordstadt,krh-klinikum-nordstadt:449,449,1,0
12,krh-klinikum-nordstadt,krh-klinikum-nordstadt:452,452,1,0
2,krh-klinikum-nordstadt,krh-klinikum-nordstadt:453,453,1,0
1,krh-klinikum-nordstadt,krh-klinikum-nordstadt:454,454,1,0
2,krh-klinikum-nordstadt,krh-klinikum-nordstadt:459,459,1,0
1,krh-klinikum-nordstadt,krh-klinikum-nordstadt:461,461,1,0
11,krh-klinikum-nordstadt,krh-klinikum-nordstadt:463,463,1,0
1,krh-klinikum-nordstadt,krh-klinikum-nordstadt:465,465,1,0
6,krh-klinikum-nordstadt,krh-klinikum-nordstadt:467,467,1,0
7,krh-klinikum-nordstadt,krh-klinikum-nordstadt:470,470,1,0
10,krh-klinikum-nordstadt,krh-klinikum-nordstadt:471,471,1,0
9,krh-klinikum-nordstadt,krh-klinikum-nordstadt:472,472,1,0
1,krh-klinikum-nordstadt,krh-klinikum-nordstadt:474,474,1,0
1,krh-klinikum-nordstadt,krh-klinikum-nordstadt:475,475,2,0
5,krh-klinikum-nordstadt,krh-klinikum-nordstadt:477,477,1,0
8,krh-klinikum-nordstadt,krh-klinikum-nordstadt:479,479,1,0
4,krh-klinikum-nordstadt,krh-klinikum-nordstadt:480,480,1,0
1,krh-klinikum-nordstadt,krh-klinikum-nordstadt:481,481,1,0
5,krh-klinikum-nordstadt,krh-klinikum-nordstadt:482,482,1,0
1,krh-klinikum-nordstadt,krh-klinikum-nordstadt:483,483,1,0
3,krh-klinikum-nordstadt,krh-klinikum-nordstadt:484,484,1,0
0,krh-klinikum-nordstadt,krh-klinikum-nordstadt:485,485,2,0
12,krh-klinikum-nordstadt,krh-klinikum-nordstadt:490,490,1,0
2,krh-klinikum-nordstadt,krh-klinikum-nordstadt:491,491,1,0
6,krh-klinikum-nordstadt,krh-klinikum-nordstadt:493,493,1,0
1,krh-klinikum-nordstadt,krh-klinikum-nordstadt:495,495,2,0
12,krh-klinikum-nordstadt,krh-klinikum-nordstadt:496,496,1,0
1,krh-klinikum-nordstadt,krh-klinikum-nordstadt:498,498,1,0
6,krh-klinikum-nordstadt,krh-klinikum-nordstadt:500,500,1,0
2,krh-klinikum-nordstadt,krh-klinikum-nordstadt:502,502,1,0
2,krh-klinikum-nordstadt,krh-klinikum-nordstadt:503,503,1,0
1,krh-klinikum-nordstadt,krh-klinikum-nordstadt:506,506,1,0
0,krh-klinikum-nordstadt,krh-klinikum-nordstadt:507,507,1,0
1,krh-klinikum-nordstadt,krh-klinikum-nordstadt:508,508,1,0
1,krh-klinikum-nordstadt,krh-klinikum-nordstadt:509,509,2,0
3,krh-klinikum-nordstadt,krh-klinikum-nordstadt:510,510,2,0
2,krh-klinikum-nordstadt,krh-klinikum-nordstadt:512,512,1,0
4,krh-klinikum-nordstadt,krh-klinikum-nordstadt:513,513,1,0
5,krh-klinikum-nordstadt,krh-klinikum-nordstadt:516,516,1,0
0,krh-klinikum-nordstadt,krh-klinikum-nordstadt:517,517,1,0
1,krh-klinikum-nordstadt,krh-klinikum-nordstadt:518,518,1,0
2,krh-klinikum-nordstadt,krh-klinikum-nordstadt:520,520,1,0
2,krh-klinikum-nordstadt,krh-klinikum-nordstadt:522,522,1,0
7,krh-klinikum-nordstadt,krh-klinikum-nordstadt:527,527,1,0
7,krh-klinikum-nordstadt,krh-klinikum-nordstadt:528,528,1,0
3,krh-klinikum-nordstadt,krh-klinikum-nordstadt:532,532,1,0
6,krh-klinikum-nordstadt,krh-klinikum-nordstadt:535,535,1,0
10,krh-klinikum-nordstadt,krh-klinikum-nordstadt:539,539,1,0
7,krh-klinikum-nordstadt,krh-klinikum-nordstadt:541,541,1,0
11,krh-klinikum-nordstadt,krh-klinikum-nordstadt:542,542,1,0
10,krh-klinikum-nordstadt,krh-klinikum-nordstadt:543,543,1,0
13,krh-klinikum-nordstadt,krh-klinikum-nordstadt:544,544,1,0
4,krh-klinikum-nordstadt,krh-klinikum-nordstadt:545,545,1,0
1,krh-klinikum-nordstadt,krh-klinikum-nordstadt:548,548,1,0
8,krh-klinikum-nordstadt,krh-klinikum-nordstadt:549,549,1,0
5,krh-klinikum-nordstadt,krh-klinikum-nordstadt:553,553,1,0
12,krh-klinikum-nordstadt,krh-klinikum-nordstadt:555,555,1,0
12,krh-klinikum-nordstadt,krh-klinikum-nordstadt:560,560,1,0
12,krh-klinikum-nordstadt,krh-klinikum-nordstadt:563,563,1,0
2,krh-klinikum-nordstadt,krh-klinikum-nordstadt:565,565,1,0
13,krh-klinikum-nordstadt,krh-klinikum-nordstadt:566,566,1,0
5,krh-klinikum-nordstadt,krh-klinikum-nordstadt:568,568,1,0
12,krh-klinikum-nordstadt,krh-klinikum-nordstadt:569,569,1,0
11,krh-klinikum-nordstadt,krh-klinikum-nordstadt:570,570,1,0
7,krh-klinikum-nordstadt,krh-klinikum-nordstadt:572,572,1,0
5,krh-klinikum-nordstadt,krh-klinikum-nordstadt:573,573,1,0
8,krh-klinikum-nordstadt,krh-klinikum-nordstadt:576,576,1,0
4,krh-klinikum-nordstadt,krh-klinikum-nordstadt:577,577,1,0
1,krh-klinikum-nordstadt,krh-klinikum-nordstadt:578,578,1,0
11,krh-klinikum-nordstadt,krh-klinikum-nordstadt:579,579,1,0
2,krh-klinikum-nordstadt,krh-klinikum-nordstadt:580,580,1,0
3,krh-klinikum-nordstadt,krh-klinikum-nordstadt:581,581,2,0
3,krh-klinikum-nordstadt,krh-klinikum-nordstadt:584,584,1,0
0,krh-klinikum-nordstadt,krh-klinikum-nordstadt:588,588,1,0
1,krh-klinikum-nordstadt,krh-klinikum-nordstadt:591,591,1,0
1,krh-klinikum-nordstadt,krh-klinikum-nordstadt:592,592,1,0
19,krh-klinikum-nordstadt,krh-klinikum-nordstadt:593,593,1,0
2,krh-klinikum-nordstadt,krh-klinikum-nordstadt:595,595,1,0
8,krh-klinikum-nordstadt,krh-klinikum-nordstadt:596,596,1,0
3,krh-klinikum-nordstadt,krh-klinikum-nordstadt:598,598,1,0
2,krh-klinikum-nordstadt,krh-klinikum-nordstadt:599,599,1,0
4,krh-klinikum-nordstadt,krh-klinikum-nordstadt:601,601,1,0
5,krh-klinikum-nordstadt,krh-klinikum-nordstadt:603,603,1,0
8,krh-klinikum-nordstadt,krh-klinikum-nordstadt:604,604,1,0
1,krh-klinikum-nordstadt,krh-klinikum-nordstadt:605,605,2,0
5,krh-klinikum-nordstadt,krh-klinikum-nordstadt:608,608,1,0
2,krh-klinikum-nordstadt,krh-klinikum-nordstadt:613,613,1,0
7,krh-klinikum-nordstadt,krh-klinikum-nordstadt:614,614,1,0
4,krh-klinikum-nordstadt,krh-klinikum-nordstadt:615,615,1,0
2,krh-klinikum-nordstadt,krh-klinikum-nordstadt:618,618,1,0
7,krh-klinikum-nordstadt,krh-klinikum-nordstadt:619,619,1,0
13,krh-klinikum-nordstadt,krh-klinikum-nordstadt:620,620,1,0
1,krh-klinikum-nordstadt,krh-klinikum-nordstadt:622,622,1,0
1,krh-klinikum-nordstadt,krh-klinikum-nordstadt:627,627,1,0
1,krh-klinikum-nordstadt,krh-klinikum-nordstadt:628,628,1,0
1,krh-klinikum-nordstadt,krh-klinikum-nordstadt:629,629,2,0
9,krh-klinikum-nordstadt,krh-klinikum-nordstadt:630,630,1,0
3,krh-klinikum-nordstadt,krh-klinikum-nordstadt:631,631,1,0
5,krh-klinikum-nordstadt,krh-klinikum-nordstadt:632,632,1,0
6,krh-klinikum-nordstadt,krh-klinikum-nordstadt:633,633,1,0
1,krh-klinikum-nordstadt,krh-klinikum-nordstadt:634,634,1,0
1,krh-klinikum-nordstadt,krh-klinikum-nordstadt:635,635,1,0
5,krh-klinikum-nordstadt,krh-klinikum-nordstadt:636,636,1,0
0,krh-klinikum-nordstadt,krh-klinikum-nordstadt:637,637,2,0
7,krh-klinikum-nordstadt,krh-klinikum-nordstadt:639,639,1,0
3,krh-klinikum-nordstadt,krh-klinikum-nordstadt:641,641,1,0
5,krh-klinikum-nordstadt,krh-klinikum-nordstadt:642,642,1,0
5,krh-klinikum-nordstadt,krh-klinikum-nordstadt:643,643,1,0
1,krh-klinikum-nordstadt,krh-klinikum-nordstadt:645,645,1,0
0,krh-klinikum-nordstadt,krh-klinikum-nordstadt:646,646,1,0
0,krh-klinikum-nordstadt,krh-klinikum-nordstadt:648,648,1,0
0,krh-klinikum-nordstadt,krh-klinikum-nordstadt:649,649,1,0
0,krh-klinikum-nordstadt,krh-klinikum-nordstadt:651,651,1,0
0,krh-klinikum-nordstadt,krh-klinikum-nordstadt:653,653,1,0
2,krh-klinikum-nordstadt,krh-klinikum-nordstadt:656,656,1,0
1,krh-klinikum-nordstadt,krh-klinikum-nordstadt:657,657,1,0
1,krh-klinikum-nordstadt,krh-klinikum-nordstadt:661,661,1,0
1,krh-klinikum-nordstadt,krh-klinikum-nordstadt:662,662,1,0
1,krh-klinikum-nordstadt,krh-klinikum-nordstadt:665,665,1,0
2,krh-klinikum-nordstadt,krh-klinikum-nordstadt:666,666,1,0
1,krh-klinikum-nordstadt,krh-klinikum-nordstadt:667,667,1,0
4,krh-klinikum-nordstadt,krh-klinikum-nordstadt:668,668,1,0
6,krh-klinikum-nordstadt,krh-klinikum-nordstadt:669,669,1,0
5,krh-klinikum-nordstadt,krh-klinikum-nordstadt:670,670,1,0
8,krh-klinikum-nordstadt,krh-klinikum-nordstadt:672,672,1,0
5,krh-klinikum-nordstadt,krh-klinikum-nordstadt:679,679,1,0
6,krh-klinikum-nordstadt,krh-klinikum-nordstadt:682,682,1,0
3,krh-klinikum-nordstadt,krh-klinikum-nordstadt:686,686,2,0
0,krh-klinikum-nordstadt,krh-klinikum-nordstadt:687,687,1,0
0,krh-klinikum-nordstadt,krh-klinikum-nordstadt:691,691,2,0
0,krh-klinikum-nordstadt,krh-klinikum-nordstadt:692,692,1,0
0,krh-klinikum-robert-koch-gehrden,krh-klinikum-robert-koch-gehrden:2,2,1,0
0,krh-klinikum-robert-koch-gehrden,krh-klinikum-robert-koch-gehrden:3,3,1,0
0,krh-klinikum-robert-koch-gehrden,krh-klinikum-robert-koch-gehrden:5,5,1,0
0,krh-klinikum-robert-koch-gehrden,krh-klinikum-robert-koch-gehrden:6,6,1,0
0,krh-klinikum-robert-koch-gehrden,krh-klinikum-robert-koch-gehrden:7,7,1,0
1,krh-klinikum-robert-koch-gehrden,krh-klinikum-robert-koch-gehrden:8,8,1,0
0,krh-klinikum-robert-koch-gehrden,krh-klinikum-robert-koch-gehrden:10,10,1,0
0,krh-klinikum-robert-koch-gehrden,krh-klinikum-robert-koch-gehrden:12,12,1,0
0,krh-klinikum-robert-koch-gehrden,krh-klinikum-robert-koch-gehrden:14,14,2,0
0,krh-klinikum-robert-koch-gehrden,krh-klinikum-robert-koch-gehrden:17,17,1,0
0,krh-klinikum-robert-koch-gehrden,krh-klinikum-robert-koch-gehrden:18,18,1,0
0,krh-klinikum-robert-koch-gehrden,krh-klinikum-robert-koch-gehrden:20,20,1,0
4,krh-klinikum-robert-koch-gehrden,krh-klinikum-robert-koch-gehrden:23,23,1,0
0,krh-klinikum-robert-koch-gehrden,krh-klinikum-robert-koch-gehrden:25,25,1,0
0,krh-klinikum-robert-koch-gehrden,krh-klinikum-robert-koch-gehrden:26,26,1,0
0,krh-klinikum-robert-koch-gehrden,krh-klinikum-robert-koch-gehrden:27,27,1,0
2,krh-klinikum-robert-koch-gehrden,krh-klinikum-robert-koch-gehrden:28,28,1,0
0,krh-klinikum-robert-koch-gehrden,krh-klinikum-robert-koch-gehrden:32,32,1,0
0,krh-klinikum-robert-koch-gehrden,krh-klinikum-robert-koch-gehrden:36,36,2,0
0,krh-klinikum-robert-koch-gehrden,krh-klinikum-robert-koch-gehrden:37,37,1,0
0,krh-klinikum-robert-koch-gehrden,krh-klinikum-robert-koch-gehrden:54,54,1,0
0,krh-klinikum-robert-koch-gehrden,krh-klinikum-robert-koch-gehrden:56,56,1,0
1,krh-klinikum-robert-koch-gehrden,krh-klinikum-robert-koch-gehrden:61,61,1,0
0,krh-klinikum-robert-koch-gehrden,krh-klinikum-robert-koch-gehrden:62,62,1,0
0,krh-klinikum-robert-koch-gehrden,krh-klinikum-robert-koch-gehrden:65,65,1,0
0,krh-klinikum-robert-koch-gehrden,krh-klinikum-robert-koch-gehrden:66,66,1,0
0,krh-klinikum-robert-koch-gehrden,krh-klinikum-robert-koch-gehrden:67,67,1,0
0,krh-klinikum-robert-koch-gehrden,krh-klinikum-robert-koch-gehrden:72,72,1,0
0,krh-klinikum-robert-koch-gehrden,krh-klinikum-robert-koch-gehrden:75,75,1,0
0,krh-klinikum-robert-koch-gehrden,krh-klinikum-robert-koch-gehrden:85,85,1,0
0,krh-klinikum-robert-koch-gehrden,krh-klinikum-robert-koch-gehrden:88,88,1,0
0,krh-klinikum-robert-koch-gehrden,krh-klinikum-robert-koch-gehrden:96,96,1,0
3,krh-klinikum-robert-koch-gehrden,krh-klinikum-robert-koch-gehrden:98,98,1,0
2,krh-klinikum-robert-koch-gehrden,krh-klinikum-robert-koch-gehrden:100,100,2,0
1,krh-klinikum-robert-koch-gehrden,krh-klinikum-robert-koch-gehrden:104,104,1,0
5,krh-klinikum-robert-koch-gehrden,krh-klinikum-robert-koch-gehrden:105,105,1,0
0,krh-klinikum-robert-koch-gehrden,krh-klinikum-robert-koch-gehrden:108,108,1,0
1,krh-klinikum-robert-koch-gehrden,krh-klinikum-robert-koch-gehrden:125,125,1,0
0,krh-klinikum-robert-koch-gehrden,krh-klinikum-robert-koch-gehrden:139,139,1,0
3,krh-klinikum-robert-koch-gehrden,krh-klinikum-robert-koch-gehrden:146,146,1,0
4,krh-klinikum-robert-koch-gehrden,krh-klinikum-robert-koch-gehrden:148,148,1,0
3,krh-klinikum-robert-koch-gehrden,krh-klinikum-robert-koch-gehrden:152,152,1,0
19,krh-klinikum-robert-koch-gehrden,krh-klinikum-robert-koch-gehrden:153,153,1,0
4,krh-klinikum-robert-koch-gehrden,krh-klinikum-robert-koch-gehrden:159,159,1,0
7,krh-klinikum-robert-koch-gehrden,krh-klinikum-robert-koch-gehrden:160,160,1,0
0,krh-klinikum-robert-koch-gehrden,krh-klinikum-robert-koch-gehrden:164,164,1,0
8,krh-klinikum-robert-koch-gehrden,krh-klinikum-robert-koch-gehrden:166,166,1,0
2,krh-klinikum-robert-koch-gehrden,krh-klinikum-robert-koch-gehrden:172,172,1,0
0,krh-klinikum-robert-koch-gehrden,krh-klinikum-robert-koch-gehrden:177,177,1,0
5,krh-klinikum-robert-koch-gehrden,krh-klinikum-robert-koch-gehrden:182,182,1,0
12,krh-klinikum-robert-koch-gehrden,krh-klinikum-robert-koch-gehrden:183,183,1,0
4,krh-klinikum-robert-koch-gehrden,krh-klinikum-robert-koch-gehrden:184,184,1,0
4,krh-klinikum-robert-koch-gehrden,krh-klinikum-robert-koch-gehrden:187,187,2,0
5,krh-klinikum-robert-koch-gehrden,krh-klinikum-robert-koch-gehrden:193,193,2,0
7,krh-klinikum-robert-koch-gehrden,krh-klinikum-robert-koch-gehrden:196,196,1,0
4,krh-klinikum-robert-koch-gehrden,krh-klinikum-robert-koch-gehrden:199,199,1,0
2,krh-klinikum-robert-koch-gehrden,krh-klinikum-robert-koch-gehrden:203,203,2,0
7,krh-klinikum-robert-koch-gehrden,krh-klinikum-robert-koch-gehrden:207,207,1,0
4,krh-klinikum-robert-koch-gehrden,krh-klinikum-robert-koch-gehrden:208,208,1,0
3,krh-klinikum-robert-koch-gehrden,krh-klinikum-robert-koch-gehrden:210,210,1,0
4,krh-klinikum-robert-koch-gehrden,krh-klinikum-robert-koch-gehrden:213,213,1,0
4,krh-klinikum-robert-koch-gehrden,krh-klinikum-robert-koch-gehrden:214,214,1,0
10,krh-klinikum-robert-koch-gehrden,krh-klinikum-robert-koch-gehrden:215,215,1,0
9,krh-klinikum-robert-koch-gehrden,krh-klinikum-robert-koch-gehrden:216,216,1,0
2,krh-klinikum-robert-koch-gehrden,krh-klinikum-robert-koch-gehrden:217,217,2,0
4,krh-klinikum-robert-koch-gehrden,krh-klinikum-robert-koch-gehrden:219,219,1,0
2,krh-klinikum-robert-koch-gehrden,krh-klinikum-robert-koch-gehrden:220,220,2,0
6,krh-klinikum-robert-koch-gehrden,krh-klinikum-robert-koch-gehrden:222,222,1,0
10,krh-klinikum-robert-koch-gehrden,krh-klinikum-robert-koch-gehrden:225,225,1,0
4,krh-klinikum-robert-koch-gehrden,krh-klinikum-robert-koch-gehrden:228,228,1,0
3,krh-klinikum-robert-koch-gehrden,krh-klinikum-robert-koch-gehrden:232,232,1,0
8,krh-klinikum-robert-koch-gehrden,krh-klinikum-robert-koch-gehrden:238,238,1,0
9,krh-klinikum-robert-koch-gehrden,krh-klinikum-robert-koch-gehrden:243,243,1,0
14,krh-klinikum-robert-koch-gehrden,krh-klinikum-robert-koch-gehrden:244,244,1,0
7,krh-klinikum-robert-koch-gehrden,krh-klinikum-robert-koch-gehrden:245,245,1,0
0,krh-klinikum-robert-koch-gehrden,krh-klinikum-robert-koch-gehrden:247,247,1,0
8,krh-klinikum-robert-koch-gehrden,krh-klinikum-robert-koch-gehrden:248,248,1,0
7,krh-klinikum-robert-koch-gehrden,krh-klinikum-robert-koch-gehrden:252,252,1,0
5,krh-klinikum-robert-koch-gehrden,krh-klinikum-robert-koch-gehrden:253,253,1,0
4,krh-klinikum-robert-koch-gehrden,krh-klinikum-robert-koch-gehrden:254,254,1,0
6,krh-klinikum-robert-koch-gehrden,krh-klinikum-robert-koch-gehrden:256,256,1,0
0,krh-klinikum-robert-koch-gehrden,krh-klinikum-robert-koch-gehrden:257,257,2,0
4,krh-klinikum-robert-koch-gehrden,krh-klinikum-robert-koch-gehrden:261,261,1,0
11,krh-klinikum-robert-koch-gehrden,krh-klinikum-robert-koch-gehrden:264,264,1,0
3,krh-klinikum-robert-koch-gehrden,krh-klinikum-robert-koch-gehrden:267,267,1,0
3,krh-klinikum-robert-koch-gehrden,krh-klinikum-robert-koch-gehrden:268,268,1,0
9,krh-klinikum-robert-koch-gehrden,krh-klinikum-robert-koch-gehrden:273,273,1,0
5,krh-klinikum-robert-koch-gehrden,krh-klinikum-robert-koch-gehrden:275,275,1,0
2,krh-klinikum-robert-koch-gehrden,krh-klinikum-robert-koch-gehrden:276,276,2,0
3,krh-klinikum-robert-koch-gehrden,krh-klinikum-robert-koch-gehrden:278,278,1,0
3,krh-klinikum-robert-koch-gehrden,krh-klinikum-robert-koch-gehrden:279,279,1,0
6,krh-klinikum-robert-koch-gehrden,krh-klinikum-robert-koch-gehrden:282,282,1,0
8,krh-klinikum-robert-koch-gehrden,krh-klinikum-robert-koch-gehrden:285,285,1,0
5,krh-klinikum-robert-koch-gehrden,krh-klinikum-robert-koch-gehrden:289,289,2,0
10,krh-klinikum-robert-koch-gehrden,krh-klinikum-robert-koch-gehrden:292,292,1,0
0,krh-klinikum-robert-koch-gehrden,krh-klinikum-robert-koch-gehrden:293,293,1,0
5,krh-klinikum-robert-koch-gehrden,krh-klinikum-robert-koch-gehrden:294,294,1,0
2,krh-klinikum-robert-koch-gehrden,krh-klinikum-robert-koch-gehrden:296,296,2,0
11,krh-klinikum-robert-koch-gehrden,krh-klinikum-robert-koch-gehrden:297,297,1,0
11,krh-klinikum-robert-koch-gehrden,krh-klinikum-robert-koch-gehrden:299,299,1,0
6,krh-klinikum-robert-koch-gehrden,krh-klinikum-robert-koch-gehrden:301,301,1,0
7,krh-klinikum-robert-koch-gehrden,krh-klinikum-robert-koch-gehrden:304,304,1,0
5,krh-klinikum-robert-koch-gehrden,krh-klinikum-robert-koch-gehrden:311,311,1,0
4,krh-klinikum-robert-koch-gehrden,krh-klinikum-robert-koch-gehrden:313,313,2,0
7,krh-klinikum-robert-koch-gehrden,krh-klinikum-robert-koch-gehrden:316,316,1,0
5,krh-klinikum-robert-koch-gehrden,krh-klinikum-robert-koch-gehrden:323,323,1,0
2,krh-klinikum-robert-koch-gehrden,krh-klinikum-robert-koch-gehrden:325,325,1,0
3,krh-klinikum-robert-koch-gehrden,krh-klinikum-robert-koch-gehrden:327,327,2,1
2,krh-klinikum-robert-koch-gehrden,krh-klinikum-robert-koch-gehrden:333,333,1,0
6,krh-klinikum-robert-koch-gehrden,krh-klinikum-robert-koch-gehrden:334,334,1,0
3,krh-klinikum-robert-koch-gehrden,krh-klinikum-robert-koch-gehrden:336,336,1,0
0,krh-klinikum-robert-koch-gehrden,krh-klinikum-robert-koch-gehrden:337,337,1,0
6,krh-klinikum-robert-koch-gehrden,krh-klinikum-robert-koch-gehrden:339,339,1,0
0,krh-klinikum-robert-koch-gehrden,krh-klinikum-robert-koch-gehrden:340,340,1,0
8,krh-klinikum-robert-koch-gehrden,krh-klinikum-robert-koch-gehrden:341,341,1,0
1,krh-klinikum-robert-koch-gehrden,krh-klinikum-robert-koch-gehrden:342,342,2,0
5,krh-klinikum-robert-koch-gehrden,krh-klinikum-robert-koch-gehrden:344,344,1,0
0,krh-klinikum-robert-koch-gehrden,krh-klinikum-robert-koch-gehrden:345,345,1,0
9,krh-klinikum-robert-koch-gehrden,krh-klinikum-robert-koch-gehrden:353,353,2,0
9,krh-klinikum-robert-koch-gehrden,krh-klinikum-robert-koch-gehrden:354,354,1,0
6,krh-klinikum-robert-koch-gehrden,krh-klinikum-robert-koch-gehrden:359,359,1,0
3,krh-klinikum-robert-koch-gehrden,krh-klinikum-robert-koch-gehrden:362,362,1,0
4,krh-klinikum-robert-koch-gehrden,krh-klinikum-robert-koch-gehrden:363,363,1,0
4,krh-klinikum-robert-koch-gehrden,krh-klinikum-robert-koch-gehrden:364,364,1,0
3,krh-klinikum-robert-koch-gehrden,krh-klinikum-robert-koch-gehrden:365,365,1,0
5,krh-klinikum-robert-koch-gehrden,krh-klinikum-robert-koch-gehrden:373,373,1,0
3,krh-klinikum-robert-koch-gehrden,krh-klinikum-robert-koch-gehrden:382,382,1,0
1,krh-klinikum-robert-koch-gehrden,krh-klinikum-robert-koch-gehrden:389,389,1,0
8,krh-klinikum-robert-koch-gehrden,krh-klinikum-robert-koch-gehrden:390,390,1,0
4,krh-klinikum-robert-koch-gehrden,krh-klinikum-robert-koch-gehrden:397,397,1,0
7,krh-klinikum-robert-koch-gehrden,krh-klinikum-robert-koch-gehrden:399,399,1,0
3,krh-klinikum-robert-koch-gehrden,krh-klinikum-robert-koch-gehrden:403,403,1,0
1,krh-klinikum-robert-koch-gehrden,krh-klinikum-robert-koch-gehrden:404,404,1,0
0,krh-klinikum-robert-koch-gehrden,krh-klinikum-robert-koch-gehrden:405,405,1,0
2,krh-klinikum-robert-koch-gehrden,krh-klinikum-robert-koch-gehrden:406,406,1,0
1,krh-klinikum-robert-koch-gehrden,krh-klinikum-robert-koch-gehrden:408,408,2,0
4,krh-klinikum-robert-koch-gehrden,krh-klinikum-robert-koch-gehrden:412,412,1,0
1,krh-klinikum-robert-koch-gehrden,krh-klinikum-robert-koch-gehrden:413,413,1,0
3,krh-klinikum-robert-koch-gehrden,krh-klinikum-robert-koch-gehrden:415,415,1,0
3,krh-klinikum-robert-koch-gehrden,krh-klinikum-robert-koch-gehrden:416,416,1,0
0,krh-klinikum-robert-koch-gehrden,krh-klinikum-robert-koch-gehrden:422,422,1,0
3,krh-klinikum-robert-koch-gehrden,krh-klinikum-robert-koch-gehrden:429,429,1,0
1,krh-klinikum-robert-koch-gehrden,krh-klinikum-robert-koch-gehrden:430,430,1,0
3,krh-klinikum-robert-koch-gehrden,krh-klinikum-robert-koch-gehrden:434,434,1,0
0,krh-klinikum-robert-koch-gehrden,krh-klinikum-robert-koch-gehrden:440,440,1,0
3,krh-klinikum-robert-koch-gehrden,krh-klinikum-robert-koch-gehrden:443,443,1,0
0,krh-klinikum-robert-koch-gehrden,krh-klinikum-robert-koch-gehrden:444,444,1,0
0,krh-klinikum-robert-koch-gehrden,krh-klinikum-robert-koch-gehrden:450,450,1,0
0,krh-klinikum-robert-koch-gehrden,krh-klinikum-robert-koch-gehrden:455,455,1,0
1,krh-klinikum-robert-koch-gehrden,krh-klinikum-robert-koch-gehrden:456,456,1,0
3,krh-klinikum-robert-koch-gehrden,krh-klinikum-robert-koch-gehrden:457,457,1,0
3,krh-klinikum-robert-koch-gehrden,krh-klinikum-robert-koch-gehrden:461,461,2,0
0,krh-klinikum-robert-koch-gehrden,krh-klinikum-robert-koch-gehrden:463,463,1,0
3,krh-klinikum-robert-koch-gehrden,krh-klinikum-robert-koch-gehrden:464,464,1,0
0,krh-klinikum-robert-koch-gehrden,krh-klinikum-robert-koch-gehrden:465,465,1,0
3,krh-klinikum-robert-koch-gehrden,krh-klinikum-robert-koch-gehrden:468,468,1,0
0,krh-klinikum-robert-koch-gehrden,krh-klinikum-robert-koch-gehrden:470,470,1,0
0,krh-klinikum-robert-koch-gehrden,krh-klinikum-robert-koch-gehrden:472,472,1,0
1,krh-klinikum-robert-koch-gehrden,krh-klinikum-robert-koch-gehrden:473,473,1,0
1,krh-klinikum-robert-koch-gehrden,krh-klinikum-robert-koch-gehrden:477,477,1,0
0,krh-klinikum-robert-koch-gehrden,krh-klinikum-robert-koch-gehrden:478,478,2,1
1,krh-klinikum-robert-koch-gehrden,krh-klinikum-robert-koch-gehrden:479,479,1,0
1,krh-klinikum-robert-koch-gehrden,krh-klinikum-robert-koch-gehrden:480,480,1,0
0,krh-klinikum-robert-koch-gehrden,krh-klinikum-robert-koch-gehrden:486,486,2,0
0,krh-klinikum-robert-koch-gehrden,krh-klinikum-robert-koch-gehrden:489,489,1,0
0,krh-klinikum-robert-koch-gehrden,krh-klinikum-robert-koch-gehrden:491,491,1,0
0,krh-klinikum-robert-koch-gehrden,krh-klinikum-robert-koch-gehrden:492,492,1,0
0,krh-klinikum-robert-koch-gehrden,krh-klinikum-robert-koch-gehrden:493,493,1,0
0,krh-klinikum-robert-koch-gehrden,krh-klinikum-robert-koch-gehrden:500,500,1,0
7,krh-klinikum-robert-koch-gehrden,krh-klinikum-robert-koch-gehrden:502,502,1,0
0,krh-klinikum-robert-koch-gehrden,krh-klinikum-robert-koch-gehrden:511,511,1,0
0,krh-klinikum-siloah,krh-klinikum-siloah:1,1,1,0
1,krh-klinikum-siloah,krh-klinikum-siloah:6,6,2,0
0,krh-klinikum-siloah,krh-klinikum-siloah:7,7,2,0
0,krh-klinikum-siloah,krh-klinikum-siloah:11,11,2,0
0,krh-klinikum-siloah,krh-klinikum-siloah:16,16,1,0
1,krh-klinikum-siloah,krh-klinikum-siloah:19,19,2,0
0,krh-klinikum-siloah,krh-klinikum-siloah:21,21,1,0
0,krh-klinikum-siloah,krh-klinikum-siloah:25,25,1,0
0,krh-klinikum-siloah,krh-klinikum-siloah:26,26,1,0
0,krh-klinikum-siloah,krh-klinikum-siloah:27,27,1,0
18,krh-klinikum-siloah,krh-klinikum-siloah:28,28,1,0
0,krh-klinikum-siloah,krh-klinikum-siloah:29,29,1,0
0,krh-klinikum-siloah,krh-klinikum-siloah:30,30,1,0
0,krh-klinikum-siloah,krh-klinikum-siloah:32,32,1,0
0,krh-klinikum-siloah,krh-klinikum-siloah:35,35,1,0
0,krh-klinikum-siloah,krh-klinikum-siloah:36,36,1,0
0,krh-klinikum-siloah,krh-klinikum-siloah:39,39,1,0
1,krh-klinikum-siloah,krh-klinikum-siloah:44,44,1,0
1,krh-klinikum-siloah,krh-klinikum-siloah:45,45,1,0
0,krh-klinikum-siloah,krh-klinikum-siloah:46,46,1,0
0,krh-klinikum-siloah,krh-klinikum-siloah:47,47,1,0
2,krh-klinikum-siloah,krh-klinikum-siloah:50,50,1,0
1,krh-klinikum-siloah,krh-klinikum-siloah:52,52,2,0
1,krh-klinikum-siloah,krh-klinikum-siloah:54,54,1,0
0,krh-klinikum-siloah,krh-klinikum-siloah:55,55,2,0
1,krh-klinikum-siloah,krh-klinikum-siloah:56,56,1,0
3,krh-klinikum-siloah,krh-klinikum-siloah:58,58,1,0
1,krh-klinikum-siloah,krh-klinikum-siloah:62,62,1,0
1,krh-klinikum-siloah,krh-klinikum-siloah:64,64,2,0
2,krh-klinikum-siloah,krh-klinikum-siloah:66,66,1,0
0,krh-klinikum-siloah,krh-klinikum-siloah:69,69,1,0
1,krh-klinikum-siloah,krh-klinikum-siloah:70,70,1,0
2,krh-klinikum-siloah,krh-klinikum-siloah:71,71,1,0
5,krh-klinikum-siloah,krh-klinikum-siloah:72,72,1,0
3,krh-klinikum-siloah,krh-klinikum-siloah:73,73,1,0
1,krh-klinikum-siloah,krh-klinikum-siloah:77,77,1,0
1,krh-klinikum-siloah,krh-klinikum-siloah:78,78,1,0
1,krh-klinikum-siloah,krh-klinikum-siloah:79,79,1,0
17,krh-klinikum-siloah,krh-klinikum-siloah:81,81,1,0
0,krh-klinikum-siloah,krh-klinikum-siloah:84,84,1,0
2,krh-klinikum-siloah,krh-klinikum-siloah:86,86,1,0
2,krh-klinikum-siloah,krh-klinikum-siloah:88,88,1,0
4,krh-klinikum-siloah,krh-klinikum-siloah:89,89,1,0
0,krh-klinikum-siloah,krh-klinikum-siloah:90,90,1,0
1,krh-klinikum-siloah,krh-klinikum-siloah:91,91,1,0
0,krh-klinikum-siloah,krh-klinikum-siloah:93,93,1,0
4,krh-klinikum-siloah,krh-klinikum-siloah:94,94,2,0
3,krh-klinikum-siloah,krh-klinikum-siloah:95,95,1,0
4,krh-klinikum-siloah,krh-klinikum-siloah:97,97,2,0
2,krh-klinikum-siloah,krh-klinikum-siloah:103,103,1,0
1,krh-klinikum-siloah,krh-klinikum-siloah:104,104,1,0
3,krh-klinikum-siloah,krh-klinikum-siloah:108,108,1,0
3,krh-klinikum-siloah,krh-klinikum-siloah:114,114,1,0
1,krh-klinikum-siloah,krh-klinikum-siloah:115,115,1,0
7,krh-klinikum-siloah,krh-klinikum-siloah:119,119,1,0
1,krh-klinikum-siloah,krh-klinikum-siloah:122,122,1,0
1,krh-klinikum-siloah,krh-klinikum-siloah:125,125,1,0
6,krh-klinikum-siloah,krh-klinikum-siloah:126,126,1,0
17,krh-klinikum-siloah,krh-klinikum-siloah:129,129,1,0
4,krh-klinikum-siloah,krh-klinikum-siloah:130,130,1,0
8,krh-klinikum-siloah,krh-klinikum-siloah:131,131,1,0
0,krh-klinikum-siloah,krh-klinikum-siloah:132,132,1,0
4,krh-klinikum-siloah,krh-klinikum-siloah:133,133,1,0
5,krh-klinikum-siloah,krh-klinikum-siloah:136,136,1,0
3,krh-klinikum-siloah,krh-klinikum-siloah:139,139,1,0
6,krh-klinikum-siloah,krh-klinikum-siloah:141,141,1,0
5,krh-klinikum-siloah,krh-klinikum-siloah:144,144,1,0
14,krh-klinikum-siloah,krh-klinikum-siloah:148,148,1,0
4,krh-klinikum-siloah,krh-klinikum-siloah:149,149,1,0
8,krh-klinikum-siloah,krh-klinikum-siloah:150,150,1,0
6,krh-klinikum-siloah,krh-klinikum-siloah:152,152,2,0
16,krh-klinikum-siloah,krh-klinikum-siloah:153,153,1,0
16,krh-klinikum-siloah,krh-klinikum-siloah:155,155,1,0
5,krh-klinikum-siloah,krh-klinikum-siloah:156,156,1,0
9,krh-klinikum-siloah,krh-klinikum-siloah:163,163,1,0
1,krh-klinikum-siloah,krh-klinikum-siloah:164,164,1,0
5,krh-klinikum-siloah,krh-klinikum-siloah:166,166,1,0
17,krh-klinikum-siloah,krh-klinikum-siloah:167,167,1,0
4,krh-klinikum-siloah,krh-klinikum-siloah:168,168,1,1
11,krh-klinikum-siloah,krh-klinikum-siloah:170,170,1,0
15,krh-klinikum-siloah,krh-klinikum-siloah:174,174,1,0
11,krh-klinikum-siloah,krh-klinikum-siloah:181,181,1,0
5,krh-klinikum-siloah,krh-klinikum-siloah:182,182,1,0
4,krh-klinikum-siloah,krh-klinikum-siloah:183,183,1,0
8,krh-klinikum-siloah,krh-klinikum-siloah:185,185,1,0
10,krh-klinikum-siloah,krh-klinikum-siloah:186,186,1,0
7,krh-klinikum-siloah,krh-klinikum-siloah:187,187,2,0
16,krh-klinikum-siloah,krh-klinikum-siloah:190,190,1,0
4,krh-klinikum-siloah,krh-klinikum-siloah:192,192,1,0
18,krh-klinikum-siloah,krh-klinikum-siloah:193,193,1,0
9,krh-klinikum-siloah,krh-klinikum-siloah:197,197,1,0
10,krh-klinikum-siloah,krh-klinikum-siloah:198,198,1,0
7,krh-klinikum-siloah,krh-klinikum-siloah:200,200,1,0
5,krh-klinikum-siloah,krh-klinikum-siloah:201,201,2,0
3,krh-klinikum-siloah,krh-klinikum-siloah:202,202,1,0
9,krh-klinikum-siloah,krh-klinikum-siloah:204,204,2,0
10,krh-klinikum-siloah,krh-klinikum-siloah:205,205,1,0
6,krh-klinikum-siloah,krh-klinikum-siloah:206,206,1,0
3,krh-klinikum-siloah,krh-klinikum-siloah:208,208,2,0
12,krh-klinikum-siloah,krh-klinikum-siloah:209,209,1,0
3,krh-klinikum-siloah,krh-klinikum-siloah:210,210,1,0
12,krh-klinikum-siloah,krh-klinikum-siloah:212,212,1,0
4,krh-klinikum-siloah,krh-klinikum-siloah:213,213,2,0
11,krh-klinikum-siloah,krh-klinikum-siloah:214,214,1,0
8,krh-klinikum-siloah,krh-klinikum-siloah:215,215,2,0
0,krh-klinikum-siloah,krh-klinikum-siloah:217,217,1,0
13,krh-klinikum-siloah,krh-klinikum-siloah:218,218,1,0
4,krh-klinikum-siloah,krh-klinikum-siloah:221,221,2,0
2,krh-klinikum-siloah,krh-klinikum-siloah:222,222,1,0
13,krh-klinikum-siloah,krh-klinikum-siloah:223,223,1,0
20,krh-klinikum-siloah,krh-klinikum-siloah:225,225,1,0
6,krh-klinikum-siloah,krh-klinikum-siloah:229,229,1,0
11,krh-klinikum-siloah,krh-klinikum-siloah:231,231,1,0
10,krh-klinikum-siloah,krh-klinikum-siloah:233,233,1,0
8,krh-klinikum-siloah,krh-klinikum-siloah:234,234,1,0
0,krh-klinikum-siloah,krh-klinikum-siloah:236,236,1,0
9,krh-klinikum-siloah,krh-klinikum-siloah:237,237,1,0
13,krh-klinikum-siloah,krh-klinikum-siloah:238,238,1,0
9,krh-klinikum-siloah,krh-klinikum-siloah:242,242,1,0
11,krh-klinikum-siloah,krh-klinikum-siloah:244,244,1,0
11,krh-klinikum-siloah,krh-klinikum-siloah:246,246,1,0
19,krh-klinikum-siloah,krh-klinikum-siloah:248,248,1,0
0,krh-klinikum-siloah,krh-klinikum-siloah:249,249,1,0
7,krh-klinikum-siloah,krh-klinikum-siloah:250,250,1,0
9,krh-klinikum-siloah,krh-klinikum-siloah:252,252,1,0
18,krh-klinikum-siloah,krh-klinikum-siloah:254,254,1,0
13,krh-klinikum-siloah,krh-klinikum-siloah:255,255,1,0
9,krh-klinikum-siloah,krh-klinikum-siloah:261,261,1,0
7,krh-klinikum-siloah,krh-klinikum-siloah:262,262,1,0
7,krh-klinikum-siloah,krh-klinikum-siloah:263,263,1,0
16,krh-klinikum-siloah,krh-klinikum-siloah:264,264,1,0
4,krh-klinikum-siloah,krh-klinikum-siloah:265,265,1,0
1,krh-klinikum-siloah,krh-klinikum-siloah:267,267,1,0
7,krh-klinikum-siloah,krh-klinikum-siloah:268,268,1,0
8,krh-klinikum-siloah,krh-klinikum-siloah:271,271,1,0
11,krh-klinikum-siloah,krh-klinikum-siloah:273,273,1,0
10,krh-klinikum-siloah,krh-klinikum-siloah:274,274,1,0
8,krh-klinikum-siloah,krh-klinikum-siloah:275,275,1,0
23,krh-klinikum-siloah,krh-klinikum-siloah:278,278,1,0
10,krh-klinikum-siloah,krh-klinikum-siloah:279,279,1,0
14,krh-klinikum-siloah,krh-klinikum-siloah:281,281,1,0
6,krh-klinikum-siloah,krh-klinikum-siloah:283,283,2,0
11,krh-klinikum-siloah,krh-klinikum-siloah:284,284,1,0
18,krh-klinikum-siloah,krh-klinikum-siloah:285,285,1,0
11,krh-klinikum-siloah,krh-klinikum-siloah:286,286,1,0
12,krh-klinikum-siloah,krh-klinikum-siloah:287,287,1,0
8,krh-klinikum-siloah,krh-klinikum-siloah:288,288,1,0
6,krh-klinikum-siloah,krh-klinikum-siloah:289,289,1,0
11,krh-klinikum-siloah,krh-klinikum-siloah:290,290,1,0
9,krh-klinikum-siloah,krh-klinikum-siloah:292,292,1,0
8,krh-klinikum-siloah,krh-klinikum-siloah:293,293,1,0
2,krh-klinikum-siloah,krh-klinikum-siloah:296,296,1,0
5,krh-klinikum-siloah,krh-klinikum-siloah:299,299,1,0
0,krh-klinikum-siloah,krh-klinikum-siloah:300,300,1,0
7,krh-klinikum-siloah,krh-klinikum-siloah:302,302,1,0
14,krh-klinikum-siloah,krh-klinikum-siloah:305,305,1,0
9,krh-klinikum-siloah,krh-klinikum-siloah:307,307,1,0
14,krh-klinikum-siloah,krh-klinikum-siloah:308,308,1,0
3,krh-klinikum-siloah,krh-klinikum-siloah:314,314,1,0
7,krh-klinikum-siloah,krh-klinikum-siloah:315,315,1,0
1,krh-klinikum-siloah,krh-klinikum-siloah:316,316,1,0
14,krh-klinikum-siloah,krh-klinikum-siloah:317,317,1,0
13,krh-klinikum-siloah,krh-klinikum-siloah:320,320,1,0
11,krh-klinikum-siloah,krh-klinikum-siloah:324,324,1,0
6,krh-klinikum-siloah,krh-klinikum-siloah:325,325,1,0
8,krh-klinikum-siloah,krh-klinikum-siloah:326,326,1,0
17,krh-klinikum-siloah,krh-klinikum-siloah:328,328,1,0
12,krh-klinikum-siloah,krh-klinikum-siloah:329,329,1,0
17,krh-klinikum-siloah,krh-klinikum-siloah:332,332,1,0
13,krh-klinikum-siloah,krh-klinikum-siloah:333,333,2,0
6,krh-klinikum-siloah,krh-klinikum-siloah:334,334,2,0
6,krh-klinikum-siloah,krh-klinikum-siloah:336,336,1,0
9,krh-klinikum-siloah,krh-klinikum-siloah:338,338,1,0
15,krh-klinikum-siloah,krh-klinikum-siloah:340,340,1,0
1,krh-klinikum-siloah,krh-klinikum-siloah:341,341,1,0
2,krh-klinikum-siloah,krh-klinikum-siloah:342,342,2,0
9,krh-klinikum-siloah,krh-klinikum-siloah:349,349,1,0
7,krh-klinikum-siloah,krh-klinikum-siloah:350,350,1,0
0,krh-klinikum-siloah,krh-klinikum-siloah:352,352,1,0
5,krh-klinikum-siloah,krh-klinikum-siloah:353,353,2,0
6,krh-klinikum-siloah,krh-klinikum-siloah:354,354,1,0
6,krh-klinikum-siloah,krh-klinikum-siloah:356,356,1,0
12,krh-klinikum-siloah,krh-klinikum-siloah:357,357,1,0
8,krh-klinikum-siloah,krh-klinikum-siloah:358,358,1,0
8,krh-klinikum-siloah,krh-klinikum-siloah:359,359,1,0
5,krh-klinikum-siloah,krh-klinikum-siloah:360,360,1,0
6,krh-klinikum-siloah,krh-klinikum-siloah:361,361,1,0
2,krh-klinikum-siloah,krh-klinikum-siloah:363,363,1,0
5,krh-klinikum-siloah,krh-klinikum-siloah:364,364,1,0
4,krh-klinikum-siloah,krh-klinikum-siloah:365,365,1,0
8,krh-klinikum-siloah,krh-klinikum-siloah:368,368,1,0
6,krh-klinikum-siloah,krh-klinikum-siloah:370,370,1,0
1,krh-klinikum-siloah,krh-klinikum-siloah:371,371,2,1
3,krh-klinikum-siloah,krh-klinikum-siloah:373,373,1,0
4,krh-klinikum-siloah,krh-klinikum-siloah:374,374,1,0
12,krh-klinikum-siloah,krh-klinikum-siloah:377,377,1,0
3,krh-klinikum-siloah,krh-klinikum-siloah:378,378,2,0
5,krh-klinikum-siloah,krh-klinikum-siloah:379,379,1,0
0,krh-klinikum-siloah,krh-klinikum-siloah:382,382,1,0
11,krh-klinikum-siloah,krh-klinikum-siloah:383,383,1,0
9,krh-klinikum-siloah,krh-klinikum-siloah:386,386,1,0
11,krh-klinikum-siloah,krh-klinikum-siloah:387,387,1,0
10,krh-klinikum-siloah,krh-klinikum-siloah:388,388,1,0
11,krh-klinikum-siloah,krh-klinikum-siloah:391,391,1,0
8,krh-klinikum-siloah,krh-klinikum-siloah:392,392,1,0
5,krh-klinikum-siloah,krh-klinikum-siloah:393,393,2,0
0,krh-klinikum-siloah,krh-klinikum-siloah:395,395,1,0
6,krh-klinikum-siloah,krh-klinikum-siloah:396,396,1,0
5,krh-klinikum-siloah,krh-klinikum-siloah:398,398,1,0
7,krh-klinikum-siloah,krh-klinikum-siloah:400,400,1,0
5,krh-klinikum-siloah,krh-klinikum-siloah:401,401,1,0
13,krh-klinikum-siloah,krh-klinikum-siloah:404,404,1,0
16,krh-klinikum-siloah,krh-klinikum-siloah:405,405,1,0
6,krh-klinikum-siloah,krh-klinikum-siloah:406,406,1,0
13,krh-klinikum-siloah,krh-klinikum-siloah:408,408,1,0
7,krh-klinikum-siloah,krh-klinikum-siloah:409,409,1,0
15,krh-klinikum-siloah,krh-klinikum-siloah:410,410,1,0
1,krh-klinikum-siloah,krh-klinikum-siloah:411,411,1,0
9,krh-klinikum-siloah,krh-klinikum-siloah:412,412,1,1
13,krh-klinikum-siloah,krh-klinikum-siloah:413,413,1,0
5,krh-klinikum-siloah,krh-klinikum-siloah:414,414,1,0
3,krh-klinikum-siloah,krh-klinikum-siloah:416,416,2,0
1,krh-klinikum-siloah,krh-klinikum-siloah:417,417,1,0
4,krh-klinikum-siloah,krh-klinikum-siloah:418,418,1,0
7,krh-klinikum-siloah,krh-klinikum-siloah:420,420,1,0
7,krh-klinikum-siloah,krh-klinikum-siloah:421,421,1,0
8,krh-klinikum-siloah,krh-klinikum-siloah:422,422,1,0
5,krh-klinikum-siloah,krh-klinikum-siloah:425,425,1,0
13,krh-klinikum-siloah,krh-klinikum-siloah:428,428,1,0
3,krh-klinikum-siloah,krh-klinikum-siloah:430,430,2,0
10,krh-klinikum-siloah,krh-klinikum-siloah:431,431,1,0
0,krh-klinikum-siloah,krh-klinikum-siloah:433,433,1,0
0,krh-klinikum-siloah,krh-klinikum-siloah:434,434,1,0
3,krh-klinikum-siloah,krh-klinikum-siloah:437,437,1,0
3,krh-klinikum-siloah,krh-klinikum-siloah:438,438,1,0
5,krh-klinikum-siloah,krh-klinikum-siloah:439,439,1,0
7,krh-klinikum-siloah,krh-klinikum-siloah:441,441,1,0
0,krh-klinikum-siloah,krh-klinikum-siloah:443,443,1,0
4,krh-klinikum-siloah,krh-klinikum-siloah:444,444,1,0
0,krh-klinikum-siloah,krh-klinikum-siloah:445,445,1,0
5,krh-klinikum-siloah,krh-klinikum-siloah:446,446,1,0
5,krh-klinikum-siloah,krh-klinikum-siloah:447,447,2,0
4,krh-klinikum-siloah,krh-klinikum-siloah:448,448,2,0
14,krh-klinikum-siloah,krh-klinikum-siloah:449,449,1,0
1,krh-klinikum-siloah,krh-klinikum-siloah:450,450,1,0
3,krh-klinikum-siloah,krh-klinikum-siloah:451,451,1,0
4,krh-klinikum-siloah,krh-klinikum-siloah:452,452,1,0
8,krh-klinikum-siloah,krh-klinikum-siloah:454,454,1,0
4,krh-klinikum-siloah,krh-klinikum-siloah:455,455,1,0
5,krh-klinikum-siloah,krh-klinikum-siloah:456,456,1,0
4,krh-klinikum-siloah,krh-klinikum-siloah:458,458,1,0
8,krh-klinikum-siloah,krh-klinikum-siloah:459,459,1,0
7,krh-klinikum-siloah,krh-klinikum-siloah:462,462,1,0
9,krh-klinikum-siloah,krh-klinikum-siloah:463,463,1,0
2,krh-klinikum-siloah,krh-klinikum-siloah:464,464,1,0
4,krh-klinikum-siloah,krh-klinikum-siloah:465,465,1,0
7,krh-klinikum-siloah,krh-klinikum-siloah:467,467,1,0
12,krh-klinikum-siloah,krh-klinikum-siloah:470,470,1,0
15,krh-klinikum-siloah,krh-klinikum-siloah:471,471,2,0
5,krh-klinikum-siloah,krh-klinikum-siloah:473,473,1,0
7,krh-klinikum-siloah,krh-klinikum-siloah:477,477,1,0
4,krh-klinikum-siloah,krh-klinikum-siloah:478,478,1,0
3,krh-klinikum-siloah,krh-klinikum-siloah:480,480,1,0
3,krh-klinikum-siloah,krh-klinikum-siloah:481,481,1,0
2,krh-klinikum-siloah,krh-klinikum-siloah:486,486,2,1
8,krh-klinikum-siloah,krh-klinikum-siloah:487,487,1,0
0,krh-klinikum-siloah,krh-klinikum-siloah:489,489,1,0
5,krh-klinikum-siloah,krh-klinikum-siloah:493,493,1,0
6,krh-klinikum-siloah,krh-klinikum-siloah:494,494,1,0
0,krh-klinikum-siloah,krh-klinikum-siloah:495,495,1,0
8,krh-klinikum-siloah,krh-klinikum-siloah:498,498,1,0
5,krh-klinikum-siloah,krh-klinikum-siloah:499,499,2,0
7,krh-klinikum-siloah,krh-klinikum-siloah:504,504,1,0
3,krh-klinikum-siloah,krh-klinikum-siloah:506,506,1,0
0,krh-klinikum-siloah,krh-klinikum-siloah:507,507,1,0
3,krh-klinikum-siloah,krh-klinikum-siloah:513,513,1,0
5,krh-klinikum-siloah,krh-klinikum-siloah:515,515,1,0
7,krh-klinikum-siloah,krh-klinikum-siloah:518,518,1,0
9,krh-klinikum-siloah,krh-klinikum-siloah:519,519,1,0
0,krh-klinikum-siloah,krh-klinikum-siloah:520,520,1,0
8,krh-klinikum-siloah,krh-klinikum-siloah:521,521,1,0
14,krh-klinikum-siloah,krh-klinikum-siloah:522,522,1,0
6,krh-klinikum-siloah,krh-klinikum-siloah:523,523,1,0
13,krh-klinikum-siloah,krh-klinikum-siloah:524,524,1,0
4,krh-klinikum-siloah,krh-klinikum-siloah:528,528,1,0
11,krh-klinikum-siloah,krh-klinikum-siloah:529,529,1,0
6,krh-klinikum-siloah,krh-klinikum-siloah:532,532,1,0
7,krh-klinikum-siloah,krh-klinikum-siloah:533,533,1,0
0,krh-klinikum-siloah,krh-klinikum-siloah:534,534,1,0
14,krh-klinikum-siloah,krh-klinikum-siloah:535,535,1,0
5,krh-klinikum-siloah,krh-klinikum-siloah:539,539,1,0
7,krh-klinikum-siloah,krh-klinikum-siloah:540,540,1,0
3,krh-klinikum-siloah,krh-klinikum-siloah:541,541,2,0
0,krh-klinikum-siloah,krh-klinikum-siloah:542,542,1,0
3,krh-klinikum-siloah,krh-klinikum-siloah:544,544,1,0
8,krh-klinikum-siloah,krh-klinikum-siloah:546,546,1,0
5,krh-klinikum-siloah,krh-klinikum-siloah:547,547,1,0
6,krh-klinikum-siloah,krh-klinikum-siloah:548,548,1,0
3,krh-klinikum-siloah,krh-klinikum-siloah:549,549,1,0
8,krh-klinikum-siloah,krh-klinikum-siloah:554,554,1,0
14,krh-klinikum-siloah,krh-klinikum-siloah:557,557,1,0
4,krh-klinikum-siloah,krh-klinikum-siloah:558,558,1,0
2,krh-klinikum-siloah,krh-klinikum-siloah:560,560,2,0
5,krh-klinikum-siloah,krh-klinikum-siloah:561,561,1,0
0,krh-klinikum-siloah,krh-klinikum-siloah:564,564,1,0
3,krh-klinikum-siloah,krh-klinikum-siloah:566,566,1,0
5,krh-klinikum-siloah,krh-klinikum-siloah:569,569,1,0
6,krh-klinikum-siloah,krh-klinikum-siloah:570,570,1,0
0,krh-klinikum-siloah,krh-klinikum-siloah:571,571,1,0
8,krh-klinikum-siloah,krh-klinikum-siloah:572,572,1,0
12,krh-klinikum-siloah,krh-klinikum-siloah:573,573,1,0
5,krh-klinikum-siloah,krh-klinikum-siloah:575,575,1,0
3,krh-klinikum-siloah,krh-klinikum-siloah:578,578,1,0
2,krh-klinikum-siloah,krh-klinikum-siloah:582,582,2,1
7,krh-klinikum-siloah,krh-klinikum-siloah:585,585,1,0
12,krh-klinikum-siloah,krh-klinikum-siloah:589,589,1,0
4,krh-klinikum-siloah,krh-klinikum-siloah:590,590,1,0
12,krh-klinikum-siloah,krh-klinikum-siloah:591,591,1,0
6,krh-klinikum-siloah,krh-klinikum-siloah:593,593,1,0
0,krh-klinikum-siloah,krh-klinikum-siloah:594,594,1,0
13,krh-klinikum-siloah,krh-klinikum-siloah:595,595,1,0
2,krh-klinikum-siloah,krh-klinikum-siloah:601,601,2,0
2,krh-klinikum-siloah,krh-klinikum-siloah:602,602,1,0
10,krh-klinikum-siloah,krh-klinikum-siloah:607,607,1,0
3,krh-klinikum-siloah,krh-klinikum-siloah:610,610,1,0
3,krh-klinikum-siloah,krh-klinikum-siloah:611,611,1,0
0,krh-klinikum-siloah,krh-klinikum-siloah:613,613,1,0
2,krh-klinikum-siloah,krh-klinikum-siloah:614,614,1,0
3,krh-klinikum-siloah,krh-klinikum-siloah:615,615,1,0
4,krh-klinikum-siloah,krh-klinikum-siloah:616,616,1,0
9,krh-klinikum-siloah,krh-klinikum-siloah:617,617,1,0
8,krh-klinikum-siloah,krh-klinikum-siloah:619,619,1,0
2,krh-klinikum-siloah,krh-klinikum-siloah:620,620,1,0
2,krh-klinikum-siloah,krh-klinikum-siloah:623,623,1,0
2,krh-klinikum-siloah,krh-klinikum-siloah:624,624,1,0
0,krh-klinikum-siloah,krh-klinikum-siloah:625,625,2,0
0,krh-klinikum-siloah,krh-klinikum-siloah:628,628,1,0
0,krh-klinikum-siloah,krh-klinikum-siloah:631,631,1,0
3,krh-klinikum-siloah,krh-klinikum-siloah:633,633,1,0
0,krh-klinikum-siloah,krh-klinikum-siloah:634,634,1,0
0,krh-klinikum-siloah,krh-klinikum-siloah:636,636,1,0
0,krh-klinikum-siloah,krh-klinikum-siloah:645,645,1,0
0,krh-klinikum-siloah,krh-klinikum-siloah:646,646,1,0
0,krh-klinikum-siloah,krh-klinikum-siloah:647,647,1,0
4,krh-klinikum-siloah,krh-klinikum-siloah:650,650,1,0
5,krh-klinikum-siloah,krh-klinikum-siloah:651,651,2,0
3,krh-klinikum-siloah,krh-klinikum-siloah:652,652,1,0
4,krh-klinikum-siloah,krh-klinikum-siloah:653,653,1,0
4,krh-klinikum-siloah,krh-klinikum-siloah:654,654,1,0
8,krh-klinikum-siloah,krh-klinikum-siloah:655,655,1,0
0,krh-klinikum-siloah,krh-klinikum-siloah:656,656,1,0
4,krh-klinikum-siloah,krh-klinikum-siloah:657,657,1,0
3,krh-klinikum-siloah,krh-klinikum-siloah:659,659,1,0
3,krh-klinikum-siloah,krh-klinikum-siloah:660,660,1,0
2,krh-klinikum-siloah,krh-klinikum-siloah:661,661,1,0
4,krh-klinikum-siloah,krh-klinikum-siloah:666,666,1,0
5,krh-klinikum-siloah,krh-klinikum-siloah:668,668,1,0
5,krh-klinikum-siloah,krh-klinikum-siloah:670,670,1,0
0,median-zentrum-fuer-verhaltensmedizin-bad-pyrmont-fachkrankenhaus,median-zentrum-fuer-verhaltensmedizin-bad-pyrmont-fachkrankenhaus:1,1,1,0
0,median-zentrum-fuer-verhaltensmedizin-bad-pyrmont-fachkrankenhaus,median-zentrum-fuer-verhaltensmedizin-bad-pyrmont-fachkrankenhaus:2,2,2,0
0,median-zentrum-fuer-verhaltensmedizin-bad-pyrmont-fachkrankenhaus,median-zentrum-fuer-verhaltensmedizin-bad-pyrmont-fachkrankenhaus:3,3,2,0
0,median-zentrum-fuer-verhaltensmedizin-bad-pyrmont-fachkrankenhaus,median-zentrum-fuer-verhaltensmedizin-bad-pyrmont-fachkrankenhaus:17,17,1,0
4,median-zentrum-fuer-verhaltensmedizin-bad-pyrmont-fachkrankenhaus,median-zentrum-fuer-verhaltensmedizin-bad-pyrmont-fachkrankenhaus:81,81,1,0
0,median-zentrum-fuer-verhaltensmedizin-bad-pyrmont-fachkrankenhaus,median-zentrum-fuer-verhaltensmedizin-bad-pyrmont-fachkrankenhaus:82,82,2,0
0,median-zentrum-fuer-verhaltensmedizin-bad-pyrmont-fachkrankenhaus,median-zentrum-fuer-verhaltensmedizin-bad-pyrmont-fachkrankenhaus:84,84,1,0
0,mediclin-hedon-klinik,mediclin-hedon-klinik:3,3,1,0
0,mediclin-hedon-klinik,mediclin-hedon-klinik:4,4,2,0
0,mediclin-hedon-klinik,mediclin-hedon-klinik:5,5,1,0
0,mediclin-hedon-klinik,mediclin-hedon-klinik:6,6,1,0
23,mediclin-hedon-klinik,mediclin-hedon-klinik:9,9,1,0
1,mediclin-hedon-klinik,mediclin-hedon-klinik:10,10,1,0
0,mediclin-hedon-klinik,mediclin-hedon-klinik:11,11,1,0
0,mediclin-hedon-klinik,mediclin-hedon-klinik:15,15,1,1
0,mediclin-hedon-klinik,mediclin-hedon-klinik:18,18,1,0
1,mediclin-hedon-klinik,mediclin-hedon-klinik:19,19,1,0
1,mediclin-hedon-klinik,mediclin-hedon-klinik:20,20,1,0
4,mediclin-hedon-klinik,mediclin-hedon-klinik:22,22,1,0
7,mediclin-hedon-klinik,mediclin-hedon-klinik:30,30,1,0
4,mediclin-hedon-klinik,mediclin-hedon-klinik:31,31,1,0
14,mediclin-hedon-klinik,mediclin-hedon-klinik:33,33,1,0
0,mediclin-hedon-klinik,mediclin-hedon-klinik:35,35,1,0
1,mediclin-hedon-klinik,mediclin-hedon-klinik:37,37,2,0
26,mediclin-hedon-klinik,mediclin-hedon-klinik:41,41,1,0
0,mediclin-hedon-klinik,mediclin-hedon-klinik:44,44,1,0
12,mediclin-hedon-klinik,mediclin-hedon-klinik:45,45,2,0
0,mediclin-hedon-klinik,mediclin-hedon-klinik:47,47,1,0
13,mediclin-hedon-klinik,mediclin-hedon-klinik:48,48,1,0
15,mediclin-hedon-klinik,mediclin-hedon-klinik:50,50,1,0
0,mediclin-hedon-klinik,mediclin-hedon-klinik:51,51,1,0
17,mediclin-hedon-klinik,mediclin-hedon-klinik:52,52,1,0
13,mediclin-hedon-klinik,mediclin-hedon-klinik:53,53,1,0
14,mediclin-hedon-klinik,mediclin-hedon-klinik:54,54,1,0
13,mediclin-hedon-klinik,mediclin-hedon-klinik:55,55,1,0
0,mediclin-hedon-klinik,mediclin-hedon-klinik:56,56,1,0
10,mediclin-hedon-klinik,mediclin-hedon-klinik:57,57,2,0
10,mediclin-hedon-klinik,mediclin-hedon-klinik:58,58,1,0
12,mediclin-hedon-klinik,mediclin-hedon-klinik:59,59,2,0
25,mediclin-hedon-klinik,mediclin-hedon-klinik:61,61,1,0
8,mediclin-hedon-klinik,mediclin-hedon-klinik:62,62,1,0
20,mediclin-hedon-klinik,mediclin-hedon-klinik:63,63,1,0
6,mediclin-hedon-klinik,mediclin-hedon-klinik:66,66,1,0
9,mediclin-hedon-klinik,mediclin-hedon-klinik:70,70,1,0
5,mediclin-hedon-klinik,mediclin-hedon-klinik:73,73,1,0
14,mediclin-hedon-klinik,mediclin-hedon-klinik:74,74,1,0
19,mediclin-hedon-klinik,mediclin-hedon-klinik:76,76,1,0
17,mediclin-hedon-klinik,mediclin-hedon-klinik:79,79,1,0
19,mediclin-hedon-klinik,mediclin-hedon-klinik:81,81,1,0
17,mediclin-hedon-klinik,mediclin-hedon-klinik:82,82,1,0
8,mediclin-hedon-klinik,mediclin-hedon-klinik:86,86,1,0
12,mediclin-hedon-klinik,mediclin-hedon-klinik:87,87,2,0
2,mediclin-hedon-klinik,mediclin-hedon-klinik:88,88,1,0
8,mediclin-hedon-klinik,mediclin-hedon-klinik:89,89,1,0
7,mediclin-hedon-klinik,mediclin-hedon-klinik:94,94,1,0
13,mediclin-hedon-klinik,mediclin-hedon-klinik:98,98,1,0
11,mediclin-hedon-klinik,mediclin-hedon-klinik:99,99,1,0
13,mediclin-hedon-klinik,mediclin-hedon-klinik:100,100,1,0
9,mediclin-hedon-klinik,mediclin-hedon-klinik:111,111,1,0
0,mediclin-hedon-klinik,mediclin-hedon-klinik:112,112,1,0
3,mediclin-hedon-klinik,mediclin-hedon-klinik:116,116,2,0
12,mediclin-hedon-klinik,mediclin-hedon-klinik:124,124,1,0
0,mediclin-hedon-klinik,mediclin-hedon-klinik:127,127,1,0
2,mediclin-hedon-klinik,mediclin-hedon-klinik:128,128,2,0
0,mediclin-hedon-klinik,mediclin-hedon-klinik:134,134,1,0
0,mediclin-hedon-klinik,mediclin-hedon-klinik:135,135,1,0
0,mediclin-hedon-klinik,mediclin-hedon-klinik:136,136,1,0
0,mediclin-hedon-klinik,mediclin-hedon-klinik:139,139,1,0
1,mediclin-klinikum-soltau,mediclin-klinikum-soltau:3,3,1,0
0,mediclin-klinikum-soltau,mediclin-klinikum-soltau:7,7,1,0
0,mediclin-klinikum-soltau,mediclin-klinikum-soltau:9,9,2,0
0,mediclin-klinikum-soltau,mediclin-klinikum-soltau:11,11,1,0
6,mediclin-klinikum-soltau,mediclin-klinikum-soltau:14,14,2,0
1,mediclin-klinikum-soltau,mediclin-klinikum-soltau:16,16,2,0
0,mediclin-klinikum-soltau,mediclin-klinikum-soltau:20,20,2,0
0,mediclin-klinikum-soltau,mediclin-klinikum-soltau:23,23,1,0
0,mediclin-klinikum-soltau,mediclin-klinikum-soltau:26,26,1,0
0,mediclin-klinikum-soltau,mediclin-klinikum-soltau:27,27,1,0
0,mediclin-klinikum-soltau,mediclin-klinikum-soltau:28,28,1,0
0,mediclin-klinikum-soltau,mediclin-klinikum-soltau:29,29,1,0
0,mediclin-klinikum-soltau,mediclin-klinikum-soltau:33,33,1,0
0,mediclin-klinikum-soltau,mediclin-klinikum-soltau:36,36,1,0
4,mediclin-klinikum-soltau,mediclin-klinikum-soltau:38,38,1,0
5,mediclin-klinikum-soltau,mediclin-klinikum-soltau:45,45,1,0
0,mediclin-klinikum-soltau,mediclin-klinikum-soltau:51,51,2,0
5,mediclin-klinikum-soltau,mediclin-klinikum-soltau:53,53,2,0
2,mediclin-klinikum-soltau,mediclin-klinikum-soltau:56,56,2,0
0,mediclin-klinikum-soltau,mediclin-klinikum-soltau:60,60,1,0
0,mediclin-klinikum-soltau,mediclin-klinikum-soltau:61,61,2,0
2,mediclin-klinikum-soltau,mediclin-klinikum-soltau:68,68,1,1
5,mediclin-klinikum-soltau,mediclin-klinikum-soltau:71,71,2,0
16,mediclin-klinikum-soltau,mediclin-klinikum-soltau:72,72,1,0
0,mediclin-klinikum-soltau,mediclin-klinikum-soltau:74,74,1,0
14,mediclin-klinikum-soltau,mediclin-klinikum-soltau:75,75,2,0
28,mediclin-klinikum-soltau,mediclin-klinikum-soltau:83,83,1,0
17,mediclin-klinikum-soltau,mediclin-klinikum-soltau:86,86,1,0
21,mediclin-klinikum-soltau,mediclin-klinikum-soltau:87,87,1,0
13,mediclin-klinikum-soltau,mediclin-klinikum-soltau:88,88,1,0
9,mediclin-klinikum-soltau,mediclin-klinikum-soltau:91,91,1,0
15,mediclin-klinikum-soltau,mediclin-klinikum-soltau:92,92,2,0
14,mediclin-klinikum-soltau,mediclin-klinikum-soltau:93,93,2,0
23,mediclin-klinikum-soltau,mediclin-klinikum-soltau:95,95,1,0
27,mediclin-klinikum-soltau,mediclin-klinikum-soltau:96,96,1,0
21,mediclin-klinikum-soltau,mediclin-klinikum-soltau:97,97,1,0
10,mediclin-klinikum-soltau,mediclin-klinikum-soltau:98,98,1,0
15,mediclin-klinikum-soltau,mediclin-klinikum-soltau:99,99,1,0
20,mediclin-klinikum-soltau,mediclin-klinikum-soltau:102,102,1,0
3,mediclin-klinikum-soltau,mediclin-klinikum-soltau:103,103,1,0
3,mediclin-klinikum-soltau,mediclin-klinikum-soltau:104,104,1,0
6,mediclin-klinikum-soltau,mediclin-klinikum-soltau:107,107,2,0
8,mediclin-klinikum-soltau,mediclin-klinikum-soltau:108,108,1,0
19,mediclin-klinikum-soltau,mediclin-klinikum-soltau:113,113,2,0
11,mediclin-klinikum-soltau,mediclin-klinikum-soltau:116,116,1,0
7,mediclin-klinikum-soltau,mediclin-klinikum-soltau:118,118,1,0
9,mediclin-klinikum-soltau,mediclin-klinikum-soltau:119,119,1,0
6,mediclin-klinikum-soltau,mediclin-klinikum-soltau:121,121,1,0
7,mediclin-klinikum-soltau,mediclin-klinikum-soltau:124,124,1,0
6,mediclin-klinikum-soltau,mediclin-klinikum-soltau:127,127,1,0
8,mediclin-klinikum-soltau,mediclin-klinikum-soltau:130,130,1,0
0,mediclin-klinikum-soltau,mediclin-klinikum-soltau:137,137,2,0
2,mediclin-klinikum-soltau,mediclin-klinikum-soltau:139,139,1,0
0,mediclin-klinikum-soltau,mediclin-klinikum-soltau:142,142,1,0
6,mediclin-klinikum-soltau,mediclin-klinikum-soltau:147,147,1,0
5,mediclin-klinikum-soltau,mediclin-klinikum-soltau:149,149,1,0
0,mediclin-klinikum-soltau,mediclin-klinikum-soltau:150,150,2,0
14,mediclin-klinikum-soltau,mediclin-klinikum-soltau:151,151,1,0
5,mediclin-klinikum-soltau,mediclin-klinikum-soltau:152,152,1,0
2,mediclin-klinikum-soltau,mediclin-klinikum-soltau:155,155,1,0
1,mediclin-klinikum-soltau,mediclin-klinikum-soltau:158,158,1,0
1,mediclin-klinikum-soltau,mediclin-klinikum-soltau:159,159,1,0
0,mediclin-klinikum-soltau,mediclin-klinikum-soltau:161,161,1,0
0,mediclin-klinikum-soltau,mediclin-klinikum-soltau:162,162,1,0
6,mediclin-klinikum-soltau,mediclin-klinikum-soltau:163,163,1,0
7,mediclin-klinikum-soltau,mediclin-klinikum-soltau:165,165,1,0
0,mediclin-klinikum-soltau,mediclin-klinikum-soltau:166,166,1,0
5,mediclin-klinikum-soltau,mediclin-klinikum-soltau:167,167,1,0
0,mediclin-klinikum-soltau,mediclin-klinikum-soltau:168,168,2,0
6,mediclin-klinikum-soltau,mediclin-klinikum-soltau:170,170,1,0
1,mediclin-klinikum-soltau,mediclin-klinikum-soltau:172,172,1,0
4,mediclin-klinikum-soltau,mediclin-klinikum-soltau:174,174,1,0
0,mediclin-klinikum-soltau,mediclin-klinikum-soltau:175,175,2,0
0,mediclin-klinikum-soltau,mediclin-klinikum-soltau:176,176,1,0
0,mediclin-klinikum-soltau,mediclin-klinikum-soltau:178,178,1,0
0,mediclin-klinikum-soltau,mediclin-klinikum-soltau:180,180,1,0
0,mediclin-klinikum-soltau,mediclin-klinikum-soltau:181,181,1,0
5,mediclin-klinikum-soltau,mediclin-klinikum-soltau:183,183,1,0
0,mediclin-seepark-klinik-akutpsychosomatik-schwerpunkt-essstoerungen,mediclin-seepark-klinik-akutpsychosomatik-schwerpunkt-essstoerungen:1,1,1,0
1,mediclin-seepark-klinik-akutpsychosomatik-schwerpunkt-essstoerungen,mediclin-seepark-klinik-akutpsychosomatik-schwerpunkt-essstoerungen:2,2,1,0
0,mediclin-seepark-klinik-akutpsychosomatik-schwerpunkt-essstoerungen,mediclin-seepark-klinik-akutpsychosomatik-schwerpunkt-essstoerungen:3,3,1,0
0,mediclin-seepark-klinik-akutpsychosomatik-schwerpunkt-essstoerungen,mediclin-seepark-klinik-akutpsychosomatik-schwerpunkt-essstoerungen:5,5,1,0
0,mediclin-seepark-klinik-akutpsychosomatik-schwerpunkt-essstoerungen,mediclin-seepark-klinik-akutpsychosomatik-schwerpunkt-essstoerungen:10,10,1,0
0,mediclin-seepark-klinik-akutpsychosomatik-schwerpunkt-essstoerungen,mediclin-seepark-klinik-akutpsychosomatik-schwerpunkt-essstoerungen:15,15,1,0
0,mediclin-seepark-klinik-akutpsychosomatik-schwerpunkt-essstoerungen,mediclin-seepark-klinik-akutpsychosomatik-schwerpunkt-essstoerungen:21,21,2,0
5,mediclin-seepark-klinik-akutpsychosomatik-schwerpunkt-essstoerungen,mediclin-seepark-klinik-akutpsychosomatik-schwerpunkt-essstoerungen:24,24,2,0
60,mediclin-seepark-klinik-akutpsychosomatik-schwerpunkt-essstoerungen,mediclin-seepark-klinik-akutpsychosomatik-schwerpunkt-essstoerungen:31,31,2,0
16,mediclin-seepark-klinik-akutpsychosomatik-schwerpunkt-essstoerungen,mediclin-seepark-klinik-akutpsychosomatik-schwerpunkt-essstoerungen:34,34,2,0
5,mediclin-seepark-klinik-akutpsychosomatik-schwerpunkt-essstoerungen,mediclin-seepark-klinik-akutpsychosomatik-schwerpunkt-essstoerungen:36,36,2,0
25,mediclin-seepark-klinik-akutpsychosomatik-schwerpunkt-essstoerungen,mediclin-seepark-klinik-akutpsychosomatik-schwerpunkt-essstoerungen:49,49,1,0
14,mediclin-seepark-klinik-akutpsychosomatik-schwerpunkt-essstoerungen,mediclin-seepark-klinik-akutpsychosomatik-schwerpunkt-essstoerungen:50,50,2,0
18,mediclin-seepark-klinik-akutpsychosomatik-schwerpunkt-essstoerungen,mediclin-seepark-klinik-akutpsychosomatik-schwerpunkt-essstoerungen:51,51,2,0
21,mediclin-seepark-klinik-akutpsychosomatik-schwerpunkt-essstoerungen,mediclin-seepark-klinik-akutpsychosomatik-schwerpunkt-essstoerungen:53,53,1,0
21,mediclin-seepark-klinik-akutpsychosomatik-schwerpunkt-essstoerungen,mediclin-seepark-klinik-akutpsychosomatik-schwerpunkt-essstoerungen:54,54,1,0
29,mediclin-seepark-klinik-akutpsychosomatik-schwerpunkt-essstoerungen,mediclin-seepark-klinik-akutpsychosomatik-schwerpunkt-essstoerungen:56,56,1,0
20,mediclin-seepark-klinik-akutpsychosomatik-schwerpunkt-essstoerungen,mediclin-seepark-klinik-akutpsychosomatik-schwerpunkt-essstoerungen:57,57,2,0
17,mediclin-seepark-klinik-akutpsychosomatik-schwerpunkt-essstoerungen,mediclin-seepark-klinik-akutpsychosomatik-schwerpunkt-essstoerungen:58,58,1,0
17,mediclin-seepark-klinik-akutpsychosomatik-schwerpunkt-essstoerungen,mediclin-seepark-klinik-akutpsychosomatik-schwerpunkt-essstoerungen:60,60,2,0
25,mediclin-seepark-klinik-akutpsychosomatik-schwerpunkt-essstoerungen,mediclin-seepark-klinik-akutpsychosomatik-schwerpunkt-essstoerungen:61,61,1,0
21,mediclin-seepark-klinik-akutpsychosomatik-schwerpunkt-essstoerungen,mediclin-seepark-klinik-akutpsychosomatik-schwerpunkt-essstoerungen:64,64,1,0
16,mediclin-seepark-klinik-akutpsychosomatik-schwerpunkt-essstoerungen,mediclin-seepark-klinik-akutpsychosomatik-schwerpunkt-essstoerungen:65,65,2,0
11,mediclin-seepark-klinik-akutpsychosomatik-schwerpunkt-essstoerungen,mediclin-seepark-klinik-akutpsychosomatik-schwerpunkt-essstoerungen:67,67,1,0
10,mediclin-seepark-klinik-akutpsychosomatik-schwerpunkt-essstoerungen,mediclin-seepark-klinik-akutpsychosomatik-schwerpunkt-essstoerungen:68,68,1,0
11,mediclin-seepark-klinik-akutpsychosomatik-schwerpunkt-essstoerungen,mediclin-seepark-klinik-akutpsychosomatik-schwerpunkt-essstoerungen:70,70,1,0
13,mediclin-seepark-klinik-akutpsychosomatik-schwerpunkt-essstoerungen,mediclin-seepark-klinik-akutpsychosomatik-schwerpunkt-essstoerungen:71,71,1,0
13,mediclin-seepark-klinik-akutpsychosomatik-schwerpunkt-essstoerungen,mediclin-seepark-klinik-akutpsychosomatik-schwerpunkt-essstoerungen:74,74,1,0
5,mediclin-seepark-klinik-akutpsychosomatik-schwerpunkt-essstoerungen,mediclin-seepark-klinik-akutpsychosomatik-schwerpunkt-essstoerungen:75,75,2,0
1,mediclin-seepark-klinik-akutpsychosomatik-schwerpunkt-essstoerungen,mediclin-seepark-klinik-akutpsychosomatik-schwerpunkt-essstoerungen:76,76,2,0
3,mediclin-seepark-klinik-akutpsychosomatik-schwerpunkt-essstoerungen,mediclin-seepark-klinik-akutpsychosomatik-schwerpunkt-essstoerungen:78,78,2,0
0,mediclin-seepark-klinik-akutpsychosomatik-schwerpunkt-essstoerungen,mediclin-seepark-klinik-akutpsychosomatik-schwerpunkt-essstoerungen:81,81,1,0
4,mediclin-seepark-klinik-akutpsychosomatik-schwerpunkt-essstoerungen,mediclin-seepark-klinik-akutpsychosomatik-schwerpunkt-essstoerungen:83,83,2,0
7,mediclin-seepark-klinik-akutpsychosomatik-schwerpunkt-essstoerungen,mediclin-seepark-klinik-akutpsychosomatik-schwerpunkt-essstoerungen:84,84,1,0
9,mediclin-seepark-klinik-akutpsychosomatik-schwerpunkt-essstoerungen,mediclin-seepark-klinik-akutpsychosomatik-schwerpunkt-essstoerungen:85,85,1,0
3,mediclin-seepark-klinik-akutpsychosomatik-schwerpunkt-essstoerungen,mediclin-seepark-klinik-akutpsychosomatik-schwerpunkt-essstoerungen:86,86,1,0
5,mediclin-seepark-klinik-akutpsychosomatik-schwerpunkt-essstoerungen,mediclin-seepark-klinik-akutpsychosomatik-schwerpunkt-essstoerungen:87,87,1,0
3,mediclin-seepark-klinik-akutpsychosomatik-schwerpunkt-essstoerungen,mediclin-seepark-klinik-akutpsychosomatik-schwerpunkt-essstoerungen:89,89,1,0
10,mediclin-seepark-klinik-akutpsychosomatik-schwerpunkt-essstoerungen,mediclin-seepark-klinik-akutpsychosomatik-schwerpunkt-essstoerungen:90,90,1,0
3,mediclin-seepark-klinik-akutpsychosomatik-schwerpunkt-essstoerungen,mediclin-seepark-klinik-akutpsychosomatik-schwerpunkt-essstoerungen:92,92,1,0
5,mediclin-seepark-klinik-akutpsychosomatik-schwerpunkt-essstoerungen,mediclin-seepark-klinik-akutpsychosomatik-schwerpunkt-essstoerungen:93,93,1,0
6,mediclin-seepark-klinik-akutpsychosomatik-schwerpunkt-essstoerungen,mediclin-seepark-klinik-akutpsychosomatik-schwerpunkt-essstoerungen:94,94,1,0
5,mediclin-seepark-klinik-akutpsychosomatik-schwerpunkt-essstoerungen,mediclin-seepark-klinik-akutpsychosomatik-schwerpunkt-essstoerungen:96,96,1,0
0,mediclin-seepark-klinik-akutpsychosomatik-schwerpunkt-essstoerungen,mediclin-seepark-klinik-akutpsychosomatik-schwerpunkt-essstoerungen:98,98,1,0
0,medizinische-hochschule-hannover,medizinische-hochschule-hannover:0,0,1,0
0,medizinische-hochschule-hannover,medizinische-hochschule-hannover:2,2,1,0
0,medizinische-hochschule-hannover,medizinische-hochschule-hannover:6,6,1,0
0,medizinische-hochschule-hannover,medizinische-hochschule-hannover:9,9,1,0
0,medizinische-hochschule-hannover,medizinische-hochschule-hannover:10,10,1,0
0,medizinische-hochschule-hannover,medizinische-hochschule-hannover:11,11,1,0
0,medizinische-hochschule-hannover,medizinische-hochschule-hannover:14,14,1,0
9,medizinische-hochschule-hannover,medizinische-hochschule-hannover:17,17,2,0
0,medizinische-hochschule-hannover,medizinische-hochschule-hannover:19,19,1,0
0,medizinische-hochschule-hannover,medizinische-hochschule-hannover:22,22,1,0
0,medizinische-hochschule-hannover,medizinische-hochschule-hannover:24,24,2,0
0,medizinische-hochschule-hannover,medizinische-hochschule-hannover:26,26,1,0
0,medizinische-hochschule-hannover,medizinische-hochschule-hannover:31,31,2,0
0,medizinische-hochschule-hannover,medizinische-hochschule-hannover:35,35,1,0
0,medizinische-hochschule-hannover,medizinische-hochschule-hannover:38,38,1,0
1,medizinische-hochschule-hannover,medizinische-hochschule-hannover:39,39,1,0
0,medizinische-hochschule-hannover,medizinische-hochschule-hannover:41,41,1,1
0,medizinische-hochschule-hannover,medizinische-hochschule-hannover:44,44,1,0
0,medizinische-hochschule-hannover,medizinische-hochschule-hannover:45,45,2,0
1,medizinische-hochschule-hannover,medizinische-hochschule-hannover:49,49,1,0
0,medizinische-hochschule-hannover,medizinische-hochschule-hannover:50,50,1,0
0,medizinische-hochschule-hannover,medizinische-hochschule-hannover:52,52,1,0
0,medizinische-hochschule-hannover,medizinische-hochschule-hannover:57,57,2,0
0,medizinische-hochschule-hannover,medizinische-hochschule-hannover:58,58,1,0
0,medizinische-hochschule-hannover,medizinische-hochschule-hannover:59,59,1,0
0,medizinische-hochschule-hannover,medizinische-hochschule-hannover:62,62,1,0
0,medizinische-hochschule-hannover,medizinische-hochschule-hannover:63,63,1,0
0,medizinische-hochschule-hannover,medizinische-hochschule-hannover:64,64,1,0
0,medizinische-hochschule-hannover,medizinische-hochschule-hannover:65,65,1,0
0,medizinische-hochschule-hannover,medizinische-hochschule-hannover:66,66,1,0
1,medizinische-hochschule-hannover,medizinische-hochschule-hannover:68,68,1,0
0,medizinische-hochschule-hannover,medizinische-hochschule-hannover:69,69,2,0
0,medizinische-hochschule-hannover,medizinische-hochschule-hannover:71,71,1,0
1,medizinische-hochschule-hannover,medizinische-hochschule-hannover:73,73,1,0
0,medizinische-hochschule-hannover,medizinische-hochschule-hannover:75,75,2,0
0,medizinische-hochschule-hannover,medizinische-hochschule-hannover:77,77,1,0
1,medizinische-hochschule-hannover,medizinische-hochschule-hannover:80,80,1,0
0,medizinische-hochschule-hannover,medizinische-hochschule-hannover:81,81,1,0
1,medizinische-hochschule-hannover,medizinische-hochschule-hannover:84,84,2,0
0,medizinische-hochschule-hannover,medizinische-hochschule-hannover:86,86,1,0
1,medizinische-hochschule-hannover,medizinische-hochschule-hannover:88,88,1,0
0,medizinische-hochschule-hannover,medizinische-hochschule-hannover:91,91,1,1
4,medizinische-hochschule-hannover,medizinische-hochschule-hannover:92,92,1,0
2,medizinische-hochschule-hannover,medizinische-hochschule-hannover:93,93,1,0
0,medizinische-hochschule-hannover,medizinische-hochschule-hannover:94,94,1,0
0,medizinische-hochschule-hannover,medizinische-hochschule-hannover:95,95,1,0
0,medizinische-hochschule-hannover,medizinische-hochschule-hannover:96,96,1,0
1,medizinische-hochschule-hannover,medizinische-hochschule-hannover:99,99,1,0
1,medizinische-hochschule-hannover,medizinische-hochschule-hannover:102,102,1,0
0,medizinische-hochschule-hannover,medizinische-hochschule-hannover:104,104,1,0
0,medizinische-hochschule-hannover,medizinische-hochschule-hannover:105,105,1,0
1,medizinische-hochschule-hannover,medizinische-hochschule-hannover:106,106,1,0
0,medizinische-hochschule-hannover,medizinische-hochschule-hannover:108,108,1,0
2,medizinische-hochschule-hannover,medizinische-hochschule-hannover:109,109,1,0
0,medizinische-hochschule-hannover,medizinische-hochschule-hannover:112,112,1,0
1,medizinische-hochschule-hannover,medizinische-hochschule-hannover:113,113,1,0
1,medizinische-hochschule-hannover,medizinische-hochschule-hannover:114,114,1,0
1,medizinische-hochschule-hannover,medizinische-hochschule-hannover:115,115,1,0
18,medizinische-hochschule-hannover,medizinische-hochschule-hannover:116,116,1,0
1,medizinische-hochschule-hannover,medizinische-hochschule-hannover:118,118,2,0
0,medizinische-hochschule-hannover,medizinische-hochschule-hannover:119,119,1,0
0,medizinische-hochschule-hannover,medizinische-hochschule-hannover:120,120,1,0
0,medizinische-hochschule-hannover,medizinische-hochschule-hannover:124,124,1,0
0,medizinische-hochschule-hannover,medizinische-hochschule-hannover:125,125,1,0
2,medizinische-hochschule-hannover,medizinische-hochschule-hannover:129,129,2,0
4,medizinische-hochschule-hannover,medizinische-hochschule-hannover:133,133,1,0
4,medizinische-hochschule-hannover,medizinische-hochschule-hannover:135,135,1,0
1,medizinische-hochschule-hannover,medizinische-hochschule-hannover:136,136,1,0
1,medizinische-hochschule-hannover,medizinische-hochschule-hannover:137,137,1,0
5,medizinische-hochschule-hannover,medizinische-hochschule-hannover:138,138,2,0
1,medizinische-hochschule-hannover,medizinische-hochschule-hannover:139,139,1,0
0,medizinische-hochschule-hannover,medizinische-hochschule-hannover:140,140,2,0
1,medizinische-hochschule-hannover,medizinische-hochschule-hannover:141,141,1,0
0,medizinische-hochschule-hannover,medizinische-hochschule-hannover:143,143,1,0
0,medizinische-hochschule-hannover,medizinische-hochschule-hannover:144,144,1,0
0,medizinische-hochschule-hannover,medizinische-hochschule-hannover:148,148,1,0
4,medizinische-hochschule-hannover,medizinische-hochschule-hannover:150,150,1,0
14,medizinische-hochschule-hannover,medizinische-hochschule-hannover:152,152,1,0
0,medizinische-hochschule-hannover,medizinische-hochschule-hannover:153,153,1,0
0,medizinische-hochschule-hannover,medizinische-hochschule-hannover:154,154,2,0
1,medizinische-hochschule-hannover,medizinische-hochschule-hannover:161,161,1,0
0,medizinische-hochschule-hannover,medizinische-hochschule-hannover:162,162,1,0
4,medizinische-hochschule-hannover,medizinische-hochschule-hannover:164,164,1,0
2,medizinische-hochschule-hannover,medizinische-hochschule-hannover:169,169,1,0
11,medizinische-hochschule-hannover,medizinische-hochschule-hannover:171,171,1,0
0,medizinische-hochschule-hannover,medizinische-hochschule-hannover:173,173,1,0
0,medizinische-hochschule-hannover,medizinische-hochschule-hannover:178,178,1,0
6,medizinische-hochschule-hannover,medizinische-hochschule-hannover:179,179,1,0
0,medizinische-hochschule-hannover,medizinische-hochschule-hannover:181,181,1,0
0,medizinische-hochschule-hannover,medizinische-hochschule-hannover:182,182,1,0
8,medizinische-hochschule-hannover,medizinische-hochschule-hannover:183,183,1,0
0,medizinische-hochschule-hannover,medizinische-hochschule-hannover:184,184,1,0
6,medizinische-hochschule-hannover,medizinische-hochschule-hannover:190,190,1,0
7,medizinische-hochschule-hannover,medizinische-hochschule-hannover:192,192,1,0
18,medizinische-hochschule-hannover,medizinische-hochschule-hannover:195,195,1,0
0,medizinische-hochschule-hannover,medizinische-hochschule-hannover:196,196,1,0
12,medizinische-hochschule-hannover,medizinische-hochschule-hannover:198,198,1,0
2,medizinische-hochschule-hannover,medizinische-hochschule-hannover:199,199,1,0
5,medizinische-hochschule-hannover,medizinische-hochschule-hannover:200,200,1,0
8,medizinische-hochschule-hannover,medizinische-hochschule-hannover:201,201,1,0
0,medizinische-hochschule-hannover,medizinische-hochschule-hannover:202,202,1,0
20,medizinische-hochschule-hannover,medizinische-hochschule-hannover:203,203,1,0
2,medizinische-hochschule-hannover,medizinische-hochschule-hannover:205,205,1,0
13,medizinische-hochschule-hannover,medizinische-hochschule-hannover:207,207,1,0
9,medizinische-hochschule-hannover,medizinische-hochschule-hannover:208,208,1,0
0,medizinische-hochschule-hannover,medizinische-hochschule-hannover:209,209,1,0
9,medizinische-hochschule-hannover,medizinische-hochschule-hannover:210,210,1,0
2,medizinische-hochschule-hannover,medizinische-hochschule-hannover:211,211,1,0
10,medizinische-hochschule-hannover,medizinische-hochschule-hannover:213,213,1,0
11,medizinische-hochschule-hannover,medizinische-hochschule-hannover:214,214,1,0
8,medizinische-hochschule-hannover,medizinische-hochschule-hannover:215,215,1,0
7,medizinische-hochschule-hannover,medizinische-hochschule-hannover:218,218,1,0
16,medizinische-hochschule-hannover,medizinische-hochschule-hannover:219,219,1,0
6,medizinische-hochschule-hannover,medizinische-hochschule-hannover:220,220,1,0
1,medizinische-hochschule-hannover,medizinische-hochschule-hannover:222,222,1,0
6,medizinische-hochschule-hannover,medizinische-hochschule-hannover:224,224,1,0
10,medizinische-hochschule-hannover,medizinische-hochschule-hannover:225,225,1,0
8,medizinische-hochschule-hannover,medizinische-hochschule-hannover:227,227,1,0
1,medizinische-hochschule-hannover,medizinische-hochschule-hannover:229,229,1,1
7,medizinische-hochschule-hannover,medizinische-hochschule-hannover:233,233,1,0
1,medizinische-hochschule-hannover,medizinische-hochschule-hannover:234,234,2,0
4,medizinische-hochschule-hannover,medizinische-hochschule-hannover:236,236,1,0
6,medizinische-hochschule-hannover,medizinische-hochschule-hannover:237,237,1,0
2,medizinische-hochschule-hannover,medizinische-hochschule-hannover:238,238,1,1
3,medizinische-hochschule-hannover,medizinische-hochschule-hannover:241,241,1,0
5,medizinische-hochschule-hannover,medizinische-hochschule-hannover:243,243,2,0
13,medizinische-hochschule-hannover,medizinische-hochschule-hannover:244,244,1,0
6,medizinische-hochschule-hannover,medizinische-hochschule-hannover:245,245,1,0
12,medizinische-hochschule-hannover,medizinische-hochschule-hannover:247,247,1,0
7,medizinische-hochschule-hannover,medizinische-hochschule-hannover:248,248,2,0
12,medizinische-hochschule-hannover,medizinische-hochschule-hannover:249,249,1,0
0,medizinische-hochschule-hannover,medizinische-hochschule-hannover:251,251,1,0
9,medizinische-hochschule-hannover,medizinische-hochschule-hannover:253,253,1,0
5,medizinische-hochschule-hannover,medizinische-hochschule-hannover:256,256,1,0
16,medizinische-hochschule-hannover,medizinische-hochschule-hannover:257,257,1,0
6,medizinische-hochschule-hannover,medizinische-hochschule-hannover:259,259,1,0
29,medizinische-hochschule-hannover,medizinische-hochschule-hannover:260,260,1,0
8,medizinische-hochschule-hannover,medizinische-hochschule-hannover:261,261,2,0
3,medizinische-hochschule-hannover,medizinische-hochschule-hannover:263,263,1,0
5,medizinische-hochschule-hannover,medizinische-hochschule-hannover:264,264,1,0
15,medizinische-hochschule-hannover,medizinische-hochschule-hannover:266,266,1,0
6,medizinische-hochschule-hannover,medizinische-hochschule-hannover:267,267,2,0
5,medizinische-hochschule-hannover,medizinische-hochschule-hannover:268,268,2,0
1,medizinische-hochschule-hannover,medizinische-hochschule-hannover:269,269,1,0
7,medizinische-hochschule-hannover,medizinische-hochschule-hannover:270,270,1,0
7,medizinische-hochschule-hannover,medizinische-hochschule-hannover:272,272,1,0
8,medizinische-hochschule-hannover,medizinische-hochschule-hannover:277,277,1,0
11,medizinische-hochschule-hannover,medizinische-hochschule-hannover:278,278,1,0
17,medizinische-hochschule-hannover,medizinische-hochschule-hannover:279,279,1,0
10,medizinische-hochschule-hannover,medizinische-hochschule-hannover:281,281,1,0
9,medizinische-hochschule-hannover,medizinische-hochschule-hannover:282,282,1,0
6,medizinische-hochschule-hannover,medizinische-hochschule-hannover:284,284,1,0
10,medizinische-hochschule-hannover,medizinische-hochschule-hannover:286,286,1,0
0,medizinische-hochschule-hannover,medizinische-hochschule-hannover:287,287,1,0
2,medizinische-hochschule-hannover,medizinische-hochschule-hannover:288,288,1,0
11,medizinische-hochschule-hannover,medizinische-hochschule-hannover:289,289,1,0
7,medizinische-hochschule-hannover,medizinische-hochschule-hannover:290,290,1,0
8,medizinische-hochschule-hannover,medizinische-hochschule-hannover:293,293,1,0
14,medizinische-hochschule-hannover,medizinische-hochschule-hannover:294,294,1,0
1,medizinische-hochschule-hannover,medizinische-hochschule-hannover:295,295,1,0
12,medizinische-hochschule-hannover,medizinische-hochschule-hannover:296,296,1,0
33,medizinische-hochschule-hannover,medizinische-hochschule-hannover:300,300,1,0
13,medizinische-hochschule-hannover,medizinische-hochschule-hannover:301,301,1,0
4,medizinische-hochschule-hannover,medizinische-hochschule-hannover:305,305,1,0
12,medizinische-hochschule-hannover,medizinische-hochschule-hannover:308,308,1,0
5,medizinische-hochschule-hannover,medizinische-hochschule-hannover:309,309,1,0
1,medizinische-hochschule-hannover,medizinische-hochschule-hannover:312,312,2,0
9,medizinische-hochschule-hannover,medizinische-hochschule-hannover:315,315,1,0
9,medizinische-hochschule-hannover,medizinische-hochschule-hannover:317,317,1,0
2,medizinische-hochschule-hannover,medizinische-hochschule-hannover:321,321,1,0
9,medizinische-hochschule-hannover,medizinische-hochschule-hannover:323,323,1,0
6,medizinische-hochschule-hannover,medizinische-hochschule-hannover:324,324,1,0
7,medizinische-hochschule-hannover,medizinische-hochschule-hannover:325,325,1,0
21,medizinische-hochschule-hannover,medizinische-hochschule-hannover:328,328,1,0
4,medizinische-hochschule-hannover,medizinische-hochschule-hannover:330,330,1,0
2,medizinische-hochschule-hannover,medizinische-hochschule-hannover:332,332,1,0
11,medizinische-hochschule-hannover,medizinische-hochschule-hannover:334,334,1,0
1,medizinische-hochschule-hannover,medizinische-hochschule-hannover:335,335,2,0
20,medizinische-hochschule-hannover,medizinische-hochschule-hannover:338,338,1,0
7,medizinische-hochschule-hannover,medizinische-hochschule-hannover:339,339,1,0
4,medizinische-hochschule-hannover,medizinische-hochschule-hannover:340,340,1,0
1,medizinische-hochschule-hannover,medizinische-hochschule-hannover:341,341,1,0
1,medizinische-hochschule-hannover,medizinische-hochschule-hannover:343,343,2,0
4,medizinische-hochschule-hannover,medizinische-hochschule-hannover:345,345,1,0
1,medizinische-hochschule-hannover,medizinische-hochschule-hannover:346,346,1,0
0,medizinische-hochschule-hannover,medizinische-hochschule-hannover:347,347,1,0
9,medizinische-hochschule-hannover,medizinische-hochschule-hannover:348,348,1,0
7,medizinische-hochschule-hannover,medizinische-hochschule-hannover:350,350,1,0
8,medizinische-hochschule-hannover,medizinische-hochschule-hannover:351,351,1,0
2,medizinische-hochschule-hannover,medizinische-hochschule-hannover:353,353,1,0
0,medizinische-hochschule-hannover,medizinische-hochschule-hannover:354,354,2,0
8,medizinische-hochschule-hannover,medizinische-hochschule-hannover:355,355,1,0
5,medizinische-hochschule-hannover,medizinische-hochschule-hannover:356,356,1,0
13,medizinische-hochschule-hannover,medizinische-hochschule-hannover:357,357,1,0
7,medizinische-hochschule-hannover,medizinische-hochschule-hannover:358,358,1,0
5,medizinische-hochschule-hannover,medizinische-hochschule-hannover:359,359,1,0
9,medizinische-hochschule-hannover,medizinische-hochschule-hannover:360,360,2,0
2,medizinische-hochschule-hannover,medizinische-hochschule-hannover:361,361,1,0
21,medizinische-hochschule-hannover,medizinische-hochschule-hannover:363,363,1,0
7,medizinische-hochschule-hannover,medizinische-hochschule-hannover:364,364,1,0
4,medizinische-hochschule-hannover,medizinische-hochschule-hannover:367,367,2,0
13,medizinische-hochschule-hannover,medizinische-hochschule-hannover:368,368,1,0
6,medizinische-hochschule-hannover,medizinische-hochschule-hannover:370,370,1,0
5,medizinische-hochschule-hannover,medizinische-hochschule-hannover:374,374,1,0
5,medizinische-hochschule-hannover,medizinische-hochschule-hannover:376,376,1,0
3,medizinische-hochschule-hannover,medizinische-hochschule-hannover:377,377,1,0
6,medizinische-hochschule-hannover,medizinische-hochschule-hannover:380,380,1,0
10,medizinische-hochschule-hannover,medizinische-hochschule-hannover:384,384,1,0
1,medizinische-hochschule-hannover,medizinische-hochschule-hannover:385,385,2,0
8,medizinische-hochschule-hannover,medizinische-hochschule-hannover:386,386,1,0
3,medizinische-hochschule-hannover,medizinische-hochschule-hannover:387,387,1,0
8,medizinische-hochschule-hannover,medizinische-hochschule-hannover:388,388,1,0
6,medizinische-hochschule-hannover,medizinische-hochschule-hannover:389,389,1,0
2,medizinische-hochschule-hannover,medizinische-hochschule-hannover:391,391,2,0
11,medizinische-hochschule-hannover,medizinische-hochschule-hannover:393,393,1,0
1,medizinische-hochschule-hannover,medizinische-hochschule-hannover:395,395,1,0
5,medizinische-hochschule-hannover,medizinische-hochschule-hannover:397,397,1,0
2,medizinische-hochschule-hannover,medizinische-hochschule-hannover:399,399,2,0
0,medizinische-hochschule-hannover,medizinische-hochschule-hannover:402,402,2,0
3,medizinische-hochschule-hannover,medizinische-hochschule-hannover:404,404,2,0
4,medizinische-hochschule-hannover,medizinische-hochschule-hannover:407,407,1,0
19,medizinische-hochschule-hannover,medizinische-hochschule-hannover:408,408,1,0
1,medizinische-hochschule-hannover,medizinische-hochschule-hannover:409,409,2,0
3,medizinische-hochschule-hannover,medizinische-hochschule-hannover:410,410,1,0
6,medizinische-hochschule-hannover,medizinische-hochschule-hannover:411,411,1,0
7,medizinische-hochschule-hannover,medizinische-hochschule-hannover:414,414,1,0
5,medizinische-hochschule-hannover,medizinische-hochschule-hannover:415,415,1,0
4,medizinische-hochschule-hannover,medizinische-hochschule-hannover:416,416,1,0
8,medizinische-hochschule-hannover,medizinische-hochschule-hannover:417,417,1,0
10,medizinische-hochschule-hannover,medizinische-hochschule-hannover:418,418,1,0
4,medizinische-hochschule-hannover,medizinische-hochschule-hannover:419,419,1,0
19,medizinische-hochschule-hannover,medizinische-hochschule-hannover:422,422,1,0
3,medizinische-hochschule-hannover,medizinische-hochschule-hannover:423,423,1,0
3,medizinische-hochschule-hannover,medizinische-hochschule-hannover:424,424,1,0
9,medizinische-hochschule-hannover,medizinische-hochschule-hannover:426,426,1,0
7,medizinische-hochschule-hannover,medizinische-hochschule-hannover:429,429,1,0
10,medizinische-hochschule-hannover,medizinische-hochschule-hannover:430,430,1,0
1,medizinische-hochschule-hannover,medizinische-hochschule-hannover:432,432,2,0
5,medizinische-hochschule-hannover,medizinische-hochschule-hannover:434,434,2,0
8,medizinische-hochschule-hannover,medizinische-hochschule-hannover:435,435,1,0
14,medizinische-hochschule-hannover,medizinische-hochschule-hannover:436,436,1,0
16,medizinische-hochschule-hannover,medizinische-hochschule-hannover:438,438,1,0
9,medizinische-hochschule-hannover,medizinische-hochschule-hannover:439,439,1,0
4,medizinische-hochschule-hannover,medizinische-hochschule-hannover:441,441,1,0
8,medizinische-hochschule-hannover,medizinische-hochschule-hannover:442,442,1,0
4,medizinische-hochschule-hannover,medizinische-hochschule-hannover:443,443,1,0
9,medizinische-hochschule-hannover,medizinische-hochschule-hannover:447,447,2,0
7,medizinische-hochschule-hannover,medizinische-hochschule-hannover:448,448,1,0
14,medizinische-hochschule-hannover,medizinische-hochschule-hannover:450,450,1,0
12,medizinische-hochschule-hannover,medizinische-hochschule-hannover:453,453,1,0
3,medizinische-hochschule-hannover,medizinische-hochschule-hannover:454,454,1,0
4,medizinische-hochschule-hannover,medizinische-hochschule-hannover:456,456,1,0
0,medizinische-hochschule-hannover,medizinische-hochschule-hannover:457,457,1,0
6,medizinische-hochschule-hannover,medizinische-hochschule-hannover:459,459,1,0
3,medizinische-hochschule-hannover,medizinische-hochschule-hannover:460,460,2,0
3,medizinische-hochschule-hannover,medizinische-hochschule-hannover:461,461,2,0
7,medizinische-hochschule-hannover,medizinische-hochschule-hannover:462,462,1,0
2,medizinische-hochschule-hannover,medizinische-hochschule-hannover:463,463,2,0
3,medizinische-hochschule-hannover,medizinische-hochschule-hannover:464,464,1,0
11,medizinische-hochschule-hannover,medizinische-hochschule-hannover:466,466,1,0
4,medizinische-hochschule-hannover,medizinische-hochschule-hannover:468,468,1,0
3,medizinische-hochschule-hannover,medizinische-hochschule-hannover:471,471,1,0
1,medizinische-hochschule-hannover,medizinische-hochschule-hannover:472,472,1,0
3,medizinische-hochschule-hannover,medizinische-hochschule-hannover:474,474,1,0
3,medizinische-hochschule-hannover,medizinische-hochschule-hannover:475,475,1,0
4,medizinische-hochschule-hannover,medizinische-hochschule-hannover:477,477,1,0
5,medizinische-hochschule-hannover,medizinische-hochschule-hannover:481,481,1,0
9,medizinische-hochschule-hannover,medizinische-hochschule-hannover:482,482,1,0
2,medizinische-hochschule-hannover,medizinische-hochschule-hannover:484,484,1,0
2,medizinische-hochschule-hannover,medizinische-hochschule-hannover:486,486,1,0
2,medizinische-hochschule-hannover,medizinische-hochschule-hannover:488,488,2,0
3,medizinische-hochschule-hannover,medizinische-hochschule-hannover:489,489,1,0
3,medizinische-hochschule-hannover,medizinische-hochschule-hannover:490,490,1,0
2,medizinische-hochschule-hannover,medizinische-hochschule-hannover:491,491,1,0
6,medizinische-hochschule-hannover,medizinische-hochschule-hannover:492,492,1,0
1,medizinische-hochschule-hannover,medizinische-hochschule-hannover:493,493,1,0
7,medizinische-hochschule-hannover,medizinische-hochschule-hannover:495,495,1,0
0,medizinische-hochschule-hannover,medizinische-hochschule-hannover:498,498,1,0
4,medizinische-hochschule-hannover,medizinische-hochschule-hannover:499,499,1,0
20,medizinische-hochschule-hannover,medizinische-hochschule-hannover:502,502,1,0
0,medizinische-hochschule-hannover,medizinische-hochschule-hannover:503,503,1,0
1,medizinische-hochschule-hannover,medizinische-hochschule-hannover:504,504,1,0
6,medizinische-hochschule-hannover,medizinische-hochschule-hannover:505,505,2,0
4,medizinische-hochschule-hannover,medizinische-hochschule-hannover:506,506,1,0
9,medizinische-hochschule-hannover,medizinische-hochschule-hannover:508,508,1,0
3,medizinische-hochschule-hannover,medizinische-hochschule-hannover:511,511,2,0
5,medizinische-hochschule-hannover,medizinische-hochschule-hannover:512,512,1,0
0,medizinische-hochschule-hannover,medizinische-hochschule-hannover:514,514,1,0
0,medizinische-hochschule-hannover,medizinische-hochschule-hannover:515,515,1,0
9,medizinische-hochschule-hannover,medizinische-hochschule-hannover:518,518,1,0
4,medizinische-hochschule-hannover,medizinische-hochschule-hannover:520,520,1,0
6,medizinische-hochschule-hannover,medizinische-hochschule-hannover:521,521,1,0
5,medizinische-hochschule-hannover,medizinische-hochschule-hannover:524,524,1,0
4,medizinische-hochschule-hannover,medizinische-hochschule-hannover:525,525,1,1
5,medizinische-hochschule-hannover,medizinische-hochschule-hannover:526,526,1,0
5,medizinische-hochschule-hannover,medizinische-hochschule-hannover:527,527,1,0
3,medizinische-hochschule-hannover,medizinische-hochschule-hannover:529,529,1,0
0,medizinische-hochschule-hannover,medizinische-hochschule-hannover:530,530,1,0
3,medizinische-hochschule-hannover,medizinische-hochschule-hannover:531,531,1,0
8,medizinische-hochschule-hannover,medizinische-hochschule-hannover:533,533,1,0
11,medizinische-hochschule-hannover,medizinische-hochschule-hannover:536,536,1,0
10,medizinische-hochschule-hannover,medizinische-hochschule-hannover:537,537,1,0
5,medizinische-hochschule-hannover,medizinische-hochschule-hannover:538,538,1,0
2,medizinische-hochschule-hannover,medizinische-hochschule-hannover:539,539,1,0
5,medizinische-hochschule-hannover,medizinische-hochschule-hannover:540,540,1,0
1,medizinische-hochschule-hannover,medizinische-hochschule-hannover:542,542,1,0
8,medizinische-hochschule-hannover,medizinische-hochschule-hannover:544,544,1,0
13,medizinische-hochschule-hannover,medizinische-hochschule-hannover:546,546,1,0
5,medizinische-hochschule-hannover,medizinische-hochschule-hannover:549,549,1,0
2,medizinische-hochschule-hannover,medizinische-hochschule-hannover:550,550,2,0
5,medizinische-hochschule-hannover,medizinische-hochschule-hannover:551,551,1,0
6,medizinische-hochschule-hannover,medizinische-hochschule-hannover:552,552,1,0
5,medizinische-hochschule-hannover,medizinische-hochschule-hannover:553,553,1,0
0,medizinische-hochschule-hannover,medizinische-hochschule-hannover:555,555,1,0
3,medizinische-hochschule-hannover,medizinische-hochschule-hannover:556,556,1,0
2,medizinische-hochschule-hannover,medizinische-hochschule-hannover:558,558,1,0
14,medizinische-hochschule-hannover,medizinische-hochschule-hannover:560,560,1,0
2,medizinische-hochschule-hannover,medizinische-hochschule-hannover:561,561,1,0
1,medizinische-hochschule-hannover,medizinische-hochschule-hannover:563,563,1,0
3,medizinische-hochschule-hannover,medizinische-hochschule-hannover:565,565,2,0
6,medizinische-hochschule-hannover,medizinische-hochschule-hannover:568,568,1,0
3,medizinische-hochschule-hannover,medizinische-hochschule-hannover:569,569,1,0
0,medizinische-hochschule-hannover,medizinische-hochschule-hannover:571,571,1,0
2,medizinische-hochschule-hannover,medizinische-hochschule-hannover:573,573,2,0
5,medizinische-hochschule-hannover,medizinische-hochschule-hannover:574,574,1,0
5,medizinische-hochschule-hannover,medizinische-hochschule-hannover:576,576,1,0
2,medizinische-hochschule-hannover,medizinische-hochschule-hannover:578,578,1,0
1,medizinische-hochschule-hannover,medizinische-hochschule-hannover:579,579,1,0
3,medizinische-hochschule-hannover,medizinische-hochschule-hannover:582,582,1,0
0,medizinische-hochschule-hannover,medizinische-hochschule-hannover:584,584,1,0
5,medizinische-hochschule-hannover,medizinische-hochschule-hannover:590,590,1,0
7,medizinische-hochschule-hannover,medizinische-hochschule-hannover:592,592,1,0
5,medizinische-hochschule-hannover,medizinische-hochschule-hannover:593,593,1,0
1,medizinische-hochschule-hannover,medizinische-hochschule-hannover:594,594,1,0
2,medizinische-hochschule-hannover,medizinische-hochschule-hannover:596,596,1,0
3,medizinische-hochschule-hannover,medizinische-hochschule-hannover:597,597,1,0
5,medizinische-hochschule-hannover,medizinische-hochschule-hannover:599,599,1,0
4,medizinische-hochschule-hannover,medizinische-hochschule-hannover:600,600,1,0
0,medizinische-hochschule-hannover,medizinische-hochschule-hannover:601,601,1,0
6,medizinische-hochschule-hannover,medizinische-hochschule-hannover:603,603,1,0
4,medizinische-hochschule-hannover,medizinische-hochschule-hannover:604,604,1,0
4,medizinische-hochschule-hannover,medizinische-hochschule-hannover:611,611,1,0
5,medizinische-hochschule-hannover,medizinische-hochschule-hannover:612,612,1,0
7,medizinische-hochschule-hannover,medizinische-hochschule-hannover:613,613,1,0
0,medizinische-hochschule-hannover,medizinische-hochschule-hannover:614,614,1,0
0,medizinische-hochschule-hannover,medizinische-hochschule-hannover:616,616,2,0
12,medizinische-hochschule-hannover,medizinische-hochschule-hannover:617,617,1,0
6,medizinische-hochschule-hannover,medizinische-hochschule-hannover:618,618,1,0
1,medizinische-hochschule-hannover,medizinische-hochschule-hannover:619,619,2,0
5,medizinische-hochschule-hannover,medizinische-hochschule-hannover:621,621,1,0
3,medizinische-hochschule-hannover,medizinische-hochschule-hannover:622,622,1,0
0,medizinische-hochschule-hannover,medizinische-hochschule-hannover:623,623,1,0
9,medizinische-hochschule-hannover,medizinische-hochschule-hannover:626,626,1,0
7,medizinische-hochschule-hannover,medizinische-hochschule-hannover:627,627,1,0
10,medizinische-hochschule-hannover,medizinische-hochschule-hannover:629,629,1,0
1,medizinische-hochschule-hannover,medizinische-hochschule-hannover:632,632,1,0
6,medizinische-hochschule-hannover,medizinische-hochschule-hannover:633,633,1,0
5,medizinische-hochschule-hannover,medizinische-hochschule-hannover:637,637,1,0
5,medizinische-hochschule-hannover,medizinische-hochschule-hannover:639,639,1,0
13,medizinische-hochschule-hannover,medizinische-hochschule-hannover:640,640,1,0
8,medizinische-hochschule-hannover,medizinische-hochschule-hannover:643,643,1,0
5,medizinische-hochschule-hannover,medizinische-hochschule-hannover:646,646,1,0
1,medizinische-hochschule-hannover,medizinische-hochschule-hannover:649,649,1,0
0,medizinische-hochschule-hannover,medizinische-hochschule-hannover:650,650,1,0
4,medizinische-hochschule-hannover,medizinische-hochschule-hannover:652,652,1,0
1,medizinische-hochschule-hannover,medizinische-hochschule-hannover:653,653,2,0
1,medizinische-hochschule-hannover,medizinische-hochschule-hannover:656,656,1,0
4,medizinische-hochschule-hannover,medizinische-hochschule-hannover:662,662,1,0
7,medizinische-hochschule-hannover,medizinische-hochschule-hannover:666,666,1,0
2,medizinische-hochschule-hannover,medizinische-hochschule-hannover:667,667,1,0
4,medizinische-hochschule-hannover,medizinische-hochschule-hannover:669,669,1,0
7,medizinische-hochschule-hannover,medizinische-hochschule-hannover:670,670,1,0
2,medizinische-hochschule-hannover,medizinische-hochschule-hannover:672,672,1,0
1,medizinische-hochschule-hannover,medizinische-hochschule-hannover:679,679,1,0
2,medizinische-hochschule-hannover,medizinische-hochschule-hannover:681,681,1,0
3,medizinische-hochschule-hannover,medizinische-hochschule-hannover:685,685,1,0
2,medizinische-hochschule-hannover,medizinische-hochschule-hannover:687,687,1,0
2,medizinische-hochschule-hannover,medizinische-hochschule-hannover:688,688,1,0
0,medizinische-hochschule-hannover,medizinische-hochschule-hannover:690,690,1,0
2,medizinische-hochschule-hannover,medizinische-hochschule-hannover:694,694,1,0
2,medizinische-hochschule-hannover,medizinische-hochschule-hannover:696,696,1,0
2,medizinische-hochschule-hannover,medizinische-hochschule-hannover:700,700,1,0
5,medizinische-hochschule-hannover,medizinische-hochschule-hannover:704,704,1,0
1,medizinische-hochschule-hannover,medizinische-hochschule-hannover:707,707,1,0
5,medizinische-hochschule-hannover,medizinische-hochschule-hannover:708,708,1,0
1,medizinische-hochschule-hannover,medizinische-hochschule-hannover:711,711,1,0
0,medizinische-hochschule-hannover,medizinische-hochschule-hannover:714,714,1,0
2,medizinische-hochschule-hannover,medizinische-hochschule-hannover:716,716,1,0
0,medizinische-hochschule-hannover,medizinische-hochschule-hannover:718,718,2,0
1,medizinische-hochschule-hannover,medizinische-hochschule-hannover:720,720,1,0
1,medizinische-hochschule-hannover,medizinische-hochschule-hannover:724,724,2,0
2,medizinische-hochschule-hannover,medizinische-hochschule-hannover:725,725,1,0
10,medizinische-hochschule-hannover,medizinische-hochschule-hannover:726,726,1,0
2,medizinische-hochschule-hannover,medizinische-hochschule-hannover:732,732,1,0
2,medizinische-hochschule-hannover,medizinische-hochschule-hannover:735,735,1,0
7,medizinische-hochschule-hannover,medizinische-hochschule-hannover:736,736,1,0
1,medizinische-hochschule-hannover,medizinische-hochschule-hannover:738,738,1,0
4,medizinische-hochschule-hannover,medizinische-hochschule-hannover:741,741,1,0
5,medizinische-hochschule-hannover,medizinische-hochschule-hannover:747,747,1,0
4,medizinische-hochschule-hannover,medizinische-hochschule-hannover:748,748,1,0
3,medizinische-hochschule-hannover,medizinische-hochschule-hannover:749,749,2,0
1,medizinische-hochschule-hannover,medizinische-hochschule-hannover:750,750,2,0
17,medizinische-hochschule-hannover,medizinische-hochschule-hannover:755,755,1,0
5,medizinische-hochschule-hannover,medizinische-hochschule-hannover:758,758,1,0
1,medizinische-hochschule-hannover,medizinische-hochschule-hannover:762,762,1,0
0,medizinische-hochschule-hannover,medizinische-hochschule-hannover:765,765,2,0
9,medizinische-hochschule-hannover,medizinische-hochschule-hannover:766,766,1,0
1,medizinische-hochschule-hannover,medizinische-hochschule-hannover:767,767,1,0
2,medizinische-hochschule-hannover,medizinische-hochschule-hannover:769,769,1,0
2,medizinische-hochschule-hannover,medizinische-hochschule-hannover:771,771,1,0
2,medizinische-hochschule-hannover,medizinische-hochschule-hannover:777,777,2,0
1,medizinische-hochschule-hannover,medizinische-hochschule-hannover:778,778,1,0
5,medizinische-hochschule-hannover,medizinische-hochschule-hannover:779,779,1,0
1,medizinische-hochschule-hannover,medizinische-hochschule-hannover:780,780,2,0
6,medizinische-hochschule-hannover,medizinische-hochschule-hannover:781,781,1,1
0,medizinische-hochschule-hannover,medizinische-hochschule-hannover:782,782,2,0
1,medizinische-hochschule-hannover,medizinische-hochschule-hannover:783,783,1,0
2,medizinische-hochschule-hannover,medizinische-hochschule-hannover:796,796,1,0
20,medizinische-hochschule-hannover,medizinische-hochschule-hannover:802,802,1,0
3,medizinische-hochschule-hannover,medizinische-hochschule-hannover:804,804,1,0
0,medizinische-hochschule-hannover,medizinische-hochschule-hannover:805,805,2,0
2,medizinische-hochschule-hannover,medizinische-hochschule-hannover:806,806,1,0
5,medizinische-hochschule-hannover,medizinische-hochschule-hannover:809,809,1,0
3,medizinische-hochschule-hannover,medizinische-hochschule-hannover:812,812,1,0
2,medizinische-hochschule-hannover,medizinische-hochschule-hannover:813,813,1,0
7,medizinische-hochschule-hannover,medizinische-hochschule-hannover:814,814,1,0
0,medizinische-hochschule-hannover,medizinische-hochschule-hannover:819,819,1,0
0,medizinische-hochschule-hannover,medizinische-hochschule-hannover:823,823,1,0
2,medizinische-hochschule-hannover,medizinische-hochschule-hannover:829,829,1,0
6,medizinische-hochschule-hannover,medizinische-hochschule-hannover:832,832,1,0
4,medizinische-hochschule-hannover,medizinische-hochschule-hannover:834,834,1,0
2,medizinische-hochschule-hannover,medizinische-hochschule-hannover:836,836,1,0
2,medizinische-hochschule-hannover,medizinische-hochschule-hannover:837,837,1,0
2,medizinische-hochschule-hannover,medizinische-hochschule-hannover:840,840,2,0
1,medizinische-hochschule-hannover,medizinische-hochschule-hannover:841,841,1,0
2,medizinische-hochschule-hannover,medizinische-hochschule-hannover:844,844,1,0
0,medizinische-hochschule-hannover,medizinische-hochschule-hannover:848,848,2,0
4,medizinische-hochschule-hannover,medizinische-hochschule-hannover:851,851,1,0
0,medizinische-hochschule-hannover,medizinische-hochschule-hannover:852,852,1,0
6,medizinische-hochschule-hannover,medizinische-hochschule-hannover:854,854,1,0
9,medizinische-hochschule-hannover,medizinische-hochschule-hannover:857,857,1,0
2,medizinische-hochschule-hannover,medizinische-hochschule-hannover:858,858,1,0
2,medizinische-hochschule-hannover,medizinische-hochschule-hannover:860,860,1,0
1,medizinische-hochschule-hannover,medizinische-hochschule-hannover:863,863,1,0
3,medizinische-hochschule-hannover,medizinische-hochschule-hannover:872,872,1,0
2,medizinische-hochschule-hannover,medizinische-hochschule-hannover:874,874,1,0
0,medizinische-hochschule-hannover,medizinische-hochschule-hannover:875,875,1,0
16,medizinische-hochschule-hannover,medizinische-hochschule-hannover:876,876,1,0
2,medizinische-hochschule-hannover,medizinische-hochschule-hannover:877,877,1,0
2,medizinische-hochschule-hannover,medizinische-hochschule-hannover:884,884,1,0
0,medizinische-hochschule-hannover,medizinische-hochschule-hannover:887,887,1,0
4,medizinische-hochschule-hannover,medizinische-hochschule-hannover:898,898,1,0
2,medizinische-hochschule-hannover,medizinische-hochschule-hannover:899,899,1,0
5,medizinische-hochschule-hannover,medizinische-hochschule-hannover:900,900,1,0
0,medizinische-hochschule-hannover,medizinische-hochschule-hannover:918,918,1,0
2,medizinische-hochschule-hannover,medizinische-hochschule-hannover:919,919,1,0
0,medizinische-hochschule-hannover,medizinische-hochschule-hannover:921,921,1,0
0,medizinische-hochschule-hannover,medizinische-hochschule-hannover:929,929,1,0
4,medizinische-hochschule-hannover,medizinische-hochschule-hannover:930,930,1,0
1,medizinische-hochschule-hannover,medizinische-hochschule-hannover:934,934,1,0
17,medizinische-hochschule-hannover,medizinische-hochschule-hannover:939,939,1,0
0,medizinische-hochschule-hannover,medizinische-hochschule-hannover:940,940,1,0
1,medizinische-hochschule-hannover,medizinische-hochschule-hannover:957,957,1,0
1,medizinische-hochschule-hannover,medizinische-hochschule-hannover:965,965,1,0
0,medizinische-hochschule-hannover,medizinische-hochschule-hannover:967,967,1,0
1,medizinische-hochschule-hannover,medizinische-hochschule-hannover:972,972,1,0
0,medizinische-hochschule-hannover,medizinische-hochschule-hannover:974,974,1,0
0,medizinische-hochschule-hannover,medizinische-hochschule-hannover:975,975,1,0
5,medizinische-hochschule-hannover,medizinische-hochschule-hannover:979,979,2,0
1,medizinische-hochschule-hannover,medizinische-hochschule-hannover:982,982,1,0
1,medizinische-hochschule-hannover,medizinische-hochschule-hannover:983,983,1,0
0,medizinische-hochschule-hannover,medizinische-hochschule-hannover:984,984,1,0
0,medizinische-hochschule-hannover,medizinische-hochschule-hannover:987,987,1,0
0,medizinische-hochschule-hannover,medizinische-hochschule-hannover:988,988,1,0
0,medizinische-hochschule-hannover,medizinische-hochschule-hannover:989,989,1,0
0,medizinische-hochschule-hannover,medizinische-hochschule-hannover:990,990,1,0
0,medizinische-hochschule-hannover,medizinische-hochschule-hannover:992,992,1,0
0,medizinische-hochschule-hannover,medizinische-hochschule-hannover:994,994,1,0
0,medizinische-hochschule-hannover,medizinische-hochschule-hannover:995,995,1,0
0,medizinische-hochschule-hannover,medizinische-hochschule-hannover:996,996,1,0
0,medizinische-hochschule-hannover,medizinische-hochschule-hannover:998,998,1,0
6,medizinische-hochschule-hannover,medizinische-hochschule-hannover:999,999,1,0
0,medizinische-hochschule-hannover,medizinische-hochschule-hannover:1000,1000,1,0
0,medizinische-hochschule-hannover,medizinische-hochschule-hannover:1001,1001,1,0
1,medizinische-hochschule-hannover,medizinische-hochschule-hannover:1004,1004,1,0
1,medizinische-hochschule-hannover,medizinische-hochschule-hannover:1005,1005,1,0
3,medizinische-hochschule-hannover,medizinische-hochschule-hannover:1008,1008,1,0
4,medizinische-hochschule-hannover,medizinische-hochschule-hannover:1015,1015,1,0
2,medizinische-hochschule-hannover,medizinische-hochschule-hannover:1019,1019,1,0
1,medizinische-hochschule-hannover,medizinische-hochschule-hannover:1020,1020,1,0
5,medizinische-hochschule-hannover,medizinische-hochschule-hannover:1029,1029,1,0
1,medizinische-hochschule-hannover,medizinische-hochschule-hannover:1033,1033,1,0
4,medizinische-hochschule-hannover,medizinische-hochschule-hannover:1039,1039,2,1
2,medizinische-hochschule-hannover,medizinische-hochschule-hannover:1043,1043,1,0
0,medizinische-hochschule-hannover,medizinische-hochschule-hannover:1044,1044,1,0
0,medizinische-hochschule-hannover,medizinische-hochschule-hannover:1053,1053,1,0
0,medizinische-hochschule-hannover,medizinische-hochschule-hannover:1055,1055,1,0
2,medizinische-hochschule-hannover,medizinische-hochschule-hannover:1061,1061,1,0
6,niels-stensen-kliniken-bramsche,niels-stensen-kliniken-bramsche:5,5,2,0
0,niels-stensen-kliniken-bramsche,niels-stensen-kliniken-bramsche:6,6,1,0
12,niels-stensen-kliniken-bramsche,niels-stensen-kliniken-bramsche:7,7,1,0
0,niels-stensen-kliniken-bramsche,niels-stensen-kliniken-bramsche:8,8,1,0
0,niels-stensen-kliniken-bramsche,niels-stensen-kliniken-bramsche:10,10,1,0
2,niels-stensen-kliniken-bramsche,niels-stensen-kliniken-bramsche:18,18,1,0
4,niels-stensen-kliniken-bramsche,niels-stensen-kliniken-bramsche:19,19,1,0
2,niels-stensen-kliniken-bramsche,niels-stensen-kliniken-bramsche:23,23,1,0
9,niels-stensen-kliniken-bramsche,niels-stensen-kliniken-bramsche:26,26,1,0
12,niels-stensen-kliniken-bramsche,niels-stensen-kliniken-bramsche:27,27,1,0
9,niels-stensen-kliniken-bramsche,niels-stensen-kliniken-bramsche:30,30,1,0
6,niels-stensen-kliniken-bramsche,niels-stensen-kliniken-bramsche:33,33,1,0
8,niels-stensen-kliniken-bramsche,niels-stensen-kliniken-bramsche:34,34,1,0
0,niels-stensen-kliniken-bramsche,niels-stensen-kliniken-bramsche:35,35,1,0
0,niels-stensen-kliniken-bramsche,niels-stensen-kliniken-bramsche:36,36,2,0
5,niels-stensen-kliniken-bramsche,niels-stensen-kliniken-bramsche:42,42,1,0
15,niels-stensen-kliniken-bramsche,niels-stensen-kliniken-bramsche:43,43,1,0
5,niels-stensen-kliniken-bramsche,niels-stensen-kliniken-bramsche:48,48,1,0
4,niels-stensen-kliniken-bramsche,niels-stensen-kliniken-bramsche:49,49,1,0
7,niels-stensen-kliniken-bramsche,niels-stensen-kliniken-bramsche:53,53,1,0
5,niels-stensen-kliniken-bramsche,niels-stensen-kliniken-bramsche:54,54,1,0
8,niels-stensen-kliniken-bramsche,niels-stensen-kliniken-bramsche:56,56,1,0
5,niels-stensen-kliniken-bramsche,niels-stensen-kliniken-bramsche:61,61,1,0
7,niels-stensen-kliniken-bramsche,niels-stensen-kliniken-bramsche:67,67,1,0
7,niels-stensen-kliniken-bramsche,niels-stensen-kliniken-bramsche:69,69,1,0
0,niels-stensen-kliniken-bramsche,niels-stensen-kliniken-bramsche:73,73,1,0
8,niels-stensen-kliniken-bramsche,niels-stensen-kliniken-bramsche:74,74,1,0
0,niels-stensen-kliniken-bramsche,niels-stensen-kliniken-bramsche:94,94,1,0
0,niels-stensen-kliniken-bramsche,niels-stensen-kliniken-bramsche:95,95,1,0
0,ostemed-klinik-bremervoerde,ostemed-klinik-bremervoerde:1,1,1,0
1,ostemed-klinik-bremervoerde,ostemed-klinik-bremervoerde:3,3,1,0
1,ostemed-klinik-bremervoerde,ostemed-klinik-bremervoerde:4,4,1,0
0,ostemed-klinik-bremervoerde,ostemed-klinik-bremervoerde:5,5,1,0
1,ostemed-klinik-bremervoerde,ostemed-klinik-bremervoerde:10,10,1,0
0,ostemed-klinik-bremervoerde,ostemed-klinik-bremervoerde:19,19,1,0
0,ostemed-klinik-bremervoerde,ostemed-klinik-bremervoerde:23,23,1,0
0,ostemed-klinik-bremervoerde,ostemed-klinik-bremervoerde:28,28,2,0
3,ostemed-klinik-bremervoerde,ostemed-klinik-bremervoerde:52,52,1,0
4,ostemed-klinik-bremervoerde,ostemed-klinik-bremervoerde:56,56,1,0
0,ostemed-klinik-bremervoerde,ostemed-klinik-bremervoerde:60,60,1,0
5,ostemed-klinik-bremervoerde,ostemed-klinik-bremervoerde:63,63,1,0
4,ostemed-klinik-bremervoerde,ostemed-klinik-bremervoerde:72,72,1,0
3,ostemed-klinik-bremervoerde,ostemed-klinik-bremervoerde:81,81,1,0
1,ostemed-klinik-bremervoerde,ostemed-klinik-bremervoerde:83,83,1,0
7,ostemed-klinik-bremervoerde,ostemed-klinik-bremervoerde:84,84,1,0
5,ostemed-klinik-bremervoerde,ostemed-klinik-bremervoerde:88,88,1,0
9,ostemed-klinik-bremervoerde,ostemed-klinik-bremervoerde:91,91,1,0
0,ostemed-klinik-bremervoerde,ostemed-klinik-bremervoerde:93,93,2,0
13,ostemed-klinik-bremervoerde,ostemed-klinik-bremervoerde:97,97,1,0
2,ostemed-klinik-bremervoerde,ostemed-klinik-bremervoerde:99,99,1,0
3,ostemed-klinik-bremervoerde,ostemed-klinik-bremervoerde:100,100,1,0
0,ostemed-klinik-bremervoerde,ostemed-klinik-bremervoerde:102,102,1,0
0,ostemed-klinik-bremervoerde,ostemed-klinik-bremervoerde:103,103,2,0
3,ostemed-klinik-bremervoerde,ostemed-klinik-bremervoerde:104,104,2,0
0,ostemed-klinik-bremervoerde,ostemed-klinik-bremervoerde:106,106,2,0
7,ostemed-klinik-bremervoerde,ostemed-klinik-bremervoerde:107,107,1,0
9,ostemed-klinik-bremervoerde,ostemed-klinik-bremervoerde:109,109,1,0
18,ostemed-klinik-bremervoerde,ostemed-klinik-bremervoerde:111,111,1,0
13,ostemed-klinik-bremervoerde,ostemed-klinik-bremervoerde:112,112,1,0
12,ostemed-klinik-bremervoerde,ostemed-klinik-bremervoerde:113,113,1,0
5,ostemed-klinik-bremervoerde,ostemed-klinik-bremervoerde:114,114,1,0
9,ostemed-klinik-bremervoerde,ostemed-klinik-bremervoerde:116,116,1,0
3,ostemed-klinik-bremervoerde,ostemed-klinik-bremervoerde:117,117,1,0
8,ostemed-klinik-bremervoerde,ostemed-klinik-bremervoerde:118,118,1,0
12,ostemed-klinik-bremervoerde,ostemed-klinik-bremervoerde:119,119,1,0
1,ostemed-klinik-bremervoerde,ostemed-klinik-bremervoerde:120,120,2,0
4,ostemed-klinik-bremervoerde,ostemed-klinik-bremervoerde:122,122,1,0
5,ostemed-klinik-bremervoerde,ostemed-klinik-bremervoerde:126,126,1,0
11,ostemed-klinik-bremervoerde,ostemed-klinik-bremervoerde:131,131,1,0
10,ostemed-klinik-bremervoerde,ostemed-klinik-bremervoerde:133,133,1,0
12,ostemed-klinik-bremervoerde,ostemed-klinik-bremervoerde:136,136,1,0
10,ostemed-klinik-bremervoerde,ostemed-klinik-bremervoerde:138,138,1,0
2,ostemed-klinik-bremervoerde,ostemed-klinik-bremervoerde:141,141,1,0
0,ostemed-klinik-bremervoerde,ostemed-klinik-bremervoerde:142,142,1,0
9,ostemed-klinik-bremervoerde,ostemed-klinik-bremervoerde:144,144,1,0
6,ostemed-klinik-bremervoerde,ostemed-klinik-bremervoerde:146,146,1,0
0,ostemed-klinik-bremervoerde,ostemed-klinik-bremervoerde:147,147,2,0
2,ostemed-klinik-bremervoerde,ostemed-klinik-bremervoerde:151,151,1,0
9,ostemed-klinik-bremervoerde,ostemed-klinik-bremervoerde:157,157,1,0
7,ostemed-klinik-bremervoerde,ostemed-klinik-bremervoerde:159,159,1,0
0,ostemed-klinik-bremervoerde,ostemed-klinik-bremervoerde:160,160,1,0
0,ostemed-klinik-bremervoerde,ostemed-klinik-bremervoerde:163,163,2,0
8,ostemed-klinik-bremervoerde,ostemed-klinik-bremervoerde:164,164,1,0
8,ostemed-klinik-bremervoerde,ostemed-klinik-bremervoerde:165,165,1,0
7,ostemed-klinik-bremervoerde,ostemed-klinik-bremervoerde:167,167,1,0
2,ostemed-klinik-bremervoerde,ostemed-klinik-bremervoerde:168,168,1,0
4,ostemed-klinik-bremervoerde,ostemed-klinik-bremervoerde:169,169,1,0
3,ostemed-klinik-bremervoerde,ostemed-klinik-bremervoerde:177,177,1,0
0,ostemed-klinik-bremervoerde,ostemed-klinik-bremervoerde:178,178,1,0
1,ostemed-klinik-bremervoerde,ostemed-klinik-bremervoerde:181,181,1,0
0,ostemed-klinik-bremervoerde,ostemed-klinik-bremervoerde:182,182,1,0
7,ostemed-klinik-bremervoerde,ostemed-klinik-bremervoerde:185,185,1,0
3,ostemed-klinik-bremervoerde,ostemed-klinik-bremervoerde:189,189,1,0
1,ostemed-klinik-bremervoerde,ostemed-klinik-bremervoerde:194,194,1,0
0,ostemed-klinik-bremervoerde,ostemed-klinik-bremervoerde:197,197,1,0
4,ostemed-klinik-bremervoerde,ostemed-klinik-bremervoerde:199,199,1,0
2,ostemed-klinik-bremervoerde,ostemed-klinik-bremervoerde:202,202,1,0
3,ostemed-klinik-bremervoerde,ostemed-klinik-bremervoerde:203,203,1,0
4,ostemed-klinik-bremervoerde,ostemed-klinik-bremervoerde:209,209,1,0
0,ostemed-klinik-bremervoerde,ostemed-klinik-bremervoerde:211,211,1,0
6,ostemed-klinik-bremervoerde,ostemed-klinik-bremervoerde:215,215,1,0
8,ostemed-klinik-bremervoerde,ostemed-klinik-bremervoerde:217,217,1,0
5,ostemed-klinik-bremervoerde,ostemed-klinik-bremervoerde:218,218,1,0
0,ostemed-klinik-bremervoerde,ostemed-klinik-bremervoerde:222,222,1,0
0,ostemed-klinik-bremervoerde,ostemed-klinik-bremervoerde:223,223,1,0
1,ostemed-klinik-bremervoerde,ostemed-klinik-bremervoerde:226,226,1,0
0,paracelsus-klinik-am-silbersee,paracelsus-klinik-am-silbersee:12,12,1,0
0,paracelsus-klinik-am-silbersee,paracelsus-klinik-am-silbersee:14,14,1,0
0,paracelsus-klinik-am-silbersee,paracelsus-klinik-am-silbersee:20,20,2,0
1,paracelsus-klinik-am-silbersee,paracelsus-klinik-am-silbersee:22,22,1,0
0,paracelsus-klinik-am-silbersee,paracelsus-klinik-am-silbersee:24,24,1,0
0,paracelsus-klinik-am-silbersee,paracelsus-klinik-am-silbersee:29,29,1,0
0,paracelsus-klinik-am-silbersee,paracelsus-klinik-am-silbersee:35,35,1,0
0,paracelsus-klinik-am-silbersee,paracelsus-klinik-am-silbersee:39,39,1,0
0,paracelsus-klinik-am-silbersee,paracelsus-klinik-am-silbersee:40,40,1,0
0,paracelsus-klinik-am-silbersee,paracelsus-klinik-am-silbersee:51,51,1,0
1,paracelsus-klinik-am-silbersee,paracelsus-klinik-am-silbersee:61,61,1,0
1,paracelsus-klinik-am-silbersee,paracelsus-klinik-am-silbersee:83,83,1,0
0,paracelsus-klinik-am-silbersee,paracelsus-klinik-am-silbersee:86,86,1,0
13,paracelsus-klinik-am-silbersee,paracelsus-klinik-am-silbersee:87,87,1,0
10,paracelsus-klinik-am-silbersee,paracelsus-klinik-am-silbersee:92,92,1,0
13,paracelsus-klinik-am-silbersee,paracelsus-klinik-am-silbersee:96,96,1,0
0,paracelsus-klinik-am-silbersee,paracelsus-klinik-am-silbersee:97,97,1,0
13,paracelsus-klinik-am-silbersee,paracelsus-klinik-am-silbersee:103,103,1,0
1,paracelsus-klinik-am-silbersee,paracelsus-klinik-am-silbersee:105,105,1,0
10,paracelsus-klinik-am-silbersee,paracelsus-klinik-am-silbersee:112,112,1,0
0,paracelsus-klinik-am-silbersee,paracelsus-klinik-am-silbersee:126,126,1,0
9,paracelsus-klinik-am-silbersee,paracelsus-klinik-am-silbersee:134,134,1,0
11,paracelsus-klinik-am-silbersee,paracelsus-klinik-am-silbersee:135,135,1,0
20,paracelsus-klinik-am-silbersee,paracelsus-klinik-am-silbersee:136,136,1,0
11,paracelsus-klinik-am-silbersee,paracelsus-klinik-am-silbersee:145,145,2,0
6,paracelsus-klinik-am-silbersee,paracelsus-klinik-am-silbersee:148,148,1,0
0,paracelsus-klinik-am-silbersee,paracelsus-klinik-am-silbersee:159,159,1,0
5,paracelsus-klinik-am-silbersee,paracelsus-klinik-am-silbersee:160,160,1,0
9,paracelsus-klinik-am-silbersee,paracelsus-klinik-am-silbersee:165,165,1,0
2,paracelsus-klinik-am-silbersee,paracelsus-klinik-am-silbersee:171,171,1,0
11,paracelsus-klinik-am-silbersee,paracelsus-klinik-am-silbersee:176,176,1,0
1,paracelsus-klinik-am-silbersee,paracelsus-klinik-am-silbersee:178,178,2,0
10,paracelsus-klinik-am-silbersee,paracelsus-klinik-am-silbersee:181,181,1,0
6,paracelsus-klinik-am-silbersee,paracelsus-klinik-am-silbersee:182,182,1,0
0,paracelsus-klinik-am-silbersee,paracelsus-klinik-am-silbersee:184,184,1,0
0,paracelsus-klinik-am-silbersee,paracelsus-klinik-am-silbersee:186,186,1,0
0,paracelsus-klinik-am-silbersee,paracelsus-klinik-am-silbersee:192,192,1,0
2,paracelsus-klinik-am-silbersee,paracelsus-klinik-am-silbersee:196,196,1,0
0,paracelsus-klinik-am-silbersee,paracelsus-klinik-am-silbersee:207,207,1,0
6,paracelsus-klinik-am-silbersee,paracelsus-klinik-am-silbersee:209,209,1,0
4,paracelsus-klinik-am-silbersee,paracelsus-klinik-am-silbersee:211,211,1,0
0,paracelsus-klinik-am-silbersee,paracelsus-klinik-am-silbersee:213,213,1,0
0,paracelsus-klinik-am-silbersee,paracelsus-klinik-am-silbersee:226,226,1,0
3,paracelsus-klinik-am-silbersee,paracelsus-klinik-am-silbersee:230,230,1,0
0,paracelsus-klinik-am-silbersee,paracelsus-klinik-am-silbersee:237,237,1,0
0,paulinenkrankenhaus,paulinenkrankenhaus:1,1,1,0
0,paulinenkrankenhaus,paulinenkrankenhaus:3,3,1,0
11,paulinenkrankenhaus,paulinenkrankenhaus:21,21,1,0
0,pius-hospital,pius-hospital:4,4,1,0
2,pius-hospital,pius-hospital:5,5,2,0
2,pius-hospital,pius-hospital:8,8,1,0
0,pius-hospital,pius-hospital:10,10,2,0
0,pius-hospital,pius-hospital:12,12,1,0
0,pius-hospital,pius-hospital:13,13,1,0
1,pius-hospital,pius-hospital:19,19,1,0
0,pius-hospital,pius-hospital:20,20,1,0
0,pius-hospital,pius-hospital:22,22,1,0
0,pius-hospital,pius-hospital:23,23,1,0
0,pius-hospital,pius-hospital:24,24,1,0
0,pius-hospital,pius-hospital:29,29,1,0
0,pius-hospital,pius-hospital:31,31,1,0
0,pius-hospital,pius-hospital:46,46,2,0
2,pius-hospital,pius-hospital:51,51,1,0
0,pius-hospital,pius-hospital:52,52,1,0
2,pius-hospital,pius-hospital:61,61,1,0
0,pius-hospital,pius-hospital:63,63,1,1
4,pius-hospital,pius-hospital:67,67,1,0
4,pius-hospital,pius-hospital:70,70,1,0
1,pius-hospital,pius-hospital:72,72,1,0
6,pius-hospital,pius-hospital:74,74,2,0
0,pius-hospital,pius-hospital:88,88,1,0
1,pius-hospital,pius-hospital:91,91,2,0
1,pius-hospital,pius-hospital:94,94,1,0
1,pius-hospital,pius-hospital:99,99,1,0
1,pius-hospital,pius-hospital:106,106,1,0
0,pius-hospital,pius-hospital:110,110,1,0
11,pius-hospital,pius-hospital:112,112,2,0
5,pius-hospital,pius-hospital:114,114,1,0
0,pius-hospital,pius-hospital:116,116,1,0
0,pius-hospital,pius-hospital:128,128,2,0
0,pius-hospital,pius-hospital:133,133,1,0
6,pius-hospital,pius-hospital:134,134,2,0
7,pius-hospital,pius-hospital:135,135,1,0
2,pius-hospital,pius-hospital:136,136,2,0
4,pius-hospital,pius-hospital:138,138,1,0
1,pius-hospital,pius-hospital:140,140,1,0
3,pius-hospital,pius-hospital:142,142,1,0
2,pius-hospital,pius-hospital:146,146,1,0
14,pius-hospital,pius-hospital:149,149,1,0
13,pius-hospital,pius-hospital:151,151,1,0
7,pius-hospital,pius-hospital:155,155,1,0
11,pius-hospital,pius-hospital:156,156,1,0
11,pius-hospital,pius-hospital:157,157,1,0
10,pius-hospital,pius-hospital:163,163,1,0
7,pius-hospital,pius-hospital:164,164,1,0
7,pius-hospital,pius-hospital:167,167,1,0
14,pius-hospital,pius-hospital:169,169,1,0
12,pius-hospital,pius-hospital:171,171,1,0
8,pius-hospital,pius-hospital:173,173,1,0
10,pius-hospital,pius-hospital:175,175,1,0
17,pius-hospital,pius-hospital:176,176,1,0
20,pius-hospital,pius-hospital:177,177,1,0
11,pius-hospital,pius-hospital:182,182,1,0
7,pius-hospital,pius-hospital:184,184,1,0
5,pius-hospital,pius-hospital:186,186,1,0
6,pius-hospital,pius-hospital:191,191,1,0
10,pius-hospital,pius-hospital:192,192,1,0
6,pius-hospital,pius-hospital:194,194,1,0
9,pius-hospital,pius-hospital:198,198,1,0
6,pius-hospital,pius-hospital:201,201,2,0
6,pius-hospital,pius-hospital:203,203,2,0
6,pius-hospital,pius-hospital:210,210,1,0
8,pius-hospital,pius-hospital:213,213,1,0
9,pius-hospital,pius-hospital:215,215,1,0
0,pius-hospital,pius-hospital:216,216,1,0
10,pius-hospital,pius-hospital:217,217,1,0
10,pius-hospital,pius-hospital:218,218,1,0
7,pius-hospital,pius-hospital:219,219,1,0
2,pius-hospital,pius-hospital:227,227,1,0
11,pius-hospital,pius-hospital:230,230,1,0
0,pius-hospital,pius-hospital:234,234,1,0
4,pius-hospital,pius-hospital:244,244,1,0
11,pius-hospital,pius-hospital:245,245,1,0
8,pius-hospital,pius-hospital:247,247,1,0
6,pius-hospital,pius-hospital:249,249,1,0
4,pius-hospital,pius-hospital:252,252,1,0
2,pius-hospital,pius-hospital:258,258,1,0
3,pius-hospital,pius-hospital:260,260,1,0
0,pius-hospital,pius-hospital:268,268,1,0
4,pius-hospital,pius-hospital:274,274,2,0
1,pius-hospital,pius-hospital:277,277,1,0
0,pius-hospital,pius-hospital:285,285,2,0
1,pius-hospital,pius-hospital:288,288,1,0
6,pius-hospital,pius-hospital:290,290,1,0
3,pius-hospital,pius-hospital:294,294,1,0
8,pius-hospital,pius-hospital:295,295,1,0
6,pius-hospital,pius-hospital:298,298,1,0
9,pius-hospital,pius-hospital:300,300,1,0
0,pius-hospital,pius-hospital:301,301,2,0
7,pius-hospital,pius-hospital:308,308,1,0
0,pius-hospital,pius-hospital:316,316,1,0
1,pius-hospital,pius-hospital:324,324,1,0
3,pius-hospital,pius-hospital:332,332,1,0
0,pius-hospital,pius-hospital:333,333,1,0
2,pius-hospital,pius-hospital:335,335,1,0
5,pius-hospital,pius-hospital:340,340,1,0
0,pius-hospital,pius-hospital:341,341,1,0
1,pius-hospital,pius-hospital:346,346,1,0
0,pius-hospital,pius-hospital:349,349,2,0
5,pius-hospital,pius-hospital:350,350,2,0
1,pius-hospital,pius-hospital:351,351,1,0
2,pius-hospital,pius-hospital:354,354,1,0
0,pius-hospital,pius-hospital:355,355,1,0
0,pius-hospital,pius-hospital:356,356,1,0
0,pius-hospital,pius-hospital:360,360,1,0
0,pius-hospital,pius-hospital:361,361,2,0
0,pius-hospital,pius-hospital:366,366,1,0
0,pius-hospital,pius-hospital:367,367,2,0
0,pius-hospital,pius-hospital:369,369,2,0
4,pius-hospital,pius-hospital:373,373,1,0
0,pius-hospital,pius-hospital:379,379,2,0
11,privatklinik-bad-zwischenahn-fachklinik-fuer-psychotherapeutische-medizin-und-psychosomatik,privatklinik-bad-zwischenahn-fachklinik-fuer-psychotherapeutische-medizin-und-psychosomatik:2,2,1,0
1,psychiatrisch-psychosomatische-klinik-celle,psychiatrisch-psychosomatische-klinik-celle:0,0,1,0
0,psychiatrisch-psychosomatische-klinik-celle,psychiatrisch-psychosomatische-klinik-celle:1,1,1,0
3,psychiatrisch-psychosomatische-klinik-celle,psychiatrisch-psychosomatische-klinik-celle:5,5,2,0
0,psychiatrisch-psychosomatische-klinik-celle,psychiatrisch-psychosomatische-klinik-celle:6,6,1,0
14,psychiatrisch-psychosomatische-klinik-celle,psychiatrisch-psychosomatische-klinik-celle:8,8,1,0
11,psychiatrisch-psychosomatische-klinik-celle,psychiatrisch-psychosomatische-klinik-celle:9,9,1,0
8,psychiatrisch-psychosomatische-klinik-celle,psychiatrisch-psychosomatische-klinik-celle:10,10,1,0
26,psychiatrisch-psychosomatische-klinik-celle,psychiatrisch-psychosomatische-klinik-celle:11,11,1,0
17,psychiatrisch-psychosomatische-klinik-celle,psychiatrisch-psychosomatische-klinik-celle:12,12,1,0
21,psychiatrisch-psychosomatische-klinik-celle,psychiatrisch-psychosomatische-klinik-celle:14,14,1,0
1,psychiatrisch-psychosomatische-klinik-celle,psychiatrisch-psychosomatische-klinik-celle:16,16,1,0
2,psychiatrisch-psychosomatische-klinik-celle,psychiatrisch-psychosomatische-klinik-celle:18,18,1,0
18,psychiatrisch-psychosomatische-klinik-celle,psychiatrisch-psychosomatische-klinik-celle:20,20,1,0
18,psychiatrisch-psychosomatische-klinik-celle,psychiatrisch-psychosomatische-klinik-celle:21,21,1,0
15,psychiatrisch-psychosomatische-klinik-celle,psychiatrisch-psychosomatische-klinik-celle:22,22,1,0
16,psychiatrisch-psychosomatische-klinik-celle,psychiatrisch-psychosomatische-klinik-celle:25,25,1,0
7,psychiatrisch-psychosomatische-klinik-celle,psychiatrisch-psychosomatische-klinik-celle:26,26,1,0
22,psychiatrisch-psychosomatische-klinik-celle,psychiatrisch-psychosomatische-klinik-celle:27,27,1,0
15,psychiatrisch-psychosomatische-klinik-celle,psychiatrisch-psychosomatische-klinik-celle:28,28,1,0
14,psychiatrisch-psychosomatische-klinik-celle,psychiatrisch-psychosomatische-klinik-celle:29,29,1,0
10,psychiatrisch-psychosomatische-klinik-celle,psychiatrisch-psychosomatische-klinik-celle:30,30,1,0
10,psychiatrisch-psychosomatische-klinik-celle,psychiatrisch-psychosomatische-klinik-celle:31,31,1,0
12,psychiatrisch-psychosomatische-klinik-celle,psychiatrisch-psychosomatische-klinik-celle:32,32,1,0
4,psychiatrisch-psychosomatische-klinik-celle,psychiatrisch-psychosomatische-klinik-celle:33,33,1,0
0,psychiatrisch-psychosomatische-klinik-celle,psychiatrisch-psychosomatische-klinik-celle:35,35,1,0
0,psychiatrisch-psychosomatische-klinik-celle,psychiatrisch-psychosomatische-klinik-celle:38,38,1,0
4,psychiatrisch-psychosomatische-klinik-celle,psychiatrisch-psychosomatische-klinik-celle:39,39,1,0
0,psychiatrisch-psychosomatische-klinik-celle,psychiatrisch-psychosomatische-klinik-celle:40,40,1,0
0,psychiatrisch-psychosomatische-klinik-celle,psychiatrisch-psychosomatische-klinik-celle:41,41,1,0
0,psychiatrisch-psychosomatische-klinik-celle,psychiatrisch-psychosomatische-klinik-celle:42,42,1,0
0,psychiatrische-klinik-lueneburg-gemeinnuetzige-gmbh,psychiatrische-klinik-lueneburg-gemeinnuetzige-gmbh:0,0,1,0
0,psychiatrische-klinik-lueneburg-gemeinnuetzige-gmbh,psychiatrische-klinik-lueneburg-gemeinnuetzige-gmbh:1,1,2,0
0,psychiatrische-klinik-lueneburg-gemeinnuetzige-gmbh,psychiatrische-klinik-lueneburg-gemeinnuetzige-gmbh:3,3,1,0
24,psychiatrische-klinik-lueneburg-gemeinnuetzige-gmbh,psychiatrische-klinik-lueneburg-gemeinnuetzige-gmbh:4,4,2,0
0,psychiatrische-klinik-lueneburg-gemeinnuetzige-gmbh,psychiatrische-klinik-lueneburg-gemeinnuetzige-gmbh:6,6,1,0
0,psychiatrische-klinik-lueneburg-gemeinnuetzige-gmbh,psychiatrische-klinik-lueneburg-gemeinnuetzige-gmbh:8,8,2,0
0,psychiatrische-klinik-lueneburg-gemeinnuetzige-gmbh,psychiatrische-klinik-lueneburg-gemeinnuetzige-gmbh:9,9,1,0
2,psychiatrische-klinik-lueneburg-gemeinnuetzige-gmbh,psychiatrische-klinik-lueneburg-gemeinnuetzige-gmbh:10,10,1,0
0,psychiatrische-klinik-lueneburg-gemeinnuetzige-gmbh,psychiatrische-klinik-lueneburg-gemeinnuetzige-gmbh:11,11,1,0
0,psychiatrische-klinik-lueneburg-gemeinnuetzige-gmbh,psychiatrische-klinik-lueneburg-gemeinnuetzige-gmbh:14,14,1,0
9,psychiatrische-klinik-lueneburg-gemeinnuetzige-gmbh,psychiatrische-klinik-lueneburg-gemeinnuetzige-gmbh:16,16,1,0
1,psychiatrische-klinik-lueneburg-gemeinnuetzige-gmbh,psychiatrische-klinik-lueneburg-gemeinnuetzige-gmbh:18,18,1,0
5,psychiatrische-klinik-lueneburg-gemeinnuetzige-gmbh,psychiatrische-klinik-lueneburg-gemeinnuetzige-gmbh:19,19,1,0
2,psychiatrische-klinik-lueneburg-gemeinnuetzige-gmbh,psychiatrische-klinik-lueneburg-gemeinnuetzige-gmbh:20,20,1,0
8,psychiatrische-klinik-lueneburg-gemeinnuetzige-gmbh,psychiatrische-klinik-lueneburg-gemeinnuetzige-gmbh:21,21,1,0
1,psychiatrische-klinik-lueneburg-gemeinnuetzige-gmbh,psychiatrische-klinik-lueneburg-gemeinnuetzige-gmbh:22,22,1,0
19,psychiatrische-klinik-lueneburg-gemeinnuetzige-gmbh,psychiatrische-klinik-lueneburg-gemeinnuetzige-gmbh:24,24,1,0
12,psychiatrische-klinik-lueneburg-gemeinnuetzige-gmbh,psychiatrische-klinik-lueneburg-gemeinnuetzige-gmbh:26,26,1,0
21,psychiatrische-klinik-lueneburg-gemeinnuetzige-gmbh,psychiatrische-klinik-lueneburg-gemeinnuetzige-gmbh:27,27,1,0
6,psychiatrische-klinik-lueneburg-gemeinnuetzige-gmbh,psychiatrische-klinik-lueneburg-gemeinnuetzige-gmbh:29,29,1,0
4,psychiatrische-klinik-lueneburg-gemeinnuetzige-gmbh,psychiatrische-klinik-lueneburg-gemeinnuetzige-gmbh:30,30,1,0
11,psychiatrische-klinik-lueneburg-gemeinnuetzige-gmbh,psychiatrische-klinik-lueneburg-gemeinnuetzige-gmbh:33,33,1,0
5,psychiatrische-klinik-lueneburg-gemeinnuetzige-gmbh,psychiatrische-klinik-lueneburg-gemeinnuetzige-gmbh:34,34,1,0
6,psychiatrische-klinik-lueneburg-gemeinnuetzige-gmbh,psychiatrische-klinik-lueneburg-gemeinnuetzige-gmbh:35,35,1,0
25,psychiatrische-klinik-lueneburg-gemeinnuetzige-gmbh,psychiatrische-klinik-lueneburg-gemeinnuetzige-gmbh:36,36,1,0
31,psychiatrische-klinik-lueneburg-gemeinnuetzige-gmbh,psychiatrische-klinik-lueneburg-gemeinnuetzige-gmbh:37,37,1,0
17,psychiatrische-klinik-lueneburg-gemeinnuetzige-gmbh,psychiatrische-klinik-lueneburg-gemeinnuetzige-gmbh:38,38,1,0
1,psychiatrische-klinik-lueneburg-gemeinnuetzige-gmbh,psychiatrische-klinik-lueneburg-gemeinnuetzige-gmbh:39,39,2,0
34,psychiatrische-klinik-lueneburg-gemeinnuetzige-gmbh,psychiatrische-klinik-lueneburg-gemeinnuetzige-gmbh:41,41,1,0
8,psychiatrische-klinik-lueneburg-gemeinnuetzige-gmbh,psychiatrische-klinik-lueneburg-gemeinnuetzige-gmbh:42,42,2,1
36,psychiatrische-klinik-lueneburg-gemeinnuetzige-gmbh,psychiatrische-klinik-lueneburg-gemeinnuetzige-gmbh:44,44,1,0
13,psychiatrische-klinik-lueneburg-gemeinnuetzige-gmbh,psychiatrische-klinik-lueneburg-gemeinnuetzige-gmbh:46,46,1,0
10,psychiatrische-klinik-lueneburg-gemeinnuetzige-gmbh,psychiatrische-klinik-lueneburg-gemeinnuetzige-gmbh:47,47,1,0
59,psychiatrische-klinik-lueneburg-gemeinnuetzige-gmbh,psychiatrische-klinik-lueneburg-gemeinnuetzige-gmbh:48,48,1,0
5,psychiatrische-klinik-lueneburg-gemeinnuetzige-gmbh,psychiatrische-klinik-lueneburg-gemeinnuetzige-gmbh:49,49,2,0
42,psychiatrische-klinik-lueneburg-gemeinnuetzige-gmbh,psychiatrische-klinik-lueneburg-gemeinnuetzige-gmbh:50,50,1,0
7,psychiatrische-klinik-lueneburg-gemeinnuetzige-gmbh,psychiatrische-klinik-lueneburg-gemeinnuetzige-gmbh:54,54,1,0
0,psychiatrische-klinik-lueneburg-gemeinnuetzige-gmbh,psychiatrische-klinik-lueneburg-gemeinnuetzige-gmbh:55,55,1,0
2,psychiatrische-klinik-lueneburg-gemeinnuetzige-gmbh,psychiatrische-klinik-lueneburg-gemeinnuetzige-gmbh:57,57,1,0
22,psychiatrische-klinik-lueneburg-gemeinnuetzige-gmbh,psychiatrische-klinik-lueneburg-gemeinnuetzige-gmbh:59,59,1,0
16,psychiatrische-klinik-lueneburg-gemeinnuetzige-gmbh,psychiatrische-klinik-lueneburg-gemeinnuetzige-gmbh:60,60,1,0
38,psychiatrische-klinik-lueneburg-gemeinnuetzige-gmbh,psychiatrische-klinik-lueneburg-gemeinnuetzige-gmbh:61,61,1,0
18,psychiatrische-klinik-lueneburg-gemeinnuetzige-gmbh,psychiatrische-klinik-lueneburg-gemeinnuetzige-gmbh:63,63,1,0
30,psychiatrische-klinik-lueneburg-gemeinnuetzige-gmbh,psychiatrische-klinik-lueneburg-gemeinnuetzige-gmbh:65,65,1,0
21,psychiatrische-klinik-lueneburg-gemeinnuetzige-gmbh,psychiatrische-klinik-lueneburg-gemeinnuetzige-gmbh:67,67,1,0
32,psychiatrische-klinik-lueneburg-gemeinnuetzige-gmbh,psychiatrische-klinik-lueneburg-gemeinnuetzige-gmbh:69,69,1,0
0,psychiatrische-klinik-lueneburg-gemeinnuetzige-gmbh,psychiatrische-klinik-lueneburg-gemeinnuetzige-gmbh:70,70,1,0
33,psychiatrische-klinik-lueneburg-gemeinnuetzige-gmbh,psychiatrische-klinik-lueneburg-gemeinnuetzige-gmbh:71,71,1,0
34,psychiatrische-klinik-lueneburg-gemeinnuetzige-gmbh,psychiatrische-klinik-lueneburg-gemeinnuetzige-gmbh:74,74,1,0
25,psychiatrische-klinik-lueneburg-gemeinnuetzige-gmbh,psychiatrische-klinik-lueneburg-gemeinnuetzige-gmbh:77,77,1,0
4,psychiatrische-klinik-lueneburg-gemeinnuetzige-gmbh,psychiatrische-klinik-lueneburg-gemeinnuetzige-gmbh:79,79,1,0
2,psychiatrische-klinik-lueneburg-gemeinnuetzige-gmbh,psychiatrische-klinik-lueneburg-gemeinnuetzige-gmbh:80,80,1,0
0,psychiatrische-klinik-lueneburg-gemeinnuetzige-gmbh,psychiatrische-klinik-lueneburg-gemeinnuetzige-gmbh:81,81,1,0
12,psychiatrische-klinik-lueneburg-gemeinnuetzige-gmbh,psychiatrische-klinik-lueneburg-gemeinnuetzige-gmbh:84,84,1,0
2,psychiatrische-klinik-lueneburg-gemeinnuetzige-gmbh,psychiatrische-klinik-lueneburg-gemeinnuetzige-gmbh:87,87,1,0
11,psychiatrische-klinik-lueneburg-gemeinnuetzige-gmbh,psychiatrische-klinik-lueneburg-gemeinnuetzige-gmbh:88,88,1,0
13,psychiatrische-klinik-lueneburg-gemeinnuetzige-gmbh,psychiatrische-klinik-lueneburg-gemeinnuetzige-gmbh:89,89,1,0
9,psychiatrische-klinik-lueneburg-gemeinnuetzige-gmbh,psychiatrische-klinik-lueneburg-gemeinnuetzige-gmbh:93,93,1,0
0,psychiatrische-klinik-lueneburg-gemeinnuetzige-gmbh,psychiatrische-klinik-lueneburg-gemeinnuetzige-gmbh:95,95,1,0
0,psychiatrische-klinik-lueneburg-gemeinnuetzige-gmbh,psychiatrische-klinik-lueneburg-gemeinnuetzige-gmbh:97,97,1,0
0,psychiatrische-klinik-lueneburg-gemeinnuetzige-gmbh,psychiatrische-klinik-lueneburg-gemeinnuetzige-gmbh:98,98,1,0
14,psychiatrische-klinik-lueneburg-gemeinnuetzige-gmbh,psychiatrische-klinik-lueneburg-gemeinnuetzige-gmbh:99,99,1,0
6,psychiatrische-klinik-uelzen-ggmbh,psychiatrische-klinik-uelzen-ggmbh:2,2,1,0
7,psychiatrische-klinik-uelzen-ggmbh,psychiatrische-klinik-uelzen-ggmbh:4,4,1,0
8,psychiatrische-klinik-uelzen-ggmbh,psychiatrische-klinik-uelzen-ggmbh:5,5,1,0
8,psychiatrische-klinik-uelzen-ggmbh,psychiatrische-klinik-uelzen-ggmbh:6,6,1,0
10,psychiatrische-klinik-uelzen-ggmbh,psychiatrische-klinik-uelzen-ggmbh:7,7,1,0
23,psychiatrische-klinik-uelzen-ggmbh,psychiatrische-klinik-uelzen-ggmbh:10,10,2,0
10,psychiatrische-klinik-uelzen-ggmbh,psychiatrische-klinik-uelzen-ggmbh:11,11,1,0
4,psychiatrische-klinik-uelzen-ggmbh,psychiatrische-klinik-uelzen-ggmbh:17,17,1,0
14,psychiatrische-klinik-uelzen-ggmbh,psychiatrische-klinik-uelzen-ggmbh:19,19,2,0
5,psychiatrische-klinik-uelzen-ggmbh,psychiatrische-klinik-uelzen-ggmbh:20,20,1,0
6,psychiatrische-klinik-uelzen-ggmbh,psychiatrische-klinik-uelzen-ggmbh:21,21,1,0
15,psychiatrische-klinik-uelzen-ggmbh,psychiatrische-klinik-uelzen-ggmbh:22,22,1,0
19,psychiatrische-klinik-uelzen-ggmbh,psychiatrische-klinik-uelzen-ggmbh:24,24,1,0
10,psychiatrische-klinik-uelzen-ggmbh,psychiatrische-klinik-uelzen-ggmbh:25,25,1,0
1,psychiatrische-klinik-uelzen-ggmbh,psychiatrische-klinik-uelzen-ggmbh:26,26,1,0
0,psychiatrische-klinik-uelzen-ggmbh,psychiatrische-klinik-uelzen-ggmbh:29,29,1,0
1,psychiatrische-klinik-uelzen-ggmbh,psychiatrische-klinik-uelzen-ggmbh:34,34,1,0
1,psychiatrische-klinik-uelzen-ggmbh,psychiatrische-klinik-uelzen-ggmbh:36,36,1,0
0,psychiatrische-klinik-uelzen-ggmbh,psychiatrische-klinik-uelzen-ggmbh:37,37,2,0
0,sana-klinikum-hameln-pyrmont,sana-klinikum-hameln-pyrmont:5,5,1,0
1,sana-klinikum-hameln-pyrmont,sana-klinikum-hameln-pyrmont:7,7,1,0
0,sana-klinikum-hameln-pyrmont,sana-klinikum-hameln-pyrmont:11,11,1,0
1,sana-klinikum-hameln-pyrmont,sana-klinikum-hameln-pyrmont:13,13,1,0
1,sana-klinikum-hameln-pyrmont,sana-klinikum-hameln-pyrmont:16,16,1,0
0,sana-klinikum-hameln-pyrmont,sana-klinikum-hameln-pyrmont:18,18,1,0
0,sana-klinikum-hameln-pyrmont,sana-klinikum-hameln-pyrmont:19,19,1,0
0,sana-klinikum-hameln-pyrmont,sana-klinikum-hameln-pyrmont:21,21,1,0
0,sana-klinikum-hameln-pyrmont,sana-klinikum-hameln-pyrmont:23,23,1,0
1,sana-klinikum-hameln-pyrmont,sana-klinikum-hameln-pyrmont:24,24,2,0
0,sana-klinikum-hameln-pyrmont,sana-klinikum-hameln-pyrmont:25,25,1,0
1,sana-klinikum-hameln-pyrmont,sana-klinikum-hameln-pyrmont:26,26,1,0
0,sana-klinikum-hameln-pyrmont,sana-klinikum-hameln-pyrmont:27,27,1,0
0,sana-klinikum-hameln-pyrmont,sana-klinikum-hameln-pyrmont:28,28,1,0
0,sana-klinikum-hameln-pyrmont,sana-klinikum-hameln-pyrmont:33,33,1,0
0,sana-klinikum-hameln-pyrmont,sana-klinikum-hameln-pyrmont:34,34,1,0
0,sana-klinikum-hameln-pyrmont,sana-klinikum-hameln-pyrmont:35,35,1,0
0,sana-klinikum-hameln-pyrmont,sana-klinikum-hameln-pyrmont:37,37,1,0
0,sana-klinikum-hameln-pyrmont,sana-klinikum-hameln-pyrmont:38,38,1,1
0,sana-klinikum-hameln-pyrmont,sana-klinikum-hameln-pyrmont:42,42,2,0
0,sana-klinikum-hameln-pyrmont,sana-klinikum-hameln-pyrmont:43,43,1,0
0,sana-klinikum-hameln-pyrmont,sana-klinikum-hameln-pyrmont:45,45,1,0
0,sana-klinikum-hameln-pyrmont,sana-klinikum-hameln-pyrmont:46,46,2,0
0,sana-klinikum-hameln-pyrmont,sana-klinikum-hameln-pyrmont:47,47,1,0
0,sana-klinikum-hameln-pyrmont,sana-klinikum-hameln-pyrmont:48,48,1,0
0,sana-klinikum-hameln-pyrmont,sana-klinikum-hameln-pyrmont:49,49,1,0
0,sana-klinikum-hameln-pyrmont,sana-klinikum-hameln-pyrmont:51,51,1,0
0,sana-klinikum-hameln-pyrmont,sana-klinikum-hameln-pyrmont:53,53,1,0
1,sana-klinikum-hameln-pyrmont,sana-klinikum-hameln-pyrmont:60,60,1,0
1,sana-klinikum-hameln-pyrmont,sana-klinikum-hameln-pyrmont:62,62,1,0
1,sana-klinikum-hameln-pyrmont,sana-klinikum-hameln-pyrmont:63,63,2,0
0,sana-klinikum-hameln-pyrmont,sana-klinikum-hameln-pyrmont:66,66,1,0
0,sana-klinikum-hameln-pyrmont,sana-klinikum-hameln-pyrmont:67,67,1,0
0,sana-klinikum-hameln-pyrmont,sana-klinikum-hameln-pyrmont:68,68,1,0
0,sana-klinikum-hameln-pyrmont,sana-klinikum-hameln-pyrmont:70,70,1,0
1,sana-klinikum-hameln-pyrmont,sana-klinikum-hameln-pyrmont:73,73,1,0
0,sana-klinikum-hameln-pyrmont,sana-klinikum-hameln-pyrmont:74,74,1,0
5,sana-klinikum-hameln-pyrmont,sana-klinikum-hameln-pyrmont:77,77,1,0
5,sana-klinikum-hameln-pyrmont,sana-klinikum-hameln-pyrmont:78,78,1,0
3,sana-klinikum-hameln-pyrmont,sana-klinikum-hameln-pyrmont:79,79,1,0
5,sana-klinikum-hameln-pyrmont,sana-klinikum-hameln-pyrmont:80,80,1,0
0,sana-klinikum-hameln-pyrmont,sana-klinikum-hameln-pyrmont:82,82,1,0
0,sana-klinikum-hameln-pyrmont,sana-klinikum-hameln-pyrmont:84,84,1,0
0,sana-klinikum-hameln-pyrmont,sana-klinikum-hameln-pyrmont:85,85,1,0
0,sana-klinikum-hameln-pyrmont,sana-klinikum-hameln-pyrmont:86,86,1,0
2,sana-klinikum-hameln-pyrmont,sana-klinikum-hameln-pyrmont:87,87,2,0
1,sana-klinikum-hameln-pyrmont,sana-klinikum-hameln-pyrmont:89,89,2,0
0,sana-klinikum-hameln-pyrmont,sana-klinikum-hameln-pyrmont:91,91,1,0
5,sana-klinikum-hameln-pyrmont,sana-klinikum-hameln-pyrmont:93,93,1,0
3,sana-klinikum-hameln-pyrmont,sana-klinikum-hameln-pyrmont:96,96,1,0
0,sana-klinikum-hameln-pyrmont,sana-klinikum-hameln-pyrmont:98,98,1,0
0,sana-klinikum-hameln-pyrmont,sana-klinikum-hameln-pyrmont:99,99,1,0
0,sana-klinikum-hameln-pyrmont,sana-klinikum-hameln-pyrmont:101,101,1,0
2,sana-klinikum-hameln-pyrmont,sana-klinikum-hameln-pyrmont:102,102,1,0
2,sana-klinikum-hameln-pyrmont,sana-klinikum-hameln-pyrmont:106,106,1,0
1,sana-klinikum-hameln-pyrmont,sana-klinikum-hameln-pyrmont:107,107,1,0
2,sana-klinikum-hameln-pyrmont,sana-klinikum-hameln-pyrmont:110,110,1,0
10,sana-klinikum-hameln-pyrmont,sana-klinikum-hameln-pyrmont:112,112,1,0
0,sana-klinikum-hameln-pyrmont,sana-klinikum-hameln-pyrmont:113,113,2,0
1,sana-klinikum-hameln-pyrmont,sana-klinikum-hameln-pyrmont:114,114,1,0
0,sana-klinikum-hameln-pyrmont,sana-klinikum-hameln-pyrmont:116,116,1,0
29,sana-klinikum-hameln-pyrmont,sana-klinikum-hameln-pyrmont:118,118,1,0
19,sana-klinikum-hameln-pyrmont,sana-klinikum-hameln-pyrmont:119,119,1,0
0,sana-klinikum-hameln-pyrmont,sana-klinikum-hameln-pyrmont:120,120,1,0
19,sana-klinikum-hameln-pyrmont,sana-klinikum-hameln-pyrmont:121,121,1,0
4,sana-klinikum-hameln-pyrmont,sana-klinikum-hameln-pyrmont:123,123,1,0
0,sana-klinikum-hameln-pyrmont,sana-klinikum-hameln-pyrmont:125,125,1,0
8,sana-klinikum-hameln-pyrmont,sana-klinikum-hameln-pyrmont:126,126,1,0
10,sana-klinikum-hameln-pyrmont,sana-klinikum-hameln-pyrmont:127,127,1,0
7,sana-klinikum-hameln-pyrmont,sana-klinikum-hameln-pyrmont:131,131,1,0
10,sana-klinikum-hameln-pyrmont,sana-klinikum-hameln-pyrmont:132,132,1,0
16,sana-klinikum-hameln-pyrmont,sana-klinikum-hameln-pyrmont:134,134,1,0
8,sana-klinikum-hameln-pyrmont,sana-klinikum-hameln-pyrmont:139,139,1,0
10,sana-klinikum-hameln-pyrmont,sana-klinikum-hameln-pyrmont:141,141,2,0
11,sana-klinikum-hameln-pyrmont,sana-klinikum-hameln-pyrmont:145,145,1,0
15,sana-klinikum-hameln-pyrmont,sana-klinikum-hameln-pyrmont:147,147,1,0
5,sana-klinikum-hameln-pyrmont,sana-klinikum-hameln-pyrmont:148,148,1,0
18,sana-klinikum-hameln-pyrmont,sana-klinikum-hameln-pyrmont:150,150,1,0
12,sana-klinikum-hameln-pyrmont,sana-klinikum-hameln-pyrmont:154,154,1,0
0,sana-klinikum-hameln-pyrmont,sana-klinikum-hameln-pyrmont:155,155,1,0
20,sana-klinikum-hameln-pyrmont,sana-klinikum-hameln-pyrmont:158,158,1,0
4,sana-klinikum-hameln-pyrmont,sana-klinikum-hameln-pyrmont:163,163,1,0
20,sana-klinikum-hameln-pyrmont,sana-klinikum-hameln-pyrmont:165,165,1,0
16,sana-klinikum-hameln-pyrmont,sana-klinikum-hameln-pyrmont:167,167,1,0
10,sana-klinikum-hameln-pyrmont,sana-klinikum-hameln-pyrmont:171,171,1,0
4,sana-klinikum-hameln-pyrmont,sana-klinikum-hameln-pyrmont:172,172,1,0
9,sana-klinikum-hameln-pyrmont,sana-klinikum-hameln-pyrmont:173,173,1,0
8,sana-klinikum-hameln-pyrmont,sana-klinikum-hameln-pyrmont:175,175,1,0
22,sana-klinikum-hameln-pyrmont,sana-klinikum-hameln-pyrmont:176,176,1,0
19,sana-klinikum-hameln-pyrmont,sana-klinikum-hameln-pyrmont:178,178,1,0
18,sana-klinikum-hameln-pyrmont,sana-klinikum-hameln-pyrmont:179,179,1,0
13,sana-klinikum-hameln-pyrmont,sana-klinikum-hameln-pyrmont:180,180,1,0
13,sana-klinikum-hameln-pyrmont,sana-klinikum-hameln-pyrmont:182,182,1,0
4,sana-klinikum-hameln-pyrmont,sana-klinikum-hameln-pyrmont:183,183,1,0
14,sana-klinikum-hameln-pyrmont,sana-klinikum-hameln-pyrmont:185,185,2,0
18,sana-klinikum-hameln-pyrmont,sana-klinikum-hameln-pyrmont:186,186,1,0
10,sana-klinikum-hameln-pyrmont,sana-klinikum-hameln-pyrmont:187,187,1,0
8,sana-klinikum-hameln-pyrmont,sana-klinikum-hameln-pyrmont:191,191,1,0
28,sana-klinikum-hameln-pyrmont,sana-klinikum-hameln-pyrmont:192,192,1,0
12,sana-klinikum-hameln-pyrmont,sana-klinikum-hameln-pyrmont:196,196,1,0
4,sana-klinikum-hameln-pyrmont,sana-klinikum-hameln-pyrmont:197,197,1,0
12,sana-klinikum-hameln-pyrmont,sana-klinikum-hameln-pyrmont:198,198,1,0
10,sana-klinikum-hameln-pyrmont,sana-klinikum-hameln-pyrmont:199,199,1,0
6,sana-klinikum-hameln-pyrmont,sana-klinikum-hameln-pyrmont:202,202,1,0
0,sana-klinikum-hameln-pyrmont,sana-klinikum-hameln-pyrmont:203,203,1,0
7,sana-klinikum-hameln-pyrmont,sana-klinikum-hameln-pyrmont:205,205,1,0
16,sana-klinikum-hameln-pyrmont,sana-klinikum-hameln-pyrmont:206,206,1,0
11,sana-klinikum-hameln-pyrmont,sana-klinikum-hameln-pyrmont:207,207,1,0
5,sana-klinikum-hameln-pyrmont,sana-klinikum-hameln-pyrmont:209,209,1,0
9,sana-klinikum-hameln-pyrmont,sana-klinikum-hameln-pyrmont:211,211,1,0
3,sana-klinikum-hameln-pyrmont,sana-klinikum-hameln-pyrmont:212,212,2,0
8,sana-klinikum-hameln-pyrmont,sana-klinikum-hameln-pyrmont:214,214,1,0
12,sana-klinikum-hameln-pyrmont,sana-klinikum-hameln-pyrmont:215,215,1,0
8,sana-klinikum-hameln-pyrmont,sana-klinikum-hameln-pyrmont:220,220,1,0
6,sana-klinikum-hameln-pyrmont,sana-klinikum-hameln-pyrmont:222,222,1,0
9,sana-klinikum-hameln-pyrmont,sana-klinikum-hameln-pyrmont:223,223,1,0
0,sana-klinikum-hameln-pyrmont,sana-klinikum-hameln-pyrmont:225,225,1,0
0,sana-klinikum-hameln-pyrmont,sana-klinikum-hameln-pyrmont:227,227,1,0
11,sana-klinikum-hameln-pyrmont,sana-klinikum-hameln-pyrmont:228,228,1,0
6,sana-klinikum-hameln-pyrmont,sana-klinikum-hameln-pyrmont:229,229,1,0
21,sana-klinikum-hameln-pyrmont,sana-klinikum-hameln-pyrmont:231,231,1,0
9,sana-klinikum-hameln-pyrmont,sana-klinikum-hameln-pyrmont:232,232,1,0
8,sana-klinikum-hameln-pyrmont,sana-klinikum-hameln-pyrmont:234,234,1,0
11,sana-klinikum-hameln-pyrmont,sana-klinikum-hameln-pyrmont:236,236,1,0
14,sana-klinikum-hameln-pyrmont,sana-klinikum-hameln-pyrmont:239,239,1,0
10,sana-klinikum-hameln-pyrmont,sana-klinikum-hameln-pyrmont:241,241,1,0
0,sana-klinikum-hameln-pyrmont,sana-klinikum-hameln-pyrmont:243,243,1,0
12,sana-klinikum-hameln-pyrmont,sana-klinikum-hameln-pyrmont:244,244,1,0
14,sana-klinikum-hameln-pyrmont,sana-klinikum-hameln-pyrmont:245,245,1,0
10,sana-klinikum-hameln-pyrmont,sana-klinikum-hameln-pyrmont:251,251,1,0
10,sana-klinikum-hameln-pyrmont,sana-klinikum-hameln-pyrmont:252,252,1,0
14,sana-klinikum-hameln-pyrmont,sana-klinikum-hameln-pyrmont:255,255,1,0
4,sana-klinikum-hameln-pyrmont,sana-klinikum-hameln-pyrmont:256,256,1,0
11,sana-klinikum-hameln-pyrmont,sana-klinikum-hameln-pyrmont:257,257,1,0
1,sana-klinikum-hameln-pyrmont,sana-klinikum-hameln-pyrmont:261,261,2,0
4,sana-klinikum-hameln-pyrmont,sana-klinikum-hameln-pyrmont:262,262,1,0
12,sana-klinikum-hameln-pyrmont,sana-klinikum-hameln-pyrmont:265,265,1,0
5,sana-klinikum-hameln-pyrmont,sana-klinikum-hameln-pyrmont:269,269,1,0
5,sana-klinikum-hameln-pyrmont,sana-klinikum-hameln-pyrmont:271,271,1,0
11,sana-klinikum-hameln-pyrmont,sana-klinikum-hameln-pyrmont:273,273,1,0
6,sana-klinikum-hameln-pyrmont,sana-klinikum-hameln-pyrmont:274,274,1,0
9,sana-klinikum-hameln-pyrmont,sana-klinikum-hameln-pyrmont:275,275,1,0
9,sana-klinikum-hameln-pyrmont,sana-klinikum-hameln-pyrmont:276,276,1,0
10,sana-klinikum-hameln-pyrmont,sana-klinikum-hameln-pyrmont:277,277,1,0
5,sana-klinikum-hameln-pyrmont,sana-klinikum-hameln-pyrmont:279,279,1,0
9,sana-klinikum-hameln-pyrmont,sana-klinikum-hameln-pyrmont:281,281,1,0
7,sana-klinikum-hameln-pyrmont,sana-klinikum-hameln-pyrmont:282,282,1,0
5,sana-klinikum-hameln-pyrmont,sana-klinikum-hameln-pyrmont:285,285,1,0
5,sana-klinikum-hameln-pyrmont,sana-klinikum-hameln-pyrmont:286,286,1,0
4,sana-klinikum-hameln-pyrmont,sana-klinikum-hameln-pyrmont:289,289,1,0
3,sana-klinikum-hameln-pyrmont,sana-klinikum-hameln-pyrmont:292,292,2,0
3,sana-klinikum-hameln-pyrmont,sana-klinikum-hameln-pyrmont:294,294,1,0
1,sana-klinikum-hameln-pyrmont,sana-klinikum-hameln-pyrmont:295,295,2,0
1,sana-klinikum-hameln-pyrmont,sana-klinikum-hameln-pyrmont:297,297,1,0
6,sana-klinikum-hameln-pyrmont,sana-klinikum-hameln-pyrmont:298,298,1,0
4,sana-klinikum-hameln-pyrmont,sana-klinikum-hameln-pyrmont:299,299,1,0
0,sana-klinikum-hameln-pyrmont,sana-klinikum-hameln-pyrmont:301,301,2,0
5,sana-klinikum-hameln-pyrmont,sana-klinikum-hameln-pyrmont:302,302,1,0
4,sana-klinikum-hameln-pyrmont,sana-klinikum-hameln-pyrmont:306,306,1,0
0,sana-klinikum-hameln-pyrmont,sana-klinikum-hameln-pyrmont:307,307,1,0
8,sana-klinikum-hameln-pyrmont,sana-klinikum-hameln-pyrmont:308,308,1,0
4,sana-klinikum-hameln-pyrmont,sana-klinikum-hameln-pyrmont:309,309,1,0
9,sana-klinikum-hameln-pyrmont,sana-klinikum-hameln-pyrmont:311,311,1,0
1,sana-klinikum-hameln-pyrmont,sana-klinikum-hameln-pyrmont:312,312,1,0
8,sana-klinikum-hameln-pyrmont,sana-klinikum-hameln-pyrmont:314,314,1,0
0,sana-klinikum-hameln-pyrmont,sana-klinikum-hameln-pyrmont:315,315,1,0
6,sana-klinikum-hameln-pyrmont,sana-klinikum-hameln-pyrmont:317,317,1,0
8,sana-klinikum-hameln-pyrmont,sana-klinikum-hameln-pyrmont:318,318,1,0
7,sana-klinikum-hameln-pyrmont,sana-klinikum-hameln-pyrmont:319,319,1,0
5,sana-klinikum-hameln-pyrmont,sana-klinikum-hameln-pyrmont:322,322,1,0
8,sana-klinikum-hameln-pyrmont,sana-klinikum-hameln-pyrmont:324,324,1,0
10,sana-klinikum-hameln-pyrmont,sana-klinikum-hameln-pyrmont:325,325,1,0
4,sana-klinikum-hameln-pyrmont,sana-klinikum-hameln-pyrmont:326,326,1,0
7,sana-klinikum-hameln-pyrmont,sana-klinikum-hameln-pyrmont:329,329,1,0
14,sana-klinikum-hameln-pyrmont,sana-klinikum-hameln-pyrmont:330,330,1,0
1,sana-klinikum-hameln-pyrmont,sana-klinikum-hameln-pyrmont:332,332,1,0
10,sana-klinikum-hameln-pyrmont,sana-klinikum-hameln-pyrmont:333,333,1,0
8,sana-klinikum-hameln-pyrmont,sana-klinikum-hameln-pyrmont:334,334,1,0
7,sana-klinikum-hameln-pyrmont,sana-klinikum-hameln-pyrmont:335,335,1,0
12,sana-klinikum-hameln-pyrmont,sana-klinikum-hameln-pyrmont:337,337,1,0
7,sana-klinikum-hameln-pyrmont,sana-klinikum-hameln-pyrmont:338,338,1,0
2,sana-klinikum-hameln-pyrmont,sana-klinikum-hameln-pyrmont:339,339,1,0
4,sana-klinikum-hameln-pyrmont,sana-klinikum-hameln-pyrmont:340,340,1,0
8,sana-klinikum-hameln-pyrmont,sana-klinikum-hameln-pyrmont:341,341,1,0
11,sana-klinikum-hameln-pyrmont,sana-klinikum-hameln-pyrmont:344,344,1,0
9,sana-klinikum-hameln-pyrmont,sana-klinikum-hameln-pyrmont:347,347,1,0
4,sana-klinikum-hameln-pyrmont,sana-klinikum-hameln-pyrmont:348,348,1,0
2,sana-klinikum-hameln-pyrmont,sana-klinikum-hameln-pyrmont:350,350,1,0
0,sana-klinikum-hameln-pyrmont,sana-klinikum-hameln-pyrmont:352,352,1,0
2,sana-klinikum-hameln-pyrmont,sana-klinikum-hameln-pyrmont:353,353,1,0
0,sana-klinikum-hameln-pyrmont,sana-klinikum-hameln-pyrmont:357,357,1,0
15,sana-klinikum-hameln-pyrmont,sana-klinikum-hameln-pyrmont:358,358,1,0
6,sana-klinikum-hameln-pyrmont,sana-klinikum-hameln-pyrmont:359,359,1,0
1,sana-klinikum-hameln-pyrmont,sana-klinikum-hameln-pyrmont:360,360,2,0
0,sana-klinikum-hameln-pyrmont,sana-klinikum-hameln-pyrmont:363,363,1,0
3,sana-klinikum-hameln-pyrmont,sana-klinikum-hameln-pyrmont:364,364,1,0
8,sana-klinikum-hameln-pyrmont,sana-klinikum-hameln-pyrmont:365,365,1,0
4,sana-klinikum-hameln-pyrmont,sana-klinikum-hameln-pyrmont:366,366,1,0
7,sana-klinikum-hameln-pyrmont,sana-klinikum-hameln-pyrmont:369,369,1,0
8,sana-klinikum-hameln-pyrmont,sana-klinikum-hameln-pyrmont:374,374,1,0
4,sana-klinikum-hameln-pyrmont,sana-klinikum-hameln-pyrmont:375,375,1,0
5,sana-klinikum-hameln-pyrmont,sana-klinikum-hameln-pyrmont:376,376,1,0
6,sana-klinikum-hameln-pyrmont,sana-klinikum-hameln-pyrmont:377,377,2,0
5,sana-klinikum-hameln-pyrmont,sana-klinikum-hameln-pyrmont:379,379,1,0
3,sana-klinikum-hameln-pyrmont,sana-klinikum-hameln-pyrmont:381,381,1,0
7,sana-klinikum-hameln-pyrmont,sana-klinikum-hameln-pyrmont:382,382,1,0
10,sana-klinikum-hameln-pyrmont,sana-klinikum-hameln-pyrmont:383,383,1,0
2,sana-klinikum-hameln-pyrmont,sana-klinikum-hameln-pyrmont:385,385,1,0
9,sana-klinikum-hameln-pyrmont,sana-klinikum-hameln-pyrmont:386,386,1,0
0,sana-klinikum-hameln-pyrmont,sana-klinikum-hameln-pyrmont:387,387,1,0
3,sana-klinikum-hameln-pyrmont,sana-klinikum-hameln-pyrmont:388,388,1,0
0,sana-klinikum-hameln-pyrmont,sana-klinikum-hameln-pyrmont:390,390,1,0
6,sana-klinikum-hameln-pyrmont,sana-klinikum-hameln-pyrmont:391,391,1,0
4,sana-klinikum-hameln-pyrmont,sana-klinikum-hameln-pyrmont:393,393,1,0
10,sana-klinikum-hameln-pyrmont,sana-klinikum-hameln-pyrmont:395,395,1,0
7,sana-klinikum-hameln-pyrmont,sana-klinikum-hameln-pyrmont:396,396,1,0
2,sana-klinikum-hameln-pyrmont,sana-klinikum-hameln-pyrmont:397,397,1,0
9,sana-klinikum-hameln-pyrmont,sana-klinikum-hameln-pyrmont:399,399,1,0
8,sana-klinikum-hameln-pyrmont,sana-klinikum-hameln-pyrmont:402,402,1,0
2,sana-klinikum-hameln-pyrmont,sana-klinikum-hameln-pyrmont:403,403,1,0
7,sana-klinikum-hameln-pyrmont,sana-klinikum-hameln-pyrmont:406,406,1,0
3,sana-klinikum-hameln-pyrmont,sana-klinikum-hameln-pyrmont:407,407,1,0
6,sana-klinikum-hameln-pyrmont,sana-klinikum-hameln-pyrmont:409,409,1,0
1,sana-klinikum-hameln-pyrmont,sana-klinikum-hameln-pyrmont:410,410,1,0
9,sana-klinikum-hameln-pyrmont,sana-klinikum-hameln-pyrmont:411,411,1,0
7,sana-klinikum-hameln-pyrmont,sana-klinikum-hameln-pyrmont:415,415,1,0
5,sana-klinikum-hameln-pyrmont,sana-klinikum-hameln-pyrmont:417,417,1,0
0,sana-klinikum-hameln-pyrmont,sana-klinikum-hameln-pyrmont:418,418,1,0
3,sana-klinikum-hameln-pyrmont,sana-klinikum-hameln-pyrmont:419,419,1,0
2,sana-klinikum-hameln-pyrmont,sana-klinikum-hameln-pyrmont:420,420,1,0
4,sana-klinikum-hameln-pyrmont,sana-klinikum-hameln-pyrmont:423,423,1,0
2,sana-klinikum-hameln-pyrmont,sana-klinikum-hameln-pyrmont:424,424,1,0
4,sana-klinikum-hameln-pyrmont,sana-klinikum-hameln-pyrmont:425,425,1,0
7,sana-klinikum-hameln-pyrmont,sana-klinikum-hameln-pyrmont:426,426,1,0
4,sana-klinikum-hameln-pyrmont,sana-klinikum-hameln-pyrmont:429,429,1,0
3,sana-klinikum-hameln-pyrmont,sana-klinikum-hameln-pyrmont:430,430,1,0
5,sana-klinikum-hameln-pyrmont,sana-klinikum-hameln-pyrmont:431,431,1,0
5,sana-klinikum-hameln-pyrmont,sana-klinikum-hameln-pyrmont:432,432,1,0
2,sana-klinikum-hameln-pyrmont,sana-klinikum-hameln-pyrmont:433,433,1,0
6,sana-klinikum-hameln-pyrmont,sana-klinikum-hameln-pyrmont:436,436,1,0
0,sana-klinikum-hameln-pyrmont,sana-klinikum-hameln-pyrmont:437,437,1,0
4,sana-klinikum-hameln-pyrmont,sana-klinikum-hameln-pyrmont:438,438,1,0
1,sana-klinikum-hameln-pyrmont,sana-klinikum-hameln-pyrmont:441,441,2,0
6,sana-klinikum-hameln-pyrmont,sana-klinikum-hameln-pyrmont:442,442,1,0
3,sana-klinikum-hameln-pyrmont,sana-klinikum-hameln-pyrmont:445,445,1,0
7,sana-klinikum-hameln-pyrmont,sana-klinikum-hameln-pyrmont:448,448,1,0
0,sana-klinikum-hameln-pyrmont,sana-klinikum-hameln-pyrmont:451,451,2,0
1,sana-klinikum-hameln-pyrmont,sana-klinikum-hameln-pyrmont:454,454,2,0
2,sana-klinikum-hameln-pyrmont,sana-klinikum-hameln-pyrmont:456,456,1,0
3,sana-klinikum-hameln-pyrmont,sana-klinikum-hameln-pyrmont:457,457,1,0
3,sana-klinikum-hameln-pyrmont,sana-klinikum-hameln-pyrmont:459,459,1,0
1,sana-klinikum-hameln-pyrmont,sana-klinikum-hameln-pyrmont:461,461,1,0
2,sana-klinikum-hameln-pyrmont,sana-klinikum-hameln-pyrmont:462,462,1,0
1,sana-klinikum-hameln-pyrmont,sana-klinikum-hameln-pyrmont:463,463,1,0
5,sana-klinikum-hameln-pyrmont,sana-klinikum-hameln-pyrmont:465,465,1,0
5,sana-klinikum-hameln-pyrmont,sana-klinikum-hameln-pyrmont:467,467,1,0
2,sana-klinikum-hameln-pyrmont,sana-klinikum-hameln-pyrmont:468,468,1,0
2,sana-klinikum-hameln-pyrmont,sana-klinikum-hameln-pyrmont:469,469,1,0
3,sana-klinikum-hameln-pyrmont,sana-klinikum-hameln-pyrmont:470,470,1,0
1,sana-klinikum-hameln-pyrmont,sana-klinikum-hameln-pyrmont:471,471,1,0
2,sana-klinikum-hameln-pyrmont,sana-klinikum-hameln-pyrmont:474,474,1,0
4,sana-klinikum-hameln-pyrmont,sana-klinikum-hameln-pyrmont:475,475,1,0
2,sana-klinikum-hameln-pyrmont,sana-klinikum-hameln-pyrmont:478,478,1,0
5,sana-klinikum-hameln-pyrmont,sana-klinikum-hameln-pyrmont:479,479,1,0
2,sana-klinikum-hameln-pyrmont,sana-klinikum-hameln-pyrmont:481,481,1,0
4,sana-klinikum-hameln-pyrmont,sana-klinikum-hameln-pyrmont:484,484,1,0
0,sana-klinikum-hameln-pyrmont,sana-klinikum-hameln-pyrmont:485,485,1,0
6,sana-klinikum-hameln-pyrmont,sana-klinikum-hameln-pyrmont:486,486,1,0
0,sana-klinikum-hameln-pyrmont,sana-klinikum-hameln-pyrmont:488,488,1,0
2,sana-klinikum-hameln-pyrmont,sana-klinikum-hameln-pyrmont:489,489,1,0
4,sana-klinikum-hameln-pyrmont,sana-klinikum-hameln-pyrmont:490,490,1,0
4,sana-klinikum-hameln-pyrmont,sana-klinikum-hameln-pyrmont:492,492,1,0
6,sana-klinikum-hameln-pyrmont,sana-klinikum-hameln-pyrmont:493,493,1,0
0,sana-klinikum-hameln-pyrmont,sana-klinikum-hameln-pyrmont:494,494,1,0
2,sana-klinikum-hameln-pyrmont,sana-klinikum-hameln-pyrmont:495,495,1,0
3,sana-klinikum-hameln-pyrmont,sana-klinikum-hameln-pyrmont:496,496,1,0
1,sana-klinikum-hameln-pyrmont,sana-klinikum-hameln-pyrmont:497,497,1,0
9,sana-klinikum-hameln-pyrmont,sana-klinikum-hameln-pyrmont:499,499,1,0
0,sana-klinikum-hameln-pyrmont,sana-klinikum-hameln-pyrmont:500,500,1,0
0,sana-klinikum-hameln-pyrmont,sana-klinikum-hameln-pyrmont:502,502,1,0
1,sana-klinikum-hameln-pyrmont,sana-klinikum-hameln-pyrmont:503,503,1,0
3,sana-klinikum-hameln-pyrmont,sana-klinikum-hameln-pyrmont:505,505,1,0
4,sana-klinikum-hameln-pyrmont,sana-klinikum-hameln-pyrmont:506,506,1,0
3,sana-klinikum-hameln-pyrmont,sana-klinikum-hameln-pyrmont:509,509,1,0
0,sana-klinikum-hameln-pyrmont,sana-klinikum-hameln-pyrmont:511,511,1,0
0,sana-klinikum-hameln-pyrmont,sana-klinikum-hameln-pyrmont:512,512,1,0
5,sana-klinikum-hameln-pyrmont,sana-klinikum-hameln-pyrmont:515,515,1,0
0,sana-klinikum-hameln-pyrmont,sana-klinikum-hameln-pyrmont:516,516,2,0
3,sana-klinikum-hameln-pyrmont,sana-klinikum-hameln-pyrmont:517,517,1,0
0,sana-klinikum-hameln-pyrmont,sana-klinikum-hameln-pyrmont:523,523,1,0
0,sana-klinikum-hameln-pyrmont,sana-klinikum-hameln-pyrmont:527,527,1,0
3,sana-klinikum-hameln-pyrmont,sana-klinikum-hameln-pyrmont:529,529,1,0
2,sana-klinikum-hameln-pyrmont,sana-klinikum-hameln-pyrmont:531,531,1,0
4,sana-klinikum-hameln-pyrmont,sana-klinikum-hameln-pyrmont:534,534,1,0
5,sana-klinikum-hameln-pyrmont,sana-klinikum-hameln-pyrmont:537,537,1,0
4,sana-klinikum-hameln-pyrmont,sana-klinikum-hameln-pyrmont:538,538,1,0
1,sana-klinikum-hameln-pyrmont,sana-klinikum-hameln-pyrmont:539,539,1,0
2,sana-klinikum-hameln-pyrmont,sana-klinikum-hameln-pyrmont:540,540,1,0
1,sana-klinikum-hameln-pyrmont,sana-klinikum-hameln-pyrmont:541,541,1,0
4,sana-klinikum-hameln-pyrmont,sana-klinikum-hameln-pyrmont:543,543,1,0
6,sana-klinikum-hameln-pyrmont,sana-klinikum-hameln-pyrmont:544,544,1,0
0,sana-klinikum-hameln-pyrmont,sana-klinikum-hameln-pyrmont:550,550,1,0
3,sana-klinikum-hameln-pyrmont,sana-klinikum-hameln-pyrmont:552,552,1,0
1,sana-klinikum-hameln-pyrmont,sana-klinikum-hameln-pyrmont:554,554,1,0
3,sana-klinikum-hameln-pyrmont,sana-klinikum-hameln-pyrmont:555,555,1,0
3,sana-klinikum-hameln-pyrmont,sana-klinikum-hameln-pyrmont:556,556,1,0
3,sana-klinikum-hameln-pyrmont,sana-klinikum-hameln-pyrmont:557,557,1,0
3,sana-klinikum-hameln-pyrmont,sana-klinikum-hameln-pyrmont:561,561,1,0
4,sana-klinikum-hameln-pyrmont,sana-klinikum-hameln-pyrmont:562,562,1,0
3,sana-klinikum-hameln-pyrmont,sana-klinikum-hameln-pyrmont:563,563,1,0
4,sana-klinikum-hameln-pyrmont,sana-klinikum-hameln-pyrmont:565,565,1,0
1,sana-klinikum-hameln-pyrmont,sana-klinikum-hameln-pyrmont:568,568,1,0
3,sana-klinikum-hameln-pyrmont,sana-klinikum-hameln-pyrmont:569,569,1,0
0,sana-klinikum-hameln-pyrmont,sana-klinikum-hameln-pyrmont:571,571,1,0
2,sana-klinikum-hameln-pyrmont,sana-klinikum-hameln-pyrmont:573,573,1,0
4,sana-klinikum-hameln-pyrmont,sana-klinikum-hameln-pyrmont:574,574,1,0
0,sana-klinikum-hameln-pyrmont,sana-klinikum-hameln-pyrmont:575,575,1,0
1,sana-klinikum-hameln-pyrmont,sana-klinikum-hameln-pyrmont:578,578,1,0
0,sana-klinikum-hameln-pyrmont,sana-klinikum-hameln-pyrmont:579,579,1,0
1,sana-klinikum-hameln-pyrmont,sana-klinikum-hameln-pyrmont:580,580,1,0
2,sana-klinikum-hameln-pyrmont,sana-klinikum-hameln-pyrmont:582,582,1,0
1,sana-klinikum-hameln-pyrmont,sana-klinikum-hameln-pyrmont:583,583,1,0
0,sana-klinikum-hameln-pyrmont,sana-klinikum-hameln-pyrmont:584,584,1,0
2,sana-klinikum-hameln-pyrmont,sana-klinikum-hameln-pyrmont:587,587,1,0
1,sana-klinikum-hameln-pyrmont,sana-klinikum-hameln-pyrmont:588,588,2,0
1,sana-klinikum-hameln-pyrmont,sana-klinikum-hameln-pyrmont:590,590,1,0
0,sana-klinikum-hameln-pyrmont,sana-klinikum-hameln-pyrmont:591,591,1,0
1,sana-klinikum-hameln-pyrmont,sana-klinikum-hameln-pyrmont:594,594,1,0
0,sana-klinikum-hameln-pyrmont,sana-klinikum-hameln-pyrmont:595,595,1,0
0,sana-klinikum-hameln-pyrmont,sana-klinikum-hameln-pyrmont:596,596,2,0
0,sana-klinikum-hameln-pyrmont,sana-klinikum-hameln-pyrmont:598,598,1,0
0,sana-klinikum-hameln-pyrmont,sana-klinikum-hameln-pyrmont:599,599,2,0
0,sana-klinikum-hameln-pyrmont,sana-klinikum-hameln-pyrmont:601,601,1,0
0,sana-klinikum-hameln-pyrmont,sana-klinikum-hameln-pyrmont:602,602,2,0
0,sana-klinikum-hameln-pyrmont,sana-klinikum-hameln-pyrmont:603,603,1,0
0,sana-klinikum-hameln-pyrmont,sana-klinikum-hameln-pyrmont:604,604,1,0
0,sana-klinikum-hameln-pyrmont,sana-klinikum-hameln-pyrmont:605,605,1,0
0,sana-klinikum-hameln-pyrmont,sana-klinikum-hameln-pyrmont:606,606,1,0
0,sana-klinikum-hameln-pyrmont,sana-klinikum-hameln-pyrmont:609,609,2,0
0,sana-klinikum-hameln-pyrmont,sana-klinikum-hameln-pyrmont:615,615,1,0
0,sana-klinikum-hameln-pyrmont,sana-klinikum-hameln-pyrmont:619,619,1,0
0,sana-klinikum-hameln-pyrmont,sana-klinikum-hameln-pyrmont:620,620,2,0
1,sana-klinikum-hameln-pyrmont,sana-klinikum-hameln-pyrmont:624,624,1,0
1,schuechtermann-klinik,schuechtermann-klinik:4,4,1,0
0,schuechtermann-klinik,schuechtermann-klinik:7,7,1,0
0,schuechtermann-klinik,schuechtermann-klinik:9,9,1,0
0,schuechtermann-klinik,schuechtermann-klinik:19,19,2,0
1,schuechtermann-klinik,schuechtermann-klinik:33,33,1,0
3,schuechtermann-klinik,schuechtermann-klinik:42,42,2,0
2,schuechtermann-klinik,schuechtermann-klinik:50,50,1,0
10,schuechtermann-klinik,schuechtermann-klinik:72,72,1,0
14,schuechtermann-klinik,schuechtermann-klinik:73,73,2,0
3,schuechtermann-klinik,schuechtermann-klinik:79,79,2,0
10,schuechtermann-klinik,schuechtermann-klinik:124,124,1,0
0,schuechtermann-klinik,schuechtermann-klinik:143,143,2,0
0,st-bernward-krankenhaus,st-bernward-krankenhaus:13,13,1,0
0,st-bernward-krankenhaus,st-bernward-krankenhaus:15,15,1,0
0,st-bernward-krankenhaus,st-bernward-krankenhaus:19,19,1,0
0,st-bernward-krankenhaus,st-bernward-krankenhaus:21,21,1,0
0,st-bernward-krankenhaus,st-bernward-krankenhaus:24,24,2,0
0,st-bernward-krankenhaus,st-bernward-krankenhaus:27,27,1,0
0,st-bernward-krankenhaus,st-bernward-krankenhaus:35,35,1,0
0,st-bernward-krankenhaus,st-bernward-krankenhaus:37,37,1,0
0,st-bernward-krankenhaus,st-bernward-krankenhaus:43,43,1,0
0,st-bernward-krankenhaus,st-bernward-krankenhaus:45,45,1,0
0,st-bernward-krankenhaus,st-bernward-krankenhaus:59,59,1,0
0,st-bernward-krankenhaus,st-bernward-krankenhaus:63,63,1,0
0,st-bernward-krankenhaus,st-bernward-krankenhaus:66,66,1,0
0,st-bernward-krankenhaus,st-bernward-krankenhaus:73,73,1,0
0,st-bernward-krankenhaus,st-bernward-krankenhaus:74,74,1,0
0,st-bernward-krankenhaus,st-bernward-krankenhaus:75,75,2,0
0,st-bernward-krankenhaus,st-bernward-krankenhaus:77,77,1,0
0,st-bernward-krankenhaus,st-bernward-krankenhaus:83,83,1,0
5,st-bernward-krankenhaus,st-bernward-krankenhaus:86,86,1,1
0,st-bernward-krankenhaus,st-bernward-krankenhaus:87,87,1,0
0,st-bernward-krankenhaus,st-bernward-krankenhaus:89,89,1,0
0,st-bernward-krankenhaus,st-bernward-krankenhaus:93,93,1,0
0,st-bernward-krankenhaus,st-bernward-krankenhaus:94,94,1,0
0,st-bernward-krankenhaus,st-bernward-krankenhaus:99,99,1,0
1,st-bernward-krankenhaus,st-bernward-krankenhaus:103,103,1,0
0,st-bernward-krankenhaus,st-bernward-krankenhaus:104,104,1,0
3,st-bernward-krankenhaus,st-bernward-krankenhaus:106,106,1,0
0,st-bernward-krankenhaus,st-bernward-krankenhaus:107,107,1,0
0,st-bernward-krankenhaus,st-bernward-krankenhaus:113,113,1,0
0,st-bernward-krankenhaus,st-bernward-krankenhaus:114,114,1,0
1,st-bernward-krankenhaus,st-bernward-krankenhaus:120,120,1,0
0,st-bernward-krankenhaus,st-bernward-krankenhaus:123,123,1,0
1,st-bernward-krankenhaus,st-bernward-krankenhaus:127,127,1,0
0,st-bernward-krankenhaus,st-bernward-krankenhaus:128,128,1,0
0,st-bernward-krankenhaus,st-bernward-krankenhaus:133,133,1,0
5,st-bernward-krankenhaus,st-bernward-krankenhaus:134,134,2,0
1,st-bernward-krankenhaus,st-bernward-krankenhaus:141,141,1,0
2,st-bernward-krankenhaus,st-bernward-krankenhaus:146,146,1,0
0,st-bernward-krankenhaus,st-bernward-krankenhaus:147,147,1,0
1,st-bernward-krankenhaus,st-bernward-krankenhaus:159,159,1,0
7,st-bernward-krankenhaus,st-bernward-krankenhaus:166,166,2,0
0,st-bernward-krankenhaus,st-bernward-krankenhaus:168,168,1,0
6,st-bernward-krankenhaus,st-bernward-krankenhaus:180,180,1,0
3,st-bernward-krankenhaus,st-bernward-krankenhaus:181,181,1,0
3,st-bernward-krankenhaus,st-bernward-krankenhaus:186,186,1,0
1,st-bernward-krankenhaus,st-bernward-krankenhaus:188,188,1,0
5,st-bernward-krankenhaus,st-bernward-krankenhaus:200,200,1,0
1,st-bernward-krankenhaus,st-bernward-krankenhaus:201,201,1,0
1,st-bernward-krankenhaus,st-bernward-krankenhaus:206,206,1,0
3,st-bernward-krankenhaus,st-bernward-krankenhaus:209,209,1,0
15,st-bernward-krankenhaus,st-bernward-krankenhaus:210,210,1,0
2,st-bernward-krankenhaus,st-bernward-krankenhaus:213,213,1,0
7,st-bernward-krankenhaus,st-bernward-krankenhaus:216,216,1,1
5,st-bernward-krankenhaus,st-bernward-krankenhaus:218,218,1,0
7,st-bernward-krankenhaus,st-bernward-krankenhaus:221,221,1,0
2,st-bernward-krankenhaus,st-bernward-krankenhaus:227,227,1,0
7,st-bernward-krankenhaus,st-bernward-krankenhaus:228,228,1,0
11,st-bernward-krankenhaus,st-bernward-krankenhaus:231,231,1,0
2,st-bernward-krankenhaus,st-bernward-krankenhaus:232,232,1,0
1,st-bernward-krankenhaus,st-bernward-krankenhaus:237,237,1,0
0,st-bernward-krankenhaus,st-bernward-krankenhaus:238,238,2,0
2,st-bernward-krankenhaus,st-bernward-krankenhaus:240,240,1,1
3,st-bernward-krankenhaus,st-bernward-krankenhaus:243,243,2,0
10,st-bernward-krankenhaus,st-bernward-krankenhaus:248,248,1,0
3,st-bernward-krankenhaus,st-bernward-krankenhaus:261,261,2,0
2,st-bernward-krankenhaus,st-bernward-krankenhaus:262,262,1,0
1,st-bernward-krankenhaus,st-bernward-krankenhaus:271,271,1,0
5,st-bernward-krankenhaus,st-bernward-krankenhaus:273,273,1,0
17,st-bernward-krankenhaus,st-bernward-krankenhaus:274,274,1,0
4,st-bernward-krankenhaus,st-bernward-krankenhaus:275,275,1,0
7,st-bernward-krankenhaus,st-bernward-krankenhaus:276,276,1,0
6,st-bernward-krankenhaus,st-bernward-krankenhaus:278,278,2,0
7,st-bernward-krankenhaus,st-bernward-krankenhaus:279,279,1,0
10,st-bernward-krankenhaus,st-bernward-krankenhaus:280,280,1,0
1,st-bernward-krankenhaus,st-bernward-krankenhaus:282,282,1,0
9,st-bernward-krankenhaus,st-bernward-krankenhaus:283,283,1,0
13,st-bernward-krankenhaus,st-bernward-krankenhaus:285,285,1,0
3,st-bernward-krankenhaus,st-bernward-krankenhaus:286,286,2,0
9,st-bernward-krankenhaus,st-bernward-krankenhaus:291,291,1,0
7,st-bernward-krankenhaus,st-bernward-krankenhaus:292,292,1,0
4,st-bernward-krankenhaus,st-bernward-krankenhaus:293,293,1,0
10,st-bernward-krankenhaus,st-bernward-krankenhaus:294,294,1,0
10,st-bernward-krankenhaus,st-bernward-krankenhaus:296,296,1,0
3,st-bernward-krankenhaus,st-bernward-krankenhaus:300,300,1,0
3,st-bernward-krankenhaus,st-bernward-krankenhaus:302,302,1,0
14,st-bernward-krankenhaus,st-bernward-krankenhaus:304,304,1,0
5,st-bernward-krankenhaus,st-bernward-krankenhaus:306,306,1,0
1,st-bernward-krankenhaus,st-bernward-krankenhaus:307,307,1,0
9,st-bernward-krankenhaus,st-bernward-krankenhaus:308,308,1,0
0,st-bernward-krankenhaus,st-bernward-krankenhaus:310,310,2,0
2,st-bernward-krankenhaus,st-bernward-krankenhaus:311,311,2,0
5,st-bernward-krankenhaus,st-bernward-krankenhaus:312,312,1,0
7,st-bernward-krankenhaus,st-bernward-krankenhaus:314,314,1,0
5,st-bernward-krankenhaus,st-bernward-krankenhaus:316,316,1,0
4,st-bernward-krankenhaus,st-bernward-krankenhaus:317,317,1,0
8,st-bernward-krankenhaus,st-bernward-krankenhaus:320,320,1,0
1,st-bernward-krankenhaus,st-bernward-krankenhaus:322,322,2,0
4,st-bernward-krankenhaus,st-bernward-krankenhaus:324,324,1,0
7,st-bernward-krankenhaus,st-bernward-krankenhaus:325,325,1,0
7,st-bernward-krankenhaus,st-bernward-krankenhaus:327,327,1,0
9,st-bernward-krankenhaus,st-bernward-krankenhaus:329,329,1,0
8,st-bernward-krankenhaus,st-bernward-krankenhaus:331,331,1,0
4,st-bernward-krankenhaus,st-bernward-krankenhaus:332,332,2,0
6,st-bernward-krankenhaus,st-bernward-krankenhaus:333,333,1,0
3,st-bernward-krankenhaus,st-bernward-krankenhaus:339,339,1,0
2,st-bernward-krankenhaus,st-bernward-krankenhaus:342,342,1,0
4,st-bernward-krankenhaus,st-bernward-krankenhaus:344,344,1,0
2,st-bernward-krankenhaus,st-bernward-krankenhaus:345,345,1,0
5,st-bernward-krankenhaus,st-bernward-krankenhaus:350,350,1,0
0,st-bernward-krankenhaus,st-bernward-krankenhaus:351,351,2,0
0,st-bernward-krankenhaus,st-bernward-krankenhaus:355,355,2,0
4,st-bernward-krankenhaus,st-bernward-krankenhaus:356,356,1,0
3,st-bernward-krankenhaus,st-bernward-krankenhaus:363,363,1,0
3,st-bernward-krankenhaus,st-bernward-krankenhaus:365,365,1,0
12,st-bernward-krankenhaus,st-bernward-krankenhaus:373,373,1,0
2,st-bernward-krankenhaus,st-bernward-krankenhaus:374,374,1,0
2,st-bernward-krankenhaus,st-bernward-krankenhaus:375,375,2,0
7,st-bernward-krankenhaus,st-bernward-krankenhaus:376,376,2,0
2,st-bernward-krankenhaus,st-bernward-krankenhaus:378,378,1,0
0,st-bernward-krankenhaus,st-bernward-krankenhaus:383,383,1,0
4,st-bernward-krankenhaus,st-bernward-krankenhaus:388,388,1,0
3,st-bernward-krankenhaus,st-bernward-krankenhaus:389,389,1,0
9,st-bernward-krankenhaus,st-bernward-krankenhaus:391,391,1,0
13,st-bernward-krankenhaus,st-bernward-krankenhaus:392,392,1,0
3,st-bernward-krankenhaus,st-bernward-krankenhaus:396,396,1,0
5,st-bernward-krankenhaus,st-bernward-krankenhaus:399,399,1,0
1,st-bernward-krankenhaus,st-bernward-krankenhaus:400,400,1,0
5,st-bernward-krankenhaus,st-bernward-krankenhaus:404,404,1,0
0,st-bernward-krankenhaus,st-bernward-krankenhaus:410,410,1,0
8,st-bernward-krankenhaus,st-bernward-krankenhaus:413,413,1,0
4,st-bernward-krankenhaus,st-bernward-krankenhaus:421,421,1,0
7,st-bernward-krankenhaus,st-bernward-krankenhaus:422,422,1,0
3,st-bernward-krankenhaus,st-bernward-krankenhaus:423,423,1,0
2,st-bernward-krankenhaus,st-bernward-krankenhaus:430,430,1,0
1,st-bernward-krankenhaus,st-bernward-krankenhaus:432,432,2,0
4,st-bernward-krankenhaus,st-bernward-krankenhaus:435,435,1,0
2,st-bernward-krankenhaus,st-bernward-krankenhaus:444,444,1,0
0,st-bernward-krankenhaus,st-bernward-krankenhaus:448,448,1,0
0,st-bernward-krankenhaus,st-bernward-krankenhaus:449,449,1,0
8,st-bernward-krankenhaus,st-bernward-krankenhaus:451,451,1,0
2,st-bernward-krankenhaus,st-bernward-krankenhaus:452,452,1,0
5,st-bernward-krankenhaus,st-bernward-krankenhaus:455,455,1,0
2,st-bernward-krankenhaus,st-bernward-krankenhaus:459,459,1,0
0,st-bernward-krankenhaus,st-bernward-krankenhaus:460,460,1,0
0,st-bernward-krankenhaus,st-bernward-krankenhaus:474,474,2,0
0,st-bernward-krankenhaus,st-bernward-krankenhaus:478,478,1,0
2,st-bernward-krankenhaus,st-bernward-krankenhaus:479,479,1,0
1,st-bernward-krankenhaus,st-bernward-krankenhaus:481,481,2,0
4,st-bernward-krankenhaus,st-bernward-krankenhaus:484,484,2,0
2,st-bernward-krankenhaus,st-bernward-krankenhaus:486,486,1,0
1,st-bernward-krankenhaus,st-bernward-krankenhaus:494,494,1,0
4,st-bernward-krankenhaus,st-bernward-krankenhaus:499,499,1,0
0,st-bernward-krankenhaus,st-bernward-krankenhaus:503,503,1,0
0,st-bernward-krankenhaus,st-bernward-krankenhaus:506,506,1,0
0,st-bernward-krankenhaus,st-bernward-krankenhaus:512,512,1,0
0,st-bernward-krankenhaus,st-bernward-krankenhaus:515,515,1,0
0,st-bernward-krankenhaus,st-bernward-krankenhaus:517,517,1,0
0,st-bernward-krankenhaus,st-bernward-krankenhaus:518,518,1,0
5,st-bernward-krankenhaus,st-bernward-krankenhaus:522,522,1,0
0,st-bernward-krankenhaus,st-bernward-krankenhaus:523,523,1,0
0,st-bernward-krankenhaus,st-bernward-krankenhaus:525,525,1,0
4,st-bernward-krankenhaus,st-bernward-krankenhaus:528,528,1,0
0,st-bernward-krankenhaus,st-bernward-krankenhaus:530,530,2,0
0,st-bernward-krankenhaus,st-bernward-krankenhaus:546,546,2,0
3,st-bernward-krankenhaus,st-bernward-krankenhaus:548,548,1,0
0,st-johannes-hospital,st-johannes-hospital:3,3,1,0
0,st-johannes-hospital,st-johannes-hospital:9,9,1,0
0,st-johannes-hospital,st-johannes-hospital:14,14,1,0
0,st-johannes-hospital,st-johannes-hospital:16,16,2,0
0,st-johannes-hospital,st-johannes-hospital:19,19,1,0
0,st-johannes-hospital,st-johannes-hospital:24,24,1,0
0,st-johannes-hospital,st-johannes-hospital:28,28,1,0
0,st-johannes-hospital,st-johannes-hospital:30,30,1,0
0,st-johannes-hospital,st-johannes-hospital:32,32,1,0
0,st-johannes-hospital,st-johannes-hospital:33,33,2,0
1,st-johannes-hospital,st-johannes-hospital:34,34,1,0
0,st-johannes-hospital,st-johannes-hospital:37,37,1,0
0,st-johannes-hospital,st-johannes-hospital:41,41,1,0
0,st-johannes-hospital,st-johannes-hospital:46,46,1,0
0,st-johannes-hospital,st-johannes-hospital:48,48,1,0
0,st-johannes-hospital,st-johannes-hospital:59,59,1,0
0,st-johannes-hospital,st-johannes-hospital:65,65,1,0
0,st-johannes-hospital,st-johannes-hospital:69,69,1,0
0,st-johannes-hospital,st-johannes-hospital:73,73,1,0
0,st-johannes-hospital,st-johannes-hospital:76,76,2,0
0,st-johannes-hospital,st-johannes-hospital:78,78,1,0
0,st-johannes-hospital,st-johannes-hospital:79,79,1,0
0,st-johannes-hospital,st-johannes-hospital:88,88,1,0
0,st-johannes-hospital,st-johannes-hospital:90,90,2,0
4,st-johannes-hospital,st-johannes-hospital:96,96,1,0
0,st-johannes-hospital,st-johannes-hospital:97,97,1,0
0,st-johannes-hospital,st-johannes-hospital:101,101,1,0
4,st-johannes-hospital,st-johannes-hospital:105,105,1,0
0,st-johannes-hospital,st-johannes-hospital:110,110,1,0
0,st-johannes-hospital,st-johannes-hospital:111,111,2,0
1,st-johannes-hospital,st-johannes-hospital:116,116,2,0
17,st-johannes-hospital,st-johannes-hospital:118,118,1,0
0,st-johannes-hospital,st-johannes-hospital:123,123,1,0
3,st-johannes-hospital,st-johannes-hospital:126,126,1,0
0,st-johannes-hospital,st-johannes-hospital:128,128,2,0
0,st-johannes-hospital,st-johannes-hospital:130,130,1,0
0,st-johannes-hospital,st-johannes-hospital:131,131,2,0
2,st-johannes-hospital,st-johannes-hospital:136,136,2,0
6,st-johannes-hospital,st-johannes-hospital:139,139,1,0
3,st-johannes-hospital,st-johannes-hospital:143,143,1,0
0,st-johannes-hospital,st-johannes-hospital:147,147,1,0
1,st-johannes-hospital,st-johannes-hospital:150,150,1,0
4,st-johannes-hospital,st-johannes-hospital:158,158,2,0
8,st-johannes-hospital,st-johannes-hospital:159,159,1,0
0,st-johannes-hospital,st-johannes-hospital:160,160,1,0
4,st-johannes-hospital,st-johannes-hospital:161,161,1,0
0,st-johannes-hospital,st-johannes-hospital:163,163,1,0
2,st-johannes-hospital,st-johannes-hospital:166,166,1,0
0,st-johannes-hospital,st-johannes-hospital:168,168,2,0
7,st-johannes-hospital,st-johannes-hospital:172,172,1,0
0,st-johannes-hospital,st-johannes-hospital:174,174,2,0
4,st-johannes-hospital,st-johannes-hospital:179,179,1,0
1,st-johannes-hospital,st-johannes-hospital:181,181,1,0
1,st-johannes-hospital,st-johannes-hospital:183,183,1,0
3,st-johannes-hospital,st-johannes-hospital:191,191,1,0
1,st-johannes-hospital,st-johannes-hospital:192,192,1,0
0,st-johannes-hospital,st-johannes-hospital:193,193,1,0
20,st-johannes-hospital,st-johannes-hospital:195,195,1,0
13,st-johannes-hospital,st-johannes-hospital:196,196,1,0
2,st-johannes-hospital,st-johannes-hospital:206,206,1,0
12,st-johannes-hospital,st-johannes-hospital:211,211,1,0
3,st-johannes-hospital,st-johannes-hospital:213,213,1,0
0,st-johannes-hospital,st-johannes-hospital:214,214,1,0
7,st-johannes-hospital,st-johannes-hospital:217,217,1,0
4,st-johannes-hospital,st-johannes-hospital:218,218,1,0
3,st-johannes-hospital,st-johannes-hospital:222,222,1,0
0,st-johannes-hospital,st-johannes-hospital:227,227,2,0
21,st-johannes-hospital,st-johannes-hospital:228,228,1,0
0,st-johannes-hospital,st-johannes-hospital:229,229,2,0
6,st-johannes-hospital,st-johannes-hospital:230,230,1,0
2,st-johannes-hospital,st-johannes-hospital:232,232,1,0
6,st-johannes-hospital,st-johannes-hospital:233,233,1,0
3,st-johannes-hospital,st-johannes-hospital:234,234,1,0
4,st-johannes-hospital,st-johannes-hospital:235,235,2,0
2,st-johannes-hospital,st-johannes-hospital:237,237,2,0
9,st-johannes-hospital,st-johannes-hospital:238,238,1,0
2,st-johannes-hospital,st-johannes-hospital:240,240,1,0
4,st-johannes-hospital,st-johannes-hospital:246,246,2,0
2,st-johannes-hospital,st-johannes-hospital:250,250,1,0
0,st-johannes-hospital,st-johannes-hospital:255,255,1,0
2,st-johannes-hospital,st-johannes-hospital:258,258,1,0
13,st-johannes-hospital,st-johannes-hospital:259,259,1,0
0,st-johannes-hospital,st-johannes-hospital:264,264,1,0
2,st-johannes-hospital,st-johannes-hospital:265,265,2,0
5,st-johannes-hospital,st-johannes-hospital:266,266,1,0
4,st-johannes-hospital,st-johannes-hospital:268,268,1,0
7,st-johannes-hospital,st-johannes-hospital:269,269,1,0
4,st-johannes-hospital,st-johannes-hospital:272,272,1,0
0,st-johannes-hospital,st-johannes-hospital:274,274,1,0
4,st-johannes-hospital,st-johannes-hospital:275,275,1,0
3,st-johannes-hospital,st-johannes-hospital:277,277,1,0
1,st-johannes-hospital,st-johannes-hospital:278,278,1,0
8,st-johannes-hospital,st-johannes-hospital:280,280,1,0
7,st-johannes-hospital,st-johannes-hospital:281,281,1,0
5,st-johannes-hospital,st-johannes-hospital:282,282,1,0
12,st-johannes-hospital,st-johannes-hospital:284,284,1,0
1,st-johannes-hospital,st-johannes-hospital:285,285,1,0
8,st-johannes-hospital,st-johannes-hospital:292,292,1,0
0,st-johannes-hospital,st-johannes-hospital:294,294,2,0
6,st-johannes-hospital,st-johannes-hospital:298,298,1,0
1,st-johannes-hospital,st-johannes-hospital:299,299,2,0
5,st-johannes-hospital,st-johannes-hospital:302,302,1,0
11,st-johannes-hospital,st-johannes-hospital:303,303,1,0
4,st-johannes-hospital,st-johannes-hospital:305,305,1,0
11,st-johannes-hospital,st-johannes-hospital:306,306,1,0
7,st-johannes-hospital,st-johannes-hospital:310,310,1,0
11,st-johannes-hospital,st-johannes-hospital:313,313,1,0
7,st-johannes-hospital,st-johannes-hospital:314,314,1,0
8,st-johannes-hospital,st-johannes-hospital:318,318,1,0
0,st-johannes-hospital,st-johannes-hospital:320,320,1,0
4,st-johannes-hospital,st-johannes-hospital:322,322,1,0
5,st-johannes-hospital,st-johannes-hospital:323,323,1,0
3,st-johannes-hospital,st-johannes-hospital:324,324,1,0
11,st-johannes-hospital,st-johannes-hospital:325,325,1,0
4,st-johannes-hospital,st-johannes-hospital:326,326,2,0
20,st-johannes-hospital,st-johannes-hospital:327,327,1,0
7,st-johannes-hospital,st-johannes-hospital:330,330,1,0
5,st-johannes-hospital,st-johannes-hospital:331,331,2,0
1,st-johannes-hospital,st-johannes-hospital:332,332,1,0
13,st-johannes-hospital,st-johannes-hospital:333,333,1,0
1,st-johannes-hospital,st-johannes-hospital:335,335,1,0
5,st-johannes-hospital,st-johannes-hospital:336,336,1,0
4,st-johannes-hospital,st-johannes-hospital:337,337,1,0
3,st-johannes-hospital,st-johannes-hospital:338,338,1,0
2,st-johannes-hospital,st-johannes-hospital:340,340,1,0
10,st-johannes-hospital,st-johannes-hospital:345,345,1,0
5,st-johannes-hospital,st-johannes-hospital:346,346,1,0
11,st-johannes-hospital,st-johannes-hospital:347,347,1,0
4,st-johannes-hospital,st-johannes-hospital:348,348,1,0
4,st-johannes-hospital,st-johannes-hospital:349,349,1,0
2,st-johannes-hospital,st-johannes-hospital:350,350,1,0
8,st-johannes-hospital,st-johannes-hospital:354,354,1,0
0,st-johannes-hospital,st-johannes-hospital:357,357,1,0
1,st-johannes-hospital,st-johannes-hospital:363,363,1,0
1,st-johannes-hospital,st-johannes-hospital:365,365,1,0
8,st-johannes-hospital,st-johannes-hospital:366,366,1,0
8,st-johannes-hospital,st-johannes-hospital:367,367,1,0
8,st-johannes-hospital,st-johannes-hospital:368,368,1,0
10,st-johannes-hospital,st-johannes-hospital:369,369,1,0
8,st-johannes-hospital,st-johannes-hospital:370,370,1,0
22,st-johannes-hospital,st-johannes-hospital:372,372,1,0
10,st-johannes-hospital,st-johannes-hospital:374,374,1,0
3,st-johannes-hospital,st-johannes-hospital:375,375,1,0
10,st-johannes-hospital,st-johannes-hospital:376,376,1,0
1,st-johannes-hospital,st-johannes-hospital:377,377,1,0
0,st-johannes-hospital,st-johannes-hospital:380,380,1,0
2,st-johannes-hospital,st-johannes-hospital:383,383,1,0
5,st-johannes-hospital,st-johannes-hospital:387,387,1,0
3,st-johannes-hospital,st-johannes-hospital:390,390,1,0
12,st-johannes-hospital,st-johannes-hospital:391,391,1,0
1,st-johannes-hospital,st-johannes-hospital:395,395,1,0
13,st-johannes-hospital,st-johannes-hospital:396,396,1,0
6,st-johannes-hospital,st-johannes-hospital:401,401,1,0
1,st-johannes-hospital,st-johannes-hospital:403,403,2,0
8,st-johannes-hospital,st-johannes-hospital:408,408,2,0
10,st-johannes-hospital,st-johannes-hospital:409,409,1,0
12,st-johannes-hospital,st-johannes-hospital:410,410,1,0
1,st-johannes-hospital,st-johannes-hospital:411,411,1,0
11,st-johannes-hospital,st-johannes-hospital:413,413,1,0
6,st-johannes-hospital,st-johannes-hospital:414,414,1,0
1,st-johannes-hospital,st-johannes-hospital:415,415,1,0
17,st-johannes-hospital,st-johannes-hospital:416,416,1,0
0,st-johannes-hospital,st-johannes-hospital:419,419,1,0
8,st-johannes-hospital,st-johannes-hospital:420,420,1,0
8,st-johannes-hospital,st-johannes-hospital:423,423,1,0
7,st-johannes-hospital,st-johannes-hospital:424,424,1,0
9,st-johannes-hospital,st-johannes-hospital:425,425,1,0
2,st-johannes-hospital,st-johannes-hospital:426,426,1,0
13,st-johannes-hospital,st-johannes-hospital:433,433,1,0
8,st-johannes-hospital,st-johannes-hospital:434,434,1,0
4,st-johannes-hospital,st-johannes-hospital:438,438,1,0
7,st-johannes-hospital,st-johannes-hospital:439,439,1,0
1,st-johannes-hospital,st-johannes-hospital:440,440,1,0
0,st-johannes-hospital,st-johannes-hospital:442,442,1,1
5,st-johannes-hospital,st-johannes-hospital:443,443,1,0
4,st-johannes-hospital,st-johannes-hospital:444,444,1,0
12,st-johannes-hospital,st-johannes-hospital:446,446,1,0
8,st-johannes-hospital,st-johannes-hospital:451,451,1,0
16,st-johannes-hospital,st-johannes-hospital:453,453,1,0
0,st-johannes-hospital,st-johannes-hospital:458,458,1,0
3,st-johannes-hospital,st-johannes-hospital:459,459,1,0
17,st-johannes-hospital,st-johannes-hospital:460,460,1,0
7,st-johannes-hospital,st-johannes-hospital:461,461,1,0
4,st-johannes-hospital,st-johannes-hospital:462,462,2,0
3,st-johannes-hospital,st-johannes-hospital:463,463,1,0
10,st-johannes-hospital,st-johannes-hospital:464,464,2,0
1,st-johannes-hospital,st-johannes-hospital:465,465,1,0
1,st-johannes-hospital,st-johannes-hospital:466,466,1,0
6,st-johannes-hospital,st-johannes-hospital:467,467,1,0
10,st-johannes-hospital,st-johannes-hospital:469,469,1,0
3,st-johannes-hospital,st-johannes-hospital:470,470,1,0
10,st-johannes-hospital,st-johannes-hospital:475,475,1,0
6,st-johannes-hospital,st-johannes-hospital:477,477,1,0
4,st-johannes-hospital,st-johannes-hospital:480,480,1,0
3,st-johannes-hospital,st-johannes-hospital:481,481,2,0
5,st-johannes-hospital,st-johannes-hospital:485,485,1,0
9,st-johannes-hospital,st-johannes-hospital:486,486,1,0
5,st-johannes-hospital,st-johannes-hospital:488,488,2,0
2,st-johannes-hospital,st-johannes-hospital:489,489,1,0
4,st-johannes-hospital,st-johannes-hospital:490,490,1,0
1,st-johannes-hospital,st-johannes-hospital:491,491,1,0
4,st-johannes-hospital,st-johannes-hospital:493,493,1,0
7,st-johannes-hospital,st-johannes-hospital:494,494,1,0
2,st-johannes-hospital,st-johannes-hospital:495,495,1,0
12,st-johannes-hospital,st-johannes-hospital:496,496,1,0
2,st-johannes-hospital,st-johannes-hospital:497,497,1,0
11,st-johannes-hospital,st-johannes-hospital:503,503,1,0
1,st-johannes-hospital,st-johannes-hospital:506,506,1,0
3,st-johannes-hospital,st-johannes-hospital:507,507,1,0
1,st-johannes-hospital,st-johannes-hospital:510,510,1,0
6,st-johannes-hospital,st-johannes-hospital:515,515,2,0
2,st-johannes-hospital,st-johannes-hospital:516,516,1,0
13,st-johannes-hospital,st-johannes-hospital:517,517,1,0
6,st-johannes-hospital,st-johannes-hospital:518,518,1,0
4,st-johannes-hospital,st-johannes-hospital:519,519,2,0
2,st-johannes-hospital,st-johannes-hospital:520,520,1,0
0,st-johannes-hospital,st-johannes-hospital:522,522,1,0
1,st-johannes-hospital,st-johannes-hospital:527,527,1,0
2,st-johannes-hospital,st-johannes-hospital:533,533,1,0
4,st-johannes-hospital,st-johannes-hospital:534,534,1,0
1,st-johannes-hospital,st-johannes-hospital:536,536,1,0
7,st-johannes-hospital,st-johannes-hospital:538,538,1,0
3,st-johannes-hospital,st-johannes-hospital:539,539,1,0
5,st-johannes-hospital,st-johannes-hospital:540,540,1,0
1,st-johannes-hospital,st-johannes-hospital:544,544,1,0
0,st-johannes-hospital,st-johannes-hospital:547,547,1,0
0,st-johannes-hospital,st-johannes-hospital:549,549,1,0
2,st-johannes-hospital,st-johannes-hospital:550,550,1,0
0,st-johannes-hospital,st-johannes-hospital:552,552,1,0
2,st-johannes-hospital,st-johannes-hospital:553,553,2,0
2,st-johannes-hospital,st-johannes-hospital:556,556,1,0
3,st-johannes-hospital,st-johannes-hospital:557,557,2,0
3,st-johannes-hospital,st-johannes-hospital:558,558,1,0
1,st-johannes-hospital,st-johannes-hospital:559,559,1,0
12,st-johannes-hospital,st-johannes-hospital:563,563,1,0
2,st-johannes-hospital,st-johannes-hospital:565,565,2,0
1,st-johannes-hospital,st-johannes-hospital:568,568,1,0
6,st-johannes-hospital,st-johannes-hospital:569,569,1,0
10,st-johannes-hospital,st-johannes-hospital:571,571,1,0
3,st-johannes-hospital,st-johannes-hospital:573,573,1,0
4,st-johannes-hospital,st-johannes-hospital:575,575,2,0
2,st-johannes-hospital,st-johannes-hospital:576,576,1,0
0,st-johannes-hospital,st-johannes-hospital:577,577,1,0
0,st-johannes-hospital,st-johannes-hospital:582,582,1,0
0,st-johannes-hospital,st-johannes-hospital:585,585,1,0
1,st-johannes-hospital,st-johannes-hospital:587,587,1,0
3,st-johannes-hospital,st-johannes-hospital:593,593,1,0
2,st-johannes-hospital,st-johannes-hospital:594,594,1,0
7,st-johannes-hospital,st-johannes-hospital:599,599,1,0
0,st-johannes-hospital,st-johannes-hospital:600,600,1,0
3,st-johannes-hospital,st-johannes-hospital:608,608,1,0
1,st-johannes-hospital,st-johannes-hospital:612,612,1,0
1,st-johannes-hospital,st-johannes-hospital:614,614,1,0
6,st-johannes-hospital,st-johannes-hospital:616,616,2,0
1,st-johannes-hospital,st-johannes-hospital:617,617,1,0
4,st-johannes-hospital,st-johannes-hospital:625,625,1,0
1,st-johannes-hospital,st-johannes-hospital:626,626,1,0
1,st-johannes-hospital,st-johannes-hospital:627,627,1,0
3,st-johannes-hospital,st-johannes-hospital:629,629,1,0
1,st-johannes-hospital,st-johannes-hospital:630,630,1,0
5,st-johannes-hospital,st-johannes-hospital:631,631,1,0
3,st-johannes-hospital,st-johannes-hospital:635,635,1,0
1,st-johannes-hospital,st-johannes-hospital:637,637,1,0
3,st-johannes-hospital,st-johannes-hospital:639,639,1,0
4,st-johannes-hospital,st-johannes-hospital:642,642,1,0
4,st-johannes-hospital,st-johannes-hospital:645,645,1,0
3,st-johannes-hospital,st-johannes-hospital:646,646,1,0
0,st-johannes-hospital,st-johannes-hospital:654,654,1,0
7,st-johannes-hospital,st-johannes-hospital:656,656,1,0
5,st-johannes-hospital,st-johannes-hospital:658,658,1,0
0,st-johannes-hospital,st-johannes-hospital:660,660,1,0
1,st-johannes-hospital,st-johannes-hospital:661,661,1,0
8,st-johannes-hospital,st-johannes-hospital:669,669,1,0
2,st-johannes-hospital,st-johannes-hospital:671,671,2,0
5,st-johannes-hospital,st-johannes-hospital:677,677,1,0
0,st-johannes-hospital,st-johannes-hospital:678,678,1,0
1,st-johannes-hospital,st-johannes-hospital:683,683,1,0
5,st-johannes-hospital,st-johannes-hospital:686,686,1,0
2,st-johannes-hospital,st-johannes-hospital:690,690,1,0
4,st-johannes-hospital,st-johannes-hospital:694,694,1,0
11,st-johannes-hospital,st-johannes-hospital:697,697,1,0
0,st-johannes-hospital,st-johannes-hospital:698,698,1,0
2,st-johannes-hospital,st-johannes-hospital:701,701,1,0
11,st-johannes-hospital,st-johannes-hospital:702,702,1,0
0,st-johannes-hospital,st-johannes-hospital:703,703,1,0
0,st-johannes-hospital,st-johannes-hospital:709,709,1,0
8,st-johannes-hospital,st-johannes-hospital:712,712,1,0
0,st-johannes-hospital,st-johannes-hospital:713,713,1,0
2,st-johannes-hospital,st-johannes-hospital:714,714,2,0
1,st-johannes-hospital,st-johannes-hospital:715,715,1,0
5,st-johannes-hospital,st-johannes-hospital:716,716,1,0
1,st-johannes-hospital,st-johannes-hospital:717,717,1,0
1,st-johannes-hospital,st-johannes-hospital:718,718,1,0
1,st-johannes-hospital,st-johannes-hospital:719,719,1,0
0,st-johannes-hospital,st-johannes-hospital:725,725,1,0
11,st-johannes-hospital,st-johannes-hospital:726,726,1,0
1,st-johannes-hospital,st-johannes-hospital:728,728,1,0
6,st-johannes-hospital,st-johannes-hospital:730,730,1,0
3,st-johannes-hospital,st-johannes-hospital:731,731,1,0
0,st-johannes-hospital,st-johannes-hospital:732,732,1,0
5,st-johannes-hospital,st-johannes-hospital:736,736,1,0
3,st-johannes-hospital,st-johannes-hospital:737,737,1,0
4,st-johannes-hospital,st-johannes-hospital:741,741,1,0
0,st-johannes-hospital,st-johannes-hospital:742,742,1,0
1,st-johannes-hospital,st-johannes-hospital:743,743,1,0
1,st-johannes-hospital,st-johannes-hospital:747,747,1,0
6,st-johannes-hospital,st-johannes-hospital:750,750,1,0
1,st-johannes-hospital,st-johannes-hospital:763,763,2,0
2,st-johannes-hospital,st-johannes-hospital:764,764,1,0
1,st-johannes-hospital,st-johannes-hospital:765,765,1,0
0,st-johannes-hospital,st-johannes-hospital:766,766,1,0
0,st-johannes-hospital,st-johannes-hospital:767,767,1,0
2,st-johannes-hospital,st-johannes-hospital:769,769,1,0
1,st-johannes-hospital,st-johannes-hospital:772,772,2,0
1,st-johannes-hospital,st-johannes-hospital:776,776,1,0
2,st-johannes-hospital,st-johannes-hospital:778,778,1,0
7,st-johannes-hospital,st-johannes-hospital:779,779,1,0
1,st-johannes-hospital,st-johannes-hospital:786,786,1,0
2,st-johannes-hospital,st-johannes-hospital:788,788,1,0
4,st-johannes-hospital,st-johannes-hospital:791,791,1,0
1,st-johannes-hospital,st-johannes-hospital:793,793,1,0
8,st-johannes-hospital,st-johannes-hospital:795,795,1,0
0,st-johannes-hospital,st-johannes-hospital:796,796,1,0
0,st-johannes-hospital,st-johannes-hospital:797,797,1,0
4,st-johannes-hospital,st-johannes-hospital:798,798,1,0
1,st-johannes-hospital,st-johannes-hospital:799,799,1,0
2,st-johannes-hospital,st-johannes-hospital:800,800,1,0
0,st-johannes-hospital,st-johannes-hospital:805,805,1,0
2,st-johannes-hospital,st-johannes-hospital:808,808,1,0
4,st-johannes-hospital,st-johannes-hospital:809,809,1,0
3,st-johannes-hospital,st-johannes-hospital:810,810,1,0
4,st-johannes-hospital,st-johannes-hospital:814,814,1,0
4,st-johannes-hospital,st-johannes-hospital:816,816,1,0
2,st-johannes-hospital,st-johannes-hospital:818,818,1,0
0,st-johannes-hospital,st-johannes-hospital:829,829,1,0
4,st-johannes-hospital,st-johannes-hospital:834,834,1,0
1,st-johannes-hospital,st-johannes-hospital:843,843,1,0
1,st-johannes-hospital,st-johannes-hospital:844,844,1,0
0,st-johannes-hospital,st-johannes-hospital:851,851,2,1
1,st-johannes-hospital,st-johannes-hospital:860,860,1,0
0,st-johannes-hospital,st-johannes-hospital:865,865,1,0
3,st-johannes-hospital,st-johannes-hospital:868,868,1,0
2,st-johannes-hospital,st-johannes-hospital:880,880,1,0
0,st-johannes-hospital,st-johannes-hospital:891,891,1,0
0,st-johannes-hospital,st-johannes-hospital:892,892,2,0
0,st-johannes-hospital,st-johannes-hospital:894,894,1,0
0,st-johannes-hospital,st-johannes-hospital:895,895,1,0
0,st-johannes-hospital,st-johannes-hospital:896,896,1,0
0,st-johannes-hospital,st-johannes-hospital:901,901,1,0
0,st-johannes-hospital,st-johannes-hospital:902,902,1,0
0,st-johannes-hospital,st-johannes-hospital:908,908,1,0
0,st-johannes-hospital,st-johannes-hospital:909,909,1,0
0,st-johannes-hospital,st-johannes-hospital:912,912,1,0
0,st-johannes-hospital,st-johannes-hospital:916,916,1,0
11,st-johannes-hospital,st-johannes-hospital:919,919,1,0
2,st-johannes-hospital,st-johannes-hospital:920,920,1,0
6,st-johannes-hospital,st-johannes-hospital:921,921,1,0
0,st-johannes-hospital,st-johannes-hospital:923,923,1,0
0,st-johannes-hospital,st-johannes-hospital:929,929,1,0
1,st-johannes-hospital,st-johannes-hospital:935,935,1,0
0,st-josefs-hospital-cloppenburg-ggmbh,st-josefs-hospital-cloppenburg-ggmbh:5,5,1,0
0,st-josefs-hospital-cloppenburg-ggmbh,st-josefs-hospital-cloppenburg-ggmbh:6,6,1,0
0,st-josefs-hospital-cloppenburg-ggmbh,st-josefs-hospital-cloppenburg-ggmbh:7,7,1,0
0,st-josefs-hospital-cloppenburg-ggmbh,st-josefs-hospital-cloppenburg-ggmbh:8,8,1,0
0,st-josefs-hospital-cloppenburg-ggmbh,st-josefs-hospital-cloppenburg-ggmbh:11,11,1,0
0,st-josefs-hospital-cloppenburg-ggmbh,st-josefs-hospital-cloppenburg-ggmbh:15,15,1,0
0,st-josefs-hospital-cloppenburg-ggmbh,st-josefs-hospital-cloppenburg-ggmbh:19,19,1,0
0,st-josefs-hospital-cloppenburg-ggmbh,st-josefs-hospital-cloppenburg-ggmbh:20,20,1,0
6,st-josefs-hospital-cloppenburg-ggmbh,st-josefs-hospital-cloppenburg-ggmbh:21,21,1,0
0,st-josefs-hospital-cloppenburg-ggmbh,st-josefs-hospital-cloppenburg-ggmbh:22,22,1,0
0,st-josefs-hospital-cloppenburg-ggmbh,st-josefs-hospital-cloppenburg-ggmbh:23,23,1,0
0,st-josefs-hospital-cloppenburg-ggmbh,st-josefs-hospital-cloppenburg-ggmbh:25,25,1,0
0,st-josefs-hospital-cloppenburg-ggmbh,st-josefs-hospital-cloppenburg-ggmbh:26,26,1,0
0,st-josefs-hospital-cloppenburg-ggmbh,st-josefs-hospital-cloppenburg-ggmbh:27,27,2,0
0,st-josefs-hospital-cloppenburg-ggmbh,st-josefs-hospital-cloppenburg-ggmbh:28,28,1,0
0,st-josefs-hospital-cloppenburg-ggmbh,st-josefs-hospital-cloppenburg-ggmbh:29,29,1,0
0,st-josefs-hospital-cloppenburg-ggmbh,st-josefs-hospital-cloppenburg-ggmbh:30,30,1,0
4,st-josefs-hospital-cloppenburg-ggmbh,st-josefs-hospital-cloppenburg-ggmbh:31,31,1,0
0,st-josefs-hospital-cloppenburg-ggmbh,st-josefs-hospital-cloppenburg-ggmbh:34,34,1,0
0,st-josefs-hospital-cloppenburg-ggmbh,st-josefs-hospital-cloppenburg-ggmbh:37,37,1,0
0,st-josefs-hospital-cloppenburg-ggmbh,st-josefs-hospital-cloppenburg-ggmbh:40,40,1,0
0,st-josefs-hospital-cloppenburg-ggmbh,st-josefs-hospital-cloppenburg-ggmbh:46,46,1,0
3,st-josefs-hospital-cloppenburg-ggmbh,st-josefs-hospital-cloppenburg-ggmbh:47,47,1,0
3,st-josefs-hospital-cloppenburg-ggmbh,st-josefs-hospital-cloppenburg-ggmbh:48,48,2,0
15,st-josefs-hospital-cloppenburg-ggmbh,st-josefs-hospital-cloppenburg-ggmbh:49,49,1,0
0,st-josefs-hospital-cloppenburg-ggmbh,st-josefs-hospital-cloppenburg-ggmbh:50,50,2,0
4,st-josefs-hospital-cloppenburg-ggmbh,st-josefs-hospital-cloppenburg-ggmbh:52,52,1,0
12,st-josefs-hospital-cloppenburg-ggmbh,st-josefs-hospital-cloppenburg-ggmbh:61,61,1,0
12,st-josefs-hospital-cloppenburg-ggmbh,st-josefs-hospital-cloppenburg-ggmbh:62,62,1,0
1,st-josefs-hospital-cloppenburg-ggmbh,st-josefs-hospital-cloppenburg-ggmbh:69,69,1,0
8,st-josefs-hospital-cloppenburg-ggmbh,st-josefs-hospital-cloppenburg-ggmbh:71,71,1,0
21,st-josefs-hospital-cloppenburg-ggmbh,st-josefs-hospital-cloppenburg-ggmbh:73,73,1,0
7,st-josefs-hospital-cloppenburg-ggmbh,st-josefs-hospital-cloppenburg-ggmbh:76,76,1,0
0,st-josefs-hospital-cloppenburg-ggmbh,st-josefs-hospital-cloppenburg-ggmbh:78,78,1,0
16,st-josefs-hospital-cloppenburg-ggmbh,st-josefs-hospital-cloppenburg-ggmbh:84,84,1,0
10,st-josefs-hospital-cloppenburg-ggmbh,st-josefs-hospital-cloppenburg-ggmbh:85,85,1,0
31,st-josefs-hospital-cloppenburg-ggmbh,st-josefs-hospital-cloppenburg-ggmbh:87,87,1,0
10,st-josefs-hospital-cloppenburg-ggmbh,st-josefs-hospital-cloppenburg-ggmbh:89,89,1,0
16,st-josefs-hospital-cloppenburg-ggmbh,st-josefs-hospital-cloppenburg-ggmbh:90,90,1,0
4,st-josefs-hospital-cloppenburg-ggmbh,st-josefs-hospital-cloppenburg-ggmbh:91,91,2,0
0,st-josefs-hospital-cloppenburg-ggmbh,st-josefs-hospital-cloppenburg-ggmbh:92,92,1,0
25,st-josefs-hospital-cloppenburg-ggmbh,st-josefs-hospital-cloppenburg-ggmbh:93,93,1,0
17,st-josefs-hospital-cloppenburg-ggmbh,st-josefs-hospital-cloppenburg-ggmbh:94,94,1,0
28,st-josefs-hospital-cloppenburg-ggmbh,st-josefs-hospital-cloppenburg-ggmbh:95,95,1,0
23,st-josefs-hospital-cloppenburg-ggmbh,st-josefs-hospital-cloppenburg-ggmbh:96,96,1,0
14,st-josefs-hospital-cloppenburg-ggmbh,st-josefs-hospital-cloppenburg-ggmbh:97,97,1,0
11,st-josefs-hospital-cloppenburg-ggmbh,st-josefs-hospital-cloppenburg-ggmbh:98,98,1,0
19,st-josefs-hospital-cloppenburg-ggmbh,st-josefs-hospital-cloppenburg-ggmbh:100,100,1,0
9,st-josefs-hospital-cloppenburg-ggmbh,st-josefs-hospital-cloppenburg-ggmbh:105,105,1,0
4,st-josefs-hospital-cloppenburg-ggmbh,st-josefs-hospital-cloppenburg-ggmbh:106,106,1,0
1,st-josefs-hospital-cloppenburg-ggmbh,st-josefs-hospital-cloppenburg-ggmbh:107,107,1,0
0,st-josefs-hospital-cloppenburg-ggmbh,st-josefs-hospital-cloppenburg-ggmbh:109,109,1,0
2,st-josefs-hospital-cloppenburg-ggmbh,st-josefs-hospital-cloppenburg-ggmbh:110,110,1,0
10,st-josefs-hospital-cloppenburg-ggmbh,st-josefs-hospital-cloppenburg-ggmbh:112,112,1,0
13,st-josefs-hospital-cloppenburg-ggmbh,st-josefs-hospital-cloppenburg-ggmbh:113,113,1,0
15,st-josefs-hospital-cloppenburg-ggmbh,st-josefs-hospital-cloppenburg-ggmbh:115,115,1,0
0,st-josefs-hospital-cloppenburg-ggmbh,st-josefs-hospital-cloppenburg-ggmbh:116,116,1,0
8,st-josefs-hospital-cloppenburg-ggmbh,st-josefs-hospital-cloppenburg-ggmbh:121,121,1,0
14,st-josefs-hospital-cloppenburg-ggmbh,st-josefs-hospital-cloppenburg-ggmbh:123,123,1,0
12,st-josefs-hospital-cloppenburg-ggmbh,st-josefs-hospital-cloppenburg-ggmbh:124,124,1,0
7,st-josefs-hospital-cloppenburg-ggmbh,st-josefs-hospital-cloppenburg-ggmbh:126,126,1,0
8,st-josefs-hospital-cloppenburg-ggmbh,st-josefs-hospital-cloppenburg-ggmbh:129,129,1,0
18,st-josefs-hospital-cloppenburg-ggmbh,st-josefs-hospital-cloppenburg-ggmbh:130,130,1,0
13,st-josefs-hospital-cloppenburg-ggmbh,st-josefs-hospital-cloppenburg-ggmbh:131,131,1,0
2,st-josefs-hospital-cloppenburg-ggmbh,st-josefs-hospital-cloppenburg-ggmbh:132,132,1,0
8,st-josefs-hospital-cloppenburg-ggmbh,st-josefs-hospital-cloppenburg-ggmbh:133,133,1,0
12,st-josefs-hospital-cloppenburg-ggmbh,st-josefs-hospital-cloppenburg-ggmbh:134,134,1,0
4,st-josefs-hospital-cloppenburg-ggmbh,st-josefs-hospital-cloppenburg-ggmbh:137,137,1,0
21,st-josefs-hospital-cloppenburg-ggmbh,st-josefs-hospital-cloppenburg-ggmbh:140,140,1,0
2,st-josefs-hospital-cloppenburg-ggmbh,st-josefs-hospital-cloppenburg-ggmbh:145,145,1,0
0,st-josefs-hospital-cloppenburg-ggmbh,st-josefs-hospital-cloppenburg-ggmbh:150,150,1,0
0,st-josefs-hospital-cloppenburg-ggmbh,st-josefs-hospital-cloppenburg-ggmbh:152,152,1,0
8,st-josefs-hospital-cloppenburg-ggmbh,st-josefs-hospital-cloppenburg-ggmbh:153,153,1,0
8,st-josefs-hospital-cloppenburg-ggmbh,st-josefs-hospital-cloppenburg-ggmbh:154,154,1,0
8,st-josefs-hospital-cloppenburg-ggmbh,st-josefs-hospital-cloppenburg-ggmbh:155,155,1,0
4,st-josefs-hospital-cloppenburg-ggmbh,st-josefs-hospital-cloppenburg-ggmbh:156,156,1,0
0,st-josefs-hospital-cloppenburg-ggmbh,st-josefs-hospital-cloppenburg-ggmbh:158,158,1,0
0,st-josefs-hospital-cloppenburg-ggmbh,st-josefs-hospital-cloppenburg-ggmbh:160,160,1,0
5,st-josefs-hospital-cloppenburg-ggmbh,st-josefs-hospital-cloppenburg-ggmbh:161,161,1,0
0,st-josefs-hospital-cloppenburg-ggmbh,st-josefs-hospital-cloppenburg-ggmbh:163,163,1,0
1,st-josefs-hospital-cloppenburg-ggmbh,st-josefs-hospital-cloppenburg-ggmbh:164,164,1,0
10,st-josefs-hospital-cloppenburg-ggmbh,st-josefs-hospital-cloppenburg-ggmbh:166,166,1,0
8,st-josefs-hospital-cloppenburg-ggmbh,st-josefs-hospital-cloppenburg-ggmbh:167,167,1,0
2,st-josefs-hospital-cloppenburg-ggmbh,st-josefs-hospital-cloppenburg-ggmbh:168,168,1,0
8,st-josefs-hospital-cloppenburg-ggmbh,st-josefs-hospital-cloppenburg-ggmbh:171,171,1,0
0,st-josefs-hospital-cloppenburg-ggmbh,st-josefs-hospital-cloppenburg-ggmbh:172,172,1,0
0,st-josefs-hospital-cloppenburg-ggmbh,st-josefs-hospital-cloppenburg-ggmbh:173,173,1,0
5,st-josefs-hospital-cloppenburg-ggmbh,st-josefs-hospital-cloppenburg-ggmbh:174,174,1,0
1,st-josefs-hospital-cloppenburg-ggmbh,st-josefs-hospital-cloppenburg-ggmbh:175,175,1,0
5,st-josefs-hospital-cloppenburg-ggmbh,st-josefs-hospital-cloppenburg-ggmbh:176,176,1,0
2,st-josefs-hospital-cloppenburg-ggmbh,st-josefs-hospital-cloppenburg-ggmbh:179,179,1,0
8,st-josefs-hospital-cloppenburg-ggmbh,st-josefs-hospital-cloppenburg-ggmbh:184,184,1,0
0,st-josefs-hospital-cloppenburg-ggmbh,st-josefs-hospital-cloppenburg-ggmbh:187,187,1,0
5,st-josefs-hospital-cloppenburg-ggmbh,st-josefs-hospital-cloppenburg-ggmbh:191,191,1,0
3,st-josefs-hospital-cloppenburg-ggmbh,st-josefs-hospital-cloppenburg-ggmbh:194,194,1,0
3,st-josefs-hospital-cloppenburg-ggmbh,st-josefs-hospital-cloppenburg-ggmbh:195,195,1,0
0,st-josefs-hospital-cloppenburg-ggmbh,st-josefs-hospital-cloppenburg-ggmbh:199,199,1,0
5,st-josefs-hospital-cloppenburg-ggmbh,st-josefs-hospital-cloppenburg-ggmbh:201,201,1,0
13,st-josefs-hospital-cloppenburg-ggmbh,st-josefs-hospital-cloppenburg-ggmbh:204,204,1,0
0,st-josefs-hospital-cloppenburg-ggmbh,st-josefs-hospital-cloppenburg-ggmbh:210,210,1,0
2,st-josefs-hospital-cloppenburg-ggmbh,st-josefs-hospital-cloppenburg-ggmbh:211,211,1,0
0,st-josefs-hospital-cloppenburg-ggmbh,st-josefs-hospital-cloppenburg-ggmbh:212,212,1,0
7,st-josefs-hospital-cloppenburg-ggmbh,st-josefs-hospital-cloppenburg-ggmbh:213,213,1,0
6,st-josefs-hospital-cloppenburg-ggmbh,st-josefs-hospital-cloppenburg-ggmbh:214,214,1,0
5,st-josefs-hospital-cloppenburg-ggmbh,st-josefs-hospital-cloppenburg-ggmbh:216,216,1,0
2,st-josefs-hospital-cloppenburg-ggmbh,st-josefs-hospital-cloppenburg-ggmbh:218,218,2,0
0,st-josefs-hospital-cloppenburg-ggmbh,st-josefs-hospital-cloppenburg-ggmbh:221,221,1,0
0,st-josefs-hospital-cloppenburg-ggmbh,st-josefs-hospital-cloppenburg-ggmbh:224,224,1,0
0,st-josefs-hospital-cloppenburg-ggmbh,st-josefs-hospital-cloppenburg-ggmbh:225,225,1,0
0,st-josefs-hospital-cloppenburg-ggmbh,st-josefs-hospital-cloppenburg-ggmbh:229,229,1,0
0,st-josefs-hospital-cloppenburg-ggmbh,st-josefs-hospital-cloppenburg-ggmbh:230,230,1,0
1,st-josefs-hospital-cloppenburg-ggmbh,st-josefs-hospital-cloppenburg-ggmbh:232,232,2,0
2,st-josefs-hospital-cloppenburg-ggmbh,st-josefs-hospital-cloppenburg-ggmbh:234,234,1,0
2,st-josefs-hospital-cloppenburg-ggmbh,st-josefs-hospital-cloppenburg-ggmbh:238,238,1,0
0,st-josefs-hospital-cloppenburg-ggmbh,st-josefs-hospital-cloppenburg-ggmbh:240,240,1,0
0,st-marienhospital-vechta-ggmbh,st-marienhospital-vechta-ggmbh:0,0,1,0
0,st-marienhospital-vechta-ggmbh,st-marienhospital-vechta-ggmbh:3,3,1,0
0,st-marienhospital-vechta-ggmbh,st-marienhospital-vechta-ggmbh:4,4,1,0
0,st-marienhospital-vechta-ggmbh,st-marienhospital-vechta-ggmbh:8,8,1,0
0,st-marienhospital-vechta-ggmbh,st-marienhospital-vechta-ggmbh:9,9,1,0
0,st-marienhospital-vechta-ggmbh,st-marienhospital-vechta-ggmbh:10,10,1,0
0,st-marienhospital-vechta-ggmbh,st-marienhospital-vechta-ggmbh:11,11,1,0
0,st-marienhospital-vechta-ggmbh,st-marienhospital-vechta-ggmbh:13,13,1,0
0,st-marienhospital-vechta-ggmbh,st-marienhospital-vechta-ggmbh:14,14,1,0
0,st-marienhospital-vechta-ggmbh,st-marienhospital-vechta-ggmbh:15,15,1,0
0,st-marienhospital-vechta-ggmbh,st-marienhospital-vechta-ggmbh:17,17,1,0
0,st-marienhospital-vechta-ggmbh,st-marienhospital-vechta-ggmbh:18,18,1,0
0,st-marienhospital-vechta-ggmbh,st-marienhospital-vechta-ggmbh:20,20,1,0
0,st-marienhospital-vechta-ggmbh,st-marienhospital-vechta-ggmbh:22,22,1,0
1,st-marienhospital-vechta-ggmbh,st-marienhospital-vechta-ggmbh:27,27,1,0
0,st-marienhospital-vechta-ggmbh,st-marienhospital-vechta-ggmbh:29,29,1,0
0,st-marienhospital-vechta-ggmbh,st-marienhospital-vechta-ggmbh:32,32,2,0
0,st-marienhospital-vechta-ggmbh,st-marienhospital-vechta-ggmbh:34,34,2,0
0,st-marienhospital-vechta-ggmbh,st-marienhospital-vechta-ggmbh:35,35,1,0
0,st-marienhospital-vechta-ggmbh,st-marienhospital-vechta-ggmbh:38,38,1,0
0,st-marienhospital-vechta-ggmbh,st-marienhospital-vechta-ggmbh:40,40,1,0
0,st-marienhospital-vechta-ggmbh,st-marienhospital-vechta-ggmbh:42,42,1,0
0,st-marienhospital-vechta-ggmbh,st-marienhospital-vechta-ggmbh:43,43,1,0
0,st-marienhospital-vechta-ggmbh,st-marienhospital-vechta-ggmbh:44,44,1,0
0,st-marienhospital-vechta-ggmbh,st-marienhospital-vechta-ggmbh:45,45,1,0
1,st-marienhospital-vechta-ggmbh,st-marienhospital-vechta-ggmbh:46,46,1,0
0,st-marienhospital-vechta-ggmbh,st-marienhospital-vechta-ggmbh:47,47,1,0
0,st-marienhospital-vechta-ggmbh,st-marienhospital-vechta-ggmbh:48,48,1,0
0,st-marienhospital-vechta-ggmbh,st-marienhospital-vechta-ggmbh:49,49,1,0
0,st-marienhospital-vechta-ggmbh,st-marienhospital-vechta-ggmbh:50,50,1,0
0,st-marienhospital-vechta-ggmbh,st-marienhospital-vechta-ggmbh:51,51,1,0
0,st-marienhospital-vechta-ggmbh,st-marienhospital-vechta-ggmbh:52,52,1,0
0,st-marienhospital-vechta-ggmbh,st-marienhospital-vechta-ggmbh:53,53,1,0
0,st-marienhospital-vechta-ggmbh,st-marienhospital-vechta-ggmbh:55,55,1,0
0,st-marienhospital-vechta-ggmbh,st-marienhospital-vechta-ggmbh:56,56,2,0
0,st-marienhospital-vechta-ggmbh,st-marienhospital-vechta-ggmbh:58,58,1,0
2,st-marienhospital-vechta-ggmbh,st-marienhospital-vechta-ggmbh:63,63,1,0
0,st-marienhospital-vechta-ggmbh,st-marienhospital-vechta-ggmbh:64,64,1,0
2,st-marienhospital-vechta-ggmbh,st-marienhospital-vechta-ggmbh:68,68,1,0
0,st-marienhospital-vechta-ggmbh,st-marienhospital-vechta-ggmbh:69,69,1,0
3,st-marienhospital-vechta-ggmbh,st-marienhospital-vechta-ggmbh:70,70,1,0
3,st-marienhospital-vechta-ggmbh,st-marienhospital-vechta-ggmbh:72,72,1,0
0,st-marienhospital-vechta-ggmbh,st-marienhospital-vechta-ggmbh:74,74,1,0
4,st-marienhospital-vechta-ggmbh,st-marienhospital-vechta-ggmbh:75,75,1,0
4,st-marienhospital-vechta-ggmbh,st-marienhospital-vechta-ggmbh:76,76,2,0
1,st-marienhospital-vechta-ggmbh,st-marienhospital-vechta-ggmbh:77,77,1,0
2,st-marienhospital-vechta-ggmbh,st-marienhospital-vechta-ggmbh:81,81,1,0
10,st-marienhospital-vechta-ggmbh,st-marienhospital-vechta-ggmbh:83,83,2,0
10,st-marienhospital-vechta-ggmbh,st-marienhospital-vechta-ggmbh:84,84,1,0
0,st-marienhospital-vechta-ggmbh,st-marienhospital-vechta-ggmbh:87,87,1,0
1,st-marienhospital-vechta-ggmbh,st-marienhospital-vechta-ggmbh:88,88,1,0
8,st-marienhospital-vechta-ggmbh,st-marienhospital-vechta-ggmbh:89,89,1,0
5,st-marienhospital-vechta-ggmbh,st-marienhospital-vechta-ggmbh:90,90,1,0
2,st-marienhospital-vechta-ggmbh,st-marienhospital-vechta-ggmbh:91,91,1,0
9,st-marienhospital-vechta-ggmbh,st-marienhospital-vechta-ggmbh:98,98,1,0
4,st-marienhospital-vechta-ggmbh,st-marienhospital-vechta-ggmbh:99,99,1,0
1,st-marienhospital-vechta-ggmbh,st-marienhospital-vechta-ggmbh:100,100,1,0
8,st-marienhospital-vechta-ggmbh,st-marienhospital-vechta-ggmbh:101,101,1,0
32,st-marienhospital-vechta-ggmbh,st-marienhospital-vechta-ggmbh:102,102,1,0
8,st-marienhospital-vechta-ggmbh,st-marienhospital-vechta-ggmbh:103,103,1,0
5,st-marienhospital-vechta-ggmbh,st-marienhospital-vechta-ggmbh:104,104,1,0
1,st-marienhospital-vechta-ggmbh,st-marienhospital-vechta-ggmbh:105,105,1,0
19,st-marienhospital-vechta-ggmbh,st-marienhospital-vechta-ggmbh:107,107,1,0
12,st-marienhospital-vechta-ggmbh,st-marienhospital-vechta-ggmbh:111,111,1,0
2,st-marienhospital-vechta-ggmbh,st-marienhospital-vechta-ggmbh:112,112,1,0
16,st-marienhospital-vechta-ggmbh,st-marienhospital-vechta-ggmbh:113,113,1,0
1,st-marienhospital-vechta-ggmbh,st-marienhospital-vechta-ggmbh:114,114,1,0
5,st-marienhospital-vechta-ggmbh,st-marienhospital-vechta-ggmbh:115,115,1,0
13,st-marienhospital-vechta-ggmbh,st-marienhospital-vechta-ggmbh:116,116,1,0
5,st-marienhospital-vechta-ggmbh,st-marienhospital-vechta-ggmbh:117,117,1,0
20,st-marienhospital-vechta-ggmbh,st-marienhospital-vechta-ggmbh:118,118,1,0
6,st-marienhospital-vechta-ggmbh,st-marienhospital-vechta-ggmbh:121,121,1,0
5,st-marienhospital-vechta-ggmbh,st-marienhospital-vechta-ggmbh:123,123,1,0
2,st-marienhospital-vechta-ggmbh,st-marienhospital-vechta-ggmbh:124,124,1,0
3,st-marienhospital-vechta-ggmbh,st-marienhospital-vechta-ggmbh:126,126,1,0
14,st-marienhospital-vechta-ggmbh,st-marienhospital-vechta-ggmbh:127,127,1,0
5,st-marienhospital-vechta-ggmbh,st-marienhospital-vechta-ggmbh:128,128,2,0
8,st-marienhospital-vechta-ggmbh,st-marienhospital-vechta-ggmbh:133,133,1,0
6,st-marienhospital-vechta-ggmbh,st-marienhospital-vechta-ggmbh:134,134,2,0
13,st-marienhospital-vechta-ggmbh,st-marienhospital-vechta-ggmbh:135,135,1,0
4,st-marienhospital-vechta-ggmbh,st-marienhospital-vechta-ggmbh:136,136,1,0
1,st-marienhospital-vechta-ggmbh,st-marienhospital-vechta-ggmbh:138,138,1,0
10,st-marienhospital-vechta-ggmbh,st-marienhospital-vechta-ggmbh:139,139,1,0
5,st-marienhospital-vechta-ggmbh,st-marienhospital-vechta-ggmbh:140,140,1,0
7,st-marienhospital-vechta-ggmbh,st-marienhospital-vechta-ggmbh:141,141,1,0
24,st-marienhospital-vechta-ggmbh,st-marienhospital-vechta-ggmbh:143,143,1,0
1,st-marienhospital-vechta-ggmbh,st-marienhospital-vechta-ggmbh:149,149,1,0
6,st-marienhospital-vechta-ggmbh,st-marienhospital-vechta-ggmbh:150,150,1,0
3,st-marienhospital-vechta-ggmbh,st-marienhospital-vechta-ggmbh:151,151,1,0
9,st-marienhospital-vechta-ggmbh,st-marienhospital-vechta-ggmbh:152,152,1,0
15,st-marienhospital-vechta-ggmbh,st-marienhospital-vechta-ggmbh:156,156,1,0
9,st-marienhospital-vechta-ggmbh,st-marienhospital-vechta-ggmbh:158,158,1,0
16,st-marienhospital-vechta-ggmbh,st-marienhospital-vechta-ggmbh:159,159,1,0
1,st-marienhospital-vechta-ggmbh,st-marienhospital-vechta-ggmbh:160,160,1,0
9,st-marienhospital-vechta-ggmbh,st-marienhospital-vechta-ggmbh:161,161,1,0
3,st-marienhospital-vechta-ggmbh,st-marienhospital-vechta-ggmbh:162,162,1,0
3,st-marienhospital-vechta-ggmbh,st-marienhospital-vechta-ggmbh:163,163,1,0
6,st-marienhospital-vechta-ggmbh,st-marienhospital-vechta-ggmbh:165,165,1,0
22,st-marienhospital-vechta-ggmbh,st-marienhospital-vechta-ggmbh:168,168,1,0
13,st-marienhospital-vechta-ggmbh,st-marienhospital-vechta-ggmbh:170,170,1,0
0,st-marienhospital-vechta-ggmbh,st-marienhospital-vechta-ggmbh:175,175,1,0
9,st-marienhospital-vechta-ggmbh,st-marienhospital-vechta-ggmbh:177,177,1,0
5,st-marienhospital-vechta-ggmbh,st-marienhospital-vechta-ggmbh:181,181,2,0
8,st-marienhospital-vechta-ggmbh,st-marienhospital-vechta-ggmbh:183,183,2,0
4,st-marienhospital-vechta-ggmbh,st-marienhospital-vechta-ggmbh:184,184,1,0
9,st-marienhospital-vechta-ggmbh,st-marienhospital-vechta-ggmbh:186,186,1,0
2,st-marienhospital-vechta-ggmbh,st-marienhospital-vechta-ggmbh:188,188,1,0
10,st-marienhospital-vechta-ggmbh,st-marienhospital-vechta-ggmbh:189,189,1,0
12,st-marienhospital-vechta-ggmbh,st-marienhospital-vechta-ggmbh:191,191,1,0
7,st-marienhospital-vechta-ggmbh,st-marienhospital-vechta-ggmbh:192,192,1,0
18,st-marienhospital-vechta-ggmbh,st-marienhospital-vechta-ggmbh:193,193,1,0
4,st-marienhospital-vechta-ggmbh,st-marienhospital-vechta-ggmbh:199,199,1,0
5,st-marienhospital-vechta-ggmbh,st-marienhospital-vechta-ggmbh:200,200,2,0
0,st-marienhospital-vechta-ggmbh,st-marienhospital-vechta-ggmbh:203,203,1,0
0,st-marienhospital-vechta-ggmbh,st-marienhospital-vechta-ggmbh:206,206,1,0
4,st-marienhospital-vechta-ggmbh,st-marienhospital-vechta-ggmbh:209,209,1,0
2,st-marienhospital-vechta-ggmbh,st-marienhospital-vechta-ggmbh:211,211,1,0
8,st-marienhospital-vechta-ggmbh,st-marienhospital-vechta-ggmbh:216,216,1,0
4,st-marienhospital-vechta-ggmbh,st-marienhospital-vechta-ggmbh:217,217,1,0
0,st-marienhospital-vechta-ggmbh,st-marienhospital-vechta-ggmbh:218,218,1,0
2,st-marienhospital-vechta-ggmbh,st-marienhospital-vechta-ggmbh:222,222,1,0
6,st-marienhospital-vechta-ggmbh,st-marienhospital-vechta-ggmbh:223,223,1,0
2,st-marienhospital-vechta-ggmbh,st-marienhospital-vechta-ggmbh:224,224,1,0
2,st-marienhospital-vechta-ggmbh,st-marienhospital-vechta-ggmbh:229,229,1,0
11,st-marienhospital-vechta-ggmbh,st-marienhospital-vechta-ggmbh:230,230,1,0
8,st-marienhospital-vechta-ggmbh,st-marienhospital-vechta-ggmbh:231,231,1,0
9,st-marienhospital-vechta-ggmbh,st-marienhospital-vechta-ggmbh:232,232,1,0
4,st-marienhospital-vechta-ggmbh,st-marienhospital-vechta-ggmbh:236,236,1,0
0,st-marienhospital-vechta-ggmbh,st-marienhospital-vechta-ggmbh:238,238,1,0
1,st-marienhospital-vechta-ggmbh,st-marienhospital-vechta-ggmbh:240,240,1,0
1,st-marienhospital-vechta-ggmbh,st-marienhospital-vechta-ggmbh:241,241,2,0
2,st-marienhospital-vechta-ggmbh,st-marienhospital-vechta-ggmbh:242,242,1,0
0,st-marienhospital-vechta-ggmbh,st-marienhospital-vechta-ggmbh:243,243,1,0
3,st-marienhospital-vechta-ggmbh,st-marienhospital-vechta-ggmbh:249,249,1,0
2,st-marienhospital-vechta-ggmbh,st-marienhospital-vechta-ggmbh:250,250,1,0
2,st-marienhospital-vechta-ggmbh,st-marienhospital-vechta-ggmbh:251,251,2,0
1,st-marienhospital-vechta-ggmbh,st-marienhospital-vechta-ggmbh:252,252,1,0
0,st-marienhospital-vechta-ggmbh,st-marienhospital-vechta-ggmbh:257,257,1,0
0,st-marienhospital-vechta-ggmbh,st-marienhospital-vechta-ggmbh:259,259,1,0
1,st-marienhospital-vechta-ggmbh,st-marienhospital-vechta-ggmbh:262,262,1,0
9,st-marienhospital-vechta-ggmbh,st-marienhospital-vechta-ggmbh:266,266,1,0
5,st-marienhospital-vechta-ggmbh,st-marienhospital-vechta-ggmbh:267,267,1,0
9,st-marienhospital-vechta-ggmbh,st-marienhospital-vechta-ggmbh:268,268,1,0
6,st-marienhospital-vechta-ggmbh,st-marienhospital-vechta-ggmbh:272,272,1,0
2,st-marienhospital-vechta-ggmbh,st-marienhospital-vechta-ggmbh:274,274,1,0
0,st-marienhospital-vechta-ggmbh,st-marienhospital-vechta-ggmbh:276,276,1,0
2,st-marienhospital-vechta-ggmbh,st-marienhospital-vechta-ggmbh:279,279,1,0
1,st-marienhospital-vechta-ggmbh,st-marienhospital-vechta-ggmbh:283,283,2,0
0,st-marienhospital-vechta-ggmbh,st-marienhospital-vechta-ggmbh:291,291,1,0
3,st-marienhospital-vechta-ggmbh,st-marienhospital-vechta-ggmbh:292,292,1,0
0,st-marienhospital-vechta-ggmbh,st-marienhospital-vechta-ggmbh:295,295,1,0
7,st-marienhospital-vechta-ggmbh,st-marienhospital-vechta-ggmbh:301,301,1,0
1,st-marienhospital-vechta-ggmbh,st-marienhospital-vechta-ggmbh:305,305,1,0
0,st-marienhospital-vechta-ggmbh,st-marienhospital-vechta-ggmbh:308,308,1,0
8,st-marienhospital-vechta-ggmbh,st-marienhospital-vechta-ggmbh:309,309,1,0
1,st-marienhospital-vechta-ggmbh,st-marienhospital-vechta-ggmbh:313,313,1,0
5,st-marienhospital-vechta-ggmbh,st-marienhospital-vechta-ggmbh:316,316,1,0
1,st-marienhospital-vechta-ggmbh,st-marienhospital-vechta-ggmbh:321,321,1,0
0,st-marienhospital-vechta-ggmbh,st-marienhospital-vechta-ggmbh:322,322,1,0
4,st-marienhospital-vechta-ggmbh,st-marienhospital-vechta-ggmbh:323,323,1,0
4,st-marienhospital-vechta-ggmbh,st-marienhospital-vechta-ggmbh:326,326,1,0
0,st-marienhospital-vechta-ggmbh,st-marienhospital-vechta-ggmbh:327,327,1,0
1,st-marienhospital-vechta-ggmbh,st-marienhospital-vechta-ggmbh:329,329,1,0
4,st-marienhospital-vechta-ggmbh,st-marienhospital-vechta-ggmbh:330,330,1,0
0,st-marienhospital-vechta-ggmbh,st-marienhospital-vechta-ggmbh:331,331,1,0
2,st-marienhospital-vechta-ggmbh,st-marienhospital-vechta-ggmbh:336,336,1,0
3,st-marienhospital-vechta-ggmbh,st-marienhospital-vechta-ggmbh:343,343,1,0
2,st-marienhospital-vechta-ggmbh,st-marienhospital-vechta-ggmbh:344,344,1,0
3,st-marienhospital-vechta-ggmbh,st-marienhospital-vechta-ggmbh:346,346,1,0
0,st-marienhospital-vechta-ggmbh,st-marienhospital-vechta-ggmbh:348,348,1,0
0,st-marienhospital-vechta-ggmbh,st-marienhospital-vechta-ggmbh:349,349,1,0
0,st-marienhospital-vechta-ggmbh,st-marienhospital-vechta-ggmbh:350,350,1,0
0,st-marienhospital-vechta-ggmbh,st-marienhospital-vechta-ggmbh:351,351,1,0
0,st-marienhospital-vechta-ggmbh,st-marienhospital-vechta-ggmbh:354,354,1,0
0,st-marienhospital-vechta-ggmbh,st-marienhospital-vechta-ggmbh:355,355,1,0
0,st-marienhospital-vechta-ggmbh,st-marienhospital-vechta-ggmbh:356,356,1,0
0,st-marienhospital-vechta-ggmbh,st-marienhospital-vechta-ggmbh:357,357,1,0
7,st-marienhospital-vechta-ggmbh,st-marienhospital-vechta-ggmbh:358,358,1,0
0,st-marienhospital-vechta-ggmbh,st-marienhospital-vechta-ggmbh:359,359,1,0
2,st-marienhospital-vechta-ggmbh,st-marienhospital-vechta-ggmbh:362,362,2,0
0,staedtisches-klinikum-braunschweig,staedtisches-klinikum-braunschweig:5,5,1,1
0,staedtisches-klinikum-braunschweig,staedtisches-klinikum-braunschweig:6,6,1,0
0,staedtisches-klinikum-braunschweig,staedtisches-klinikum-braunschweig:11,11,1,0
0,staedtisches-klinikum-braunschweig,staedtisches-klinikum-braunschweig:13,13,1,0
0,staedtisches-klinikum-braunschweig,staedtisches-klinikum-braunschweig:15,15,1,1
0,staedtisches-klinikum-braunschweig,staedtisches-klinikum-braunschweig:18,18,1,0
0,staedtisches-klinikum-braunschweig,staedtisches-klinikum-braunschweig:19,19,1,0
0,staedtisches-klinikum-braunschweig,staedtisches-klinikum-braunschweig:20,20,1,0
0,staedtisches-klinikum-braunschweig,staedtisches-klinikum-braunschweig:21,21,1,0
0,staedtisches-klinikum-braunschweig,staedtisches-klinikum-braunschweig:22,22,1,0
0,staedtisches-klinikum-braunschweig,staedtisches-klinikum-braunschweig:23,23,1,0
1,staedtisches-klinikum-braunschweig,staedtisches-klinikum-braunschweig:24,24,1,0
0,staedtisches-klinikum-braunschweig,staedtisches-klinikum-braunschweig:28,28,1,0
0,staedtisches-klinikum-braunschweig,staedtisches-klinikum-braunschweig:30,30,1,0
1,staedtisches-klinikum-braunschweig,staedtisches-klinikum-braunschweig:31,31,1,0
0,staedtisches-klinikum-braunschweig,staedtisches-klinikum-braunschweig:33,33,1,0
0,staedtisches-klinikum-braunschweig,staedtisches-klinikum-braunschweig:34,34,1,0
0,staedtisches-klinikum-braunschweig,staedtisches-klinikum-braunschweig:35,35,1,0
0,staedtisches-klinikum-braunschweig,staedtisches-klinikum-braunschweig:36,36,1,0
1,staedtisches-klinikum-braunschweig,staedtisches-klinikum-braunschweig:38,38,1,0
0,staedtisches-klinikum-braunschweig,staedtisches-klinikum-braunschweig:39,39,1,0
0,staedtisches-klinikum-braunschweig,staedtisches-klinikum-braunschweig:40,40,1,0
1,staedtisches-klinikum-braunschweig,staedtisches-klinikum-braunschweig:41,41,1,0
1,staedtisches-klinikum-braunschweig,staedtisches-klinikum-braunschweig:42,42,1,0
2,staedtisches-klinikum-braunschweig,staedtisches-klinikum-braunschweig:43,43,1,0
0,staedtisches-klinikum-braunschweig,staedtisches-klinikum-braunschweig:44,44,1,1
32,staedtisches-klinikum-braunschweig,staedtisches-klinikum-braunschweig:45,45,2,1
1,staedtisches-klinikum-braunschweig,staedtisches-klinikum-braunschweig:46,46,1,0
0,staedtisches-klinikum-braunschweig,staedtisches-klinikum-braunschweig:47,47,2,0
0,staedtisches-klinikum-braunschweig,staedtisches-klinikum-braunschweig:49,49,1,0
0,staedtisches-klinikum-braunschweig,staedtisches-klinikum-braunschweig:51,51,1,0
0,staedtisches-klinikum-braunschweig,staedtisches-klinikum-braunschweig:52,52,1,0
0,staedtisches-klinikum-braunschweig,staedtisches-klinikum-braunschweig:54,54,1,0
0,staedtisches-klinikum-braunschweig,staedtisches-klinikum-braunschweig:55,55,1,0
0,staedtisches-klinikum-braunschweig,staedtisches-klinikum-braunschweig:56,56,1,0
0,staedtisches-klinikum-braunschweig,staedtisches-klinikum-braunschweig:57,57,1,0
0,staedtisches-klinikum-braunschweig,staedtisches-klinikum-braunschweig:58,58,1,0
0,staedtisches-klinikum-braunschweig,staedtisches-klinikum-braunschweig:59,59,1,0
0,staedtisches-klinikum-braunschweig,staedtisches-klinikum-braunschweig:61,61,1,0
0,staedtisches-klinikum-braunschweig,staedtisches-klinikum-braunschweig:62,62,1,0
0,staedtisches-klinikum-braunschweig,staedtisches-klinikum-braunschweig:63,63,2,1
0,staedtisches-klinikum-braunschweig,staedtisches-klinikum-braunschweig:64,64,1,0
27,staedtisches-klinikum-braunschweig,staedtisches-klinikum-braunschweig:68,68,1,0
0,staedtisches-klinikum-braunschweig,staedtisches-klinikum-braunschweig:70,70,1,0
0,staedtisches-klinikum-braunschweig,staedtisches-klinikum-braunschweig:73,73,1,0
0,staedtisches-klinikum-braunschweig,staedtisches-klinikum-braunschweig:74,74,1,0
0,staedtisches-klinikum-braunschweig,staedtisches-klinikum-braunschweig:78,78,1,0
0,staedtisches-klinikum-braunschweig,staedtisches-klinikum-braunschweig:79,79,1,1
0,staedtisches-klinikum-braunschweig,staedtisches-klinikum-braunschweig:81,81,2,0
1,staedtisches-klinikum-braunschweig,staedtisches-klinikum-braunschweig:83,83,1,0
0,staedtisches-klinikum-braunschweig,staedtisches-klinikum-braunschweig:84,84,1,0
0,staedtisches-klinikum-braunschweig,staedtisches-klinikum-braunschweig:85,85,1,0
2,staedtisches-klinikum-braunschweig,staedtisches-klinikum-braunschweig:86,86,1,0
1,staedtisches-klinikum-braunschweig,staedtisches-klinikum-braunschweig:87,87,1,0
2,staedtisches-klinikum-braunschweig,staedtisches-klinikum-braunschweig:88,88,1,0
1,staedtisches-klinikum-braunschweig,staedtisches-klinikum-braunschweig:89,89,1,0
2,staedtisches-klinikum-braunschweig,staedtisches-klinikum-braunschweig:90,90,2,0
8,staedtisches-klinikum-braunschweig,staedtisches-klinikum-braunschweig:91,91,1,0
1,staedtisches-klinikum-braunschweig,staedtisches-klinikum-braunschweig:93,93,1,0
0,staedtisches-klinikum-braunschweig,staedtisches-klinikum-braunschweig:94,94,1,0
6,staedtisches-klinikum-braunschweig,staedtisches-klinikum-braunschweig:95,95,1,0
8,staedtisches-klinikum-braunschweig,staedtisches-klinikum-braunschweig:96,96,1,0
2,staedtisches-klinikum-braunschweig,staedtisches-klinikum-braunschweig:98,98,1,0
2,staedtisches-klinikum-braunschweig,staedtisches-klinikum-braunschweig:99,99,1,0
15,staedtisches-klinikum-braunschweig,staedtisches-klinikum-braunschweig:102,102,1,0
1,staedtisches-klinikum-braunschweig,staedtisches-klinikum-braunschweig:103,103,1,0
1,staedtisches-klinikum-braunschweig,staedtisches-klinikum-braunschweig:104,104,1,0
4,staedtisches-klinikum-braunschweig,staedtisches-klinikum-braunschweig:105,105,1,0
0,staedtisches-klinikum-braunschweig,staedtisches-klinikum-braunschweig:106,106,1,0
1,staedtisches-klinikum-braunschweig,staedtisches-klinikum-braunschweig:107,107,1,0
2,staedtisches-klinikum-braunschweig,staedtisches-klinikum-braunschweig:108,108,1,0
2,staedtisches-klinikum-braunschweig,staedtisches-klinikum-braunschweig:109,109,1,0
1,staedtisches-klinikum-braunschweig,staedtisches-klinikum-braunschweig:110,110,1,0
16,staedtisches-klinikum-braunschweig,staedtisches-klinikum-braunschweig:111,111,1,0
1,staedtisches-klinikum-braunschweig,staedtisches-klinikum-braunschweig:115,115,1,0
1,staedtisches-klinikum-braunschweig,staedtisches-klinikum-braunschweig:116,116,1,0
1,staedtisches-klinikum-braunschweig,staedtisches-klinikum-braunschweig:118,118,1,0
4,staedtisches-klinikum-braunschweig,staedtisches-klinikum-braunschweig:119,119,1,0
3,staedtisches-klinikum-braunschweig,staedtisches-klinikum-braunschweig:123,123,1,0
3,staedtisches-klinikum-braunschweig,staedtisches-klinikum-braunschweig:125,125,1,0
0,staedtisches-klinikum-braunschweig,staedtisches-klinikum-braunschweig:128,128,1,0
6,staedtisches-klinikum-braunschweig,staedtisches-klinikum-braunschweig:129,129,1,0
3,staedtisches-klinikum-braunschweig,staedtisches-klinikum-braunschweig:130,130,1,0
5,staedtisches-klinikum-braunschweig,staedtisches-klinikum-braunschweig:134,134,1,0
1,staedtisches-klinikum-braunschweig,staedtisches-klinikum-braunschweig:135,135,1,0
18,staedtisches-klinikum-braunschweig,staedtisches-klinikum-braunschweig:137,137,1,0
15,staedtisches-klinikum-braunschweig,staedtisches-klinikum-braunschweig:140,140,1,0
0,staedtisches-klinikum-braunschweig,staedtisches-klinikum-braunschweig:141,141,1,0
13,staedtisches-klinikum-braunschweig,staedtisches-klinikum-braunschweig:143,143,1,0
0,staedtisches-klinikum-braunschweig,staedtisches-klinikum-braunschweig:144,144,1,1
2,staedtisches-klinikum-braunschweig,staedtisches-klinikum-braunschweig:145,145,1,0
18,staedtisches-klinikum-braunschweig,staedtisches-klinikum-braunschweig:147,147,1,0
3,staedtisches-klinikum-braunschweig,staedtisches-klinikum-braunschweig:148,148,1,0
2,staedtisches-klinikum-braunschweig,staedtisches-klinikum-braunschweig:149,149,1,0
5,staedtisches-klinikum-braunschweig,staedtisches-klinikum-braunschweig:150,150,1,0
3,staedtisches-klinikum-braunschweig,staedtisches-klinikum-braunschweig:152,152,1,0
6,staedtisches-klinikum-braunschweig,staedtisches-klinikum-braunschweig:153,153,1,0
0,staedtisches-klinikum-braunschweig,staedtisches-klinikum-braunschweig:154,154,1,0
2,staedtisches-klinikum-braunschweig,staedtisches-klinikum-braunschweig:155,155,1,0
16,staedtisches-klinikum-braunschweig,staedtisches-klinikum-braunschweig:158,158,1,0
2,staedtisches-klinikum-braunschweig,staedtisches-klinikum-braunschweig:160,160,1,0
8,staedtisches-klinikum-braunschweig,staedtisches-klinikum-braunschweig:161,161,2,0
8,staedtisches-klinikum-braunschweig,staedtisches-klinikum-braunschweig:162,162,1,0
10,staedtisches-klinikum-braunschweig,staedtisches-klinikum-braunschweig:163,163,1,0
6,staedtisches-klinikum-braunschweig,staedtisches-klinikum-braunschweig:164,164,1,0
3,staedtisches-klinikum-braunschweig,staedtisches-klinikum-braunschweig:165,165,1,0
11,staedtisches-klinikum-braunschweig,staedtisches-klinikum-braunschweig:166,166,1,0
16,staedtisches-klinikum-braunschweig,staedtisches-klinikum-braunschweig:167,167,1,0
7,staedtisches-klinikum-braunschweig,staedtisches-klinikum-braunschweig:172,172,1,0
14,staedtisches-klinikum-braunschweig,staedtisches-klinikum-braunschweig:173,173,1,0
0,staedtisches-klinikum-braunschweig,staedtisches-klinikum-braunschweig:174,174,1,0
14,staedtisches-klinikum-braunschweig,staedtisches-klinikum-braunschweig:175,175,1,0
10,staedtisches-klinikum-braunschweig,staedtisches-klinikum-braunschweig:177,177,1,0
26,staedtisches-klinikum-braunschweig,staedtisches-klinikum-braunschweig:178,178,1,0
8,staedtisches-klinikum-braunschweig,staedtisches-klinikum-braunschweig:180,180,1,0
16,staedtisches-klinikum-braunschweig,staedtisches-klinikum-braunschweig:181,181,1,0
4,staedtisches-klinikum-braunschweig,staedtisches-klinikum-braunschweig:182,182,1,0
22,staedtisches-klinikum-braunschweig,staedtisches-klinikum-braunschweig:184,184,1,0
4,staedtisches-klinikum-braunschweig,staedtisches-klinikum-braunschweig:185,185,1,0
8,staedtisches-klinikum-braunschweig,staedtisches-klinikum-braunschweig:186,186,1,1
2,staedtisches-klinikum-braunschweig,staedtisches-klinikum-braunschweig:187,187,1,0
4,staedtisches-klinikum-braunschweig,staedtisches-klinikum-braunschweig:188,188,1,0
4,staedtisches-klinikum-braunschweig,staedtisches-klinikum-braunschweig:189,189,1,0
16,staedtisches-klinikum-braunschweig,staedtisches-klinikum-braunschweig:190,190,1,0
15,staedtisches-klinikum-braunschweig,staedtisches-klinikum-braunschweig:192,192,1,0
1,staedtisches-klinikum-braunschweig,staedtisches-klinikum-braunschweig:193,193,1,0
24,staedtisches-klinikum-braunschweig,staedtisches-klinikum-braunschweig:194,194,1,0
7,staedtisches-klinikum-braunschweig,staedtisches-klinikum-braunschweig:197,197,1,0
5,staedtisches-klinikum-braunschweig,staedtisches-klinikum-braunschweig:198,198,2,0
13,staedtisches-klinikum-braunschweig,staedtisches-klinikum-braunschweig:200,200,1,0
4,staedtisches-klinikum-braunschweig,staedtisches-klinikum-braunschweig:202,202,1,0
8,staedtisches-klinikum-braunschweig,staedtisches-klinikum-braunschweig:204,204,1,0
3,staedtisches-klinikum-braunschweig,staedtisches-klinikum-braunschweig:210,210,1,0
16,staedtisches-klinikum-braunschweig,staedtisches-klinikum-braunschweig:213,213,1,0
3,staedtisches-klinikum-braunschweig,staedtisches-klinikum-braunschweig:214,214,1,0
8,staedtisches-klinikum-braunschweig,staedtisches-klinikum-braunschweig:216,216,1,0
1,staedtisches-klinikum-braunschweig,staedtisches-klinikum-braunschweig:217,217,1,0
3,staedtisches-klinikum-braunschweig,staedtisches-klinikum-braunschweig:218,218,2,0
14,staedtisches-klinikum-braunschweig,staedtisches-klinikum-braunschweig:219,219,1,0
13,staedtisches-klinikum-braunschweig,staedtisches-klinikum-braunschweig:220,220,1,0
23,staedtisches-klinikum-braunschweig,staedtisches-klinikum-braunschweig:224,224,1,0
9,staedtisches-klinikum-braunschweig,staedtisches-klinikum-braunschweig:226,226,1,0
10,staedtisches-klinikum-braunschweig,staedtisches-klinikum-braunschweig:228,228,1,0
3,staedtisches-klinikum-braunschweig,staedtisches-klinikum-braunschweig:229,229,1,0
4,staedtisches-klinikum-braunschweig,staedtisches-klinikum-braunschweig:231,231,1,0
12,staedtisches-klinikum-braunschweig,staedtisches-klinikum-braunschweig:232,232,1,0
2,staedtisches-klinikum-braunschweig,staedtisches-klinikum-braunschweig:233,233,1,0
8,staedtisches-klinikum-braunschweig,staedtisches-klinikum-braunschweig:235,235,1,0
7,staedtisches-klinikum-braunschweig,staedtisches-klinikum-braunschweig:236,236,1,0
22,staedtisches-klinikum-braunschweig,staedtisches-klinikum-braunschweig:237,237,1,0
16,staedtisches-klinikum-braunschweig,staedtisches-klinikum-braunschweig:238,238,1,0
15,staedtisches-klinikum-braunschweig,staedtisches-klinikum-braunschweig:239,239,1,0
6,staedtisches-klinikum-braunschweig,staedtisches-klinikum-braunschweig:241,241,1,0
13,staedtisches-klinikum-braunschweig,staedtisches-klinikum-braunschweig:242,242,1,0
9,staedtisches-klinikum-braunschweig,staedtisches-klinikum-braunschweig:243,243,1,0
10,staedtisches-klinikum-braunschweig,staedtisches-klinikum-braunschweig:244,244,1,0
12,staedtisches-klinikum-braunschweig,staedtisches-klinikum-braunschweig:245,245,1,0
2,staedtisches-klinikum-braunschweig,staedtisches-klinikum-braunschweig:246,246,2,0
12,staedtisches-klinikum-braunschweig,staedtisches-klinikum-braunschweig:248,248,1,0
27,staedtisches-klinikum-braunschweig,staedtisches-klinikum-braunschweig:249,249,1,0
17,staedtisches-klinikum-braunschweig,staedtisches-klinikum-braunschweig:250,250,1,0
18,staedtisches-klinikum-braunschweig,staedtisches-klinikum-braunschweig:253,253,1,0
18,staedtisches-klinikum-braunschweig,staedtisches-klinikum-braunschweig:254,254,1,0
7,staedtisches-klinikum-braunschweig,staedtisches-klinikum-braunschweig:255,255,1,0
21,staedtisches-klinikum-braunschweig,staedtisches-klinikum-braunschweig:257,257,1,0
3,staedtisches-klinikum-braunschweig,staedtisches-klinikum-braunschweig:259,259,1,0
9,staedtisches-klinikum-braunschweig,staedtisches-klinikum-braunschweig:260,260,1,0
20,staedtisches-klinikum-braunschweig,staedtisches-klinikum-braunschweig:261,261,1,0
13,staedtisches-klinikum-braunschweig,staedtisches-klinikum-braunschweig:264,264,1,0
7,staedtisches-klinikum-braunschweig,staedtisches-klinikum-braunschweig:265,265,1,0
11,staedtisches-klinikum-braunschweig,staedtisches-klinikum-braunschweig:266,266,1,0
1,staedtisches-klinikum-braunschweig,staedtisches-klinikum-braunschweig:267,267,1,1
0,staedtisches-klinikum-braunschweig,staedtisches-klinikum-braunschweig:269,269,1,1
13,staedtisches-klinikum-braunschweig,staedtisches-klinikum-braunschweig:271,271,1,0
11,staedtisches-klinikum-braunschweig,staedtisches-klinikum-braunschweig:273,273,1,0
14,staedtisches-klinikum-braunschweig,staedtisches-klinikum-braunschweig:274,274,1,0
11,staedtisches-klinikum-braunschweig,staedtisches-klinikum-braunschweig:275,275,1,0
6,staedtisches-klinikum-braunschweig,staedtisches-klinikum-braunschweig:276,276,1,0
1,staedtisches-klinikum-braunschweig,staedtisches-klinikum-braunschweig:278,278,1,0
21,staedtisches-klinikum-braunschweig,staedtisches-klinikum-braunschweig:279,279,1,0
8,staedtisches-klinikum-braunschweig,staedtisches-klinikum-braunschweig:282,282,1,0
6,staedtisches-klinikum-braunschweig,staedtisches-klinikum-braunschweig:283,283,1,0
14,staedtisches-klinikum-braunschweig,staedtisches-klinikum-braunschweig:284,284,1,0
0,staedtisches-klinikum-braunschweig,staedtisches-klinikum-braunschweig:285,285,1,0
3,staedtisches-klinikum-braunschweig,staedtisches-klinikum-braunschweig:286,286,1,0
13,staedtisches-klinikum-braunschweig,staedtisches-klinikum-braunschweig:289,289,1,0
12,staedtisches-klinikum-braunschweig,staedtisches-klinikum-braunschweig:291,291,1,0
0,staedtisches-klinikum-braunschweig,staedtisches-klinikum-braunschweig:292,292,1,0
12,staedtisches-klinikum-braunschweig,staedtisches-klinikum-braunschweig:293,293,1,0
13,staedtisches-klinikum-braunschweig,staedtisches-klinikum-braunschweig:294,294,1,0
5,staedtisches-klinikum-braunschweig,staedtisches-klinikum-braunschweig:295,295,1,0
5,staedtisches-klinikum-braunschweig,staedtisches-klinikum-braunschweig:296,296,1,0
1,staedtisches-klinikum-braunschweig,staedtisches-klinikum-braunschweig:297,297,1,0
9,staedtisches-klinikum-braunschweig,staedtisches-klinikum-braunschweig:299,299,1,0
1,staedtisches-klinikum-braunschweig,staedtisches-klinikum-braunschweig:300,300,1,0
5,staedtisches-klinikum-braunschweig,staedtisches-klinikum-braunschweig:302,302,1,0
14,staedtisches-klinikum-braunschweig,staedtisches-klinikum-braunschweig:303,303,1,0
12,staedtisches-klinikum-braunschweig,staedtisches-klinikum-braunschweig:304,304,1,0
1,staedtisches-klinikum-braunschweig,staedtisches-klinikum-braunschweig:305,305,1,0
2,staedtisches-klinikum-braunschweig,staedtisches-klinikum-braunschweig:306,306,1,0
11,staedtisches-klinikum-braunschweig,staedtisches-klinikum-braunschweig:307,307,1,0
0,staedtisches-klinikum-braunschweig,staedtisches-klinikum-braunschweig:308,308,1,1
19,staedtisches-klinikum-braunschweig,staedtisches-klinikum-braunschweig:309,309,1,0
5,staedtisches-klinikum-braunschweig,staedtisches-klinikum-braunschweig:310,310,1,0
8,staedtisches-klinikum-braunschweig,staedtisches-klinikum-braunschweig:311,311,1,1
7,staedtisches-klinikum-braunschweig,staedtisches-klinikum-braunschweig:312,312,1,0
15,staedtisches-klinikum-braunschweig,staedtisches-klinikum-braunschweig:314,314,1,0
0,staedtisches-klinikum-braunschweig,staedtisches-klinikum-braunschweig:316,316,1,0
0,staedtisches-klinikum-braunschweig,staedtisches-klinikum-braunschweig:317,317,1,0
6,staedtisches-klinikum-braunschweig,staedtisches-klinikum-braunschweig:318,318,1,0
2,staedtisches-klinikum-braunschweig,staedtisches-klinikum-braunschweig:319,319,1,0
0,staedtisches-klinikum-braunschweig,staedtisches-klinikum-braunschweig:320,320,1,0
8,staedtisches-klinikum-braunschweig,staedtisches-klinikum-braunschweig:322,322,1,0
3,staedtisches-klinikum-braunschweig,staedtisches-klinikum-braunschweig:323,323,1,0
8,staedtisches-klinikum-braunschweig,staedtisches-klinikum-braunschweig:327,327,1,0
13,staedtisches-klinikum-braunschweig,staedtisches-klinikum-braunschweig:328,328,1,0
6,staedtisches-klinikum-braunschweig,staedtisches-klinikum-braunschweig:329,329,1,0
6,staedtisches-klinikum-braunschweig,staedtisches-klinikum-braunschweig:330,330,1,0
6,staedtisches-klinikum-braunschweig,staedtisches-klinikum-braunschweig:334,334,1,0
6,staedtisches-klinikum-braunschweig,staedtisches-klinikum-braunschweig:337,337,1,0
14,staedtisches-klinikum-braunschweig,staedtisches-klinikum-braunschweig:338,338,1,0
13,staedtisches-klinikum-braunschweig,staedtisches-klinikum-braunschweig:339,339,1,0
10,staedtisches-klinikum-braunschweig,staedtisches-klinikum-braunschweig:340,340,1,0
8,staedtisches-klinikum-braunschweig,staedtisches-klinikum-braunschweig:341,341,1,0
0,staedtisches-klinikum-braunschweig,staedtisches-klinikum-braunschweig:343,343,1,0
0,staedtisches-klinikum-braunschweig,staedtisches-klinikum-braunschweig:345,345,1,1
0,staedtisches-klinikum-braunschweig,staedtisches-klinikum-braunschweig:346,346,1,0
5,staedtisches-klinikum-braunschweig,staedtisches-klinikum-braunschweig:348,348,1,0
16,staedtisches-klinikum-braunschweig,staedtisches-klinikum-braunschweig:349,349,1,0
2,staedtisches-klinikum-braunschweig,staedtisches-klinikum-braunschweig:350,350,1,0
0,staedtisches-klinikum-braunschweig,staedtisches-klinikum-braunschweig:352,352,1,0
10,staedtisches-klinikum-braunschweig,staedtisches-klinikum-braunschweig:354,354,1,0
5,staedtisches-klinikum-braunschweig,staedtisches-klinikum-braunschweig:356,356,1,0
4,staedtisches-klinikum-braunschweig,staedtisches-klinikum-braunschweig:357,357,2,0
1,staedtisches-klinikum-braunschweig,staedtisches-klinikum-braunschweig:359,359,1,0
4,staedtisches-klinikum-braunschweig,staedtisches-klinikum-braunschweig:360,360,1,0
0,staedtisches-klinikum-braunschweig,staedtisches-klinikum-braunschweig:361,361,1,0
4,staedtisches-klinikum-braunschweig,staedtisches-klinikum-braunschweig:362,362,1,0
6,staedtisches-klinikum-braunschweig,staedtisches-klinikum-braunschweig:364,364,1,0
4,staedtisches-klinikum-braunschweig,staedtisches-klinikum-braunschweig:365,365,1,0
0,staedtisches-klinikum-braunschweig,staedtisches-klinikum-braunschweig:367,367,1,0
3,staedtisches-klinikum-braunschweig,staedtisches-klinikum-braunschweig:369,369,1,0
1,staedtisches-klinikum-braunschweig,staedtisches-klinikum-braunschweig:371,371,2,0
4,staedtisches-klinikum-braunschweig,staedtisches-klinikum-braunschweig:372,372,1,0
2,staedtisches-klinikum-braunschweig,staedtisches-klinikum-braunschweig:373,373,2,0
6,staedtisches-klinikum-braunschweig,staedtisches-klinikum-braunschweig:374,374,1,0
7,staedtisches-klinikum-braunschweig,staedtisches-klinikum-braunschweig:376,376,1,0
4,staedtisches-klinikum-braunschweig,staedtisches-klinikum-braunschweig:377,377,1,0
1,staedtisches-klinikum-braunschweig,staedtisches-klinikum-braunschweig:378,378,1,0
5,staedtisches-klinikum-braunschweig,staedtisches-klinikum-braunschweig:380,380,1,0
0,staedtisches-klinikum-braunschweig,staedtisches-klinikum-braunschweig:381,381,1,0
0,staedtisches-klinikum-braunschweig,staedtisches-klinikum-braunschweig:382,382,1,0
1,staedtisches-klinikum-braunschweig,staedtisches-klinikum-braunschweig:385,385,1,0
3,staedtisches-klinikum-braunschweig,staedtisches-klinikum-braunschweig:387,387,1,0
2,staedtisches-klinikum-braunschweig,staedtisches-klinikum-braunschweig:388,388,1,0
5,staedtisches-klinikum-braunschweig,staedtisches-klinikum-braunschweig:389,389,1,0
0,staedtisches-klinikum-braunschweig,staedtisches-klinikum-braunschweig:390,390,1,0
2,staedtisches-klinikum-braunschweig,staedtisches-klinikum-braunschweig:391,391,1,0
9,staedtisches-klinikum-braunschweig,staedtisches-klinikum-braunschweig:392,392,1,0
6,staedtisches-klinikum-braunschweig,staedtisches-klinikum-braunschweig:393,393,1,0
4,staedtisches-klinikum-braunschweig,staedtisches-klinikum-braunschweig:394,394,1,1
0,staedtisches-klinikum-braunschweig,staedtisches-klinikum-braunschweig:395,395,1,0
5,staedtisches-klinikum-braunschweig,staedtisches-klinikum-braunschweig:399,399,1,0
0,staedtisches-klinikum-braunschweig,staedtisches-klinikum-braunschweig:400,400,2,0
8,staedtisches-klinikum-braunschweig,staedtisches-klinikum-braunschweig:401,401,1,0
4,staedtisches-klinikum-braunschweig,staedtisches-klinikum-braunschweig:402,402,1,0
5,staedtisches-klinikum-braunschweig,staedtisches-klinikum-braunschweig:403,403,1,0
5,staedtisches-klinikum-braunschweig,staedtisches-klinikum-braunschweig:404,404,1,0
2,staedtisches-klinikum-braunschweig,staedtisches-klinikum-braunschweig:406,406,1,0
4,staedtisches-klinikum-braunschweig,staedtisches-klinikum-braunschweig:407,407,1,0
5,staedtisches-klinikum-braunschweig,staedtisches-klinikum-braunschweig:408,408,1,0
2,staedtisches-klinikum-braunschweig,staedtisches-klinikum-braunschweig:409,409,2,0
5,staedtisches-klinikum-braunschweig,staedtisches-klinikum-braunschweig:410,410,1,0
3,staedtisches-klinikum-braunschweig,staedtisches-klinikum-braunschweig:411,411,1,0
0,staedtisches-klinikum-braunschweig,staedtisches-klinikum-braunschweig:412,412,1,0
0,staedtisches-klinikum-braunschweig,staedtisches-klinikum-braunschweig:413,413,1,0
8,staedtisches-klinikum-braunschweig,staedtisches-klinikum-braunschweig:414,414,1,0
6,staedtisches-klinikum-braunschweig,staedtisches-klinikum-braunschweig:415,415,1,0
0,staedtisches-klinikum-braunschweig,staedtisches-klinikum-braunschweig:417,417,1,0
0,staedtisches-klinikum-braunschweig,staedtisches-klinikum-braunschweig:419,419,1,0
19,staedtisches-klinikum-braunschweig,staedtisches-klinikum-braunschweig:425,425,1,0
6,staedtisches-klinikum-braunschweig,staedtisches-klinikum-braunschweig:428,428,1,0
7,staedtisches-klinikum-braunschweig,staedtisches-klinikum-braunschweig:429,429,1,0
0,staedtisches-klinikum-braunschweig,staedtisches-klinikum-braunschweig:432,432,1,0
4,staedtisches-klinikum-braunschweig,staedtisches-klinikum-braunschweig:434,434,1,0
5,staedtisches-klinikum-braunschweig,staedtisches-klinikum-braunschweig:436,436,1,0
0,staedtisches-klinikum-braunschweig,staedtisches-klinikum-braunschweig:437,437,1,0
6,staedtisches-klinikum-braunschweig,staedtisches-klinikum-braunschweig:438,438,1,0
3,staedtisches-klinikum-braunschweig,staedtisches-klinikum-braunschweig:439,439,1,0
2,staedtisches-klinikum-braunschweig,staedtisches-klinikum-braunschweig:440,440,1,0
3,staedtisches-klinikum-braunschweig,staedtisches-klinikum-braunschweig:441,441,1,0
4,staedtisches-klinikum-braunschweig,staedtisches-klinikum-braunschweig:442,442,2,0
3,staedtisches-klinikum-braunschweig,staedtisches-klinikum-braunschweig:444,444,1,0
4,staedtisches-klinikum-braunschweig,staedtisches-klinikum-braunschweig:445,445,1,0
3,staedtisches-klinikum-braunschweig,staedtisches-klinikum-braunschweig:446,446,1,0
4,staedtisches-klinikum-braunschweig,staedtisches-klinikum-braunschweig:447,447,1,0
3,staedtisches-klinikum-braunschweig,staedtisches-klinikum-braunschweig:449,449,1,0
0,staedtisches-klinikum-braunschweig,staedtisches-klinikum-braunschweig:451,451,2,0
0,staedtisches-klinikum-braunschweig,staedtisches-klinikum-braunschweig:452,452,1,0
0,staedtisches-klinikum-braunschweig,staedtisches-klinikum-braunschweig:454,454,1,1
0,staedtisches-klinikum-braunschweig,staedtisches-klinikum-braunschweig:455,455,2,0
0,staedtisches-klinikum-braunschweig,staedtisches-klinikum-braunschweig:456,456,1,0
0,staedtisches-klinikum-braunschweig,staedtisches-klinikum-braunschweig:458,458,1,0
0,staedtisches-klinikum-braunschweig,staedtisches-klinikum-braunschweig:459,459,2,0
0,staedtisches-klinikum-braunschweig,staedtisches-klinikum-braunschweig:460,460,1,0
0,staedtisches-klinikum-braunschweig,staedtisches-klinikum-braunschweig:462,462,1,0
0,staedtisches-klinikum-braunschweig,staedtisches-klinikum-braunschweig:463,463,1,0
0,staedtisches-klinikum-braunschweig,staedtisches-klinikum-braunschweig:466,466,1,0
0,staedtisches-klinikum-braunschweig,staedtisches-klinikum-braunschweig:468,468,1,0
0,staedtisches-klinikum-braunschweig,staedtisches-klinikum-braunschweig:469,469,1,0
0,staedtisches-klinikum-braunschweig,staedtisches-klinikum-braunschweig:470,470,1,1
0,staedtisches-klinikum-braunschweig,staedtisches-klinikum-braunschweig:471,471,2,0
0,staedtisches-klinikum-braunschweig,staedtisches-klinikum-braunschweig:472,472,1,0
0,staedtisches-klinikum-braunschweig,staedtisches-klinikum-braunschweig:474,474,1,0
0,staedtisches-klinikum-braunschweig,staedtisches-klinikum-braunschweig:477,477,1,0
0,staedtisches-klinikum-braunschweig,staedtisches-klinikum-braunschweig:478,478,1,0
1,staedtisches-klinikum-braunschweig,staedtisches-klinikum-braunschweig:480,480,1,0
0,staedtisches-klinikum-braunschweig,staedtisches-klinikum-braunschweig:481,481,1,0
2,staedtisches-klinikum-braunschweig,staedtisches-klinikum-braunschweig:482,482,1,0
1,staedtisches-klinikum-braunschweig,staedtisches-klinikum-braunschweig:483,483,1,0
0,staedtisches-klinikum-lueneburg-ggmbh,staedtisches-klinikum-lueneburg-ggmbh:0,0,1,0
0,staedtisches-klinikum-lueneburg-ggmbh,staedtisches-klinikum-lueneburg-ggmbh:4,4,1,0
0,staedtisches-klinikum-lueneburg-ggmbh,staedtisches-klinikum-lueneburg-ggmbh:6,6,2,0
0,staedtisches-klinikum-lueneburg-ggmbh,staedtisches-klinikum-lueneburg-ggmbh:11,11,1,0
0,staedtisches-klinikum-lueneburg-ggmbh,staedtisches-klinikum-lueneburg-ggmbh:12,12,1,0
0,staedtisches-klinikum-lueneburg-ggmbh,staedtisches-klinikum-lueneburg-ggmbh:13,13,2,0
0,staedtisches-klinikum-lueneburg-ggmbh,staedtisches-klinikum-lueneburg-ggmbh:14,14,1,0
1,staedtisches-klinikum-lueneburg-ggmbh,staedtisches-klinikum-lueneburg-ggmbh:17,17,1,0
0,staedtisches-klinikum-lueneburg-ggmbh,staedtisches-klinikum-lueneburg-ggmbh:19,19,1,0
0,staedtisches-klinikum-lueneburg-ggmbh,staedtisches-klinikum-lueneburg-ggmbh:20,20,1,0
0,staedtisches-klinikum-lueneburg-ggmbh,staedtisches-klinikum-lueneburg-ggmbh:22,22,2,0
1,staedtisches-klinikum-lueneburg-ggmbh,staedtisches-klinikum-lueneburg-ggmbh:27,27,1,0
18,staedtisches-klinikum-lueneburg-ggmbh,staedtisches-klinikum-lueneburg-ggmbh:31,31,1,0
0,staedtisches-klinikum-lueneburg-ggmbh,staedtisches-klinikum-lueneburg-ggmbh:34,34,1,0
0,staedtisches-klinikum-lueneburg-ggmbh,staedtisches-klinikum-lueneburg-ggmbh:35,35,1,0
0,staedtisches-klinikum-lueneburg-ggmbh,staedtisches-klinikum-lueneburg-ggmbh:36,36,1,0
0,staedtisches-klinikum-lueneburg-ggmbh,staedtisches-klinikum-lueneburg-ggmbh:37,37,1,0
0,staedtisches-klinikum-lueneburg-ggmbh,staedtisches-klinikum-lueneburg-ggmbh:38,38,2,0
0,staedtisches-klinikum-lueneburg-ggmbh,staedtisches-klinikum-lueneburg-ggmbh:43,43,1,0
0,staedtisches-klinikum-lueneburg-ggmbh,staedtisches-klinikum-lueneburg-ggmbh:46,46,2,0
1,staedtisches-klinikum-lueneburg-ggmbh,staedtisches-klinikum-lueneburg-ggmbh:48,48,1,0
0,staedtisches-klinikum-lueneburg-ggmbh,staedtisches-klinikum-lueneburg-ggmbh:49,49,1,0
35,staedtisches-klinikum-lueneburg-ggmbh,staedtisches-klinikum-lueneburg-ggmbh:50,50,1,0
0,staedtisches-klinikum-lueneburg-ggmbh,staedtisches-klinikum-lueneburg-ggmbh:51,51,1,0
0,staedtisches-klinikum-lueneburg-ggmbh,staedtisches-klinikum-lueneburg-ggmbh:52,52,1,0
0,staedtisches-klinikum-lueneburg-ggmbh,staedtisches-klinikum-lueneburg-ggmbh:53,53,1,0
0,staedtisches-klinikum-lueneburg-ggmbh,staedtisches-klinikum-lueneburg-ggmbh:55,55,2,0
8,staedtisches-klinikum-lueneburg-ggmbh,staedtisches-klinikum-lueneburg-ggmbh:59,59,1,0
0,staedtisches-klinikum-lueneburg-ggmbh,staedtisches-klinikum-lueneburg-ggmbh:61,61,1,0
1,staedtisches-klinikum-lueneburg-ggmbh,staedtisches-klinikum-lueneburg-ggmbh:63,63,1,0
0,staedtisches-klinikum-lueneburg-ggmbh,staedtisches-klinikum-lueneburg-ggmbh:65,65,1,0
0,staedtisches-klinikum-lueneburg-ggmbh,staedtisches-klinikum-lueneburg-ggmbh:66,66,1,0
0,staedtisches-klinikum-lueneburg-ggmbh,staedtisches-klinikum-lueneburg-ggmbh:67,67,2,0
0,staedtisches-klinikum-lueneburg-ggmbh,staedtisches-klinikum-lueneburg-ggmbh:68,68,1,0
1,staedtisches-klinikum-lueneburg-ggmbh,staedtisches-klinikum-lueneburg-ggmbh:72,72,1,0
9,staedtisches-klinikum-lueneburg-ggmbh,staedtisches-klinikum-lueneburg-ggmbh:73,73,2,0
2,staedtisches-klinikum-lueneburg-ggmbh,staedtisches-klinikum-lueneburg-ggmbh:74,74,1,0
0,staedtisches-klinikum-lueneburg-ggmbh,staedtisches-klinikum-lueneburg-ggmbh:76,76,1,0
1,staedtisches-klinikum-lueneburg-ggmbh,staedtisches-klinikum-lueneburg-ggmbh:79,79,1,0
1,staedtisches-klinikum-lueneburg-ggmbh,staedtisches-klinikum-lueneburg-ggmbh:80,80,1,0
1,staedtisches-klinikum-lueneburg-ggmbh,staedtisches-klinikum-lueneburg-ggmbh:83,83,1,0
1,staedtisches-klinikum-lueneburg-ggmbh,staedtisches-klinikum-lueneburg-ggmbh:84,84,1,0
1,staedtisches-klinikum-lueneburg-ggmbh,staedtisches-klinikum-lueneburg-ggmbh:85,85,1,0
11,staedtisches-klinikum-lueneburg-ggmbh,staedtisches-klinikum-lueneburg-ggmbh:89,89,1,0
1,staedtisches-klinikum-lueneburg-ggmbh,staedtisches-klinikum-lueneburg-ggmbh:90,90,1,0
5,staedtisches-klinikum-lueneburg-ggmbh,staedtisches-klinikum-lueneburg-ggmbh:95,95,1,0
0,staedtisches-klinikum-lueneburg-ggmbh,staedtisches-klinikum-lueneburg-ggmbh:99,99,1,0
2,staedtisches-klinikum-lueneburg-ggmbh,staedtisches-klinikum-lueneburg-ggmbh:101,101,1,0
1,staedtisches-klinikum-lueneburg-ggmbh,staedtisches-klinikum-lueneburg-ggmbh:103,103,2,0
4,staedtisches-klinikum-lueneburg-ggmbh,staedtisches-klinikum-lueneburg-ggmbh:105,105,2,0
5,staedtisches-klinikum-lueneburg-ggmbh,staedtisches-klinikum-lueneburg-ggmbh:109,109,1,0
4,staedtisches-klinikum-lueneburg-ggmbh,staedtisches-klinikum-lueneburg-ggmbh:111,111,1,0
2,staedtisches-klinikum-lueneburg-ggmbh,staedtisches-klinikum-lueneburg-ggmbh:118,118,2,0
1,staedtisches-klinikum-lueneburg-ggmbh,staedtisches-klinikum-lueneburg-ggmbh:120,120,1,0
5,staedtisches-klinikum-lueneburg-ggmbh,staedtisches-klinikum-lueneburg-ggmbh:122,122,1,0
0,staedtisches-klinikum-lueneburg-ggmbh,staedtisches-klinikum-lueneburg-ggmbh:124,124,1,0
2,staedtisches-klinikum-lueneburg-ggmbh,staedtisches-klinikum-lueneburg-ggmbh:127,127,2,0
13,staedtisches-klinikum-lueneburg-ggmbh,staedtisches-klinikum-lueneburg-ggmbh:128,128,1,0
5,staedtisches-klinikum-lueneburg-ggmbh,staedtisches-klinikum-lueneburg-ggmbh:129,129,2,0
21,staedtisches-klinikum-lueneburg-ggmbh,staedtisches-klinikum-lueneburg-ggmbh:133,133,1,0
3,staedtisches-klinikum-lueneburg-ggmbh,staedtisches-klinikum-lueneburg-ggmbh:134,134,1,0
1,staedtisches-klinikum-lueneburg-ggmbh,staedtisches-klinikum-lueneburg-ggmbh:135,135,1,0
5,staedtisches-klinikum-lueneburg-ggmbh,staedtisches-klinikum-lueneburg-ggmbh:140,140,1,0
1,staedtisches-klinikum-lueneburg-ggmbh,staedtisches-klinikum-lueneburg-ggmbh:143,143,1,0
19,staedtisches-klinikum-lueneburg-ggmbh,staedtisches-klinikum-lueneburg-ggmbh:144,144,1,0
1,staedtisches-klinikum-lueneburg-ggmbh,staedtisches-klinikum-lueneburg-ggmbh:150,150,2,0
3,staedtisches-klinikum-lueneburg-ggmbh,staedtisches-klinikum-lueneburg-ggmbh:152,152,1,0
3,staedtisches-klinikum-lueneburg-ggmbh,staedtisches-klinikum-lueneburg-ggmbh:153,153,1,0
1,staedtisches-klinikum-lueneburg-ggmbh,staedtisches-klinikum-lueneburg-ggmbh:156,156,2,0
5,staedtisches-klinikum-lueneburg-ggmbh,staedtisches-klinikum-lueneburg-ggmbh:158,158,1,0
5,staedtisches-klinikum-lueneburg-ggmbh,staedtisches-klinikum-lueneburg-ggmbh:159,159,1,0
3,staedtisches-klinikum-lueneburg-ggmbh,staedtisches-klinikum-lueneburg-ggmbh:160,160,1,0
3,staedtisches-klinikum-lueneburg-ggmbh,staedtisches-klinikum-lueneburg-ggmbh:161,161,2,0
2,staedtisches-klinikum-lueneburg-ggmbh,staedtisches-klinikum-lueneburg-ggmbh:162,162,1,0
7,staedtisches-klinikum-lueneburg-ggmbh,staedtisches-klinikum-lueneburg-ggmbh:166,166,1,0
3,staedtisches-klinikum-lueneburg-ggmbh,staedtisches-klinikum-lueneburg-ggmbh:167,167,1,0
6,staedtisches-klinikum-lueneburg-ggmbh,staedtisches-klinikum-lueneburg-ggmbh:169,169,1,0
6,staedtisches-klinikum-lueneburg-ggmbh,staedtisches-klinikum-lueneburg-ggmbh:170,170,1,0
9,staedtisches-klinikum-lueneburg-ggmbh,staedtisches-klinikum-lueneburg-ggmbh:171,171,1,0
10,staedtisches-klinikum-lueneburg-ggmbh,staedtisches-klinikum-lueneburg-ggmbh:172,172,1,0
6,staedtisches-klinikum-lueneburg-ggmbh,staedtisches-klinikum-lueneburg-ggmbh:173,173,1,0
4,staedtisches-klinikum-lueneburg-ggmbh,staedtisches-klinikum-lueneburg-ggmbh:176,176,1,0
19,staedtisches-klinikum-lueneburg-ggmbh,staedtisches-klinikum-lueneburg-ggmbh:179,179,1,0
5,staedtisches-klinikum-lueneburg-ggmbh,staedtisches-klinikum-lueneburg-ggmbh:180,180,1,0
15,staedtisches-klinikum-lueneburg-ggmbh,staedtisches-klinikum-lueneburg-ggmbh:183,183,1,0
5,staedtisches-klinikum-lueneburg-ggmbh,staedtisches-klinikum-lueneburg-ggmbh:184,184,2,0
7,staedtisches-klinikum-lueneburg-ggmbh,staedtisches-klinikum-lueneburg-ggmbh:185,185,1,0
0,staedtisches-klinikum-lueneburg-ggmbh,staedtisches-klinikum-lueneburg-ggmbh:189,189,1,0
5,staedtisches-klinikum-lueneburg-ggmbh,staedtisches-klinikum-lueneburg-ggmbh:192,192,2,0
7,staedtisches-klinikum-lueneburg-ggmbh,staedtisches-klinikum-lueneburg-ggmbh:193,193,1,0
1,staedtisches-klinikum-lueneburg-ggmbh,staedtisches-klinikum-lueneburg-ggmbh:194,194,1,0
8,staedtisches-klinikum-lueneburg-ggmbh,staedtisches-klinikum-lueneburg-ggmbh:195,195,2,0
21,staedtisches-klinikum-lueneburg-ggmbh,staedtisches-klinikum-lueneburg-ggmbh:198,198,1,0
6,staedtisches-klinikum-lueneburg-ggmbh,staedtisches-klinikum-lueneburg-ggmbh:200,200,1,0
5,staedtisches-klinikum-lueneburg-ggmbh,staedtisches-klinikum-lueneburg-ggmbh:201,201,1,0
25,staedtisches-klinikum-lueneburg-ggmbh,staedtisches-klinikum-lueneburg-ggmbh:203,203,1,0
2,staedtisches-klinikum-lueneburg-ggmbh,staedtisches-klinikum-lueneburg-ggmbh:204,204,1,0
3,staedtisches-klinikum-lueneburg-ggmbh,staedtisches-klinikum-lueneburg-ggmbh:205,205,1,0
6,staedtisches-klinikum-lueneburg-ggmbh,staedtisches-klinikum-lueneburg-ggmbh:206,206,1,0
5,staedtisches-klinikum-lueneburg-ggmbh,staedtisches-klinikum-lueneburg-ggmbh:208,208,1,0
10,staedtisches-klinikum-lueneburg-ggmbh,staedtisches-klinikum-lueneburg-ggmbh:209,209,2,0
1,staedtisches-klinikum-lueneburg-ggmbh,staedtisches-klinikum-lueneburg-ggmbh:211,211,1,0
3,staedtisches-klinikum-lueneburg-ggmbh,staedtisches-klinikum-lueneburg-ggmbh:213,213,1,0
16,staedtisches-klinikum-lueneburg-ggmbh,staedtisches-klinikum-lueneburg-ggmbh:219,219,1,0
6,staedtisches-klinikum-lueneburg-ggmbh,staedtisches-klinikum-lueneburg-ggmbh:220,220,1,0
12,staedtisches-klinikum-lueneburg-ggmbh,staedtisches-klinikum-lueneburg-ggmbh:221,221,1,0
3,staedtisches-klinikum-lueneburg-ggmbh,staedtisches-klinikum-lueneburg-ggmbh:222,222,1,0
2,staedtisches-klinikum-lueneburg-ggmbh,staedtisches-klinikum-lueneburg-ggmbh:223,223,1,0
11,staedtisches-klinikum-lueneburg-ggmbh,staedtisches-klinikum-lueneburg-ggmbh:224,224,1,0
6,staedtisches-klinikum-lueneburg-ggmbh,staedtisches-klinikum-lueneburg-ggmbh:225,225,1,0
20,staedtisches-klinikum-lueneburg-ggmbh,staedtisches-klinikum-lueneburg-ggmbh:228,228,1,0
13,staedtisches-klinikum-lueneburg-ggmbh,staedtisches-klinikum-lueneburg-ggmbh:229,229,1,0
25,staedtisches-klinikum-lueneburg-ggmbh,staedtisches-klinikum-lueneburg-ggmbh:235,235,1,0
16,staedtisches-klinikum-lueneburg-ggmbh,staedtisches-klinikum-lueneburg-ggmbh:236,236,1,0
9,staedtisches-klinikum-lueneburg-ggmbh,staedtisches-klinikum-lueneburg-ggmbh:237,237,1,0
9,staedtisches-klinikum-lueneburg-ggmbh,staedtisches-klinikum-lueneburg-ggmbh:240,240,2,0
16,staedtisches-klinikum-lueneburg-ggmbh,staedtisches-klinikum-lueneburg-ggmbh:241,241,1,0
19,staedtisches-klinikum-lueneburg-ggmbh,staedtisches-klinikum-lueneburg-ggmbh:245,245,1,0
7,staedtisches-klinikum-lueneburg-ggmbh,staedtisches-klinikum-lueneburg-ggmbh:246,246,2,0
20,staedtisches-klinikum-lueneburg-ggmbh,staedtisches-klinikum-lueneburg-ggmbh:247,247,1,0
13,staedtisches-klinikum-lueneburg-ggmbh,staedtisches-klinikum-lueneburg-ggmbh:252,252,1,0
23,staedtisches-klinikum-lueneburg-ggmbh,staedtisches-klinikum-lueneburg-ggmbh:253,253,1,0
8,staedtisches-klinikum-lueneburg-ggmbh,staedtisches-klinikum-lueneburg-ggmbh:254,254,1,0
13,staedtisches-klinikum-lueneburg-ggmbh,staedtisches-klinikum-lueneburg-ggmbh:257,257,1,0
13,staedtisches-klinikum-lueneburg-ggmbh,staedtisches-klinikum-lueneburg-ggmbh:261,261,1,0
15,staedtisches-klinikum-lueneburg-ggmbh,staedtisches-klinikum-lueneburg-ggmbh:262,262,1,0
9,staedtisches-klinikum-lueneburg-ggmbh,staedtisches-klinikum-lueneburg-ggmbh:264,264,1,0
16,staedtisches-klinikum-lueneburg-ggmbh,staedtisches-klinikum-lueneburg-ggmbh:265,265,1,0
16,staedtisches-klinikum-lueneburg-ggmbh,staedtisches-klinikum-lueneburg-ggmbh:269,269,1,0
0,staedtisches-klinikum-lueneburg-ggmbh,staedtisches-klinikum-lueneburg-ggmbh:271,271,1,0
0,staedtisches-klinikum-lueneburg-ggmbh,staedtisches-klinikum-lueneburg-ggmbh:279,279,1,0
10,staedtisches-klinikum-lueneburg-ggmbh,staedtisches-klinikum-lueneburg-ggmbh:284,284,1,0
4,staedtisches-klinikum-lueneburg-ggmbh,staedtisches-klinikum-lueneburg-ggmbh:286,286,2,0
4,staedtisches-klinikum-lueneburg-ggmbh,staedtisches-klinikum-lueneburg-ggmbh:287,287,1,0
13,staedtisches-klinikum-lueneburg-ggmbh,staedtisches-klinikum-lueneburg-ggmbh:289,289,1,0
4,staedtisches-klinikum-lueneburg-ggmbh,staedtisches-klinikum-lueneburg-ggmbh:290,290,1,0
21,staedtisches-klinikum-lueneburg-ggmbh,staedtisches-klinikum-lueneburg-ggmbh:291,291,1,0
15,staedtisches-klinikum-lueneburg-ggmbh,staedtisches-klinikum-lueneburg-ggmbh:292,292,1,0
10,staedtisches-klinikum-lueneburg-ggmbh,staedtisches-klinikum-lueneburg-ggmbh:293,293,1,0
3,staedtisches-klinikum-lueneburg-ggmbh,staedtisches-klinikum-lueneburg-ggmbh:294,294,1,0
9,staedtisches-klinikum-lueneburg-ggmbh,staedtisches-klinikum-lueneburg-ggmbh:298,298,1,0
8,staedtisches-klinikum-lueneburg-ggmbh,staedtisches-klinikum-lueneburg-ggmbh:299,299,2,0
11,staedtisches-klinikum-lueneburg-ggmbh,staedtisches-klinikum-lueneburg-ggmbh:300,300,1,0
8,staedtisches-klinikum-lueneburg-ggmbh,staedtisches-klinikum-lueneburg-ggmbh:303,303,1,0
9,staedtisches-klinikum-lueneburg-ggmbh,staedtisches-klinikum-lueneburg-ggmbh:308,308,1,0
1,staedtisches-klinikum-lueneburg-ggmbh,staedtisches-klinikum-lueneburg-ggmbh:314,314,1,0
8,staedtisches-klinikum-lueneburg-ggmbh,staedtisches-klinikum-lueneburg-ggmbh:320,320,1,0
2,staedtisches-klinikum-lueneburg-ggmbh,staedtisches-klinikum-lueneburg-ggmbh:323,323,1,0
0,staedtisches-klinikum-lueneburg-ggmbh,staedtisches-klinikum-lueneburg-ggmbh:325,325,1,0
0,staedtisches-klinikum-lueneburg-ggmbh,staedtisches-klinikum-lueneburg-ggmbh:327,327,1,0
9,staedtisches-klinikum-lueneburg-ggmbh,staedtisches-klinikum-lueneburg-ggmbh:329,329,1,0
0,staedtisches-klinikum-lueneburg-ggmbh,staedtisches-klinikum-lueneburg-ggmbh:336,336,1,0
8,staedtisches-klinikum-lueneburg-ggmbh,staedtisches-klinikum-lueneburg-ggmbh:343,343,1,0
17,staedtisches-klinikum-lueneburg-ggmbh,staedtisches-klinikum-lueneburg-ggmbh:349,349,1,1
5,staedtisches-klinikum-lueneburg-ggmbh,staedtisches-klinikum-lueneburg-ggmbh:351,351,1,0
2,staedtisches-klinikum-lueneburg-ggmbh,staedtisches-klinikum-lueneburg-ggmbh:352,352,1,0
3,staedtisches-klinikum-lueneburg-ggmbh,staedtisches-klinikum-lueneburg-ggmbh:355,355,2,0
2,staedtisches-klinikum-lueneburg-ggmbh,staedtisches-klinikum-lueneburg-ggmbh:356,356,1,0
9,staedtisches-klinikum-lueneburg-ggmbh,staedtisches-klinikum-lueneburg-ggmbh:359,359,1,0
10,staedtisches-klinikum-lueneburg-ggmbh,staedtisches-klinikum-lueneburg-ggmbh:364,364,1,0
4,staedtisches-klinikum-lueneburg-ggmbh,staedtisches-klinikum-lueneburg-ggmbh:368,368,1,0
2,staedtisches-klinikum-lueneburg-ggmbh,staedtisches-klinikum-lueneburg-ggmbh:369,369,1,0
0,staedtisches-klinikum-lueneburg-ggmbh,staedtisches-klinikum-lueneburg-ggmbh:372,372,1,0
3,staedtisches-klinikum-lueneburg-ggmbh,staedtisches-klinikum-lueneburg-ggmbh:375,375,1,0
9,staedtisches-klinikum-lueneburg-ggmbh,staedtisches-klinikum-lueneburg-ggmbh:376,376,1,0
8,staedtisches-klinikum-lueneburg-ggmbh,staedtisches-klinikum-lueneburg-ggmbh:381,381,1,0
7,staedtisches-klinikum-lueneburg-ggmbh,staedtisches-klinikum-lueneburg-ggmbh:382,382,1,0
0,staedtisches-klinikum-lueneburg-ggmbh,staedtisches-klinikum-lueneburg-ggmbh:386,386,1,0
4,staedtisches-klinikum-lueneburg-ggmbh,staedtisches-klinikum-lueneburg-ggmbh:387,387,1,0
5,staedtisches-klinikum-lueneburg-ggmbh,staedtisches-klinikum-lueneburg-ggmbh:388,388,1,0
3,staedtisches-klinikum-lueneburg-ggmbh,staedtisches-klinikum-lueneburg-ggmbh:391,391,1,0
4,staedtisches-klinikum-lueneburg-ggmbh,staedtisches-klinikum-lueneburg-ggmbh:392,392,2,0
1,staedtisches-klinikum-lueneburg-ggmbh,staedtisches-klinikum-lueneburg-ggmbh:395,395,1,0
9,staedtisches-klinikum-lueneburg-ggmbh,staedtisches-klinikum-lueneburg-ggmbh:397,397,1,1
0,staedtisches-klinikum-lueneburg-ggmbh,staedtisches-klinikum-lueneburg-ggmbh:399,399,2,0
2,staedtisches-klinikum-lueneburg-ggmbh,staedtisches-klinikum-lueneburg-ggmbh:400,400,1,0
9,staedtisches-klinikum-lueneburg-ggmbh,staedtisches-klinikum-lueneburg-ggmbh:402,402,1,0
1,staedtisches-klinikum-lueneburg-ggmbh,staedtisches-klinikum-lueneburg-ggmbh:403,403,1,0
1,staedtisches-klinikum-lueneburg-ggmbh,staedtisches-klinikum-lueneburg-ggmbh:407,407,1,0
2,staedtisches-klinikum-lueneburg-ggmbh,staedtisches-klinikum-lueneburg-ggmbh:408,408,1,0
3,staedtisches-klinikum-lueneburg-ggmbh,staedtisches-klinikum-lueneburg-ggmbh:413,413,1,0
11,staedtisches-klinikum-lueneburg-ggmbh,staedtisches-klinikum-lueneburg-ggmbh:418,418,1,0
1,staedtisches-klinikum-lueneburg-ggmbh,staedtisches-klinikum-lueneburg-ggmbh:420,420,1,0
8,staedtisches-klinikum-lueneburg-ggmbh,staedtisches-klinikum-lueneburg-ggmbh:421,421,1,0
18,staedtisches-klinikum-lueneburg-ggmbh,staedtisches-klinikum-lueneburg-ggmbh:423,423,1,0
3,staedtisches-klinikum-lueneburg-ggmbh,staedtisches-klinikum-lueneburg-ggmbh:424,424,1,0
9,staedtisches-klinikum-lueneburg-ggmbh,staedtisches-klinikum-lueneburg-ggmbh:425,425,1,0
1,staedtisches-klinikum-lueneburg-ggmbh,staedtisches-klinikum-lueneburg-ggmbh:427,427,1,0
2,staedtisches-klinikum-lueneburg-ggmbh,staedtisches-klinikum-lueneburg-ggmbh:428,428,2,0
7,staedtisches-klinikum-lueneburg-ggmbh,staedtisches-klinikum-lueneburg-ggmbh:429,429,2,0
0,staedtisches-klinikum-lueneburg-ggmbh,staedtisches-klinikum-lueneburg-ggmbh:431,431,2,0
0,staedtisches-klinikum-lueneburg-ggmbh,staedtisches-klinikum-lueneburg-ggmbh:436,436,1,0
0,staedtisches-klinikum-lueneburg-ggmbh,staedtisches-klinikum-lueneburg-ggmbh:437,437,1,0
3,staedtisches-klinikum-lueneburg-ggmbh,staedtisches-klinikum-lueneburg-ggmbh:446,446,1,0
0,staedtisches-klinikum-lueneburg-ggmbh,staedtisches-klinikum-lueneburg-ggmbh:447,447,1,0
3,staedtisches-klinikum-lueneburg-ggmbh,staedtisches-klinikum-lueneburg-ggmbh:448,448,1,0
6,staedtisches-klinikum-lueneburg-ggmbh,staedtisches-klinikum-lueneburg-ggmbh:449,449,2,0
1,staedtisches-klinikum-lueneburg-ggmbh,staedtisches-klinikum-lueneburg-ggmbh:453,453,1,0
3,staedtisches-klinikum-lueneburg-ggmbh,staedtisches-klinikum-lueneburg-ggmbh:455,455,1,0
0,staedtisches-klinikum-lueneburg-ggmbh,staedtisches-klinikum-lueneburg-ggmbh:460,460,1,0
0,staedtisches-klinikum-lueneburg-ggmbh,staedtisches-klinikum-lueneburg-ggmbh:461,461,1,0
8,staedtisches-klinikum-lueneburg-ggmbh,staedtisches-klinikum-lueneburg-ggmbh:462,462,1,0
0,staedtisches-klinikum-lueneburg-ggmbh,staedtisches-klinikum-lueneburg-ggmbh:463,463,1,0
1,staedtisches-klinikum-lueneburg-ggmbh,staedtisches-klinikum-lueneburg-ggmbh:467,467,1,0
6,staedtisches-klinikum-lueneburg-ggmbh,staedtisches-klinikum-lueneburg-ggmbh:468,468,1,0
0,staedtisches-klinikum-lueneburg-ggmbh,staedtisches-klinikum-lueneburg-ggmbh:474,474,1,0
8,staedtisches-klinikum-lueneburg-ggmbh,staedtisches-klinikum-lueneburg-ggmbh:475,475,1,0
1,staedtisches-klinikum-lueneburg-ggmbh,staedtisches-klinikum-lueneburg-ggmbh:477,477,1,0
0,staedtisches-klinikum-lueneburg-ggmbh,staedtisches-klinikum-lueneburg-ggmbh:478,478,1,0
3,staedtisches-klinikum-lueneburg-ggmbh,staedtisches-klinikum-lueneburg-ggmbh:479,479,1,0
9,staedtisches-klinikum-lueneburg-ggmbh,staedtisches-klinikum-lueneburg-ggmbh:482,482,1,0
0,staedtisches-klinikum-lueneburg-ggmbh,staedtisches-klinikum-lueneburg-ggmbh:486,486,1,0
2,staedtisches-klinikum-lueneburg-ggmbh,staedtisches-klinikum-lueneburg-ggmbh:487,487,1,0
1,staedtisches-klinikum-lueneburg-ggmbh,staedtisches-klinikum-lueneburg-ggmbh:488,488,1,0
0,staedtisches-klinikum-lueneburg-ggmbh,staedtisches-klinikum-lueneburg-ggmbh:489,489,1,0
2,staedtisches-klinikum-lueneburg-ggmbh,staedtisches-klinikum-lueneburg-ggmbh:490,490,1,0
1,staedtisches-klinikum-lueneburg-ggmbh,staedtisches-klinikum-lueneburg-ggmbh:491,491,1,0
0,staedtisches-klinikum-lueneburg-ggmbh,staedtisches-klinikum-lueneburg-ggmbh:492,492,1,0
8,staedtisches-klinikum-lueneburg-ggmbh,staedtisches-klinikum-lueneburg-ggmbh:496,496,1,0
0,staedtisches-klinikum-lueneburg-ggmbh,staedtisches-klinikum-lueneburg-ggmbh:501,501,1,0
0,staedtisches-klinikum-lueneburg-ggmbh,staedtisches-klinikum-lueneburg-ggmbh:504,504,1,0
2,staedtisches-klinikum-lueneburg-ggmbh,staedtisches-klinikum-lueneburg-ggmbh:508,508,1,0
6,staedtisches-klinikum-lueneburg-ggmbh,staedtisches-klinikum-lueneburg-ggmbh:509,509,1,0
0,staedtisches-klinikum-lueneburg-ggmbh,staedtisches-klinikum-lueneburg-ggmbh:513,513,1,0
8,staedtisches-klinikum-lueneburg-ggmbh,staedtisches-klinikum-lueneburg-ggmbh:515,515,1,0
2,staedtisches-klinikum-lueneburg-ggmbh,staedtisches-klinikum-lueneburg-ggmbh:516,516,1,0
0,staedtisches-klinikum-lueneburg-ggmbh,staedtisches-klinikum-lueneburg-ggmbh:519,519,1,0
6,staedtisches-klinikum-lueneburg-ggmbh,staedtisches-klinikum-lueneburg-ggmbh:521,521,1,0
0,staedtisches-klinikum-lueneburg-ggmbh,staedtisches-klinikum-lueneburg-ggmbh:522,522,1,0
0,staedtisches-klinikum-lueneburg-ggmbh,staedtisches-klinikum-lueneburg-ggmbh:523,523,1,0
0,staedtisches-klinikum-lueneburg-ggmbh,staedtisches-klinikum-lueneburg-ggmbh:524,524,1,0
0,staedtisches-klinikum-lueneburg-ggmbh,staedtisches-klinikum-lueneburg-ggmbh:527,527,2,0
0,staedtisches-klinikum-lueneburg-ggmbh,staedtisches-klinikum-lueneburg-ggmbh:537,537,2,0
0,staedtisches-klinikum-lueneburg-ggmbh,staedtisches-klinikum-lueneburg-ggmbh:542,542,1,0
0,staedtisches-klinikum-lueneburg-ggmbh,staedtisches-klinikum-lueneburg-ggmbh:544,544,1,0
0,staedtisches-klinikum-lueneburg-ggmbh,staedtisches-klinikum-lueneburg-ggmbh:546,546,1,0
0,staedtisches-klinikum-lueneburg-ggmbh,staedtisches-klinikum-lueneburg-ggmbh:558,558,1,0
1,staedtisches-klinikum-lueneburg-ggmbh,staedtisches-klinikum-lueneburg-ggmbh:560,560,1,0
0,staedtisches-klinikum-lueneburg-ggmbh,staedtisches-klinikum-lueneburg-ggmbh:568,568,1,0
0,staedtisches-klinikum-wolfenbuettel-ggmbh,staedtisches-klinikum-wolfenbuettel-ggmbh:15,15,1,0
0,staedtisches-klinikum-wolfenbuettel-ggmbh,staedtisches-klinikum-wolfenbuettel-ggmbh:17,17,1,1
0,staedtisches-klinikum-wolfenbuettel-ggmbh,staedtisches-klinikum-wolfenbuettel-ggmbh:38,38,2,0
0,staedtisches-klinikum-wolfenbuettel-ggmbh,staedtisches-klinikum-wolfenbuettel-ggmbh:42,42,1,0
0,staedtisches-klinikum-wolfenbuettel-ggmbh,staedtisches-klinikum-wolfenbuettel-ggmbh:45,45,1,0
0,staedtisches-klinikum-wolfenbuettel-ggmbh,staedtisches-klinikum-wolfenbuettel-ggmbh:55,55,2,1
0,staedtisches-klinikum-wolfenbuettel-ggmbh,staedtisches-klinikum-wolfenbuettel-ggmbh:56,56,1,0
1,staedtisches-klinikum-wolfenbuettel-ggmbh,staedtisches-klinikum-wolfenbuettel-ggmbh:61,61,1,0
0,staedtisches-klinikum-wolfenbuettel-ggmbh,staedtisches-klinikum-wolfenbuettel-ggmbh:63,63,1,0
1,staedtisches-klinikum-wolfenbuettel-ggmbh,staedtisches-klinikum-wolfenbuettel-ggmbh:66,66,2,0
3,staedtisches-klinikum-wolfenbuettel-ggmbh,staedtisches-klinikum-wolfenbuettel-ggmbh:67,67,1,0
4,staedtisches-klinikum-wolfenbuettel-ggmbh,staedtisches-klinikum-wolfenbuettel-ggmbh:73,73,1,0
0,staedtisches-klinikum-wolfenbuettel-ggmbh,staedtisches-klinikum-wolfenbuettel-ggmbh:76,76,2,0
0,staedtisches-klinikum-wolfenbuettel-ggmbh,staedtisches-klinikum-wolfenbuettel-ggmbh:79,79,1,0
0,staedtisches-klinikum-wolfenbuettel-ggmbh,staedtisches-klinikum-wolfenbuettel-ggmbh:86,86,1,0
2,staedtisches-klinikum-wolfenbuettel-ggmbh,staedtisches-klinikum-wolfenbuettel-ggmbh:88,88,1,0
3,staedtisches-klinikum-wolfenbuettel-ggmbh,staedtisches-klinikum-wolfenbuettel-ggmbh:97,97,2,0
0,staedtisches-klinikum-wolfenbuettel-ggmbh,staedtisches-klinikum-wolfenbuettel-ggmbh:102,102,1,0
0,staedtisches-klinikum-wolfenbuettel-ggmbh,staedtisches-klinikum-wolfenbuettel-ggmbh:108,108,1,0
0,staedtisches-klinikum-wolfenbuettel-ggmbh,staedtisches-klinikum-wolfenbuettel-ggmbh:110,110,1,0
0,staedtisches-klinikum-wolfenbuettel-ggmbh,staedtisches-klinikum-wolfenbuettel-ggmbh:118,118,2,0
2,staedtisches-klinikum-wolfenbuettel-ggmbh,staedtisches-klinikum-wolfenbuettel-ggmbh:121,121,1,0
10,staedtisches-klinikum-wolfenbuettel-ggmbh,staedtisches-klinikum-wolfenbuettel-ggmbh:133,133,1,0
1,staedtisches-klinikum-wolfenbuettel-ggmbh,staedtisches-klinikum-wolfenbuettel-ggmbh:136,136,1,0
3,staedtisches-klinikum-wolfenbuettel-ggmbh,staedtisches-klinikum-wolfenbuettel-ggmbh:137,137,1,0
7,staedtisches-klinikum-wolfenbuettel-ggmbh,staedtisches-klinikum-wolfenbuettel-ggmbh:142,142,2,0
3,staedtisches-klinikum-wolfenbuettel-ggmbh,staedtisches-klinikum-wolfenbuettel-ggmbh:149,149,1,0
8,staedtisches-klinikum-wolfenbuettel-ggmbh,staedtisches-klinikum-wolfenbuettel-ggmbh:157,157,1,0
7,staedtisches-klinikum-wolfenbuettel-ggmbh,staedtisches-klinikum-wolfenbuettel-ggmbh:158,158,1,0
10,staedtisches-klinikum-wolfenbuettel-ggmbh,staedtisches-klinikum-wolfenbuettel-ggmbh:163,163,1,0
13,staedtisches-klinikum-wolfenbuettel-ggmbh,staedtisches-klinikum-wolfenbuettel-ggmbh:168,168,1,0
13,staedtisches-klinikum-wolfenbuettel-ggmbh,staedtisches-klinikum-wolfenbuettel-ggmbh:169,169,1,0
22,staedtisches-klinikum-wolfenbuettel-ggmbh,staedtisches-klinikum-wolfenbuettel-ggmbh:170,170,1,0
7,staedtisches-klinikum-wolfenbuettel-ggmbh,staedtisches-klinikum-wolfenbuettel-ggmbh:172,172,1,0
10,staedtisches-klinikum-wolfenbuettel-ggmbh,staedtisches-klinikum-wolfenbuettel-ggmbh:175,175,1,0
4,staedtisches-klinikum-wolfenbuettel-ggmbh,staedtisches-klinikum-wolfenbuettel-ggmbh:177,177,1,0
16,staedtisches-klinikum-wolfenbuettel-ggmbh,staedtisches-klinikum-wolfenbuettel-ggmbh:178,178,1,0
4,staedtisches-klinikum-wolfenbuettel-ggmbh,staedtisches-klinikum-wolfenbuettel-ggmbh:179,179,1,0
10,staedtisches-klinikum-wolfenbuettel-ggmbh,staedtisches-klinikum-wolfenbuettel-ggmbh:180,180,1,0
4,staedtisches-klinikum-wolfenbuettel-ggmbh,staedtisches-klinikum-wolfenbuettel-ggmbh:188,188,2,0
5,staedtisches-klinikum-wolfenbuettel-ggmbh,staedtisches-klinikum-wolfenbuettel-ggmbh:189,189,1,0
5,staedtisches-klinikum-wolfenbuettel-ggmbh,staedtisches-klinikum-wolfenbuettel-ggmbh:190,190,1,0
6,staedtisches-klinikum-wolfenbuettel-ggmbh,staedtisches-klinikum-wolfenbuettel-ggmbh:191,191,1,0
8,staedtisches-klinikum-wolfenbuettel-ggmbh,staedtisches-klinikum-wolfenbuettel-ggmbh:193,193,1,0
3,staedtisches-klinikum-wolfenbuettel-ggmbh,staedtisches-klinikum-wolfenbuettel-ggmbh:199,199,1,0
16,staedtisches-klinikum-wolfenbuettel-ggmbh,staedtisches-klinikum-wolfenbuettel-ggmbh:204,204,1,0
6,staedtisches-klinikum-wolfenbuettel-ggmbh,staedtisches-klinikum-wolfenbuettel-ggmbh:207,207,1,0
6,staedtisches-klinikum-wolfenbuettel-ggmbh,staedtisches-klinikum-wolfenbuettel-ggmbh:208,208,1,0
10,staedtisches-klinikum-wolfenbuettel-ggmbh,staedtisches-klinikum-wolfenbuettel-ggmbh:210,210,1,0
2,staedtisches-klinikum-wolfenbuettel-ggmbh,staedtisches-klinikum-wolfenbuettel-ggmbh:211,211,1,0
8,staedtisches-klinikum-wolfenbuettel-ggmbh,staedtisches-klinikum-wolfenbuettel-ggmbh:213,213,1,0
8,staedtisches-klinikum-wolfenbuettel-ggmbh,staedtisches-klinikum-wolfenbuettel-ggmbh:215,215,1,0
10,staedtisches-klinikum-wolfenbuettel-ggmbh,staedtisches-klinikum-wolfenbuettel-ggmbh:218,218,1,0
5,staedtisches-klinikum-wolfenbuettel-ggmbh,staedtisches-klinikum-wolfenbuettel-ggmbh:220,220,1,0
1,staedtisches-klinikum-wolfenbuettel-ggmbh,staedtisches-klinikum-wolfenbuettel-ggmbh:223,223,1,0
4,staedtisches-klinikum-wolfenbuettel-ggmbh,staedtisches-klinikum-wolfenbuettel-ggmbh:228,228,1,0
0,staedtisches-klinikum-wolfenbuettel-ggmbh,staedtisches-klinikum-wolfenbuettel-ggmbh:236,236,1,0
3,staedtisches-klinikum-wolfenbuettel-ggmbh,staedtisches-klinikum-wolfenbuettel-ggmbh:241,241,2,0
6,staedtisches-klinikum-wolfenbuettel-ggmbh,staedtisches-klinikum-wolfenbuettel-ggmbh:243,243,2,0
3,staedtisches-klinikum-wolfenbuettel-ggmbh,staedtisches-klinikum-wolfenbuettel-ggmbh:247,247,1,0
4,staedtisches-klinikum-wolfenbuettel-ggmbh,staedtisches-klinikum-wolfenbuettel-ggmbh:251,251,1,0
0,staedtisches-klinikum-wolfenbuettel-ggmbh,staedtisches-klinikum-wolfenbuettel-ggmbh:255,255,1,0
4,staedtisches-klinikum-wolfenbuettel-ggmbh,staedtisches-klinikum-wolfenbuettel-ggmbh:256,256,1,0
2,staedtisches-klinikum-wolfenbuettel-ggmbh,staedtisches-klinikum-wolfenbuettel-ggmbh:257,257,1,0
3,staedtisches-klinikum-wolfenbuettel-ggmbh,staedtisches-klinikum-wolfenbuettel-ggmbh:262,262,1,0
5,staedtisches-klinikum-wolfenbuettel-ggmbh,staedtisches-klinikum-wolfenbuettel-ggmbh:263,263,1,0
4,staedtisches-klinikum-wolfenbuettel-ggmbh,staedtisches-klinikum-wolfenbuettel-ggmbh:264,264,1,0
2,staedtisches-klinikum-wolfenbuettel-ggmbh,staedtisches-klinikum-wolfenbuettel-ggmbh:266,266,1,0
0,staedtisches-klinikum-wolfenbuettel-ggmbh,staedtisches-klinikum-wolfenbuettel-ggmbh:267,267,1,1
5,staedtisches-klinikum-wolfenbuettel-ggmbh,staedtisches-klinikum-wolfenbuettel-ggmbh:268,268,1,0
4,staedtisches-klinikum-wolfenbuettel-ggmbh,staedtisches-klinikum-wolfenbuettel-ggmbh:272,272,1,0
3,staedtisches-klinikum-wolfenbuettel-ggmbh,staedtisches-klinikum-wolfenbuettel-ggmbh:281,281,1,0
0,staedtisches-klinikum-wolfenbuettel-ggmbh,staedtisches-klinikum-wolfenbuettel-ggmbh:282,282,1,0
3,staedtisches-klinikum-wolfenbuettel-ggmbh,staedtisches-klinikum-wolfenbuettel-ggmbh:286,286,1,0
3,staedtisches-klinikum-wolfenbuettel-ggmbh,staedtisches-klinikum-wolfenbuettel-ggmbh:287,287,2,0
5,staedtisches-klinikum-wolfenbuettel-ggmbh,staedtisches-klinikum-wolfenbuettel-ggmbh:290,290,1,0
12,staedtisches-klinikum-wolfenbuettel-ggmbh,staedtisches-klinikum-wolfenbuettel-ggmbh:292,292,1,0
5,staedtisches-klinikum-wolfenbuettel-ggmbh,staedtisches-klinikum-wolfenbuettel-ggmbh:297,297,1,0
2,staedtisches-klinikum-wolfenbuettel-ggmbh,staedtisches-klinikum-wolfenbuettel-ggmbh:305,305,2,0
4,staedtisches-klinikum-wolfenbuettel-ggmbh,staedtisches-klinikum-wolfenbuettel-ggmbh:309,309,1,0
0,staedtisches-klinikum-wolfenbuettel-ggmbh,staedtisches-klinikum-wolfenbuettel-ggmbh:310,310,1,0
3,staedtisches-klinikum-wolfenbuettel-ggmbh,staedtisches-klinikum-wolfenbuettel-ggmbh:311,311,1,0
4,staedtisches-klinikum-wolfenbuettel-ggmbh,staedtisches-klinikum-wolfenbuettel-ggmbh:317,317,1,0
0,staedtisches-klinikum-wolfenbuettel-ggmbh,staedtisches-klinikum-wolfenbuettel-ggmbh:319,319,1,0
1,staedtisches-klinikum-wolfenbuettel-ggmbh,staedtisches-klinikum-wolfenbuettel-ggmbh:321,321,1,0
1,staedtisches-klinikum-wolfenbuettel-ggmbh,staedtisches-klinikum-wolfenbuettel-ggmbh:323,323,1,0
1,staedtisches-klinikum-wolfenbuettel-ggmbh,staedtisches-klinikum-wolfenbuettel-ggmbh:324,324,1,0
6,staedtisches-klinikum-wolfenbuettel-ggmbh,staedtisches-klinikum-wolfenbuettel-ggmbh:326,326,1,0
0,staedtisches-klinikum-wolfenbuettel-ggmbh,staedtisches-klinikum-wolfenbuettel-ggmbh:328,328,2,0
0,staedtisches-klinikum-wolfenbuettel-ggmbh,staedtisches-klinikum-wolfenbuettel-ggmbh:340,340,1,0
2,staedtisches-klinikum-wolfenbuettel-ggmbh,staedtisches-klinikum-wolfenbuettel-ggmbh:342,342,1,0
7,staedtisches-klinikum-wolfenbuettel-ggmbh,staedtisches-klinikum-wolfenbuettel-ggmbh:346,346,1,0
1,staedtisches-klinikum-wolfenbuettel-ggmbh,staedtisches-klinikum-wolfenbuettel-ggmbh:347,347,1,0
0,staedtisches-klinikum-wolfenbuettel-ggmbh,staedtisches-klinikum-wolfenbuettel-ggmbh:351,351,1,0
3,staedtisches-klinikum-wolfenbuettel-ggmbh,staedtisches-klinikum-wolfenbuettel-ggmbh:354,354,1,0
3,staedtisches-klinikum-wolfenbuettel-ggmbh,staedtisches-klinikum-wolfenbuettel-ggmbh:358,358,2,0
1,staedtisches-klinikum-wolfenbuettel-ggmbh,staedtisches-klinikum-wolfenbuettel-ggmbh:359,359,1,0
1,staedtisches-klinikum-wolfenbuettel-ggmbh,staedtisches-klinikum-wolfenbuettel-ggmbh:360,360,1,0
1,staedtisches-klinikum-wolfenbuettel-ggmbh,staedtisches-klinikum-wolfenbuettel-ggmbh:361,361,1,0
0,staedtisches-klinikum-wolfenbuettel-ggmbh,staedtisches-klinikum-wolfenbuettel-ggmbh:362,362,2,0
0,staedtisches-klinikum-wolfenbuettel-ggmbh,staedtisches-klinikum-wolfenbuettel-ggmbh:371,371,2,0
0,universitaetsmedizin-goettingen,universitaetsmedizin-goettingen:3,3,1,0
0,universitaetsmedizin-goettingen,universitaetsmedizin-goettingen:5,5,1,0
0,universitaetsmedizin-goettingen,universitaetsmedizin-goettingen:7,7,1,0
0,universitaetsmedizin-goettingen,universitaetsmedizin-goettingen:8,8,1,0
0,universitaetsmedizin-goettingen,universitaetsmedizin-goettingen:15,15,2,0
0,universitaetsmedizin-goettingen,universitaetsmedizin-goettingen:19,19,1,0
0,universitaetsmedizin-goettingen,universitaetsmedizin-goettingen:20,20,1,0
0,universitaetsmedizin-goettingen,universitaetsmedizin-goettingen:22,22,1,0
0,universitaetsmedizin-goettingen,universitaetsmedizin-goettingen:26,26,1,0
0,universitaetsmedizin-goettingen,universitaetsmedizin-goettingen:27,27,1,0
0,universitaetsmedizin-goettingen,universitaetsmedizin-goettingen:31,31,1,0
0,universitaetsmedizin-goettingen,universitaetsmedizin-goettingen:32,32,1,0
0,universitaetsmedizin-goettingen,universitaetsmedizin-goettingen:33,33,1,0
0,universitaetsmedizin-goettingen,universitaetsmedizin-goettingen:34,34,1,0
0,universitaetsmedizin-goettingen,universitaetsmedizin-goettingen:39,39,1,0
0,universitaetsmedizin-goettingen,universitaetsmedizin-goettingen:41,41,1,0
24,universitaetsmedizin-goettingen,universitaetsmedizin-goettingen:42,42,1,0
0,universitaetsmedizin-goettingen,universitaetsmedizin-goettingen:44,44,2,0
0,universitaetsmedizin-goettingen,universitaetsmedizin-goettingen:45,45,1,0
0,universitaetsmedizin-goettingen,universitaetsmedizin-goettingen:47,47,1,0
0,universitaetsmedizin-goettingen,universitaetsmedizin-goettingen:50,50,2,0
0,universitaetsmedizin-goettingen,universitaetsmedizin-goettingen:52,52,2,0
0,universitaetsmedizin-goettingen,universitaetsmedizin-goettingen:53,53,1,1
0,universitaetsmedizin-goettingen,universitaetsmedizin-goettingen:54,54,1,0
0,universitaetsmedizin-goettingen,universitaetsmedizin-goettingen:55,55,1,0
2,universitaetsmedizin-goettingen,universitaetsmedizin-goettingen:57,57,1,0
0,universitaetsmedizin-goettingen,universitaetsmedizin-goettingen:61,61,1,0
1,universitaetsmedizin-goettingen,universitaetsmedizin-goettingen:62,62,1,0
1,universitaetsmedizin-goettingen,universitaetsmedizin-goettingen:63,63,1,0
1,universitaetsmedizin-goettingen,universitaetsmedizin-goettingen:65,65,1,0
1,universitaetsmedizin-goettingen,universitaetsmedizin-goettingen:68,68,1,0
0,universitaetsmedizin-goettingen,universitaetsmedizin-goettingen:70,70,1,0
1,universitaetsmedizin-goettingen,universitaetsmedizin-goettingen:72,72,1,0
10,universitaetsmedizin-goettingen,universitaetsmedizin-goettingen:74,74,1,0
10,universitaetsmedizin-goettingen,universitaetsmedizin-goettingen:80,80,1,0
4,universitaetsmedizin-goettingen,universitaetsmedizin-goettingen:85,85,1,0
10,universitaetsmedizin-goettingen,universitaetsmedizin-goettingen:86,86,1,0
9,universitaetsmedizin-goettingen,universitaetsmedizin-goettingen:87,87,1,0
1,universitaetsmedizin-goettingen,universitaetsmedizin-goettingen:88,88,1,0
6,universitaetsmedizin-goettingen,universitaetsmedizin-goettingen:89,89,1,0
0,universitaetsmedizin-goettingen,universitaetsmedizin-goettingen:90,90,1,0
8,universitaetsmedizin-goettingen,universitaetsmedizin-goettingen:92,92,1,0
0,universitaetsmedizin-goettingen,universitaetsmedizin-goettingen:93,93,2,0
9,universitaetsmedizin-goettingen,universitaetsmedizin-goettingen:95,95,1,0
2,universitaetsmedizin-goettingen,universitaetsmedizin-goettingen:96,96,1,0
0,universitaetsmedizin-goettingen,universitaetsmedizin-goettingen:97,97,1,0
0,universitaetsmedizin-goettingen,universitaetsmedizin-goettingen:98,98,1,0
11,universitaetsmedizin-goettingen,universitaetsmedizin-goettingen:101,101,1,0
11,universitaetsmedizin-goettingen,universitaetsmedizin-goettingen:102,102,1,0
6,universitaetsmedizin-goettingen,universitaetsmedizin-goettingen:103,103,1,0
10,universitaetsmedizin-goettingen,universitaetsmedizin-goettingen:104,104,1,0
13,universitaetsmedizin-goettingen,universitaetsmedizin-goettingen:108,108,1,0
16,universitaetsmedizin-goettingen,universitaetsmedizin-goettingen:109,109,1,0
9,universitaetsmedizin-goettingen,universitaetsmedizin-goettingen:110,110,1,0
5,universitaetsmedizin-goettingen,universitaetsmedizin-goettingen:111,111,1,0
36,universitaetsmedizin-goettingen,universitaetsmedizin-goettingen:112,112,1,0
6,universitaetsmedizin-goettingen,universitaetsmedizin-goettingen:114,114,1,0
5,universitaetsmedizin-goettingen,universitaetsmedizin-goettingen:116,116,1,0
8,universitaetsmedizin-goettingen,universitaetsmedizin-goettingen:117,117,1,0
6,universitaetsmedizin-goettingen,universitaetsmedizin-goettingen:118,118,1,0
11,universitaetsmedizin-goettingen,universitaetsmedizin-goettingen:119,119,1,0
8,universitaetsmedizin-goettingen,universitaetsmedizin-goettingen:122,122,1,0
20,universitaetsmedizin-goettingen,universitaetsmedizin-goettingen:125,125,2,0
15,universitaetsmedizin-goettingen,universitaetsmedizin-goettingen:127,127,1,0
2,universitaetsmedizin-goettingen,universitaetsmedizin-goettingen:128,128,1,0
7,universitaetsmedizin-goettingen,universitaetsmedizin-goettingen:130,130,2,0
0,universitaetsmedizin-goettingen,universitaetsmedizin-goettingen:133,133,1,0
10,universitaetsmedizin-goettingen,universitaetsmedizin-goettingen:134,134,1,0
9,universitaetsmedizin-goettingen,universitaetsmedizin-goettingen:135,135,1,0
7,universitaetsmedizin-goettingen,universitaetsmedizin-goettingen:136,136,1,0
2,universitaetsmedizin-goettingen,universitaetsmedizin-goettingen:144,144,1,0
3,universitaetsmedizin-goettingen,universitaetsmedizin-goettingen:147,147,1,0
6,universitaetsmedizin-goettingen,universitaetsmedizin-goettingen:148,148,1,0
6,universitaetsmedizin-goettingen,universitaetsmedizin-goettingen:149,149,1,0
4,universitaetsmedizin-goettingen,universitaetsmedizin-goettingen:150,150,1,0
20,universitaetsmedizin-goettingen,universitaetsmedizin-goettingen:152,152,1,0
6,universitaetsmedizin-goettingen,universitaetsmedizin-goettingen:155,155,1,0
9,universitaetsmedizin-goettingen,universitaetsmedizin-goettingen:156,156,1,0
14,universitaetsmedizin-goettingen,universitaetsmedizin-goettingen:160,160,1,0
6,universitaetsmedizin-goettingen,universitaetsmedizin-goettingen:163,163,1,0
13,universitaetsmedizin-goettingen,universitaetsmedizin-goettingen:164,164,1,0
11,universitaetsmedizin-goettingen,universitaetsmedizin-goettingen:167,167,2,0
9,universitaetsmedizin-goettingen,universitaetsmedizin-goettingen:168,168,1,0
11,universitaetsmedizin-goettingen,universitaetsmedizin-goettingen:171,171,1,0
7,universitaetsmedizin-goettingen,universitaetsmedizin-goettingen:174,174,1,0
2,universitaetsmedizin-goettingen,universitaetsmedizin-goettingen:175,175,2,0
12,universitaetsmedizin-goettingen,universitaetsmedizin-goettingen:176,176,1,0
13,universitaetsmedizin-goettingen,universitaetsmedizin-goettingen:177,177,1,0
10,universitaetsmedizin-goettingen,universitaetsmedizin-goettingen:178,178,1,0
5,universitaetsmedizin-goettingen,universitaetsmedizin-goettingen:180,180,1,0
5,universitaetsmedizin-goettingen,universitaetsmedizin-goettingen:185,185,1,0
9,universitaetsmedizin-goettingen,universitaetsmedizin-goettingen:186,186,1,0
4,universitaetsmedizin-goettingen,universitaetsmedizin-goettingen:188,188,1,0
7,universitaetsmedizin-goettingen,universitaetsmedizin-goettingen:189,189,1,0
3,universitaetsmedizin-goettingen,universitaetsmedizin-goettingen:192,192,1,0
5,universitaetsmedizin-goettingen,universitaetsmedizin-goettingen:193,193,1,0
6,universitaetsmedizin-goettingen,universitaetsmedizin-goettingen:196,196,2,0
2,universitaetsmedizin-goettingen,universitaetsmedizin-goettingen:198,198,1,0
6,universitaetsmedizin-goettingen,universitaetsmedizin-goettingen:201,201,1,0
7,universitaetsmedizin-goettingen,universitaetsmedizin-goettingen:203,203,1,0
13,universitaetsmedizin-goettingen,universitaetsmedizin-goettingen:204,204,1,0
14,universitaetsmedizin-goettingen,universitaetsmedizin-goettingen:205,205,1,0
3,universitaetsmedizin-goettingen,universitaetsmedizin-goettingen:206,206,1,0
13,universitaetsmedizin-goettingen,universitaetsmedizin-goettingen:207,207,1,0
15,universitaetsmedizin-goettingen,universitaetsmedizin-goettingen:211,211,1,0
5,universitaetsmedizin-goettingen,universitaetsmedizin-goettingen:214,214,1,0
6,universitaetsmedizin-goettingen,universitaetsmedizin-goettingen:215,215,1,0
4,universitaetsmedizin-goettingen,universitaetsmedizin-goettingen:218,218,1,0
6,universitaetsmedizin-goettingen,universitaetsmedizin-goettingen:220,220,1,0
7,universitaetsmedizin-goettingen,universitaetsmedizin-goettingen:221,221,1,0
14,universitaetsmedizin-goettingen,universitaetsmedizin-goettingen:223,223,2,0
3,universitaetsmedizin-goettingen,universitaetsmedizin-goettingen:228,228,1,0
5,universitaetsmedizin-goettingen,universitaetsmedizin-goettingen:229,229,2,0
2,universitaetsmedizin-goettingen,universitaetsmedizin-goettingen:230,230,1,0
3,universitaetsmedizin-goettingen,universitaetsmedizin-goettingen:231,231,1,0
5,universitaetsmedizin-goettingen,universitaetsmedizin-goettingen:233,233,1,0
10,universitaetsmedizin-goettingen,universitaetsmedizin-goettingen:235,235,1,0
6,universitaetsmedizin-goettingen,universitaetsmedizin-goettingen:236,236,2,1
7,universitaetsmedizin-goettingen,universitaetsmedizin-goettingen:239,239,1,0
17,universitaetsmedizin-goettingen,universitaetsmedizin-goettingen:242,242,1,0
2,universitaetsmedizin-goettingen,universitaetsmedizin-goettingen:244,244,1,0
0,universitaetsmedizin-goettingen,universitaetsmedizin-goettingen:245,245,1,0
1,universitaetsmedizin-goettingen,universitaetsmedizin-goettingen:246,246,1,0
4,universitaetsmedizin-goettingen,universitaetsmedizin-goettingen:247,247,1,0
5,universitaetsmedizin-goettingen,universitaetsmedizin-goettingen:251,251,1,0
1,universitaetsmedizin-goettingen,universitaetsmedizin-goettingen:253,253,2,0
5,universitaetsmedizin-goettingen,universitaetsmedizin-goettingen:254,254,1,0
3,universitaetsmedizin-goettingen,universitaetsmedizin-goettingen:255,255,1,0
3,universitaetsmedizin-goettingen,universitaetsmedizin-goettingen:256,256,1,0
5,universitaetsmedizin-goettingen,universitaetsmedizin-goettingen:258,258,1,0
6,universitaetsmedizin-goettingen,universitaetsmedizin-goettingen:261,261,1,0
3,universitaetsmedizin-goettingen,universitaetsmedizin-goettingen:266,266,1,0
1,universitaetsmedizin-goettingen,universitaetsmedizin-goettingen:267,267,2,0
7,universitaetsmedizin-goettingen,universitaetsmedizin-goettingen:269,269,2,0
6,universitaetsmedizin-goettingen,universitaetsmedizin-goettingen:270,270,1,0
14,universitaetsmedizin-goettingen,universitaetsmedizin-goettingen:271,271,1,0
3,universitaetsmedizin-goettingen,universitaetsmedizin-goettingen:273,273,1,0
14,universitaetsmedizin-goettingen,universitaetsmedizin-goettingen:274,274,1,0
9,universitaetsmedizin-goettingen,universitaetsmedizin-goettingen:275,275,1,0
7,universitaetsmedizin-goettingen,universitaetsmedizin-goettingen:276,276,2,0
5,universitaetsmedizin-goettingen,universitaetsmedizin-goettingen:277,277,1,0
2,universitaetsmedizin-goettingen,universitaetsmedizin-goettingen:278,278,1,0
11,universitaetsmedizin-goettingen,universitaetsmedizin-goettingen:280,280,1,0
3,universitaetsmedizin-goettingen,universitaetsmedizin-goettingen:281,281,2,0
6,universitaetsmedizin-goettingen,universitaetsmedizin-goettingen:282,282,1,0
2,universitaetsmedizin-goettingen,universitaetsmedizin-goettingen:286,286,2,0
4,universitaetsmedizin-goettingen,universitaetsmedizin-goettingen:288,288,1,0
1,universitaetsmedizin-goettingen,universitaetsmedizin-goettingen:294,294,1,0
5,universitaetsmedizin-goettingen,universitaetsmedizin-goettingen:297,297,1,0
2,universitaetsmedizin-goettingen,universitaetsmedizin-goettingen:298,298,1,0
5,universitaetsmedizin-goettingen,universitaetsmedizin-goettingen:299,299,1,0
8,universitaetsmedizin-goettingen,universitaetsmedizin-goettingen:301,301,1,0
2,universitaetsmedizin-goettingen,universitaetsmedizin-goettingen:302,302,1,0
1,universitaetsmedizin-goettingen,universitaetsmedizin-goettingen:304,304,2,0
12,universitaetsmedizin-goettingen,universitaetsmedizin-goettingen:305,305,1,0
17,universitaetsmedizin-goettingen,universitaetsmedizin-goettingen:306,306,1,0
0,universitaetsmedizin-goettingen,universitaetsmedizin-goettingen:308,308,1,0
5,universitaetsmedizin-goettingen,universitaetsmedizin-goettingen:309,309,1,0
5,universitaetsmedizin-goettingen,universitaetsmedizin-goettingen:311,311,1,0
11,universitaetsmedizin-goettingen,universitaetsmedizin-goettingen:313,313,1,0
5,universitaetsmedizin-goettingen,universitaetsmedizin-goettingen:314,314,1,0
3,universitaetsmedizin-goettingen,universitaetsmedizin-goettingen:315,315,1,0
2,universitaetsmedizin-goettingen,universitaetsmedizin-goettingen:316,316,1,0
27,universitaetsmedizin-goettingen,universitaetsmedizin-goettingen:317,317,1,0
2,universitaetsmedizin-goettingen,universitaetsmedizin-goettingen:318,318,2,0
2,universitaetsmedizin-goettingen,universitaetsmedizin-goettingen:319,319,1,0
3,universitaetsmedizin-goettingen,universitaetsmedizin-goettingen:322,322,1,0
0,universitaetsmedizin-goettingen,universitaetsmedizin-goettingen:323,323,2,0
8,universitaetsmedizin-goettingen,universitaetsmedizin-goettingen:325,325,1,0
2,universitaetsmedizin-goettingen,universitaetsmedizin-goettingen:328,328,1,0
0,universitaetsmedizin-goettingen,universitaetsmedizin-goettingen:329,329,1,0
5,universitaetsmedizin-goettingen,universitaetsmedizin-goettingen:331,331,1,0
6,universitaetsmedizin-goettingen,universitaetsmedizin-goettingen:333,333,1,0
2,universitaetsmedizin-goettingen,universitaetsmedizin-goettingen:341,341,1,0
8,universitaetsmedizin-goettingen,universitaetsmedizin-goettingen:345,345,1,0
5,universitaetsmedizin-goettingen,universitaetsmedizin-goettingen:347,347,1,0
4,universitaetsmedizin-goettingen,universitaetsmedizin-goettingen:348,348,1,0
6,universitaetsmedizin-goettingen,universitaetsmedizin-goettingen:349,349,1,0
1,universitaetsmedizin-goettingen,universitaetsmedizin-goettingen:350,350,1,0
2,universitaetsmedizin-goettingen,universitaetsmedizin-goettingen:351,351,1,0
3,universitaetsmedizin-goettingen,universitaetsmedizin-goettingen:352,352,2,0
10,universitaetsmedizin-goettingen,universitaetsmedizin-goettingen:353,353,1,0
2,universitaetsmedizin-goettingen,universitaetsmedizin-goettingen:355,355,1,0
7,universitaetsmedizin-goettingen,universitaetsmedizin-goettingen:356,356,1,0
0,universitaetsmedizin-goettingen,universitaetsmedizin-goettingen:357,357,2,0
9,universitaetsmedizin-goettingen,universitaetsmedizin-goettingen:358,358,1,0
1,universitaetsmedizin-goettingen,universitaetsmedizin-goettingen:359,359,1,0
5,universitaetsmedizin-goettingen,universitaetsmedizin-goettingen:362,362,1,0
2,universitaetsmedizin-goettingen,universitaetsmedizin-goettingen:364,364,2,0
1,universitaetsmedizin-goettingen,universitaetsmedizin-goettingen:365,365,1,0
4,universitaetsmedizin-goettingen,universitaetsmedizin-goettingen:366,366,1,0
3,universitaetsmedizin-goettingen,universitaetsmedizin-goettingen:367,367,1,0
22,universitaetsmedizin-goettingen,universitaetsmedizin-goettingen:371,371,1,0
12,universitaetsmedizin-goettingen,universitaetsmedizin-goettingen:373,373,1,0
3,universitaetsmedizin-goettingen,universitaetsmedizin-goettingen:374,374,1,0
8,universitaetsmedizin-goettingen,universitaetsmedizin-goettingen:375,375,1,0
9,universitaetsmedizin-goettingen,universitaetsmedizin-goettingen:376,376,1,0
4,universitaetsmedizin-goettingen,universitaetsmedizin-goettingen:380,380,1,0
1,universitaetsmedizin-goettingen,universitaetsmedizin-goettingen:383,383,2,0
13,universitaetsmedizin-goettingen,universitaetsmedizin-goettingen:384,384,1,0
1,universitaetsmedizin-goettingen,universitaetsmedizin-goettingen:386,386,1,0
0,universitaetsmedizin-goettingen,universitaetsmedizin-goettingen:388,388,1,0
3,universitaetsmedizin-goettingen,universitaetsmedizin-goettingen:390,390,1,0
3,universitaetsmedizin-goettingen,universitaetsmedizin-goettingen:392,392,1,0
1,universitaetsmedizin-goettingen,universitaetsmedizin-goettingen:397,397,2,0
4,universitaetsmedizin-goettingen,universitaetsmedizin-goettingen:399,399,1,0
10,universitaetsmedizin-goettingen,universitaetsmedizin-goettingen:401,401,1,0
9,universitaetsmedizin-goettingen,universitaetsmedizin-goettingen:402,402,1,0
0,universitaetsmedizin-goettingen,universitaetsmedizin-goettingen:405,405,1,0
0,universitaetsmedizin-goettingen,universitaetsmedizin-goettingen:406,406,1,0
9,universitaetsmedizin-goettingen,universitaetsmedizin-goettingen:408,408,2,0
1,universitaetsmedizin-goettingen,universitaetsmedizin-goettingen:409,409,1,0
4,universitaetsmedizin-goettingen,universitaetsmedizin-goettingen:411,411,1,0
2,universitaetsmedizin-goettingen,universitaetsmedizin-goettingen:414,414,2,0
14,universitaetsmedizin-goettingen,universitaetsmedizin-goettingen:418,418,1,0
3,universitaetsmedizin-goettingen,universitaetsmedizin-goettingen:419,419,1,0
5,universitaetsmedizin-goettingen,universitaetsmedizin-goettingen:424,424,1,0
2,universitaetsmedizin-goettingen,universitaetsmedizin-goettingen:425,425,2,0
2,universitaetsmedizin-goettingen,universitaetsmedizin-goettingen:426,426,1,0
5,universitaetsmedizin-goettingen,universitaetsmedizin-goettingen:428,428,1,0
2,universitaetsmedizin-goettingen,universitaetsmedizin-goettingen:429,429,1,0
10,universitaetsmedizin-goettingen,universitaetsmedizin-goettingen:430,430,1,0
1,universitaetsmedizin-goettingen,universitaetsmedizin-goettingen:431,431,1,0
1,universitaetsmedizin-goettingen,universitaetsmedizin-goettingen:434,434,1,0
0,universitaetsmedizin-goettingen,universitaetsmedizin-goettingen:435,435,1,0
0,universitaetsmedizin-goettingen,universitaetsmedizin-goettingen:437,437,1,0
1,universitaetsmedizin-goettingen,universitaetsmedizin-goettingen:438,438,1,0
6,universitaetsmedizin-goettingen,universitaetsmedizin-goettingen:439,439,1,0
1,universitaetsmedizin-goettingen,universitaetsmedizin-goettingen:440,440,1,0
2,universitaetsmedizin-goettingen,universitaetsmedizin-goettingen:443,443,1,0
0,universitaetsmedizin-goettingen,universitaetsmedizin-goettingen:444,444,1,0
10,universitaetsmedizin-goettingen,universitaetsmedizin-goettingen:445,445,1,0
0,universitaetsmedizin-goettingen,universitaetsmedizin-goettingen:446,446,2,0
1,universitaetsmedizin-goettingen,universitaetsmedizin-goettingen:449,449,1,0
8,universitaetsmedizin-goettingen,universitaetsmedizin-goettingen:456,456,1,0
2,universitaetsmedizin-goettingen,universitaetsmedizin-goettingen:463,463,1,0
1,universitaetsmedizin-goettingen,universitaetsmedizin-goettingen:467,467,1,0
0,universitaetsmedizin-goettingen,universitaetsmedizin-goettingen:468,468,1,0
0,universitaetsmedizin-goettingen,universitaetsmedizin-goettingen:469,469,1,0
1,universitaetsmedizin-goettingen,universitaetsmedizin-goettingen:474,474,1,0
5,universitaetsmedizin-goettingen,universitaetsmedizin-goettingen:475,475,1,0
1,universitaetsmedizin-goettingen,universitaetsmedizin-goettingen:476,476,1,0
4,universitaetsmedizin-goettingen,universitaetsmedizin-goettingen:480,480,2,0
7,universitaetsmedizin-goettingen,universitaetsmedizin-goettingen:481,481,1,0
0,universitaetsmedizin-goettingen,universitaetsmedizin-goettingen:482,482,2,0
4,universitaetsmedizin-goettingen,universitaetsmedizin-goettingen:484,484,1,0
0,universitaetsmedizin-goettingen,universitaetsmedizin-goettingen:485,485,1,0
0,universitaetsmedizin-goettingen,universitaetsmedizin-goettingen:488,488,2,0
2,universitaetsmedizin-goettingen,universitaetsmedizin-goettingen:491,491,1,0
0,universitaetsmedizin-goettingen,universitaetsmedizin-goettingen:495,495,1,1
3,universitaetsmedizin-goettingen,universitaetsmedizin-goettingen:496,496,1,0
0,universitaetsmedizin-goettingen,universitaetsmedizin-goettingen:500,500,1,0
14,universitaetsmedizin-goettingen,universitaetsmedizin-goettingen:501,501,1,0
1,universitaetsmedizin-goettingen,universitaetsmedizin-goettingen:505,505,2,0
1,universitaetsmedizin-goettingen,universitaetsmedizin-goettingen:508,508,1,0
3,universitaetsmedizin-goettingen,universitaetsmedizin-goettingen:509,509,1,0
7,universitaetsmedizin-goettingen,universitaetsmedizin-goettingen:511,511,1,0
15,universitaetsmedizin-goettingen,universitaetsmedizin-goettingen:514,514,1,0
0,universitaetsmedizin-goettingen,universitaetsmedizin-goettingen:516,516,2,0
5,universitaetsmedizin-goettingen,universitaetsmedizin-goettingen:518,518,1,0
1,universitaetsmedizin-goettingen,universitaetsmedizin-goettingen:520,520,1,0
4,universitaetsmedizin-goettingen,universitaetsmedizin-goettingen:523,523,1,0
0,universitaetsmedizin-goettingen,universitaetsmedizin-goettingen:524,524,1,0
1,universitaetsmedizin-goettingen,universitaetsmedizin-goettingen:526,526,1,0
1,universitaetsmedizin-goettingen,universitaetsmedizin-goettingen:527,527,1,0
1,universitaetsmedizin-goettingen,universitaetsmedizin-goettingen:529,529,1,0
2,universitaetsmedizin-goettingen,universitaetsmedizin-goettingen:530,530,1,0
2,universitaetsmedizin-goettingen,universitaetsmedizin-goettingen:532,532,1,0
12,universitaetsmedizin-goettingen,universitaetsmedizin-goettingen:533,533,1,0
1,universitaetsmedizin-goettingen,universitaetsmedizin-goettingen:534,534,1,0
2,universitaetsmedizin-goettingen,universitaetsmedizin-goettingen:544,544,1,0
0,universitaetsmedizin-goettingen,universitaetsmedizin-goettingen:545,545,1,0
1,universitaetsmedizin-goettingen,universitaetsmedizin-goettingen:549,549,1,0
0,universitaetsmedizin-goettingen,universitaetsmedizin-goettingen:550,550,1,0
0,universitaetsmedizin-goettingen,universitaetsmedizin-goettingen:555,555,1,0
0,universitaetsmedizin-goettingen,universitaetsmedizin-goettingen:556,556,1,0
0,universitaetsmedizin-goettingen,universitaetsmedizin-goettingen:560,560,1,0
0,universitaetsmedizin-goettingen,universitaetsmedizin-goettingen:561,561,1,0
0,universitaetsmedizin-goettingen,universitaetsmedizin-goettingen:566,566,1,0
0,universitaetsmedizin-goettingen,universitaetsmedizin-goettingen:571,571,1,0
1,universitaetsmedizin-goettingen,universitaetsmedizin-goettingen:573,573,1,0
1,universitaetsmedizin-goettingen,universitaetsmedizin-goettingen:577,577,1,0
2,universitaetsmedizin-goettingen,universitaetsmedizin-goettingen:586,586,1,0
10,universitaetsmedizin-goettingen,universitaetsmedizin-goettingen:587,587,1,0
0,universitaetsmedizin-goettingen,universitaetsmedizin-goettingen:588,588,1,0
0,universitaetsmedizin-goettingen,universitaetsmedizin-goettingen:589,589,1,0
0,universitaetsmedizin-goettingen,universitaetsmedizin-goettingen:593,593,1,0
0,universitaetsmedizin-goettingen,universitaetsmedizin-goettingen:594,594,1,0
0,universitaetsmedizin-goettingen,universitaetsmedizin-goettingen:598,598,1,0
3,universitaetsmedizin-goettingen,universitaetsmedizin-goettingen:600,600,1,0
0,universitaetsmedizin-goettingen,universitaetsmedizin-goettingen:602,602,1,0
0,universitaetsmedizin-goettingen,universitaetsmedizin-goettingen:607,607,1,0
0,universitaetsmedizin-goettingen,universitaetsmedizin-goettingen:614,614,1,0
0,universitaetsmedizin-goettingen,universitaetsmedizin-goettingen:616,616,1,0
0,universitaetsmedizin-goettingen,universitaetsmedizin-goettingen:626,626,1,0
0,universitaetsmedizin-goettingen,universitaetsmedizin-goettingen:627,627,1,0
0,universitaetsmedizin-goettingen,universitaetsmedizin-goettingen:628,628,1,0
0,universitaetsmedizin-goettingen,universitaetsmedizin-goettingen:629,629,1,0
0,universitaetsmedizin-goettingen,universitaetsmedizin-goettingen:632,632,1,0
0,universitaetsmedizin-goettingen,universitaetsmedizin-goettingen:633,633,1,0
0,universitaetsmedizin-goettingen,universitaetsmedizin-goettingen:635,635,1,0
0,universitaetsmedizin-goettingen,universitaetsmedizin-goettingen:638,638,2,0
0,universitaetsmedizin-goettingen,universitaetsmedizin-goettingen:639,639,1,0
0,universitaetsmedizin-goettingen,universitaetsmedizin-goettingen:645,645,1,0
0,universitaetsmedizin-goettingen,universitaetsmedizin-goettingen:646,646,1,0
0,universitaetsmedizin-goettingen,universitaetsmedizin-goettingen:649,649,1,0
0,universitaetsmedizin-goettingen,universitaetsmedizin-goettingen:650,650,2,0
5,universitaetsmedizin-goettingen,universitaetsmedizin-goettingen:651,651,1,0
2,universitaetsmedizin-goettingen,universitaetsmedizin-goettingen:652,652,1,0
7,universitaetsmedizin-goettingen,universitaetsmedizin-goettingen:653,653,1,0
2,universitaetsmedizin-goettingen,universitaetsmedizin-goettingen:654,654,1,0
1,universitaetsmedizin-goettingen,universitaetsmedizin-goettingen:655,655,1,0
2,universitaetsmedizin-goettingen,universitaetsmedizin-goettingen:657,657,1,0
1,universitaetsmedizin-goettingen,universitaetsmedizin-goettingen:658,658,1,0
2,universitaetsmedizin-goettingen,universitaetsmedizin-goettingen:661,661,1,0
1,universitaetsmedizin-goettingen,universitaetsmedizin-goettingen:677,677,1,0
1,venenzentrum-braunschweig,venenzentrum-braunschweig:5,5,1,0
1,venenzentrum-braunschweig,venenzentrum-braunschweig:11,11,1,0
3,venenzentrum-braunschweig,venenzentrum-braunschweig:25,25,1,0
1,venenzentrum-braunschweig,venenzentrum-braunschweig:28,28,2,0
6,venenzentrum-braunschweig,venenzentrum-braunschweig:30,30,1,0
2,venenzentrum-braunschweig,venenzentrum-braunschweig:40,40,1,0
10,venenzentrum-braunschweig,venenzentrum-braunschweig:41,41,1,0
7,venenzentrum-braunschweig,venenzentrum-braunschweig:42,42,1,0
19,venenzentrum-braunschweig,venenzentrum-braunschweig:45,45,1,0
11,venenzentrum-braunschweig,venenzentrum-braunschweig:51,51,1,0
16,venenzentrum-braunschweig,venenzentrum-braunschweig:53,53,1,0
24,venenzentrum-braunschweig,venenzentrum-braunschweig:54,54,1,0
11,venenzentrum-braunschweig,venenzentrum-braunschweig:64,64,1,0
11,venenzentrum-braunschweig,venenzentrum-braunschweig:68,68,2,0
13,venenzentrum-braunschweig,venenzentrum-braunschweig:72,72,1,0
8,venenzentrum-braunschweig,venenzentrum-braunschweig:73,73,1,0
7,venenzentrum-braunschweig,venenzentrum-braunschweig:74,74,1,0
0,venenzentrum-braunschweig,venenzentrum-braunschweig:91,91,2,0
2,venenzentrum-braunschweig,venenzentrum-braunschweig:108,108,1,0
0,vinzenzkrankenhaus,vinzenzkrankenhaus:19,19,1,0
5,vinzenzkrankenhaus,vinzenzkrankenhaus:25,25,2,0
0,vinzenzkrankenhaus,vinzenzkrankenhaus:26,26,1,0
0,vinzenzkrankenhaus,vinzenzkrankenhaus:27,27,1,0
0,vinzenzkrankenhaus,vinzenzkrankenhaus:31,31,2,0
0,vinzenzkrankenhaus,vinzenzkrankenhaus:32,32,2,0
0,vinzenzkrankenhaus,vinzenzkrankenhaus:34,34,1,0
0,vinzenzkrankenhaus,vinzenzkrankenhaus:37,37,1,0
0,vinzenzkrankenhaus,vinzenzkrankenhaus:38,38,1,0
0,vinzenzkrankenhaus,vinzenzkrankenhaus:39,39,2,0
0,vinzenzkrankenhaus,vinzenzkrankenhaus:41,41,1,0
0,vinzenzkrankenhaus,vinzenzkrankenhaus:45,45,2,0
0,vinzenzkrankenhaus,vinzenzkrankenhaus:48,48,1,0
0,vinzenzkrankenhaus,vinzenzkrankenhaus:49,49,1,0
0,vinzenzkrankenhaus,vinzenzkrankenhaus:58,58,1,0
5,vinzenzkrankenhaus,vinzenzkrankenhaus:60,60,2,0
0,vinzenzkrankenhaus,vinzenzkrankenhaus:63,63,1,0
0,vinzenzkrankenhaus,vinzenzkrankenhaus:65,65,2,0
5,vinzenzkrankenhaus,vinzenzkrankenhaus:69,69,1,0
0,vinzenzkrankenhaus,vinzenzkrankenhaus:73,73,1,0
0,vinzenzkrankenhaus,vinzenzkrankenhaus:86,86,1,0
0,vinzenzkrankenhaus,vinzenzkrankenhaus:93,93,1,0
0,vinzenzkrankenhaus,vinzenzkrankenhaus:101,101,1,0
1,vinzenzkrankenhaus,vinzenzkrankenhaus:103,103,1,0
3,vinzenzkrankenhaus,vinzenzkrankenhaus:108,108,1,0
3,vinzenzkrankenhaus,vinzenzkrankenhaus:109,109,1,0
1,vinzenzkrankenhaus,vinzenzkrankenhaus:118,118,1,0
16,vinzenzkrankenhaus,vinzenzkrankenhaus:120,120,1,0
10,vinzenzkrankenhaus,vinzenzkrankenhaus:124,124,1,0
4,vinzenzkrankenhaus,vinzenzkrankenhaus:134,134,1,0
7,vinzenzkrankenhaus,vinzenzkrankenhaus:135,135,1,0
0,vinzenzkrankenhaus,vinzenzkrankenhaus:136,136,1,0
7,vinzenzkrankenhaus,vinzenzkrankenhaus:146,146,1,0
5,vinzenzkrankenhaus,vinzenzkrankenhaus:147,147,1,0
3,vinzenzkrankenhaus,vinzenzkrankenhaus:152,152,1,0
11,vinzenzkrankenhaus,vinzenzkrankenhaus:158,158,1,0
9,vinzenzkrankenhaus,vinzenzkrankenhaus:164,164,1,0
10,vinzenzkrankenhaus,vinzenzkrankenhaus:167,167,1,0
9,vinzenzkrankenhaus,vinzenzkrankenhaus:168,168,1,0
2,vinzenzkrankenhaus,vinzenzkrankenhaus:170,170,1,0
13,vinzenzkrankenhaus,vinzenzkrankenhaus:174,174,1,0
6,vinzenzkrankenhaus,vinzenzkrankenhaus:176,176,1,0
6,vinzenzkrankenhaus,vinzenzkrankenhaus:181,181,2,0
7,vinzenzkrankenhaus,vinzenzkrankenhaus:187,187,1,0
5,vinzenzkrankenhaus,vinzenzkrankenhaus:191,191,1,0
5,vinzenzkrankenhaus,vinzenzkrankenhaus:192,192,1,0
7,vinzenzkrankenhaus,vinzenzkrankenhaus:197,197,1,0
0,vinzenzkrankenhaus,vinzenzkrankenhaus:198,198,1,0
13,vinzenzkrankenhaus,vinzenzkrankenhaus:201,201,1,0
15,vinzenzkrankenhaus,vinzenzkrankenhaus:204,204,1,0
0,vinzenzkrankenhaus,vinzenzkrankenhaus:215,215,2,0
10,vinzenzkrankenhaus,vinzenzkrankenhaus:220,220,2,0
0,vinzenzkrankenhaus,vinzenzkrankenhaus:222,222,1,0
13,vinzenzkrankenhaus,vinzenzkrankenhaus:224,224,1,0
13,vinzenzkrankenhaus,vinzenzkrankenhaus:225,225,1,0
3,vinzenzkrankenhaus,vinzenzkrankenhaus:226,226,2,0
5,vinzenzkrankenhaus,vinzenzkrankenhaus:230,230,1,0
16,vinzenzkrankenhaus,vinzenzkrankenhaus:231,231,1,0
8,vinzenzkrankenhaus,vinzenzkrankenhaus:233,233,1,0
5,vinzenzkrankenhaus,vinzenzkrankenhaus:235,235,2,0
14,vinzenzkrankenhaus,vinzenzkrankenhaus:238,238,1,0
22,vinzenzkrankenhaus,vinzenzkrankenhaus:244,244,1,0
8,vinzenzkrankenhaus,vinzenzkrankenhaus:245,245,1,0
15,vinzenzkrankenhaus,vinzenzkrankenhaus:246,246,1,0
10,vinzenzkrankenhaus,vinzenzkrankenhaus:249,249,1,0
1,vinzenzkrankenhaus,vinzenzkrankenhaus:250,250,2,0
11,vinzenzkrankenhaus,vinzenzkrankenhaus:253,253,1,0
5,vinzenzkrankenhaus,vinzenzkrankenhaus:256,256,2,0
9,vinzenzkrankenhaus,vinzenzkrankenhaus:258,258,1,0
5,vinzenzkrankenhaus,vinzenzkrankenhaus:259,259,1,0
8,vinzenzkrankenhaus,vinzenzkrankenhaus:262,262,1,0
3,vinzenzkrankenhaus,vinzenzkrankenhaus:263,263,1,0
18,vinzenzkrankenhaus,vinzenzkrankenhaus:265,265,1,0
11,vinzenzkrankenhaus,vinzenzkrankenhaus:266,266,1,0
7,vinzenzkrankenhaus,vinzenzkrankenhaus:268,268,1,0
11,vinzenzkrankenhaus,vinzenzkrankenhaus:269,269,1,0
13,vinzenzkrankenhaus,vinzenzkrankenhaus:270,270,1,0
6,vinzenzkrankenhaus,vinzenzkrankenhaus:271,271,1,0
8,vinzenzkrankenhaus,vinzenzkrankenhaus:272,272,1,0
7,vinzenzkrankenhaus,vinzenzkrankenhaus:274,274,1,0
6,vinzenzkrankenhaus,vinzenzkrankenhaus:277,277,1,0
17,vinzenzkrankenhaus,vinzenzkrankenhaus:280,280,1,0
3,vinzenzkrankenhaus,vinzenzkrankenhaus:281,281,1,0
17,vinzenzkrankenhaus,vinzenzkrankenhaus:284,284,1,0
12,vinzenzkrankenhaus,vinzenzkrankenhaus:286,286,1,0
0,vinzenzkrankenhaus,vinzenzkrankenhaus:292,292,1,0
2,vinzenzkrankenhaus,vinzenzkrankenhaus:294,294,2,0
17,vinzenzkrankenhaus,vinzenzkrankenhaus:297,297,1,0
6,vinzenzkrankenhaus,vinzenzkrankenhaus:299,299,1,0
8,vinzenzkrankenhaus,vinzenzkrankenhaus:302,302,2,0
0,vinzenzkrankenhaus,vinzenzkrankenhaus:303,303,2,0
3,vinzenzkrankenhaus,vinzenzkrankenhaus:304,304,2,0
10,vinzenzkrankenhaus,vinzenzkrankenhaus:305,305,1,0
10,vinzenzkrankenhaus,vinzenzkrankenhaus:307,307,1,0
9,vinzenzkrankenhaus,vinzenzkrankenhaus:310,310,1,0
10,vinzenzkrankenhaus,vinzenzkrankenhaus:312,312,1,0
0,vinzenzkrankenhaus,vinzenzkrankenhaus:314,314,1,0
6,vinzenzkrankenhaus,vinzenzkrankenhaus:316,316,1,0
9,vinzenzkrankenhaus,vinzenzkrankenhaus:318,318,1,0
5,vinzenzkrankenhaus,vinzenzkrankenhaus:319,319,1,0
1,vinzenzkrankenhaus,vinzenzkrankenhaus:320,320,1,0
12,vinzenzkrankenhaus,vinzenzkrankenhaus:321,321,1,0
7,vinzenzkrankenhaus,vinzenzkrankenhaus:322,322,1,0
7,vinzenzkrankenhaus,vinzenzkrankenhaus:323,323,1,0
11,vinzenzkrankenhaus,vinzenzkrankenhaus:324,324,1,0
7,vinzenzkrankenhaus,vinzenzkrankenhaus:325,325,1,0
0,vinzenzkrankenhaus,vinzenzkrankenhaus:327,327,1,0
3,vinzenzkrankenhaus,vinzenzkrankenhaus:332,332,1,0
8,vinzenzkrankenhaus,vinzenzkrankenhaus:343,343,1,0
0,vinzenzkrankenhaus,vinzenzkrankenhaus:345,345,1,0
7,vinzenzkrankenhaus,vinzenzkrankenhaus:346,346,1,0
5,vinzenzkrankenhaus,vinzenzkrankenhaus:351,351,2,0
5,vinzenzkrankenhaus,vinzenzkrankenhaus:353,353,1,0
6,vinzenzkrankenhaus,vinzenzkrankenhaus:354,354,1,0
10,vinzenzkrankenhaus,vinzenzkrankenhaus:355,355,1,0
1,vinzenzkrankenhaus,vinzenzkrankenhaus:359,359,1,0
0,vinzenzkrankenhaus,vinzenzkrankenhaus:360,360,1,0
8,vinzenzkrankenhaus,vinzenzkrankenhaus:362,362,1,0
5,vinzenzkrankenhaus,vinzenzkrankenhaus:365,365,1,0
8,vinzenzkrankenhaus,vinzenzkrankenhaus:369,369,1,0
5,vinzenzkrankenhaus,vinzenzkrankenhaus:370,370,1,0
5,vinzenzkrankenhaus,vinzenzkrankenhaus:374,374,1,0
5,vinzenzkrankenhaus,vinzenzkrankenhaus:375,375,1,0
0,vinzenzkrankenhaus,vinzenzkrankenhaus:377,377,1,0
4,vinzenzkrankenhaus,vinzenzkrankenhaus:380,380,1,0
8,vinzenzkrankenhaus,vinzenzkrankenhaus:385,385,1,0
3,vinzenzkrankenhaus,vinzenzkrankenhaus:388,388,1,0
0,vinzenzkrankenhaus,vinzenzkrankenhaus:389,389,1,0
0,vinzenzkrankenhaus,vinzenzkrankenhaus:392,392,1,0
2,vinzenzkrankenhaus,vinzenzkrankenhaus:393,393,1,0
0,vinzenzkrankenhaus,vinzenzkrankenhaus:395,395,1,1
7,vinzenzkrankenhaus,vinzenzkrankenhaus:397,397,1,0
6,vinzenzkrankenhaus,vinzenzkrankenhaus:399,399,1,0
0,vinzenzkrankenhaus,vinzenzkrankenhaus:402,402,1,0
2,vinzenzkrankenhaus,vinzenzkrankenhaus:403,403,1,0
3,vinzenzkrankenhaus,vinzenzkrankenhaus:407,407,1,0
7,vinzenzkrankenhaus,vinzenzkrankenhaus:409,409,1,0
2,vinzenzkrankenhaus,vinzenzkrankenhaus:411,411,1,0
2,vinzenzkrankenhaus,vinzenzkrankenhaus:414,414,2,0
11,vinzenzkrankenhaus,vinzenzkrankenhaus:422,422,1,0
1,vinzenzkrankenhaus,vinzenzkrankenhaus:426,426,1,0
6,vinzenzkrankenhaus,vinzenzkrankenhaus:436,436,1,0
8,vinzenzkrankenhaus,vinzenzkrankenhaus:437,437,1,0
2,vinzenzkrankenhaus,vinzenzkrankenhaus:439,439,1,0
0,vinzenzkrankenhaus,vinzenzkrankenhaus:441,441,1,0
5,vinzenzkrankenhaus,vinzenzkrankenhaus:446,446,1,0
7,vinzenzkrankenhaus,vinzenzkrankenhaus:466,466,1,0
6,vinzenzkrankenhaus,vinzenzkrankenhaus:473,473,1,0
8,vinzenzkrankenhaus,vinzenzkrankenhaus:474,474,1,0
0,vinzenzkrankenhaus,vinzenzkrankenhaus:475,475,1,0
1,vinzenzkrankenhaus,vinzenzkrankenhaus:484,484,1,0
4,vinzenzkrankenhaus,vinzenzkrankenhaus:490,490,1,0
4,vinzenzkrankenhaus,vinzenzkrankenhaus:492,492,1,0
0,vinzenzkrankenhaus,vinzenzkrankenhaus:506,506,1,0
0,vinzenzkrankenhaus,vinzenzkrankenhaus:508,508,1,0
0,vinzenzkrankenhaus,vinzenzkrankenhaus:510,510,1,0
0,vinzenzkrankenhaus,vinzenzkrankenhaus:513,513,1,0
0,vinzenzkrankenhaus,vinzenzkrankenhaus:514,514,1,0
0,vinzenzkrankenhaus,vinzenzkrankenhaus:518,518,1,0
5,vinzenzkrankenhaus,vinzenzkrankenhaus:524,524,1,0
20,vinzenzkrankenhaus,vinzenzkrankenhaus:525,525,1,0
3,vinzenzkrankenhaus,vinzenzkrankenhaus:526,526,1,0
1,vinzenzkrankenhaus,vinzenzkrankenhaus:528,528,1,0
0,waldklinik-jesteburg,waldklinik-jesteburg:2,2,1,0
0,waldklinik-jesteburg,waldklinik-jesteburg:11,11,1,0
0,waldklinik-jesteburg,waldklinik-jesteburg:12,12,2,0
0,waldklinik-jesteburg,waldklinik-jesteburg:13,13,1,0
0,waldklinik-jesteburg,waldklinik-jesteburg:17,17,1,0
0,waldklinik-jesteburg,waldklinik-jesteburg:20,20,2,0
9,waldklinik-jesteburg,waldklinik-jesteburg:23,23,1,0
10,waldklinik-jesteburg,waldklinik-jesteburg:30,30,1,0
2,waldklinik-jesteburg,waldklinik-jesteburg:31,31,1,0
4,waldklinik-jesteburg,waldklinik-jesteburg:36,36,2,0
1,waldklinik-jesteburg,waldklinik-jesteburg:49,49,1,0
19,waldklinik-jesteburg,waldklinik-jesteburg:52,52,2,0
0,waldklinik-jesteburg,waldklinik-jesteburg:59,59,1,0
0,waldklinik-jesteburg,waldklinik-jesteburg:62,62,2,0
0,waldklinik-jesteburg,waldklinik-jesteburg:64,64,1,0
4,waldklinik-jesteburg,waldklinik-jesteburg:65,65,1,0
1,waldklinik-jesteburg,waldklinik-jesteburg:68,68,1,0
0,waldklinik-jesteburg,waldklinik-jesteburg:71,71,1,0
1,waldklinik-jesteburg,waldklinik-jesteburg:76,76,1,0
0,waldklinik-jesteburg,waldklinik-jesteburg:84,84,1,0
0,waldklinik-jesteburg,waldklinik-jesteburg:85,85,1,0
